prescription,R_fm,W_MeV
LCN,0.02,0.5011400151722499
LCN,0.044008016032064126,2.4175973693051978
LCN,0.06801603206412826,5.753849827395126
LCN,0.0920240480961924,10.494176103286199
LCN,0.11603206412825652,16.622854910822575
LCN,0.14004008016032063,24.12416496384842
LCN,0.16404809619238478,32.98238497620791
LCN,0.1880561122244489,43.18179366174519
LCN,0.21206412825651302,54.70666973430445
LCN,0.23607214428857715,67.54129190772983
LCN,0.2600801603206413,81.6699388958655
LCN,0.28408817635270545,97.07688941255566
LCN,0.3080961923847696,113.74642217164441
LCN,0.3321042084168337,131.66281588697592
LCN,0.35611222444889784,150.81034927239443
LCN,0.38012024048096194,171.173301041744
LCN,0.4041282565130261,192.7359499088689
LCN,0.42813627254509024,215.48257458761324
LCN,0.45214428857715433,239.39745379182114
LCN,0.4761523046092185,264.46486623533684
LCN,0.5001603206412826,290.66909063200444
LCN,0.5241683366733467,317.9944056956682
LCN,0.5481763527054109,346.42509014017224
LCN,0.572184368737475,375.9454226793606
LCN,0.5961923847695392,406.53968202707773
LCN,0.6202004008016032,438.1921468971674
LCN,0.6442084168336674,470.887096003474
LCN,0.6682164328657315,504.6088080598418
LCN,0.6922244488977957,539.3415617801151
LCN,0.7162324649298598,575.0696358781374
LCN,0.7402404809619239,611.7773090677533
LCN,0.764248496993988,649.4488600628071
LCN,0.7882565130260522,688.0685675771429
LCN,0.8122645290581163,727.6207103246045
LCN,0.8362725450901805,768.0895670190366
LCN,0.8602805611222445,809.4594163742829
LCN,0.8842885771543086,851.7145371041877
LCN,0.9082965931863728,894.8392079225954
LCN,0.9323046092184369,938.81770754335
LCN,0.9563126252505011,983.6343146802956
LCN,0.9803206412825651,1029.2733080472763
LCN,1.0043286573146293,1075.7189663581366
LCN,1.0283366733466934,1122.9555683267204
LCN,1.0523446893787576,1170.9673926668718
LCN,1.0763527054108217,1219.7387180924352
LCN,1.1003607214428859,1269.2538233172545
LCN,1.12436873747495,1319.4969870551743
LCN,1.1483767535070142,1370.4524880200381
LCN,1.1723847695390783,1422.1046049256909
LCN,1.1963927855711423,1474.4376164859752
LCN,1.2204008016032064,1527.4358014147374
LCN,1.2444088176352706,1581.0834384258205
LCN,1.2684168336673347,1635.364806233069
LCN,1.2924248496993989,1690.2641835503266
LCN,1.316432865731463,1745.7658490914375
LCN,1.3404408817635272,1801.8540815702468
LCN,1.3644488977955913,1858.513159700597
LCN,1.3884569138276555,1915.7273621963338
LCN,1.4124649298597196,1973.4809677713008
LCN,1.4364729458917835,2031.7582551393418
LCN,1.4604809619238477,2090.5435030143008
LCN,1.4844889779559118,2149.8209901100236
LCN,1.508496993987976,2209.574995140353
LCN,1.5325050100200401,2269.7897968191332
LCN,1.5565130260521043,2330.4496738602083
LCN,1.5805210420841684,2391.538904977423
LCN,1.6045290581162326,2453.0417688846214
LCN,1.6285370741482967,2514.942544295647
LCN,1.6525450901803609,2577.225509924345
LCN,1.676553106212425,2639.8749444845585
LCN,1.700561122244489,2702.8751266901313
LCN,1.7245691382765531,2766.21033525491
LCN,1.7485771543086173,2829.8648488927365
LCN,1.7725851703406814,2893.8229463174557
LCN,1.7965931863727456,2958.068906242912
LCN,1.8206012024048097,3022.5870073829483
LCN,1.8446092184368739,3087.361528451411
LCN,1.868617234468938,3152.376748162142
LCN,1.8926252505010022,3217.616945228987
LCN,1.9166332665330663,3283.0663983657896
LCN,1.9406412825651302,3348.709386286393
LCN,1.9646492985971944,3414.530187704643
LCN,1.9886573146292585,3480.513081334384
LCN,2.0126653306613225,3546.6423458894574
LCN,2.036673346693387,3612.9022600837116
LCN,2.060681362725451,3679.277102630987
LCN,2.084689378757515,3745.7511522451296
LCN,2.108697394789579,3812.308687639983
LCN,2.1327054108216434,3878.933987529391
LCN,2.1567134268537074,3945.6113306271986
LCN,2.1807214428857717,4012.3249956472496
LCN,2.2047294589178357,4079.0592613033887
LCN,2.2287374749499,4145.798406309459
LCN,2.252745490981964,4212.5267093793045
LCN,2.2767535070140283,4279.228449226772
LCN,2.3007615230460923,4345.887904565702
LCN,2.3247695390781566,4412.489354109943
LCN,2.3487775551102206,4479.017076573333
LCN,2.3727855711422845,4545.455350669721
LCN,2.396793587174349,4611.788455112952
LCN,2.420801603206413,4678.000668616865
LCN,2.444809619238477,4744.07626989531
LCN,2.468817635270541,4809.999537662126
LCN,2.4928256513026055,4875.754750631161
LCN,2.5168336673346694,4941.326187516257
LCN,2.5408416833667338,5006.698127031261
LCN,2.5648496993987977,5071.854847890012
LCN,2.5888577154308616,5136.780628806359
LCN,2.612865731462926,5201.459748494142
LCN,2.63687374749499,5265.876485667211
LCN,2.6608817635270543,5330.015119039406
LCN,2.6848897795591182,5393.85992732457
LCN,2.7088977955911826,5457.395189236551
LCN,2.7329058116232465,5520.60518348919
LCN,2.756913827655311,5583.474188796333
LCN,2.780921843687375,5645.986483871822
LCN,2.804929859719439,5708.126347429506
LCN,2.828937875751503,5769.878058183223
LCN,2.852945891783567,5831.225894846821
LCN,2.8769539078156314,5892.154136134141
LCN,2.9009619238476954,5952.647060759034
LCN,2.9249699398797597,6012.688947435336
LCN,2.9489779559118237,6072.2640748768945
LCN,2.972985971943888,6131.356721797555
LCN,2.996993987975952,6189.951166911161
LCN,3.0210020040080163,6248.031688931557
LCN,3.0450100200400803,6305.582566572583
LCN,3.0690180360721446,6362.588078548089
LCN,3.0930260521042086,6419.032503571918
LCN,3.1170340681362725,6474.900120357909
LCN,3.141042084168337,6530.175207619913
LCN,3.165050100200401,6584.84204407177
LCN,3.189058116232465,6638.884908427324
LCN,3.213066132264529,6692.288079400422
LCN,3.2370741482965935,6745.0358357049045
LCN,3.2610821643286574,6797.1124560546195
LCN,3.2850901803607218,6848.5022191634125
LCN,3.3090981963927857,6899.189403745122
LCN,3.33310621242485,6949.158288513594
LCN,3.357114228456914,6998.393152182673
LCN,3.381122244488978,7046.878273466206
LCN,3.4051302605210423,7094.597931078036
LCN,3.429138276553106,7141.536403732001
LCN,3.4531462925851706,7187.677970141955
LCN,3.4771543086172345,7233.006909021734
LCN,3.501162324649299,7277.507499085185
LCN,3.525170340681363,7321.164019046155
LCN,3.549178356713427,7363.960747618485
LCN,3.573186372745491,7405.88196351602
LCN,3.5971943887775555,7446.911945452604
LCN,3.6212024048096194,7487.034972142081
LCN,3.6452104208416833,7526.2353222982965
LCN,3.6692184368737477,7564.497274635089
LCN,3.6932264529058116,7601.805107866314
LCN,3.717234468937876,7638.143100705809
LCN,3.74124248496994,7673.495531867411
LCN,3.7652505010020043,7707.846680064977
LCN,3.7892585170340682,7741.180824012346
LCN,3.8132665330661326,7773.482242423359
LCN,3.8372745490981965,7804.735214011864
LCN,3.8612825651302605,7834.924017491703
LCN,3.885290581162325,7864.032931576719
LCN,3.9092985971943888,7892.04623498076
LCN,3.933306613226453,7918.948206417674
LCN,3.957314629258517,7944.723124601289
LCN,3.9813226452905814,7969.3552682454665
LCN,4.005330661322645,7992.828916064045
LCN,4.029338677354709,8015.128346770864
LCN,4.053346693386773,8036.237839079773
LCN,4.077354709418837,8056.141671704614
LCN,4.101362725450902,8074.824123359229
LCN,4.125370741482966,8092.269472757471
LCN,4.14937875751503,8108.461998613169
LCN,4.173386773547094,8123.385979640187
LCN,4.197394789579158,8137.025694552347
LCN,4.2214028056112225,8149.365422063514
LCN,4.245410821643286,8160.3894408875185
LCN,4.26941883767535,8170.082029738203
LCN,4.293426853707414,8178.427467329424
LCN,4.317434869739479,8185.410032375019
LCN,4.341442885771543,8191.014003588833
LCN,4.365450901803607,8195.223659684709
LCN,4.389458917835671,8198.023279376492
LCN,4.413466933867735,8199.39714137802
LCN,4.4374749498998,8199.329524403143
LCN,4.4614829659318636,8197.804707165713
LCN,4.4854909819639275,8194.806968379562
LCN,4.509498997995991,8190.320586758538
LCN,4.533507014028056,8184.3298410164825
LCN,4.55751503006012,8176.819009867249
LCN,4.581523046092184,8167.772372024676
LCN,4.605531062124248,8157.174206202602
LCN,4.629539078156313,8145.008791114873
LCN,4.653547094188377,8131.260405475343
LCN,4.677555110220441,8115.913327997849
LCN,4.701563126252505,8098.951837396231
LCN,4.7255711422845685,8080.360212384341
LCN,4.749579158316633,8060.122731676016
LCN,4.773587174348697,8038.223673985107
LCN,4.797595190380761,8014.647318025465
LCN,4.821603206412825,7989.37794251091
LCN,4.84561122244489,7962.39982615531
LCN,4.869619238476954,7933.697247672495
LCN,4.893627254509018,7903.254485776313
LCN,4.917635270541082,7871.055819180616
LCN,4.941643286573146,7837.085526599236
LCN,4.9656513026052105,7801.327886746021
LCN,4.989659318637274,7763.767178334823
LCN,5.013667334669338,7724.3876800794715
LCN,5.037675350701402,7683.1736706938245
LCN,5.061683366733467,7640.109428891716
LCN,5.085691382765531,7595.179233386996
LCN,5.109699398797595,7548.36736289351
LCN,5.133707414829659,7499.658096125102
LCN,5.157715430861723,7449.035711795608
LCN,5.181723446893788,7396.48448861888
LCN,5.2057314629258515,7341.98870530877
LCN,5.2297394789579155,7285.532640579098
LCN,5.253747494989979,7227.100573143729
LCN,5.277755511022044,7166.676781716502
LCN,5.301763527054108,7104.24554501125
LCN,5.325771543086172,7039.791141741836
LCN,5.349779559118236,6973.297850622093
LCN,5.373787575150301,6904.749950365869
LCN,5.397795591182365,6834.131719687
LCN,5.421803607214429,6761.427437299342
LCN,5.445811623246493,6686.621381916739
LCN,5.4698196392785565,6609.697832253027
LCN,5.493827655310621,6530.641067022047
LCN,5.517835671342685,6449.435364937657
LCN,5.541843687374749,6366.065004713684
LCN,5.565851703406813,6280.51426506399
LCN,5.589859719438878,6192.767424702397
LCN,5.613867735470942,6102.808762342778
LCN,5.637875751503006,6010.62255669896
LCN,5.66188376753507,5916.193086484789
LCN,5.685891783567134,5819.504630414107
LCN,5.7098997995991985,5720.541467200761
LCN,5.733907815631262,5619.287875558592
LCN,5.757915831663326,5515.728134201447
LCN,5.78192384769539,5409.846521843174
LCN,5.805931863727455,5301.627317197606
LCN,5.829939879759519,5191.054798978599
LCN,5.853947895791583,5078.113245899993
LCN,5.877955911823647,4962.786936675635
LCN,5.901963927855712,4845.060150019359
LCN,5.925971943887776,4724.9171646450195
LCN,5.9499799599198395,4602.342259266457
LCN,5.9739879759519035,4477.31971259752
LCN,5.997995991983967,4349.833803352049
LCN,6.022004008016032,4219.8688102438755
LCN,6.046012024048096,4087.409011986878
LCN,6.07002004008016,3952.4386872948526
LCN,6.094028056112224,3814.942114881691
LCN,6.118036072144289,3674.903573461197
LCN,6.142044088176353,3532.307341747248
LCN,6.166052104208417,3387.137698453669
LCN,6.190060120240481,3239.3789222943014
LCN,6.2140681362725445,3089.0152919829998
LCN,6.238076152304609,2936.031086233612
LCN,6.262084168336673,2780.410583759978
LCN,6.286092184368737,2622.138063275932
LCN,6.310100200400801,2461.197803495328
LCN,6.334108216432866,2297.5740831320145
LCN,6.35811623246493,2131.2511808998242
LCN,6.382124248496994,1962.2133755126051
LCN,6.406132264529058,1790.4449456841903
LCN,6.430140280561122,1615.930170128464
LCN,6.4541482965931865,1438.653327559201
LCN,6.47815631262525,1258.5986966903147
LCN,6.502164328657314,1075.7505562356237
LCN,6.526172344689378,890.0931849089684
LCN,6.550180360721443,701.6108614241966
LCN,6.574188376753507,510.2878644951343
LCN,6.598196392785571,316.1084728356582
LCN,6.622204408817635,119.0569651595797
LCN,6.6462124248497,-80.88237981923885
LCN,6.670220440881764,-283.72528338694246
LCN,6.6942284569138275,-489.4874668296907
LCN,6.718236472945891,-698.1846514336721
LCN,6.742244488977955,-909.8325584850027
LCN,6.76625250501002,-1124.446909269871
LCN,6.790260521042084,-1342.0434250744147
LCN,6.814268537074148,-1562.6378271847789
LCN,6.838276553106212,-1786.2458368871303
LCN,6.862284569138277,-2012.8831754676357
LCN,6.886292585170341,-2242.5655642124475
LCN,6.910300601202405,-2475.308724407696
LCN,6.934308617234469,-2711.1283773395626
LCN,6.9583166332665325,-2950.040244294207
LCN,6.982324649298597,-3192.0600465577736
LCN,7.006332665330661,-3437.2035054164153
LCN,7.030340681362725,-3685.486342156284
LCN,7.054348697394789,-3936.9242780635395
LCN,7.078356713426854,-4191.533034424385
LCN,7.102364729458918,-4449.328332524899
LCN,7.126372745490982,-4710.325893651279
LCN,7.150380761523046,-4974.541439089662
LCN,7.1743887775551105,-5241.990690126229
LCN,7.198396793587174,-5512.689368047111
LCN,7.222404809619238,-5786.653194138489
LCN,7.246412825651302,-6063.897889686501
LCN,7.270420841683366,-6344.439175977284
LCN,7.294428857715431,-6628.292774297064
LCN,7.318436873747495,-6915.474405931891
LCN,7.342444889779559,-7205.999792168019
LCN,7.366452905811623,-7499.884654291556
LCN,7.390460921843688,-7797.14471358867
LCN,7.414468937875752,-8097.795691345513
LCN,7.4384769539078155,-8401.853308848236
LCN,7.462484969939879,-8709.333287382993
LCN,7.486492985971943,-9020.25134823595
LCN,7.510501002004008,-9334.62321269326
LCN,7.534509018036072,-9652.464602041102
LCN,7.558517034068136,-9973.791237565558
LCN,7.5825250501002,-10298.618840552866
LCN,7.606533066132265,-10626.963132289151
LCN,7.630541082164329,-10958.839834060549
LCN,7.654549098196393,-11294.264667153257
LCN,7.6785571142284565,-11633.253352853382
LCN,7.7025651302605205,-11975.821612447122
LCN,7.726573146292585,-12321.985167220642
LCN,7.750581162324649,-12671.759738460009
LCN,7.774589178356713,-13025.16104745149
LCN,7.798597194388777,-13382.204815481178
LCN,7.822605210420842,-13742.906763835272
LCN,7.846613226452906,-14107.282613799864
LCN,7.87062124248497,-14475.34808666115
LCN,7.894629258517034,-14847.118903705283
LCN,7.9186372745490985,-15222.610786218444
LCN,7.942645290581162,-15601.839455486712
LCN,7.966653306613226,-15984.820632796342
LCN,7.99066132264529,-16371.570039433413
LCN,8.014669338677354,-16762.103396684106
LCN,8.038677354709419,-17156.436425834618
LCN,8.062685370741482,-17554.584848170998
LCN,8.086693386773547,-17956.56438497953
LCN,8.110701402805612,-18362.390757546294
LCN,8.134709418837675,-18772.079687157442
LCN,8.15871743486974,-19185.6468950992
LCN,8.182725450901804,-19603.108102657658
LCN,8.206733466933867,-20024.479031118914
LCN,8.230741482965932,-20449.77540176928
LCN,8.254749498997995,-20879.01293589479
LCN,8.27875751503006,-21312.20735478167
LCN,8.302765531062125,-21749.374379716028
LCN,8.326773547094188,-22190.52973198399
LCN,8.350781563126253,-22635.689132871834
LCN,8.374789579158316,-23084.8683036656
LCN,8.39879759519038,-23538.082965651498
LCN,8.422805611222445,-23995.348840115665
LCN,8.446813627254508,-24456.681648344253
LCN,8.470821643286573,-24922.09711162343
LCN,8.494829659318636,-25391.61095123936
LCN,8.518837675350701,-25865.238888478183
LCN,8.542845691382766,-26342.996644626066
LCN,8.566853707414829,-26824.899940969117
LCN,8.590861723446894,-27310.964498793575
LCN,8.614869739478959,-27801.20603938555
LCN,8.638877755511022,-28295.64028403118
LCN,8.662885771543086,-28794.282954016686
LCN,8.68689378757515,-29297.149770628137
LCN,8.710901803607214,-29804.256455151728
LCN,8.73490981963928,-30315.618728873655
LCN,8.758917835671342,-30831.252313079982
LCN,8.782925851703407,-31351.172929056993
LCN,8.80693386773547,-31875.39629809071
LCN,8.830941883767535,-32403.9381414674
LCN,8.8549498997996,-32936.81418047314
LCN,8.878957915831663,-33474.04013639409
LCN,8.902965931863728,-34015.631730516485
LCN,8.926973947895792,-34561.60468412643
LCN,8.950981963927855,-35111.97471851
LCN,8.97498997995992,-35666.75755495351
LCN,8.998997995991983,-36225.96891474296
LCN,9.023006012024048,-36789.624519164645
LCN,9.047014028056113,-37357.74008950466
LCN,9.071022044088176,-37930.33134704907
LCN,9.09503006012024,-38507.41401308421
LCN,9.119038076152304,-39089.00380889607
LCN,9.143046092184369,-39675.11645577091
LCN,9.167054108216433,-40265.76767499489
LCN,9.191062124248496,-40860.97318785406
LCN,9.215070140280561,-41460.748715634734
LCN,9.239078156312626,-42065.10997962294
LCN,9.26308617234469,-42674.07270110486
LCN,9.287094188376754,-43287.65260136669
LCN,9.311102204408817,-43905.86540169451
LCN,9.335110220440882,-44528.72682337454
LCN,9.359118236472947,-45156.25258769299
LCN,9.38312625250501,-45788.458415935864
LCN,9.407134268537074,-46425.36002938944
LCN,9.431142284569138,-47066.973149339814
LCN,9.455150300601202,-47713.313497073206
LCN,9.479158316633267,-48364.3967938757
LCN,9.50316633266533,-49020.23876103347
LCN,9.527174348697395,-49680.85511983269
LCN,9.551182364729458,-50346.26159155948
LCN,9.575190380761523,-51016.473897500066
LCN,9.599198396793588,-51691.507758940585
LCN,9.62320641282565,-52371.37889716709
LCN,9.647214428857716,-53056.1030334659
LCN,9.67122244488978,-53745.695889123046
LCN,9.695230460921843,-54440.17318542472
LCN,9.719238476953908,-55139.550643657116
LCN,9.743246492985971,-55843.84398510629
LCN,9.767254509018036,-56553.06893105853
LCN,9.7912625250501,-57267.24120279992
LCN,9.815270541082164,-57986.37652161658
LCN,9.839278557114229,-58710.49060879476
LCN,9.863286573146292,-59439.59918562049
LCN,9.887294589178357,-60173.71797338006
LCN,9.911302605210421,-60912.86269335955
LCN,9.935310621242484,-61657.04906684515
LCN,9.95931863727455,-62406.29281512303
LCN,9.983326653306614,-63160.60965947926
LCN,10.007334669338677,-63920.0153212
LCN,10.031342685370742,-64684.52552157156
LCN,10.055350701402805,-65454.155981879885
LCN,10.07935871743487,-66228.92242341134
LCN,10.103366733466935,-67008.84056745192
LCN,10.127374749498998,-67793.92613528781
LCN,10.151382765531062,-68584.19484820525
LCN,10.175390781563125,-69379.66242749033
LCN,10.19939879759519,-70180.34459442919
LCN,10.223406813627255,-70986.25707030806
LCN,10.247414829659318,-71797.41557641295
LCN,10.271422845691383,-72613.83583403021
LCN,10.295430861723446,-73435.53356444585
LCN,10.31943887775551,-74262.5244889461
LCN,10.343446893787576,-75094.82432881714
LCN,10.367454909819639,-75932.44880534499
LCN,10.391462925851704,-76775.4136398159
LCN,10.415470941883768,-77623.73455351609
LCN,10.439478957915831,-78477.4272677316
LCN,10.463486973947896,-79336.50750374858
LCN,10.48749498997996,-80200.99098285325
LCN,10.511503006012024,-81070.89342633184
LCN,10.535511022044089,-81946.23055547036
LCN,10.559519038076152,-82827.01809155496
LCN,10.583527054108217,-83713.27175587195
LCN,10.60753507014028,-84605.00726970736
LCN,10.631543086172345,-85502.24035434745
LCN,10.65555110220441,-86404.98673107824
LCN,10.679559118236472,-87313.2621211859
LCN,10.703567134268537,-88227.08224595676
LCN,10.727575150300602,-89146.46282667684
LCN,10.751583166332665,-90071.41958463218
LCN,10.77559118236473,-91001.96824110922
LCN,10.799599198396793,-91938.1245173938
LCN,10.823607214428858,-92879.90413477237
LCN,10.847615230460923,-93827.3228145309
LCN,10.871623246492986,-94780.39627795559
LCN,10.89563126252505,-95739.1402463326
LCN,10.919639278557113,-96703.5704409481
LCN,10.943647294589178,-97673.70258308825
LCN,10.967655310621243,-98649.55239403923
LCN,10.991663326653306,-99631.13559508714
LCN,11.015671342685371,-100618.46790751812
LCN,11.039679358717434,-101611.5650526183
LCN,11.063687374749499,-102610.44275167401
LCN,11.087695390781564,-103615.11672597131
LCN,11.111703406813627,-104625.60269679621
LCN,11.135711422845691,-105641.91638543512
LCN,11.159719438877756,-106664.07351317402
LCN,11.18372745490982,-107692.0898012991
LCN,11.207735470941884,-108725.98097109649
LCN,11.231743486973947,-109765.76274385242
LCN,11.255751503006012,-110811.45084085304
LCN,11.279759519038077,-111863.06098338446
LCN,11.30376753507014,-112920.60889273285
LCN,11.327775551102205,-113984.11029018436
LCN,11.351783567134268,-115053.58089702521
LCN,11.375791583166333,-116129.03643454149
LCN,11.399799599198397,-117210.49262401936
LCN,11.42380761523046,-118297.96518674493
LCN,11.447815631262525,-119391.46984400446
LCN,11.47182364729459,-120491.02231708408
LCN,11.495831663326653,-121596.63832726984
LCN,11.519839679358718,-122708.33359584803
LCN,11.543847695390781,-123826.12384410479
LCN,11.567855711422846,-124950.02479332619
LCN,11.59186372745491,-126080.0521647984
LCN,11.615871743486974,-127216.22167980761
LCN,11.639879759519038,-128358.54905964003
LCN,11.663887775551101,-129507.0500255817
LCN,11.687895791583166,-130661.74029891891
LCN,11.711903807615231,-131822.63560093773
LCN,11.735911823647294,-132989.75165292426
LCN,11.759919839679359,-134163.10417616484
LCN,11.783927855711424,-135342.70889194548
LCN,11.807935871743487,-136528.5815215523
LCN,11.831943887775552,-137720.73778627152
LCN,11.855951903807615,-138919.19340738934
LCN,11.87995991983968,-140123.96410619194
LCN,11.903967935871744,-141335.0656039653
LCN,11.927975951903807,-142552.51362199572
LCN,11.951983967935872,-143776.32388156935
LCN,11.975991983967935,-145006.51210397226
LCN,12.0,-146243.0940104907
GCN,0.02,0.500813746753605
GCN,0.044008016032064126,2.414121364073019
GCN,0.06801603206412826,5.741017101198843
GCN,0.0920240480961924,10.462393530348471
GCN,0.11603206412825652,16.559143223739294
GCN,0.14004008016032063,24.012158753588707
GCN,0.16404809619238478,32.80233269211413
GCN,0.1880561122244489,42.910557611532916
GCN,0.21206412825651302,54.31772608406249
GCN,0.23607214428857715,67.00473068192024
GCN,0.2600801603206413,80.95246397732357
GCN,0.28408817635270545,96.14181854248989
GCN,0.3080961923847696,112.55368694963656
GCN,0.3321042084168337,130.16896177098096
GCN,0.35611222444889784,148.96853557874053
GCN,0.38012024048096194,168.9333009451326
GCN,0.4041282565130261,190.0441504423747
GCN,0.42813627254509024,212.28197664268413
GCN,0.45214428857715433,235.62767211827824
GCN,0.4761523046092185,260.0621294413745
GCN,0.5001603206412826,285.5662411841903
GCN,0.5241683366733467,312.120899918943
GCN,0.5481763527054109,339.7069982178501
GCN,0.572184368737475,368.3054286531288
GCN,0.5961923847695392,397.89708379699675
GCN,0.6202004008016032,428.46285622167096
GCN,0.6442084168336674,459.9836384993692
GCN,0.6682164328657315,492.4403232023088
GCN,0.6922244488977957,525.8138029027072
GCN,0.7162324649298598,560.0849701727815
GCN,0.7402404809619239,595.2347175847492
GCN,0.764248496993988,631.2439377108278
GCN,0.7882565130260522,668.093523123235
GCN,0.8122645290581163,705.7643663941875
GCN,0.8362725450901805,744.2373600959033
GCN,0.8602805611222445,783.4933968005994
GCN,0.8842885771543086,823.5133690804932
GCN,0.9082965931863728,864.2781695078025
GCN,0.9323046092184369,905.7686906547445
GCN,0.9563126252505011,947.9658250935365
GCN,0.9803206412825651,990.8504653963956
GCN,1.0043286573146293,1034.40350413554
GCN,1.0283366733466934,1078.6058338831863
GCN,1.0523446893787576,1123.4383472115524
GCN,1.0763527054108217,1168.8819366928556
GCN,1.1003607214428859,1214.9174948993132
GCN,1.12436873747495,1261.5259144031425
GCN,1.1483767535070142,1308.6880877765607
GCN,1.1723847695390783,1356.3849075917863
GCN,1.1963927855711423,1404.5972664210346
GCN,1.2204008016032064,1453.3060568365254
GCN,1.2444088176352706,1502.4921714104744
GCN,1.2684168336673347,1552.1365027151
GCN,1.2924248496993989,1602.2199433226192
GCN,1.316432865731463,1652.723385805249
GCN,1.3404408817635272,1703.6277227352077
GCN,1.3644488977955913,1754.9138466847116
GCN,1.3884569138276555,1806.562650225979
GCN,1.4124649298597196,1858.555025931227
GCN,1.4364729458917835,1910.8718663726727
GCN,1.4604809619238477,1963.494064122533
GCN,1.4844889779559118,2016.4025117530273
GCN,1.508496993987976,2069.5781018363714
GCN,1.5325050100200401,2123.001726944783
GCN,1.5565130260521043,2176.6542796504796
GCN,1.5805210420841684,2230.5166525256786
GCN,1.6045290581162326,2284.569738142597
GCN,1.6285370741482967,2338.7944290734526
GCN,1.6525450901803609,2393.1716178904626
GCN,1.676553106212425,2447.6821971658446
GCN,1.700561122244489,2502.3070594718156
GCN,1.7245691382765531,2557.027097380594
GCN,1.7485771543086173,2611.823203464396
GCN,1.7725851703406814,2666.6762702954393
GCN,1.7965931863727456,2721.5671904459423
GCN,1.8206012024048097,2776.4768564881206
GCN,1.8446092184368739,2831.3861609941932
GCN,1.868617234468938,2886.2759965363766
GCN,1.8926252505010022,2941.127255686889
GCN,1.9166332665330663,2995.920831017947
GCN,1.9406412825651302,3050.6376151017676
GCN,1.9646492985971944,3105.2585005105693
GCN,1.9886573146292585,3159.764379816569
GCN,2.0126653306613225,3214.136145591983
GCN,2.036673346693387,3268.3546904090326
GCN,2.060681362725451,3322.4009068399305
GCN,2.084689378757515,3376.255687456897
GCN,2.108697394789579,3429.899924832148
GCN,2.1327054108216434,3483.3145115379007
GCN,2.1567134268537074,3536.4803401463737
GCN,2.1807214428857717,3589.378303229784
GCN,2.2047294589178357,3641.989293360349
GCN,2.2287374749499,3694.2942031102866
GCN,2.252745490981964,3746.273925051812
GCN,2.2767535070140283,3797.909351757146
GCN,2.3007615230460923,3849.1813757985024
GCN,2.3247695390781566,3900.0708897481027
GCN,2.3487775551102206,3950.5587861781596
GCN,2.3727855711422845,4000.625957660893
GCN,2.396793587174349,4050.253296768523
GCN,2.420801603206413,4099.421696073261
GCN,2.444809619238477,4148.11204814733
GCN,2.468817635270541,4196.305245562943
GCN,2.4928256513026055,4243.98218089232
GCN,2.5168336673346694,4291.123746707677
GCN,2.5408416833667338,4337.710835581234
GCN,2.5648496993987977,4383.724340085205
GCN,2.5888577154308616,4429.145152791811
GCN,2.612865731462926,4473.954166273263
GCN,2.63687374749499,4518.132273101787
GCN,2.6608817635270543,4561.660365849595
GCN,2.6848897795591182,4604.519337088905
GCN,2.7088977955911826,4646.690079391935
GCN,2.7329058116232465,4688.153485330902
GCN,2.756913827655311,4728.890447478024
GCN,2.780921843687375,4768.881858405517
GCN,2.804929859719439,4808.108610685602
GCN,2.828937875751503,4846.551596890493
GCN,2.852945891783567,4884.191709592407
GCN,2.8769539078156314,4921.0098413635615
GCN,2.9009619238476954,4956.98688477618
GCN,2.9249699398797597,4992.103732402471
GCN,2.9489779559118237,5026.341276814656
GCN,2.972985971943888,5059.680410584953
GCN,2.996993987975952,5092.10202628558
GCN,3.0210020040080163,5123.587016488753
GCN,3.0450100200400803,5154.116273766687
GCN,3.0690180360721446,5183.670690691602
GCN,3.0930260521042086,5212.231159835719
GCN,3.1170340681362725,5239.7785737712475
GCN,3.141042084168337,5266.293825070411
GCN,3.165050100200401,5291.757806305425
GCN,3.189058116232465,5316.151410048505
GCN,3.213066132264529,5339.455528871872
GCN,3.2370741482965935,5361.651055347738
GCN,3.2610821643286574,5382.718882048327
GCN,3.2850901803607218,5402.639901545856
GCN,3.3090981963927857,5421.395006412538
GCN,3.33310621242485,5438.96508922059
GCN,3.357114228456914,5455.331042542231
GCN,3.381122244488978,5470.4737589496835
GCN,3.4051302605210423,5484.37413101516
GCN,3.429138276553106,5497.013051310874
GCN,3.4531462925851706,5508.371412409049
GCN,3.4771543086172345,5518.430106881902
GCN,3.501162324649299,5527.170027301645
GCN,3.525170340681363,5534.572066240504
GCN,3.549178356713427,5540.617116270689
GCN,3.573186372745491,5545.286069964421
GCN,3.5971943887775555,5548.559819893917
GCN,3.6212024048096194,5550.419258631391
GCN,3.6452104208416833,5550.84527874907
GCN,3.6692184368737477,5549.818772819155
GCN,3.6932264529058116,5547.320633413883
GCN,3.717234468937876,5543.33175310546
GCN,3.74124248496994,5537.833024466097
GCN,3.7652505010020043,5530.8053400680255
GCN,3.7892585170340682,5522.22959248346
GCN,3.8132665330661326,5512.086674284608
GCN,3.8372745490981965,5500.3574780436975
GCN,3.8612825651302605,5487.022896332939
GCN,3.885290581162325,5472.063821724552
GCN,3.9092985971943888,5455.461146790758
GCN,3.933306613226453,5437.195764103772
GCN,3.957314629258517,5417.248566235803
GCN,3.9813226452905814,5395.6004457590825
GCN,4.005330661322645,5372.2322952458235
GCN,4.029338677354709,5347.125007268234
GCN,4.053346693386773,5320.259474398545
GCN,4.077354709418837,5291.616589208965
GCN,4.101362725450902,5261.177244271708
GCN,4.125370741482966,5228.922332159007
GCN,4.14937875751503,5194.832745443062
GCN,4.173386773547094,5158.889376696108
GCN,4.197394789579158,5121.073118490342
GCN,4.2214028056112225,5081.364863397997
GCN,4.245410821643286,5039.745503991286
GCN,4.26941883767535,4996.195932842416
GCN,4.293426853707414,4950.697042523621
GCN,4.317434869739479,4903.229725607114
GCN,4.341442885771543,4853.774874665109
GCN,4.365450901803607,4802.3133822698255
GCN,4.389458917835671,4748.8261409934785
GCN,4.413466933867735,4693.294043408281
GCN,4.4374749498998,4635.697982086458
GCN,4.4614829659318636,4576.01884960023
GCN,4.4854909819639275,4514.237538521804
GCN,4.509498997995991,4450.334941423407
GCN,4.533507014028056,4384.291950877243
GCN,4.55751503006012,4316.08945945555
GCN,4.581523046092184,4245.708359730532
GCN,4.605531062124248,4173.129544274405
GCN,4.629539078156313,4098.3339056593795
GCN,4.653547094188377,4021.3023364576984
GCN,4.677555110220441,3942.015729241557
GCN,4.701563126252505,3860.45497658318
GCN,4.7255711422845685,3776.6009710547805
GCN,4.749579158316633,3690.43460522858
GCN,4.773587174348697,3601.9367716767993
GCN,4.797595190380761,3511.088362971659
GCN,4.821603206412825,3417.8702716853586
GCN,4.84561122244489,3322.2633903901296
GCN,4.869619238476954,3224.248611658186
GCN,4.893627254509018,3123.806828061741
GCN,4.917635270541082,3020.9189321730264
GCN,4.941643286573146,2915.5658165642453
GCN,4.9656513026052105,2807.728373807611
GCN,4.989659318637274,2697.387496475363
GCN,5.013667334669338,2584.524077139693
GCN,5.037675350701402,2469.119008372836
GCN,5.061683366733467,2351.1531827469953
GCN,5.085691382765531,2230.607492834406
GCN,5.109699398797595,2107.462831207271
GCN,5.133707414829659,1981.700090437822
GCN,5.157715430861723,1853.300163098258
GCN,5.181723446893788,1722.2439417608075
GCN,5.2057314629258515,1588.5123189976948
GCN,5.2297394789579155,1452.0861873811155
GCN,5.253747494989979,1312.9464394833121
GCN,5.277755511022044,1171.0739678764803
GCN,5.301763527054108,1026.4496651328445
GCN,5.325771543086172,879.0544238246366
GCN,5.349779559118236,728.869136524052
GCN,5.373787575150301,575.8746958033225
GCN,5.397795591182365,420.0519942346582
GCN,5.421803607214429,261.38192439028353
GCN,5.445811623246493,99.84537884241581
GCN,5.4698196392785565,-64.57674983673496
GCN,5.493827655310621,-231.90356907495152
GCN,5.517835671342685,-402.1541863000093
GCN,5.541843687374749,-575.3477089396984
GCN,5.565851703406813,-751.5032444217941
GCN,5.589859719438878,-930.6399001740938
GCN,5.613867735470942,-1112.7767836243584
GCN,5.637875751503006,-1297.9330022003705
GCN,5.66188376753507,-1486.1276633299349
GCN,5.685891783567134,-1677.3798744408195
GCN,5.7098997995991985,-1871.7087429608146
GCN,5.733907815631262,-2069.1333763177026
GCN,5.757915831663326,-2269.6728819392447
GCN,5.78192384769539,-2473.3463672532525
GCN,5.805931863727455,-2680.1729396874944
GCN,5.829939879759519,-2890.17170666976
GCN,5.853947895791583,-3103.361775627818
GCN,5.877955911823647,-3319.7622539894583
GCN,5.901963927855712,-3539.392249182478
GCN,5.925971943887776,-3762.2708686346377
GCN,5.9499799599198395,-3988.417219773728
GCN,5.9739879759519035,-4217.850410027531
GCN,5.997995991983967,-4450.589546823823
GCN,6.022004008016032,-4686.653737590423
GCN,6.046012024048096,-4926.062089755054
GCN,6.07002004008016,-5168.833710745552
GCN,6.094028056112224,-5414.987707989661
GCN,6.118036072144289,-5664.543188915195
GCN,6.142044088176353,-5917.519260949914
GCN,6.166052104208417,-6173.935031521607
GCN,6.190060120240481,-6433.809608058065
GCN,6.2140681362725445,-6697.162097987057
GCN,6.238076152304609,-6964.011608736379
GCN,6.262084168336673,-7234.377247733792
GCN,6.286092184368737,-7508.2781224071
GCN,6.310100200400801,-7785.733340184081
GCN,6.334108216432866,-8066.762008492515
GCN,6.35811623246493,-8351.383234760178
GCN,6.382124248496994,-8639.616126414854
GCN,6.406132264529058,-8931.479790884361
GCN,6.430140280561122,-9226.993335596417
GCN,6.4541482965931865,-9526.175867978884
GCN,6.47815631262525,-9829.046495459464
GCN,6.502164328657314,-10135.624325465978
GCN,6.526172344689378,-10445.928465426208
GCN,6.550180360721443,-10759.978022767937
GCN,6.574188376753507,-11077.792104918954
GCN,6.598196392785571,-11399.38981930702
GCN,6.622204408817635,-11724.790273359948
GCN,6.6462124248497,-12054.012574505505
GCN,6.670220440881764,-12387.075830171445
GCN,6.6942284569138275,-12723.999147785573
GCN,6.718236472945891,-13064.8016347757
GCN,6.742244488977955,-13409.502398569573
GCN,6.76625250501002,-13758.120546595012
GCN,6.790260521042084,-14110.675186279761
GCN,6.814268537074148,-14467.185425051604
GCN,6.838276553106212,-14827.670370338332
GCN,6.862284569138277,-15192.149129567755
GCN,6.886292585170341,-15560.640810167606
GCN,6.910300601202405,-15933.164519565697
GCN,6.934308617234469,-16309.73936518981
GCN,6.9583166332665325,-16690.38445446772
GCN,6.982324649298597,-17075.118894827232
GCN,7.006332665330661,-17463.9617936961
GCN,7.030340681362725,-17856.932258502107
GCN,7.054348697394789,-18254.04939667303
GCN,7.078356713426854,-18655.332315636726
GCN,7.102364729458918,-19060.80012282088
GCN,7.126372745490982,-19470.471925653306
GCN,7.150380761523046,-19884.366831561812
GCN,7.1743887775551105,-20302.50394797414
GCN,7.198396793587174,-20724.90238231812
GCN,7.222404809619238,-21151.581242021493
GCN,7.246412825651302,-21582.559634512072
GCN,7.270420841683366,-22017.85666721761
GCN,7.294428857715431,-22457.49144756593
GCN,7.318436873747495,-22901.48308298475
GCN,7.342444889779559,-23349.85068090193
GCN,7.366452905811623,-23802.613348745203
GCN,7.390460921843688,-24259.790193942375
GCN,7.414468937875752,-24721.400323921203
GCN,7.4384769539078155,-25187.462846109484
GCN,7.462484969939879,-25657.996867935
GCN,7.486492985971943,-26133.02149682553
GCN,7.510501002004008,-26612.55584020888
GCN,7.534509018036072,-27096.61900551281
GCN,7.558517034068136,-27585.230100165092
GCN,7.5825250501002,-28078.408231593523
GCN,7.606533066132265,-28576.1725072259
GCN,7.630541082164329,-29078.542034489976
GCN,7.654549098196393,-29585.535920813563
GCN,7.6785571142284565,-30097.173273624416
GCN,7.7025651302605205,-30613.47320035033
GCN,7.726573146292585,-31134.45480841912
GCN,7.750581162324649,-31660.137205258477
GCN,7.774589178356713,-32190.53949829629
GCN,7.798597194388777,-32725.68079496028
GCN,7.822605210420842,-33265.58020267828
GCN,7.846613226452906,-33810.25682887799
GCN,7.87062124248497,-34359.729780987254
GCN,7.894629258517034,-34914.01816643383
GCN,7.9186372745490985,-35473.14109264556
GCN,7.942645290581162,-36037.117667050115
GCN,7.966653306613226,-36605.96699707539
GCN,7.99066132264529,-37179.70819014909
GCN,8.014669338677354,-37758.36035369901
GCN,8.038677354709419,-38341.942595153
GCN,8.062685370741482,-38930.47402193872
GCN,8.086693386773547,-39523.97374148409
GCN,8.110701402805612,-40122.46086121681
GCN,8.134709418837675,-40725.95448856465
GCN,8.15871743486974,-41334.47373095548
GCN,8.182725450901804,-41948.037695816995
GCN,8.206733466933867,-42566.66549057694
GCN,8.230741482965932,-43190.37622266325
GCN,8.254749498997995,-43819.18899950356
GCN,8.27875751503006,-44453.12292852577
GCN,8.302765531062125,-45092.1971171576
GCN,8.326773547094188,-45736.430672826784
GCN,8.350781563126253,-46385.842702961236
GCN,8.374789579158316,-47040.45231498859
GCN,8.39879759519038,-47700.27861633676
GCN,8.422805611222445,-48365.34071443345
GCN,8.446813627254508,-49035.65771670645
GCN,8.470821643286573,-49711.24873058358
GCN,8.494829659318636,-50392.132863492574
GCN,8.518837675350701,-51078.329222861255
GCN,8.542845691382766,-51769.85691611738
GCN,8.566853707414829,-52466.7350506887
GCN,8.590861723446894,-53168.98273400312
GCN,8.614869739478959,-53876.61907348831
GCN,8.638877755511022,-54589.66317657207
GCN,8.662885771543086,-55308.13415068221
GCN,8.68689378757515,-56032.05110324646
GCN,8.710901803607214,-56761.43314169269
GCN,8.73490981963928,-57496.29937344861
GCN,8.758917835671342,-58236.66890594199
GCN,8.782925851703407,-58982.560846600725
GCN,8.80693386773547,-59733.99430285247
GCN,8.830941883767535,-60490.98838212511
GCN,8.8549498997996,-61253.56219184636
GCN,8.878957915831663,-62021.73483944393
GCN,8.902965931863728,-62795.52543234579
GCN,8.926973947895792,-63574.95307797966
GCN,8.950981963927855,-64360.036883773166
GCN,8.97498997995992,-65150.7959571543
GCN,8.998997995991983,-65947.24940555068
GCN,9.023006012024048,-66749.41633639022
GCN,9.047014028056113,-67557.31585710071
GCN,9.071022044088176,-68370.96707510974
GCN,9.09503006012024,-69190.38909784534
GCN,9.119038076152304,-70015.60103273504
GCN,9.143046092184369,-70846.62198720683
GCN,9.167054108216433,-71683.4710686885
GCN,9.191062124248496,-72526.16738460762
GCN,9.215070140280561,-73374.7300423922
GCN,9.239078156312626,-74229.17814946992
GCN,9.26308617234469,-75089.53081326853
GCN,9.287094188376754,-75955.80714121589
GCN,9.311102204408817,-76828.02624073967
GCN,9.335110220440882,-77706.20721926782
GCN,9.359118236472947,-78590.36918422801
GCN,9.38312625250501,-79480.531243048
GCN,9.407134268537074,-80376.71250315566
GCN,9.431142284569138,-81278.93207197869
GCN,9.455150300601202,-82187.20905694498
GCN,9.479158316633267,-83101.56256548222
GCN,9.50316633266533,-84022.01170501819
GCN,9.527174348697395,-84948.57558298072
GCN,9.551182364729458,-85881.27330679749
GCN,9.575190380761523,-86820.12398389647
GCN,9.599198396793588,-87765.14672170534
GCN,9.62320641282565,-88716.36062765181
GCN,9.647214428857716,-89673.78480916382
GCN,9.67122244488978,-90637.43837366902
GCN,9.695230460921843,-91607.34042859521
GCN,9.719238476953908,-92583.51008137023
GCN,9.743246492985971,-93565.96643942177
GCN,9.767254509018036,-94554.72861017777
GCN,9.7912625250501,-95549.8157010659
GCN,9.815270541082164,-96551.24681951392
GCN,9.839278557114229,-97559.04107294971
GCN,9.863286573146292,-98573.2175688009
GCN,9.887294589178357,-99593.79541449546
GCN,9.911302605210421,-100620.79371746106
GCN,9.935310621242484,-101654.2315851255
GCN,9.95931863727455,-102694.12812491659
GCN,9.983326653306614,-103740.50244426206
GCN,10.007334669338677,-104793.37365058965
GCN,10.031342685370742,-105852.76085132737
GCN,10.055350701402805,-106918.68315390268
GCN,10.07935871743487,-107991.15966574367
GCN,10.103366733466935,-109070.20949427794
GCN,10.127374749498998,-110155.85174693326
GCN,10.151382765531062,-111248.10553113755
GCN,10.175390781563125,-112346.98995431846
GCN,10.19939879759519,-113452.52412390383
GCN,10.223406813627255,-114564.72714732148
GCN,10.247414829659318,-115683.61813199901
GCN,10.271422845691383,-116809.21618536446
GCN,10.295430861723446,-117941.54041484543
GCN,10.31943887775551,-119080.60992786984
GCN,10.343446893787576,-120226.44383186544
GCN,10.367454909819639,-121379.06123425986
GCN,10.391462925851704,-122538.48124248101
GCN,10.415470941883768,-123704.72296395671
GCN,10.439478957915831,-124877.80550611467
GCN,10.463486973947896,-126057.74797638264
GCN,10.48749498997996,-127244.56948218841
GCN,10.511503006012024,-128438.28913095992
GCN,10.535511022044089,-129638.92603012489
GCN,10.559519038076152,-130846.49928711084
GCN,10.583527054108217,-132061.02800934593
GCN,10.60753507014028,-133282.53130425772
GCN,10.631543086172345,-134511.02827927415
GCN,10.65555110220441,-135746.5380418228
GCN,10.679559118236472,-136989.07969933152
GCN,10.703567134268537,-138238.67235922828
GCN,10.727575150300602,-139495.33512894067
GCN,10.751583166332665,-140759.0871158963
GCN,10.77559118236473,-142029.94742752344
GCN,10.799599198396793,-143307.93517124932
GCN,10.823607214428858,-144593.06945450229
GCN,10.847615230460923,-145885.3693847097
GCN,10.871623246492986,-147184.8540692994
GCN,10.89563126252505,-148491.54261569935
GCN,10.919639278557113,-149805.45413133717
GCN,10.943647294589178,-151126.6077236408
GCN,10.967655310621243,-152455.02250003789
GCN,10.991663326653306,-153790.71756795628
GCN,11.015671342685371,-155133.71203482366
GCN,11.039679358717434,-156484.02500806784
GCN,11.063687374749499,-157841.67559511677
GCN,11.087695390781564,-159206.68290339812
GCN,11.111703406813627,-160579.06604033953
GCN,11.135711422845691,-161958.84411336906
GCN,11.159719438877756,-163346.03622991435
GCN,11.18372745490982,-164740.66149740305
GCN,11.207735470941884,-166142.7390232631
GCN,11.231743486973947,-167552.28791492226
GCN,11.255751503006012,-168969.32727980835
GCN,11.279759519038077,-170393.87622534906
GCN,11.30376753507014,-171825.95385897227
GCN,11.327775551102205,-173265.57928810568
GCN,11.351783567134268,-174712.7716201771
GCN,11.375791583166333,-176167.5499626144
GCN,11.399799599198397,-177629.9334228453
GCN,11.42380761523046,-179099.94110829738
GCN,11.447815631262525,-180577.59212639878
GCN,11.47182364729459,-182062.90558457712
GCN,11.495831663326653,-183555.90059026002
GCN,11.519839679358718,-185056.59625087553
GCN,11.543847695390781,-186565.01167385132
GCN,11.567855711422846,-188081.1659666151
GCN,11.59186372745491,-189605.07823659477
GCN,11.615871743486974,-191136.76759121803
GCN,11.639879759519038,-192676.25313791278
GCN,11.663887775551101,-194223.5539841066
GCN,11.687895791583166,-195778.6892372275
GCN,11.711903807615231,-197341.67800470316
GCN,11.735911823647294,-198912.53939396123
GCN,11.759919839679359,-200491.29251242982
GCN,11.783927855711424,-202077.95646753645
GCN,11.807935871743487,-203672.55036670883
GCN,11.831943887775552,-205275.09331737497
GCN,11.855951903807615,-206885.60442696256
GCN,11.87995991983968,-208504.1028028995
GCN,11.903967935871744,-210130.6075526133
GCN,11.927975951903807,-211765.13778353194
GCN,11.951983967935872,-213407.7126030832
GCN,11.975991983967935,-215058.3511186947
GCN,12.0,-216717.07243779453
GCN + Coul.,0.02,0.5008137506198456
GCN + Coul.,0.044008016032064126,2.414121563506398
GCN + Coul.,0.06801603206412826,5.741018859913401
GCN + Coul.,0.0920240480961924,10.462401503785442
GCN + Coul.,0.11603206412825652,16.55916863516239
GCN + Coul.,0.14004008016032063,24.01222382656189
GCN + Coul.,0.16404809619238478,32.80247623936186
GCN + Coul.,0.1880561122244489,42.91084178018291
GCN + Coul.,0.21206412825651302,54.31824425727092
GCN + Coul.,0.23607214428857715,67.00561653687944
GCN + Coul.,0.2600801603206413,80.95390169965228
GCN + Coul.,0.28408817635270545,96.14405419700584
GCN + Coul.,0.3080961923847696,112.55704100751171
GCN + Coul.,0.3321042084168337,130.17384279327914
GCN + Coul.,0.35611222444889784,148.9754550563375
GCN + Coul.,0.38012024048096194,168.94288929501877
GCN + Coul.,0.4041282565130261,190.0571741603401
GCN + Coul.,0.42813627254509024,212.29935661238613
GCN + Coul.,0.45214428857715433,235.65050307669154
GCN + Coul.,0.4761523046092185,260.0917006006237
GCN + Coul.,0.5001603206412826,285.60405800976486
GCN + Coul.,0.5241683366733467,312.16870706429495
GCN + Coul.,0.5481763527054109,339.7668036153739
GCN + Coul.,0.572184368737475,368.3795287615237
GCN + Coul.,0.5961923847695392,397.9880900050121
GCN + Coul.,0.6202004008016032,428.5737224082335
GCN + Coul.,0.6442084168336674,460.11768975009284
GCN + Coul.,0.6682164328657315,492.60128568238736
GCN + Coul.,0.6922244488977957,526.0058348861891
GCN + Coul.,0.7162324649298598,560.3126942282272
GCN + Coul.,0.7402404809619239,595.5032539172711
GCN + Coul.,0.764248496993988,631.5589386605127
GCN + Coul.,0.7882565130260522,668.4612088199485
GCN + Coul.,0.8122645290581163,706.1915615687624
GCN + Coul.,0.8362725450901805,744.731532047708
GCN + Coul.,0.8602805611222445,784.0626945214913
GCN + Coul.,0.8842885771543086,824.1666635351529
GCN + Coul.,0.9082965931863728,865.0250950704515
GCN + Coul.,0.9323046092184369,906.6196877022444
GCN + Coul.,0.9563126252505011,948.9321837548719
GCN + Coul.,0.9803206412825651,991.9443704585383
GCN + Coul.,1.0043286573146293,1035.6380811056963
GCN + Coul.,1.0283366733466934,1079.9951962074272
GCN + Coul.,1.0523446893787576,1124.997644649825
GCN + Coul.,1.0763527054108217,1170.627404850378
GCN + Coul.,1.1003607214428859,1216.8665059143525
GCN + Coul.,1.12436873747495,1263.6970287911731
GCN + Coul.,1.1483767535070142,1311.1011074308071
GCN + Coul.,1.1723847695390783,1359.0609299401478
GCN + Coul.,1.1963927855711423,1407.5587397393922
GCN + Coul.,1.2204008016032064,1456.5768367184314
GCN + Coul.,1.2444088176352706,1506.0975783932242
GCN + Coul.,1.2684168336673347,1556.1033810621873
GCN + Coul.,1.2924248496993989,1606.5767209625722
GCN + Coul.,1.316432865731463,1657.5001354268504
GCN + Coul.,1.3404408817635272,1708.8562240390968
GCN + Coul.,1.3644488977955913,1760.6276497913684
GCN + Coul.,1.3884569138276555,1812.7971402400913
GCN + Coul.,1.4124649298597196,1865.3474886624401
GCN + Coul.,1.4364729458917835,1918.261555212721
GCN + Coul.,1.4604809619238477,1971.5222680787545
GCN + Coul.,1.4844889779559118,2025.1126246382605
GCN + Coul.,1.508496993987976,2079.015692615235
GCN + Coul.,1.5325050100200401,2133.214611236337
GCN + Coul.,1.5565130260521043,2187.6925923872705
GCN + Coul.,1.5805210420841684,2242.4329217691657
GCN + Coul.,1.6045290581162326,2297.4189600549616
GCN + Coul.,1.6285370741482967,2352.634144045791
GCN + Coul.,1.6525450901803609,2408.0619878273583
GCN + Coul.,1.676553106212425,2463.6860839263272
GCN + Coul.,1.700561122244489,2519.4901044666985
GCN + Coul.,1.7245691382765531,2575.457802326197
GCN + Coul.,1.7485771543086173,2631.5730122926493
GCN + Coul.,1.7725851703406814,2687.8196522203702
GCN + Coul.,1.7965931863727456,2744.181724186544
GCN + Coul.,1.8206012024048097,2800.6433156476055
GCN + Coul.,1.8446092184368739,2857.1886005956244
GCN + Coul.,1.868617234468938,2913.8018407146865
GCN + Coul.,1.8926252505010022,2970.467386537278
GCN + Coul.,1.9166332665330663,3027.1696786006646
GCN + Coul.,1.9406412825651302,3083.8932486032777
GCN + Coul.,1.9646492985971944,3140.622720561096
GCN + Coul.,1.9886573146292585,3197.342811964025
GCN + Coul.,2.0126653306613225,3254.038334932282
GCN + Coul.,2.036673346693387,3310.694197372783
GCN + Coul.,2.060681362725451,3367.295404135513
GCN + Coul.,2.084689378757515,3423.8270581699217
GCN + Coul.,2.108697394789579,3480.274361681298
GCN + Coul.,2.1327054108216434,3536.6226172871543
GCN + Coul.,2.1567134268537074,3592.8572291736114
GCN + Coul.,2.1807214428857717,3648.963704251778
GCN + Coul.,2.2047294589178357,3704.9276533141347
GCN + Coul.,2.2287374749499,3760.7347921909145
GCN + Coul.,2.252745490981964,3816.370942906487
GCN + Coul.,2.2767535070140283,3871.8220348357445
GCN + Coul.,2.3007615230460923,3927.0741058604744
GCN + Coul.,2.3247695390781566,3982.113303525755
GCN + Coul.,2.3487775551102206,4036.925886196322
GCN + Coul.,2.3727855711422845,4091.498224212969
GCN + Coul.,2.396793587174349,4145.816801048918
GCN + Coul.,2.420801603206413,4199.8682144662
GCN + Coul.,2.444809619238477,4253.639177672049
GCN + Coul.,2.468817635270541,4307.116520475273
GCN + Coul.,2.4928256513026055,4360.287190442645
GCN + Coul.,2.5168336673346694,4413.138254055277
GCN + Coul.,2.5408416833667338,4465.656897865015
GCN + Coul.,2.5648496993987977,4517.830429650802
GCN + Coul.,2.5888577154308616,4569.646279575085
GCN + Coul.,2.612865731462926,4621.092001340172
GCN + Coul.,2.63687374749499,4672.155273344643
GCN + Coul.,2.6608817635270543,4722.8238998397
GCN + Coul.,2.6848897795591182,4773.085812085575
GCN + Coul.,2.7088977955911826,4822.9290695079035
GCN + Coul.,2.7329058116232465,4872.341860854104
GCN + Coul.,2.756913827655311,4921.312505349766
GCN + Coul.,2.780921843687375,4969.829453855029
GCN + Coul.,2.804929859719439,5017.88129002097
GCN + Coul.,2.828937875751503,5065.456731445973
GCN + Coul.,2.852945891783567,5112.544630832127
GCN + Coul.,2.8769539078156314,5159.1339771416015
GCN + Coul.,2.9009619238476954,5205.213896753034
GCN + Coul.,2.9249699398797597,5250.773654617893
GCN + Coul.,2.9489779559118237,5295.802655416892
GCN + Coul.,2.972985971943888,5340.290444716347
GCN + Coul.,2.996993987975952,5384.226710124571
GCN + Coul.,3.0210020040080163,5427.601282448249
GCN + Coul.,3.0450100200400803,5470.404136848824
GCN + Coul.,3.0690180360721446,5512.6253939988865
GCN + Coul.,3.0930260521042086,5554.2553212385465
GCN + Coul.,3.1170340681362725,5595.284333731814
GCN + Coul.,3.141042084168337,5635.702995622999
GCN + Coul.,3.165050100200401,5675.502021193073
GCN + Coul.,3.189058116232465,5714.672276016063
GCN + Coul.,3.213066132264529,5753.204778115436
GCN + Coul.,3.2370741482965935,5791.090699120468
GCN + Coul.,3.2610821643286574,5828.321365422649
GCN + Coul.,3.2850901803607218,5864.888259332045
GCN + Coul.,3.3090981963927857,5900.783020233681
GCN + Coul.,3.33310621242485,5935.997445743938
GCN + Coul.,3.357114228456914,5970.52349286693
GCN + Coul.,3.381122244488978,6004.353279150882
GCN + Coul.,3.4051302605210423,6037.4790838445115
GCN + Coul.,3.429138276553106,6069.89334905341
GCN + Coul.,3.4531462925851706,6101.588680896444
GCN + Coul.,3.4771543086172345,6132.557850662111
GCN + Coul.,3.501162324649299,6162.793795964935
GCN + Coul.,3.525170340681363,6192.289621901859
GCN + Coul.,3.549178356713427,6221.038602208602
GCN + Coul.,3.573186372745491,6249.0341804160635
GCN + Coul.,3.5971943887775555,6276.2699710067
GCN + Coul.,3.6212024048096194,6302.7397605708975
GCN + Coul.,3.6452104208416833,6328.437508963379
GCN + Coul.,3.6692184368737477,6353.357350459545
GCN + Coul.,3.6932264529058116,6377.493594911914
GCN + Coul.,3.717234468937876,6400.840728906445
GCN + Coul.,3.74124248496994,6423.393416918951
GCN + Coul.,3.7652505010020043,6445.146502471497
GCN + Coul.,3.7892585170340682,6466.095009288748
GCN + Coul.,3.8132665330661326,6486.234142454362
GCN + Coul.,3.8372745490981965,6505.559289567392
GCN + Coul.,3.8612825651302605,6524.066021898642
GCN + Coul.,3.885290581162325,6541.75009554707
GCN + Coul.,3.9092985971943888,6558.607452596158
GCN + Coul.,3.933306613226453,6574.634222270297
GCN + Coul.,3.957314629258517,6589.826722091166
GCN + Coul.,3.9813226452905814,6604.181459034138
GCN + Coul.,4.005330661322645,6617.695130684627
GCN + Coul.,4.029338677354709,6630.364626394481
GCN + Coul.,4.053346693386773,6642.187028438394
GCN + Coul.,4.077354709418837,6653.159613170246
GCN + Coul.,4.101362725450902,6663.279852179508
GCN + Coul.,4.125370741482966,6672.545413447636
GCN + Coul.,4.14937875751503,6680.954162504412
GCN + Coul.,4.173386773547094,6688.504163584385
GCN + Coul.,4.197394789579158,6695.193680783184
GCN + Coul.,4.2214028056112225,6701.021179213978
GCN + Coul.,4.245410821643286,6705.985326163789
GCN + Coul.,4.26941883767535,6710.084992249907
GCN + Coul.,4.293426853707414,6713.319252576295
GCN + Coul.,4.317434869739479,6715.687387889922
GCN + Coul.,4.341442885771543,6717.188885737171
GCN + Coul.,4.365450901803607,6717.82344162023
GCN + Coul.,4.389458917835671,6717.590960153455
GCN + Coul.,4.413466933867735,6716.491556219761
GCN + Coul.,4.4374749498998,6714.525556127022
GCN + Coul.,4.4614829659318636,6711.693498764424
GCN + Coul.,4.4854909819639275,6707.996136758853
GCN + Coul.,4.509498997995991,6703.434437631306
GCN + Coul.,4.533507014028056,6698.009584953225
GCN + Coul.,4.55751503006012,6691.722979502943
GCN + Coul.,4.581523046092184,6684.576240421998
GCN + Coul.,4.605531062124248,6676.571206371555
GCN + Coul.,4.629539078156313,6667.709936688785
GCN + Coul.,4.653547094188377,6657.994712543263
GCN + Coul.,4.677555110220441,6647.428038093296
GCN + Coul.,4.701563126252505,6636.012641642363
GCN + Coul.,4.7255711422845685,6623.751476795467
GCN + Coul.,4.749579158316633,6610.647723615535
GCN + Coul.,4.773587174348697,6596.704789779786
GCN + Coul.,4.797595190380761,6581.926311736121
GCN + Coul.,4.821603206412825,6566.316155859482
GCN + Coul.,4.84561122244489,6549.878419608294
GCN + Coul.,4.869619238476954,6532.6174326807795
GCN + Coul.,4.893627254509018,6514.5377581713765
GCN + Coul.,4.917635270541082,6495.644193727136
GCN + Coul.,4.941643286573146,6475.941772704051
GCN + Coul.,4.9656513026052105,6455.435765323487
GCN + Coul.,4.989659318637274,6434.131679828566
GCN + Coul.,5.013667334669338,6412.035263640491
GCN + Coul.,5.037675350701402,6389.152504515015
GCN + Coul.,5.061683366733467,6365.489631698743
GCN + Coul.,5.085691382765531,6341.053117085578
GCN + Coul.,5.109699398797595,6315.849676373049
GCN + Coul.,5.133707414829659,6289.886270218744
GCN + Coul.,5.157715430861723,6263.170105396639
GCN + Coul.,5.181723446893788,6235.70863595354
GCN + Coul.,5.2057314629258515,6207.5095643654195
GCN + Coul.,5.2297394789579155,6178.580842693799
GCN + Coul.,5.253747494989979,6148.930673742189
GCN + Coul.,5.277755511022044,6118.567512212387
GCN + Coul.,5.301763527054108,6087.500065860917
GCN + Coul.,5.325771543086172,6055.737296655419
GCN + Coul.,5.349779559118236,6023.288421930973
GCN + Coul.,5.373787575150301,5990.162915546549
GCN + Coul.,5.397795591182365,5956.370509041333
GCN + Coul.,5.421803607214429,5921.921192791161
GCN + Coul.,5.445811623246493,5886.825217164863
GCN + Coul.,5.4698196392785565,5851.09309368065
GCN + Coul.,5.493827655310621,5814.73559616252
GCN + Coul.,5.517835671342685,5777.763761896615
GCN + Coul.,5.541843687374749,5740.188892787614
GCN + Coul.,5.565851703406813,5702.022556515129
GCN + Coul.,5.589859719438878,5663.276587690052
GCN + Coul.,5.613867735470942,5623.963089010983
GCN + Coul.,5.637875751503006,5584.094432420582
GCN + Coul.,5.66188376753507,5543.68326026193
GCN + Coul.,5.685891783567134,5502.742486434975
GCN + Coul.,5.7098997995991985,5461.2852975528685
GCN + Coul.,5.733907815631262,5419.325154098343
GCN + Coul.,5.757915831663326,5376.87579158015
GCN + Coul.,5.78192384769539,5333.95122168935
GCN + Coul.,5.805931863727455,5290.565733455794
GCN + Coul.,5.829939879759519,5246.733894404419
GCN + Coul.,5.853947895791583,5202.470551711711
GCN + Coul.,5.877955911823647,5157.7908333620235
GCN + Coul.,5.901963927855712,5112.710149303979
GCN + Coul.,5.925971943887776,5067.244192606875
GCN + Coul.,5.9499799599198395,5021.408940617039
GCN + Coul.,5.9739879759519035,4975.220656114219
GCN + Coul.,5.997995991983967,4928.695888467977
GCN + Coul.,6.022004008016032,4881.851474794023
GCN + Coul.,6.046012024048096,4834.704541110708
GCN + Coul.,6.07002004008016,4787.272503495251
GCN + Coul.,6.094028056112224,4739.573069240278
GCN + Coul.,6.118036072144289,4691.624238010079
GCN + Coul.,6.142044088176353,4643.4443029970735
GCN + Coul.,6.166052104208417,4595.051852078148
GCN + Coul.,6.190060120240481,4546.465768971051
GCN + Coul.,6.2140681362725445,4497.705234390798
GCN + Coul.,6.238076152304609,4448.789727206013
GCN + Coul.,6.262084168336673,4399.73902559534
GCN + Coul.,6.286092184368737,4350.573208203799
GCN + Coul.,6.310100200400801,4301.312655299213
GCN + Coul.,6.334108216432866,4251.978049928555
GCN + Coul.,6.35811623246493,4202.590379074327
GCN + Coul.,6.382124248496994,4153.170934810976
GCN + Coul.,6.406132264529058,4103.741315461202
GCN + Coul.,6.430140280561122,4054.323426752502
GCN + Coul.,6.4541482965931865,4004.9394829733064
GCN + Coul.,6.47815631262525,3955.6120081296285
GCN + Coul.,6.502164328657314,3906.363837101235
GCN + Coul.,6.526172344689378,3857.218116798129
GCN + Coul.,6.550180360721443,3808.1983073169376
GCN + Coul.,6.574188376753507,3759.328183097221
GCN + Coul.,6.598196392785571,3710.631834077978
GCN + Coul.,6.622204408817635,3662.1336668538806
GCN + Coul.,6.6462124248497,3613.8584058317974
GCN + Coul.,6.670220440881764,3565.8310943870893
GCN + Coul.,6.6942284569138275,3518.0770960199934
GCN + Coul.,6.718236472945891,3470.622095512008
GCN + Coul.,6.742244488977955,3423.4921000823597
GCN + Coul.,6.76625250501002,3376.713440544252
GCN + Coul.,6.790260521042084,3330.3127724613587
GCN + Coul.,6.814268537074148,3284.3170773041566
GCN + Coul.,6.838276553106212,3238.753663606298
GCN + Coul.,6.862284569138277,3193.650168120992
GCN + Coul.,6.886292585170341,3149.0345569774545
GCN + Coul.,6.910300601202405,3104.935126837194
GCN + Coul.,6.934308617234469,3061.38050605046
GCN + Coul.,6.9583166332665325,3018.399655812602
GCN + Coul.,6.982324649298597,2976.0218713204486
GCN + Coul.,7.006332665330661,2934.2767829287077
GCN + Coul.,7.030340681362725,2893.1943573063472
GCN + Coul.,7.054348697394789,2852.80489859296
GCN + Coul.,7.078356713426854,2813.139049555084
GCN + Coul.,7.102364729458918,2774.2277927427895
GCN + Coul.,7.126372745490982,2736.102451645853
GCN + Coul.,7.150380761523046,2698.794691850184
GCN + Coul.,7.1743887775551105,2662.336522194335
GCN + Coul.,7.198396793587174,2626.7602959256437
GCN + Coul.,7.222404809619238,2592.098711856899
GCN + Coul.,7.246412825651302,2558.384815522495
GCN + Coul.,7.270420841683366,2525.652000334958
GCN + Coul.,7.294428857715431,2493.9340087412165
GCN + Coul.,7.318436873747495,2463.264933379116
GCN + Coul.,7.342444889779559,2433.6792182335994
GCN + Coul.,7.366452905811623,2405.211659793349
GCN + Coul.,7.390460921843688,2377.8974082069726
GCN + Coul.,7.414468937875752,2351.7719684394506
GCN + Coul.,7.4384769539078155,2326.8712014285193
GCN + Coul.,7.462484969939879,2303.2313252410495
GCN + Coul.,7.486492985971943,2280.8889162294436
GCN + Coul.,7.510501002004008,2259.880910187985
GCN + Coul.,7.534509018036072,2240.244603509236
GCN + Coul.,7.558517034068136,2222.017654340467
GCN + Coul.,7.5825250501002,2205.2380837399432
GCN + Coul.,7.606533066132265,2189.944276833401
GCN + Coul.,7.630541082164329,2176.1749839703552
GCN + Coul.,7.654549098196393,2163.969321880526
GCN + Coul.,7.6785571142284565,2153.366774830247
GCN + Coul.,7.7025651302605205,2144.4071957787673
GCN + Coul.,7.726573146292585,2137.1308075346897
GCN + Coul.,7.750581162324649,2131.578203912388
GCN + Coul.,7.774589178356713,2127.79035088823
GCN + Coul.,7.798597194388777,2125.808587757194
GCN + Coul.,7.822605210420842,2125.6746282890745
GCN + Coul.,7.846613226452906,2127.430561884954
GCN + Coul.,7.87062124248497,2131.118854733497
GCN + Coul.,7.894629258517034,2136.782350967449
GCN + Coul.,7.9186372745490985,2144.4642738198963
GCN + Coul.,7.942645290581162,2154.2082267807928
GCN + Coul.,7.966653306613226,2166.0581947531464
GCN + Coul.,7.99066132264529,2180.058545209642
GCN + Coul.,8.014669338677354,2196.2540293488273
GCN + Coul.,8.038677354709419,2214.6897832515315
GCN + Coul.,8.062685370741482,2235.4113290373716
GCN + Coul.,8.086693386773547,2258.4645760209532
GCN + Coul.,8.110701402805612,2283.895821868442
GCN + Coul.,8.134709418837675,2311.7517537537424
GCN + Coul.,8.15871743486974,2342.0794495150403
GCN + Coul.,8.182725450901804,2374.9263788111784
GCN + Coul.,8.206733466933867,2410.3404042779366
GCN + Coul.,8.230741482965932,2448.3697826844073
GCN + Coul.,8.254749498997995,2489.063166089589
GCN + Coul.,8.27875751503006,2532.469602998499
GCN + Coul.,8.302765531062125,2578.6385395187463
GCN + Coul.,8.326773547094188,2627.6198205167966
GCN + Coul.,8.350781563126253,2679.463690774406
GCN + Coul.,8.374789579158316,2734.220796145062
GCN + Coul.,8.39879759519038,2791.9421847102494
GCN + Coul.,8.422805611222445,2852.6793079358977
GCN + Coul.,8.446813627254508,2916.4840218287136
GCN + Coul.,8.470821643286573,2983.408588092716
GCN + Coul.,8.494829659318636,3053.505675285378
GCN + Coul.,8.518837675350701,3126.82835997425
GCN + Coul.,8.542845691382766,3203.43012789316
GCN + Coul.,8.566853707414829,3283.3648750986613
GCN + Coul.,8.590861723446894,3366.686909126409
GCN + Coul.,8.614869739478959,3453.450950147657
GCN + Coul.,8.638877755511022,3543.712132125387
GCN + Coul.,8.662885771543086,3637.5260039709974
GCN + Coul.,8.68689378757515,3734.948530700378
GCN + Coul.,8.710901803607214,3836.036094590563
GCN + Coul.,8.73490981963928,3940.84549633594
GCN + Coul.,8.758917835671342,4049.4339562046443
GCN + Coul.,8.782925851703407,4161.859115195046
GCN + Coul.,8.80693386773547,4278.17903619205
GCN + Coul.,8.830941883767535,4398.452205123525
GCN + Coul.,8.8549498997996,4522.737532116662
GCN + Coul.,8.878957915831663,4651.094352654298
GCN + Coul.,8.902965931863728,4783.582428731359
GCN + Coul.,8.926973947895792,4920.261950011234
GCN + Coul.,8.950981963927855,5061.193534982303
GCN + Coul.,8.97498997995992,5206.438232113971
GCN + Coul.,8.998997995991983,5356.0575210133975
GCN + Coul.,9.023006012024048,5510.113313581707
GCN + Coul.,9.047014028056113,5668.667955170298
GCN + Coul.,9.071022044088176,5831.784225737545
GCN + Coul.,9.09503006012024,5999.525341004744
GCN + Coul.,9.119038076152304,6171.954953612934
GCN + Coul.,9.143046092184369,6349.137154278884
GCN + Coul.,9.167054108216433,6531.136472951635
GCN + Coul.,9.191062124248496,6718.01787996912
GCN + Coul.,9.215070140280561,6909.846787214134
GCN + Coul.,9.239078156312626,7106.689049270994
GCN + Coul.,9.26308617234469,7308.610964581778
GCN + Coul.,9.287094188376754,7515.679276602867
GCN + Coul.,9.311102204408817,7727.96117496115
GCN + Coul.,9.335110220440882,7945.524296610485
GCN + Coul.,9.359118236472947,8168.436726988133
GCN + Coul.,9.38312625250501,8396.767001171014
GCN + Coul.,9.407134268537074,8630.584105032278
GCN + Coul.,9.431142284569138,8869.957476397409
GCN + Coul.,9.455150300601202,9114.957006200959
GCN + Coul.,9.479158316633267,9365.653039642639
GCN + Coul.,9.50316633266533,9622.116377343758
GCN + Coul.,9.527174348697395,9884.418276503828
GCN + Coul.,9.551182364729458,10152.63045205659
GCN + Coul.,9.575190380761523,10426.825077826652
GCN + Coul.,9.599198396793588,10707.074787685793
GCN + Coul.,9.62320641282565,10993.452676709378
GCN + Coul.,9.647214428857716,11286.032302332678
GCN + Coul.,9.67122244488978,11584.887685507376
GCN + Coul.,9.695230460921843,11890.09331185765
GCN + Coul.,9.719238476953908,12201.724132837058
GCN + Coul.,9.743246492985971,12519.855566884362
GCN + Coul.,9.767254509018036,12844.563500580349
GCN + Coul.,9.7912625250501,13175.924289803981
GCN + Coul.,9.815270541082164,13514.014760888778
GCN + Coul.,9.839278557114229,13858.912211779447
GCN + Coul.,9.863286573146292,14210.694413187855
GCN + Coul.,9.887294589178357,14569.439609749854
GCN + Coul.,9.911302605210421,14935.226521181234
GCN + Coul.,9.935310621242484,15308.134343434358
GCN + Coul.,9.95931863727455,15688.242749854719
GCN + Coul.,9.983326653306614,16075.631892336896
GCN + Coul.,10.007334669338677,16470.382402481162
GCN + Coul.,10.031342685370742,16872.575392749815
GCN + Coul.,10.055350701402805,17282.29245762383
GCN + Coul.,10.07935871743487,17699.615674758723
GCN + Coul.,10.103366733466935,18124.62760614144
GCN + Coul.,10.127374749498998,18557.41129924629
GCN + Coul.,10.151382765531062,18998.050288191807
GCN + Coul.,10.175390781563125,19446.628594896625
GCN + Coul.,10.19939879759519,19903.23073023648
GCN + Coul.,10.223406813627255,20367.941695199814
GCN + Coul.,10.247414829659318,20840.846982044837
GCN + Coul.,10.271422845691383,21322.032575455523
GCN + Coul.,10.295430861723446,21811.584953698155
GCN + Coul.,10.31943887775551,22309.591089777736
GCN + Coul.,10.343446893787576,22816.13845259414
GCN + Coul.,10.367454909819639,23331.315008098813
GCN + Coul.,10.391462925851704,23855.20922045104
GCN + Coul.,10.415470941883768,24387.91005317407
GCN + Coul.,10.439478957915831,24929.506970311748
GCN + Coul.,10.463486973947896,25480.08993758526
GCN + Coul.,10.48749498997996,26039.74942354852
GCN + Coul.,10.511503006012024,26608.576400745544
GCN + Coul.,10.535511022044089,27186.66234686633
GCN + Coul.,10.559519038076152,27774.09924590346
GCN + Coul.,10.583527054108217,28370.979589308175
GCN + Coul.,10.60753507014028,28977.396377147
GCN + Coul.,10.631543086172345,29593.44311925824
GCN + Coul.,10.65555110220441,30219.21383640825
GCN + Coul.,10.679559118236472,30854.80306144737
GCN + Coul.,10.703567134268537,31500.305840467132
GCN + Coul.,10.727575150300602,32155.817733956035
GCN + Coul.,10.751583166332665,32821.43481795618
GCN + Coul.,10.77559118236473,33497.253685219446
GCN + Coul.,10.799599198396793,34183.3714463643
GCN + Coul.,10.823607214428858,34879.88573103145
GCN + Coul.,10.847615230460923,35586.89468904119
GCN + Coul.,10.871623246492986,36304.4969915488
GCN + Coul.,10.89563126252505,37032.791832201794
GCN + Coul.,10.919639278557113,37771.87892829548
GCN + Coul.,10.943647294589178,38521.85852193012
GCN + Coul.,10.967655310621243,39282.83138116682
GCN + Coul.,10.991663326653306,40054.89880118382
GCN + Coul.,11.015671342685371,40838.162605433696
GCN + Coul.,11.039679358717434,41632.725146798504
GCN + Coul.,11.063687374749499,42438.68930874721
GCN + Coul.,11.087695390781564,43256.15850649148
GCN + Coul.,11.111703406813627,44085.23668814229
GCN + Coul.,11.135711422845691,44926.028335866344
GCN + Coul.,11.159719438877756,45778.63846704236
GCN + Coul.,11.18372745490982,46643.17263541737
GCN + Coul.,11.207735470941884,47519.736932263506
GCN + Coul.,11.231743486973947,48408.437987533514
GCN + Coul.,11.255751503006012,49309.38297101841
GCN + Coul.,11.279759519038077,50222.67959350275
GCN + Coul.,11.30376753507014,51148.43610792121
GCN + Coul.,11.327775551102205,52086.76131051581
GCN + Coul.,11.351783567134268,53037.764541991055
GCN + Coul.,11.375791583166333,54001.55568867145
GCN + Coul.,11.399799599198397,54978.245183656894
GCN + Coul.,11.42380761523046,55967.94400797988
GCN + Coul.,11.447815631262525,56970.763691761356
GCN + Coul.,11.47182364729459,57986.816315367294
GCN + Coul.,11.495831663326653,59016.21451056507
GCN + Coul.,11.519839679358718,60059.07146167994
GCN + Coul.,11.543847695390781,61115.500906751
GCN + Coul.,11.567855711422846,62185.61713868851
GCN + Coul.,11.59186372745491,63269.53500642901
GCN + Coul.,11.615871743486974,64367.36991609243
GCN + Coul.,11.639879759519038,65479.23783213887
GCN + Coul.,11.663887775551101,66605.25527852395
GCN + Coul.,11.687895791583166,67745.53933985619
GCN + Coul.,11.711903807615231,68900.20766255257
GCN + Coul.,11.735911823647294,70069.37845599538
GCN + Coul.,11.759919839679359,71253.17049368867
GCN + Coul.,11.783927855711424,72451.70311441447
GCN + Coul.,11.807935871743487,73665.09622338897
GCN + Coul.,11.831943887775552,74893.47029341929
GCN + Coul.,11.855951903807615,76136.94636605942
GCN + Coul.,11.87995991983968,77395.64605276729
GCN + Coul.,11.903967935871744,78669.69153606053
GCN + Coul.,11.927975951903807,79959.20557067267
GCN + Coul.,11.951983967935872,81264.31148471058
GCN + Coul.,11.975991983967935,82585.13318080961
GCN + Coul.,12.0,83921.7951372909
minimization,0.02,0.5008137506197994
minimization,0.044008016032064126,2.414121563494842
minimization,0.06801603206412826,5.7410188596700005
minimization,0.0920240480961924,10.462401501765669
minimization,0.11603206412825652,16.55916862493009
minimization,0.14004008016032063,24.012223788401517
minimization,0.16404809619238478,32.802476123870804
minimization,0.1880561122244489,42.91084147981681
minimization,0.21206412825651302,54.3182435609927
minimization,0.23607214428857715,67.00561506224616
minimization,0.2600801603206413,80.95389879586519
minimization,0.28408817635270545,96.14404881164748
minimization,0.3080961923847696,112.55703150890213
minimization,0.3321042084168337,130.17382673960114
minimization,0.35611222444889784,148.97542890191016
minimization,0.38012024048096194,168.94284802333868
minimization,0.4041282565130261,190.05711083276455
minimization,0.42813627254509024,212.29926182059862
minimization,0.45214428857715433,235.6503642863733
minimization,0.4761523046092185,260.09150137305056
minimization,0.5001603206412826,285.6037770873647
minimization,0.5241683366733467,312.1683173055276
minimization,0.5481763527054109,339.76627076364804
minimization,0.572184368737475,368.37881003222856
minimization,0.5961923847695392,397.98713247412724
minimization,0.6202004008016032,428.5724611853876
minimization,0.6442084168336674,460.11604591836505
minimization,0.6682164328657315,492.5991639865923
minimization,0.6922244488977957,526.0031211508541
minimization,0.7162324649298598,560.3092524859592
minimization,0.7402404809619239,595.4989232277206
minimization,0.764248496993988,631.5535295996815
minimization,0.7882565130260522,668.4544996191404
minimization,0.8122645290581163,706.183293882062
minimization,0.8362725450901805,744.7214063264698
minimization,0.8602805611222445,784.0503649739572
minimization,0.8842885771543086,824.1517326489599
minimization,0.9082965931863728,865.0071076754718
minimization,0.9323046092184369,906.5981245509095
minimization,0.9563126252505011,948.9064545968524
minimization,0.9803206412825651,991.9138065863942
minimization,1.0043286573146293,1035.6019273478996
minimization,1.0283366733466934,1079.9526023449368
minimization,1.0523446893787576,1124.9476562322325
minimization,1.0763527054108217,1170.5689533875154
minimization,1.1003607214428859,1216.7983984190928
minimization,1.12436873747495,1263.6179366490542
minimization,1.1483767535070142,1311.009554572033
minimization,1.1723847695390783,1358.9552802894418
minimization,1.1963927855711423,1407.4371839192218
minimization,1.2204008016032064,1456.4373779810514
minimization,1.2444088176352706,1505.9380177570088
minimization,1.2684168336673347,1555.921301627719
minimization,1.2924248496993989,1606.3694713840648
minimization,1.316432865731463,1657.2648125146152
minimization,1.3404408817635272,1708.5896544687641
minimization,1.3644488977955913,1760.3263708957038
minimization,1.3884569138276555,1812.4573798593597
minimization,1.4124649298597196,1864.9651440296168
minimization,1.4364729458917835,1917.8321708498897
minimization,1.4604809619238477,1971.041012681193
minimization,1.4844889779559118,2024.5742669228998
minimization,1.508496993987976,2078.4145761106174
minimization,1.5325050100200401,2132.5446279913845
minimization,1.5565130260521043,2186.9471555762602
minimization,1.5805210420841684,2241.604937170631
minimization,1.6045290581162326,2296.5007963828607
minimization,1.6285370741482967,2351.6176021113006
minimization,1.6525450901803609,2406.9382685099436
minimization,1.676553106212425,2462.4457549330223
minimization,1.700561122244489,2518.1230658594495
minimization,1.7245691382765531,2573.953250796943
minimization,1.7485771543086173,2629.9194041660353
minimization,1.7725851703406814,2686.0046651649145
minimization,1.7965931863727456,2742.192217615378
minimization,1.8206012024048097,2798.4652897899164
minimization,1.8446092184368739,2854.8071542203625
minimization,1.868617234468938,2911.20112748937
minimization,1.8926252505010022,2967.630570004256
minimization,1.9166332665330663,3024.0788857534426
minimization,1.9406412825651302,3080.5295220470107
minimization,1.9646492985971944,3136.965969241312
minimization,1.9886573146292585,3193.3717604474614
minimization,2.0126653306613225,3249.730471225
minimization,2.036673346693387,3306.025719261301
minimization,2.060681362725451,3362.2411640361584
minimization,2.084689378757515,3418.3605064725994
minimization,2.108697394789579,3474.3674885753176
minimization,2.1327054108216434,3530.2458930555417
minimization,2.1567134268537074,3585.979542943284
minimization,2.1807214428857717,3641.552301188755
minimization,2.2047294589178357,3696.948070251865
minimization,2.2287374749499,3752.150791680346
minimization,2.252745490981964,3807.1444456787663
minimization,2.2767535070140283,3861.9130506665283
minimization,2.3007615230460923,3916.4406628260463
minimization,2.3247695390781566,3970.711375643332
minimization,2.3487775551102206,4024.7093194388017
minimization,2.3727855711422845,4078.418660889743
minimization,2.396793587174349,4131.823602546377
minimization,2.420801603206413,4184.908382339452
minimization,2.444809619238477,4237.657273081354
minimization,2.468817635270541,4290.054581962266
minimization,2.4928256513026055,4342.084650038364
minimization,2.5168336673346694,4393.731851715382
minimization,2.5408416833667338,4444.98059422829
minimization,2.5648496993987977,4495.815317113932
minimization,2.5888577154308616,4546.22049168129
minimization,2.612865731462926,4596.180620477768
minimization,2.63687374749499,4645.680236750084
minimization,2.6608817635270543,4694.703903905221
minimization,2.6848897795591182,4743.236214967293
minimization,2.7088977955911826,4791.26179203068
minimization,2.7329058116232465,4838.765285714362
minimization,2.756913827655311,4885.731374612107
minimization,2.780921843687375,4932.144764741645
minimization,2.804929859719439,4977.99018899545
minimization,2.828937875751503,5023.252406586735
minimization,2.852945891783567,5067.9162024986945
minimization,2.8769539078156314,5111.966386934084
minimization,2.9009619238476954,5155.387794762011
minimization,2.9249699398797597,5198.165284969405
minimization,2.9489779559118237,5240.283740111161
minimization,2.972985971943888,5281.7280657607025
minimization,2.996993987975952,5322.4831899659275
minimization,3.0210020040080163,5362.534062702145
minimization,3.0450100200400803,5401.8656553298015
minimization,3.0690180360721446,5440.462960055915
minimization,3.0930260521042086,5478.3109893944
minimization,3.1170340681362725,5515.394775633826
minimization,3.141042084168337,5551.699370304831
minimization,3.165050100200401,5587.209843650801
minimization,3.189058116232465,5621.911284105724
minimization,3.213066132264529,5655.788797770215
minimization,3.2370741482965935,5688.827507895194
minimization,3.2610821643286574,5721.012554369486
minimization,3.2850901803607218,5752.329093208908
minimization,3.3090981963927857,5782.762296055359
minimization,3.33310621242485,5812.297349674555
minimization,3.357114228456914,5840.919455461343
minimization,3.381122244488978,5868.613828951548
minimization,3.4051302605210423,5895.365699333342
minimization,3.429138276553106,5921.160308969988
minimization,3.4531462925851706,5945.982912923336
minimization,3.4771543086172345,5969.818778483656
minimization,3.501162324649299,5992.653184709793
minimization,3.525170340681363,6014.471421967168
minimization,3.549178356713427,6035.258791477304
minimization,3.573186372745491,6055.000604872144
minimization,3.5971943887775555,6073.6821837496545
minimization,3.6212024048096194,6091.288859243385
minimization,3.6452104208416833,6107.8059715891495
minimization,3.6692184368737477,6123.218869703291
minimization,3.6932264529058116,6137.5129107692555
minimization,3.717234468937876,6150.673459822782
minimization,3.74124248496994,6162.685889351977
minimization,3.7652505010020043,6173.535578897692
minimization,3.7892585170340682,6183.207914660282
minimization,3.8132665330661326,6191.688289118799
minimization,3.8372745490981965,6198.962100646288
minimization,3.8612825651302605,6205.014753139759
minimization,3.885290581162325,6209.831655655655
minimization,3.9092985971943888,6213.398222046801
minimization,3.933306613226453,6215.699870614288
minimization,3.957314629258517,6216.722023756785
minimization,3.9813226452905814,6216.450107630932
minimization,4.005330661322645,6214.869551820595
minimization,4.029338677354709,6211.965789003386
minimization,4.053346693386773,6207.724254633542
minimization,4.077354709418837,6202.130386625375
minimization,4.101362725450902,6195.169625043762
minimization,4.125370741482966,6186.827411807431
minimization,4.14937875751503,6177.089190387411
minimization,4.173386773547094,6165.940405520688
minimization,4.197394789579158,6153.366502928428
minimization,4.2214028056112225,6139.352929033544
minimization,4.245410821643286,6123.885130695701
minimization,4.26941883767535,6106.948554941134
minimization,4.293426853707414,6088.528648704483
minimization,4.317434869739479,6068.610858581805
minimization,4.341442885771543,6047.180630577353
minimization,4.365450901803607,6024.223409867099
minimization,4.389458917835671,5999.724640564871
minimization,4.413466933867735,5973.669765487483
minimization,4.4374749498998,5946.044225938552
minimization,4.4614829659318636,5916.833461486156
minimization,4.4854909819639275,5886.022909748234
minimization,4.509498997995991,5853.598006193549
minimization,4.533507014028056,5819.5441839350115
minimization,4.55751503006012,5783.846873537467
minimization,4.581523046092184,5746.491502830129
minimization,4.605531062124248,5707.463496715382
minimization,4.629539078156313,5666.7482769963335
minimization,4.653547094188377,5624.3312622001795
minimization,4.677555110220441,5580.197867404779
minimization,4.701563126252505,5534.333504080671
minimization,4.7255711422845685,5486.723579927439
minimization,4.749579158316633,5437.353498721562
minimization,4.773587174348697,5386.208660171928
minimization,4.797595190380761,5333.274459768169
minimization,4.821603206412825,5278.53628864525
minimization,4.84561122244489,5221.979533451019
minimization,4.869619238476954,5163.589576207589
minimization,4.893627254509018,5103.351794192954
minimization,4.917635270541082,5041.251559815249
minimization,4.941643286573146,4977.274240491668
minimization,4.9656513026052105,4911.405198545275
minimization,4.989659318637274,4843.62979109034
minimization,5.013667334669338,4773.933369926417
minimization,5.037675350701402,4702.30128144513
minimization,5.061683366733467,4628.718866525933
minimization,5.085691382765531,4553.171460445016
minimization,5.109699398797595,4475.644392792373
minimization,5.133707414829659,4396.122987376168
minimization,5.157715430861723,4314.5925621452225
minimization,5.181723446893788,4231.0384291166965
minimization,5.2057314629258515,4145.445894293967
minimization,5.2297394789579155,4057.800257600683
minimization,5.253747494989979,3968.0868128164893
minimization,5.277755511022044,3876.2908475043687
minimization,5.301763527054108,3782.397642956318
minimization,5.325771543086172,3686.392474137574
minimization,5.349779559118236,3588.2606096231184
minimization,5.373787575150301,3487.9873115520504
minimization,5.397795591182365,3385.5578355802068
minimization,5.421803607214429,3280.957430827842
minimization,5.445811623246493,3174.1713398455313
minimization,5.4698196392785565,3065.184798573831
minimization,5.493827655310621,2953.9830362983357
minimization,5.517835671342685,2840.5512756239486
minimization,5.541843687374749,2724.874732442021
minimization,5.565851703406813,2606.938615893786
minimization,5.589859719438878,2486.728128351365
minimization,5.613867735470942,2364.2284653916668
minimization,5.637875751503006,2239.4248157661386
minimization,5.66188376753507,2112.302361390178
minimization,5.685891783567134,1982.8462773278613
minimization,5.7098997995991985,1851.0417317672868
minimization,5.733907815631262,1716.8738860141657
minimization,5.757915831663326,1580.327894484333
minimization,5.78192384769539,1441.388904684848
minimization,5.805931863727455,1300.0420572123035
minimization,5.829939879759519,1156.272485752734
minimization,5.853947895791583,1010.0653170683477
minimization,5.877955911823647,861.4056709971696
minimization,5.901963927855712,710.2786604611783
minimization,5.925971943887776,556.669391461995
minimization,5.9499799599198395,400.56296308389483
minimization,5.9739879759519035,241.9444675067325
minimization,5.997995991983967,80.79899000844398
minimization,6.022004008016032,-82.8883910317013
minimization,6.046012024048096,-249.132604114277
minimization,6.07002004008016,-417.94858460973774
minimization,6.094028056112224,-589.3512747543177
minimization,6.118036072144289,-763.3556236279869
minimization,6.142044088176353,-939.9765871405621
minimization,6.166052104208417,-1119.229128019495
minimization,6.190060120240481,-1301.1282157907417
minimization,6.2140681362725445,-1485.6888267516142
minimization,6.238076152304609,-1672.9259439578568
minimization,6.262084168336673,-1862.8545572043854
minimization,6.286092184368737,-2055.4896629967943
minimization,6.310100200400801,-2250.846264526862
minimization,6.334108216432866,-2448.939371658237
minimization,6.35811623246493,-2649.784000894024
minimization,6.382124248496994,-2853.3951753464976
minimization,6.406132264529058,-3059.7879247200844
minimization,6.430140280561122,-3268.977285283733
minimization,6.4541482965931865,-3480.9782998331007
minimization,6.47815631262525,-3695.8060176628787
minimization,6.502164328657314,-3913.475494544514
minimization,6.526172344689378,-4134.001792687551
minimization,6.550180360721443,-4357.399980705861
minimization,6.574188376753507,-4583.685133591558
minimization,6.598196392785571,-4812.872332682971
minimization,6.622204408817635,-5044.976665624114
minimization,6.6462124248497,-5280.013226331378
minimization,6.670220440881764,-5517.997114967475
minimization,6.6942284569138275,-5758.943437900882
minimization,6.718236472945891,-6002.867307668654
minimization,6.742244488977955,-6249.783842940653
minimization,6.76625250501002,-6499.708168490111
minimization,6.790260521042084,-6752.655415145942
minimization,6.814268537074148,-7008.6407197561075
minimization,6.838276553106212,-7267.679225156102
minimization,6.862284569138277,-7529.786080130165
minimization,6.886292585170341,-7794.976439366919
minimization,6.910300601202405,-8063.2654634203345
minimization,6.934308617234469,-8334.668318679656
minimization,6.9583166332665325,-8609.200177323368
minimization,6.982324649298597,-8886.876217278575
minimization,7.006332665330661,-9167.711622180754
minimization,7.030340681362725,-9451.721581344433
minimization,7.054348697394789,-9738.921289713286
minimization,7.078356713426854,-10029.325947815732
minimization,7.102364729458918,-10322.950761728654
minimization,7.126372745490982,-10619.810943042296
minimization,7.150380761523046,-10919.921708811657
minimization,7.1743887775551105,-11223.29828151361
minimization,7.198396793587174,-11529.955889008908
minimization,7.222404809619238,-11839.909764507398
minimization,7.246412825651302,-12153.175146517282
minimization,7.270420841683366,-12469.76727880452
minimization,7.294428857715431,-12789.701410352334
minimization,7.318436873747495,-13112.99279532718
minimization,7.342444889779559,-13439.656693031113
minimization,7.366452905811623,-13769.708367856827
minimization,7.390460921843688,-14103.163089249161
minimization,7.414468937875752,-14440.03613166886
minimization,7.4384769539078155,-14780.342774543475
minimization,7.462484969939879,-15124.09830222491
minimization,7.486492985971943,-15471.31800394972
minimization,7.510501002004008,-15822.017173803108
minimization,7.534509018036072,-16176.211110673481
minimization,7.558517034068136,-16533.91511820713
minimization,7.5825250501002,-16895.14450476892
minimization,7.606533066132265,-17259.914583405924
minimization,7.630541082164329,-17628.24067180615
minimization,7.654549098196393,-18000.1380922501
minimization,7.6785571142284565,-18375.622171573366
minimization,7.7025651302605205,-18754.708241130975
minimization,7.726573146292585,-19137.411636756948
minimization,7.750581162324649,-19523.74769871652
minimization,7.774589178356713,-19913.73177166634
minimization,7.798597194388777,-20307.379204615856
minimization,7.822605210420842,-20704.705350893164
minimization,7.846613226452906,-21105.725568099115
minimization,7.87062124248497,-21510.455218066694
minimization,7.894629258517034,-21918.909666819323
minimization,7.9186372745490985,-22331.10428453974
minimization,7.942645290581162,-22747.054445528785
minimization,7.966653306613226,-23166.775528161666
minimization,7.99066132264529,-23590.282914848747
minimization,8.014669338677354,-24017.591991998604
minimization,8.038677354709419,-24448.71814998705
minimization,8.062685370741482,-24883.676783111667
minimization,8.086693386773547,-25322.483289555264
minimization,8.110701402805612,-25765.15307134411
minimization,8.134709418837675,-26211.70153431412
minimization,8.15871743486974,-26662.14408807909
minimization,8.182725450901804,-27116.496145983117
minimization,8.206733466933867,-27574.773125067353
minimization,8.230741482965932,-28036.990446030286
minimization,8.254749498997995,-28503.163533198556
minimization,8.27875751503006,-28973.307814489934
minimization,8.302765531062125,-29447.438721370476
minimization,8.326773547094188,-29925.571688821416
minimization,8.350781563126253,-30407.72215530264
minimization,8.374789579158316,-30893.905562721906
minimization,8.39879759519038,-31384.137356400843
minimization,8.422805611222445,-31878.432985032574
minimization,8.446813627254508,-32376.807900650256
minimization,8.470821643286573,-32879.277558591944
minimization,8.494829659318636,-33385.85741747441
minimization,8.518837675350701,-33896.56293915257
minimization,8.542845691382766,-34411.40958868582
minimization,8.566853707414829,-34930.41283430068
minimization,8.590861723446894,-35453.588147362105
minimization,8.614869739478959,-35980.95100234295
minimization,8.638877755511022,-36512.51687679018
minimization,8.662885771543086,-37048.30125129068
minimization,8.68689378757515,-37588.31960943644
minimization,8.710901803607214,-38132.587437794165
minimization,8.73490981963928,-38681.120225878425
minimization,8.758917835671342,-39233.93346611919
minimization,8.782925851703407,-39791.04265382769
minimization,8.80693386773547,-40352.46328716498
minimization,8.830941883767535,-40918.21086711107
minimization,8.8549498997996,-41488.30089743597
minimization,8.878957915831663,-42062.74888467512
minimization,8.902965931863728,-42641.57033809577
minimization,8.926973947895792,-43224.780769665784
minimization,8.950981963927855,-43812.39569402079
minimization,8.97498997995992,-44404.430628440175
minimization,8.998997995991983,-45000.90109281955
minimization,9.023006012024048,-45601.82260964175
minimization,9.047014028056113,-46207.21070394423
minimization,9.071022044088176,-46817.080903292954
minimization,9.09503006012024,-47431.44873775298
minimization,9.119038076152304,-48050.32973986205
minimization,9.143046092184369,-48673.7394446087
minimization,9.167054108216433,-49301.69338940026
minimization,9.191062124248496,-49934.207114036086
minimization,9.215070140280561,-50571.29616067703
minimization,9.239078156312626,-51212.9760738249
minimization,9.26308617234469,-51859.26240029349
minimization,9.287094188376754,-52510.17068918893
minimization,9.311102204408817,-53165.71649187809
minimization,9.335110220440882,-53825.91536196272
minimization,9.359118236472947,-54490.78285525372
minimization,9.38312625250501,-55160.334529750085
minimization,9.407134268537074,-55834.585945613704
minimization,9.431142284569138,-56513.55266514807
minimization,9.455150300601202,-57197.25025276833
minimization,9.479158316633267,-57885.69427497636
minimization,9.50316633266533,-58578.90030034132
minimization,9.527174348697395,-59276.88389946986
minimization,9.551182364729458,-59979.660644990596
minimization,9.575190380761523,-60687.24611153161
minimization,9.599198396793588,-61399.65587569125
minimization,9.62320641282565,-62116.905516018815
minimization,9.647214428857716,-62839.0106129896
minimization,9.67122244488978,-63565.98674898445
minimization,9.695230460921843,-64297.84950826683
minimization,9.719238476953908,-65034.61447696701
minimization,9.743246492985971,-65776.29724305756
minimization,9.767254509018036,-66522.91339632786
minimization,9.7912625250501,-67274.47852836378
minimization,9.815270541082164,-68031.00823253107
minimization,9.839278557114229,-68792.51810394893
minimization,9.863286573146292,-69559.0237394773
minimization,9.887294589178357,-70330.54073769365
minimization,9.911302605210421,-71107.08469887351
minimization,9.935310621242484,-71888.67122496793
minimization,9.95931863727455,-72675.31591958355
minimization,9.983326653306614,-73467.03438796574
minimization,10.007334669338677,-74263.84223697812
minimization,10.031342685370742,-75065.75507508594
minimization,10.055350701402805,-75872.78851233718
minimization,10.07935871743487,-76684.9581603413
minimization,10.103366733466935,-77502.27963225098
minimization,10.127374749498998,-78324.76854274161
minimization,10.151382765531062,-79152.44050799956
minimization,10.175390781563125,-79985.31114569797
minimization,10.19939879759519,-80823.39607498796
minimization,10.223406813627255,-81666.71091647525
minimization,10.247414829659318,-82515.27129220137
minimization,10.271422845691383,-83369.09282562985
minimization,10.295430861723446,-84228.19114162517
minimization,10.31943887775551,-85092.5818664394
minimization,10.343446893787576,-85962.28062769442
minimization,10.367454909819639,-86837.30305437221
minimization,10.391462925851704,-87717.66477679144
minimization,10.415470941883768,-88603.3814265912
minimization,10.439478957915831,-89494.46863671784
minimization,10.463486973947896,-90390.94204140785
minimization,10.48749498997996,-91292.81727617086
minimization,10.511503006012024,-92200.10997777927
minimization,10.535511022044089,-93112.83578425164
minimization,10.559519038076152,-94031.01033484076
minimization,10.583527054108217,-94954.64927001054
minimization,10.60753507014028,-95883.76823142634
minimization,10.631543086172345,-96818.38286193834
minimization,10.65555110220441,-97758.5088055679
minimization,10.679559118236472,-98704.1617074944
minimization,10.703567134268537,-99655.35721404075
minimization,10.727575150300602,-100612.11097266364
minimization,10.751583166332665,-101574.43863193411
minimization,10.77559118236473,-102542.35584152499
minimization,10.799599198396793,-103515.87825219941
minimization,10.823607214428858,-104495.02151579548
minimization,10.847615230460923,-105479.80128521133
minimization,10.871623246492986,-106470.23321439736
minimization,10.89563126252505,-107466.33295834178
minimization,10.919639278557113,-108468.11617305866
minimization,10.943647294589178,-109475.59851557574
minimization,10.967655310621243,-110488.79564391727
minimization,10.991663326653306,-111507.723217095
minimization,11.015671342685371,-112532.39689509643
minimization,11.039679358717434,-113562.832338871
minimization,11.063687374749499,-114599.04521031993
minimization,11.087695390781564,-115641.0511722854
minimization,11.111703406813627,-116688.86588853918
minimization,11.135711422845691,-117742.50502377228
minimization,11.159719438877756,-118801.98424357804
minimization,11.18372745490982,-119867.31921444509
minimization,11.207735470941884,-120938.52560374627
minimization,11.231743486973947,-122015.61907972611
minimization,11.255751503006012,-123098.61531149017
minimization,11.279759519038077,-124187.52996899592
minimization,11.30376753507014,-125282.3787230429
minimization,11.327775551102205,-126383.17724526279
minimization,11.351783567134268,-127489.9412081048
minimization,11.375791583166333,-128602.68628482788
minimization,11.399799599198397,-129721.42814949082
minimization,11.42380761523046,-130846.18247693963
minimization,11.447815631262525,-131976.96494280326
minimization,11.47182364729459,-133113.79122347533
minimization,11.495831663326653,-134256.67699611597
minimization,11.519839679358718,-135405.63793863723
minimization,11.543847695390781,-136560.68972969003
minimization,11.567855711422846,-137721.84804865962
minimization,11.59186372745491,-138889.1285756527
minimization,11.615871743486974,-140062.5469914895
minimization,11.639879759519038,-141242.11897769698
minimization,11.663887775551101,-142427.86021649538
minimization,11.687895791583166,-143619.78639079473
minimization,11.711903807615231,-144817.913184183
minimization,11.735911823647294,-146022.25628092038
minimization,11.759919839679359,-147232.8313659326
minimization,11.783927855711424,-148449.65412479267
minimization,11.807935871743487,-149672.74024372213
minimization,11.831943887775552,-150902.10540957807
minimization,11.855951903807615,-152137.76530984815
minimization,11.87995991983968,-153379.73563263813
minimization,11.903967935871744,-154628.03206666806
minimization,11.927975951903807,-155882.6703012644
minimization,11.951983967935872,-157143.66602635293
minimization,11.975991983967935,-158411.0349324532
minimization,12.0,-159684.79271066174
screening,0.02,0.5008137506107974
screening,0.044008016032064126,2.4141215624811654
screening,0.06801603206412826,5.741018845964278
screening,0.0920240480961924,10.462401418370206
screening,0.11603206412825652,16.559168292517466
screening,0.14004008016032063,24.012222769404097
screening,0.16404809619238478,32.802473512249286
screening,0.1880561122244489,42.91083560213216
screening,0.21206412825651302,54.31823157545226
screening,0.23607214428857715,67.0055924434333
screening,0.2600801603206413,80.95385869389018
screening,0.28408817635270545,96.14398127547624
screening,0.3080961923847696,112.55692256462595
screening,0.3321042084168337,130.1736573154058
screening,0.35611222444889784,148.97517359248388
screening,0.38012024048096194,168.9424736874261
screening,0.4041282565130261,190.05657501852588
screening,0.42813627254509024,212.29851101437015
screening,0.45214428857715433,235.64933198134446
screening,0.4761523046092185,260.09010595527644
screening,0.5001603206412826,285.6019195374143
screening,0.5241683366733467,312.16587871493726
screening,0.5481763527054109,339.7631096661901
screening,0.572184368737475,368.3747595508326
screening,0.5961923847695392,397.98199728509627
screening,0.6202004008016032,428.56601430232945
screening,0.6442084168336674,460.1080252990242
screening,0.6682164328657315,492.58926896649973
screening,0.6922244488977957,525.9910087084303
screening,0.7162324649298598,560.2945333443926
screening,0.7402404809619239,595.4811577996136
screening,0.764248496993988,631.5322237810907
screening,0.7882565130260522,668.4291004402611
screening,0.8122645290581163,706.1531850223882
screening,0.8362725450901805,744.6859035028417
screening,0.8602805611222445,784.0087112104302
screening,0.8842885771543086,824.1030934379622
screening,0.9082965931863728,864.9505660401921
screening,0.9323046092184369,906.5326760193185
screening,0.9563126252505011,948.8310020981945
screening,0.9803206412825651,991.827155281409
screening,1.0043286573146293,1035.5027794043979
screening,1.0283366733466934,1079.8395516707355
screening,1.0523446893787576,1124.8191831777717
screening,1.0763527054108217,1170.423419430753
screening,1.1003607214428859,1216.6340408455894
screening,1.12436873747495,1263.4328632404106
screening,1.1483767535070142,1310.8017383160618
screening,1.1723847695390783,1358.7225541256842
screening,1.1963927855711423,1407.177235533518
screening,1.2204008016032064,1456.147744663089
screening,1.2444088176352706,1505.6160813348945
screening,1.2684168336673347,1555.5642834937498
screening,1.2924248496993989,1605.9744276259212
screening,1.316432865731463,1656.828629166187
screening,1.3404408817635272,1708.109042894962
screening,1.3644488977955913,1759.7978633256112
screening,1.3884569138276555,1811.8773250821005
screening,1.4124649298597196,1864.3297032670969
screening,1.4364729458917835,1917.1373138206604
screening,1.4604809619238477,1970.2825138696512
screening,1.4844889779559118,2023.7477020679794
screening,1.508496993987976,2077.5153189278135
screening,1.5325050100200401,2131.5678471418914
screening,1.5565130260521043,2185.887811897035
screening,1.5805210420841684,2240.457781179001
screening,1.6045290581162326,2295.260366068781
screening,1.6285370741482967,2350.2782210304813
screening,1.6525450901803609,2405.49404419088
screening,1.676553106212425,2460.890577610794
screening,1.700561122244489,2516.450607548362
screening,1.7245691382765531,2572.1569647143583
screening,1.7485771543086173,2627.992524519646
screening,1.7725851703406814,2683.9402073148904
screening,1.7965931863727456,2739.982978622627
screening,1.8206012024048097,2796.103849361801
screening,1.8446092184368739,2852.285876064891
screening,1.868617234468938,2908.512161087702
screening,1.8926252505010022,2964.7658528119587
screening,1.9166332665330663,3021.030145840779
screening,1.9406412825651302,3077.2882811871445
screening,1.9646492985971944,3133.5235464554676
screening,1.9886573146292585,3189.719276016338
screening,2.0126653306613225,3245.858851174576
screening,2.036673346693387,3301.925700330671
screening,2.060681362725451,3357.90329913569
screening,2.084689378757515,3413.7751706397935
screening,2.108697394789579,3469.524885434403
screening,2.1327054108216434,3525.1360617881483
screening,2.1567134268537074,3580.592365776672
screening,2.1807214428857717,3635.8775114063824
screening,2.2047294589178357,3690.9752607322534
screening,2.2287374749499,3745.8694239697447
screening,2.252745490981964,3800.5438596009494
screening,2.2767535070140283,3854.9824744750454
screening,2.3007615230460923,3909.169223903123
screening,2.3247695390781566,3963.088111747515
screening,2.3487775551102206,4016.7231905056515
screening,2.3727855711422845,4070.058561388592
screening,2.396793587174349,4123.078374394259
screening,2.420801603206413,4175.766828375476
screening,2.444809619238477,4228.108171102911
screening,2.468817635270541,4280.086699322959
screening,2.4928256513026055,4331.686758810691
screening,2.5168336673346694,4382.892744417901
screening,2.5408416833667338,4433.689100116368
screening,2.5648496993987977,4484.060319036371
screening,2.5888577154308616,4533.990943500579
screening,2.612865731462926,4583.46556505332
screening,2.63687374749499,4632.468824485394
screening,2.6608817635270543,4680.985411854396
screening,2.6848897795591182,4729.000066500721
screening,2.7088977955911826,4776.497577059255
screening,2.7329058116232465,4823.462781466838
screening,2.756913827655311,4869.880566965587
screening,2.780921843687375,4915.735870102116
screening,2.804929859719439,4961.01367672275
screening,2.828937875751503,5005.699021964767
screening,2.852945891783567,5049.776990243776
screening,2.8769539078156314,5093.232715237244
screening,2.9009619238476954,5136.051379864293
screening,2.9249699398797597,5178.218216261756
screening,2.9489779559118237,5219.718505756655
screening,2.972985971943888,5260.537578835059
screening,2.996993987975952,5300.660815107453
screening,3.0210020040080163,5340.073643270649
screening,3.0450100200400803,5378.761541066301
screening,3.0690180360721446,5416.710035236099
screening,3.0930260521042086,5453.904701473677
screening,3.1170340681362725,5490.331164373289
screening,3.141042084168337,5525.975097375359
screening,3.165050100200401,5560.822222708893
screening,3.189058116232465,5594.858311330846
screening,3.213066132264529,5628.069182862513
screening,3.2370741482965935,5660.440705522942
screening,3.2610821643286574,5691.9587960595
screening,3.2850901803607218,5722.609419675561
screening,3.3090981963927857,5752.3785899554305
screening,3.33310621242485,5781.252368786545
screening,3.357114228456914,5809.21686627897
screening,3.381122244488978,5836.2582406822785
screening,3.4051302605210423,5862.362698299824
screening,3.429138276553106,5887.516493400506
screening,3.4531462925851706,5911.705928128046
screening,3.4771543086172345,5934.917352407799
screening,3.501162324649299,5957.137163851189
screening,3.525170340681363,5978.351807657824
screening,3.549178356713427,5998.547776515247
screening,3.573186372745491,6017.711610496505
screening,3.5971943887775555,6035.829896955454
screening,3.6212024048096194,6052.88927041993
screening,3.6452104208416833,6068.876412482759
screening,3.6692184368737477,6083.778051690744
screening,3.6932264529058116,6097.580963431611
screening,3.717234468937876,6110.271969818829
screening,3.74124248496994,6121.837939574654
screening,3.7652505010020043,6132.265787911218
screening,3.7892585170340682,6141.542476409613
screening,3.8132665330661326,6149.65501289739
screening,3.8372745490981965,6156.590451323863
screening,3.8612825651302605,6162.335891634267
screening,3.885290581162325,6166.878479641458
screening,3.9092985971943888,6170.205406896612
screening,3.933306613226453,6172.303910557859
screening,3.957314629258517,6173.161273257412
screening,3.9813226452905814,6172.764822967267
screening,4.005330661322645,6171.10193286316
screening,4.029338677354709,6168.160021187159
screening,4.053346693386773,6163.926551108756
screening,4.077354709418837,6158.389030584544
screening,4.101362725450902,6151.535012216456
screening,4.125370741482966,6143.3520931087805
screening,4.14937875751503,6133.827914723569
screening,4.173386773547094,6122.9501627350355
screening,4.197394789579158,6110.7065668826035
screening,4.2214028056112225,6097.084900822651
screening,4.245410821643286,6082.072981979115
screening,4.26941883767535,6065.658671392888
screening,4.293426853707414,6047.829873570204
screening,4.317434869739479,6028.574536329672
screening,4.341442885771543,6007.880650648491
screening,4.365450901803607,5985.736250507451
screening,4.389458917835671,5962.129412734981
screening,4.413466933867735,5937.048256850143
screening,4.4374749498998,5910.480944904832
screening,4.4614829659318636,5882.415681324717
screening,4.4854909819639275,5852.840712749667
screening,4.509498997995991,5821.74432787294
screening,4.533507014028056,5789.114857279777
screening,4.55751503006012,5754.940673285069
screening,4.581523046092184,5719.210189770131
screening,4.605531062124248,5681.9118620188365
screening,4.629539078156313,5643.034186552975
screening,4.653547094188377,5602.565700966854
screening,4.677555110220441,5560.494983761106
screening,4.701563126252505,5516.810654176026
screening,4.7255711422845685,5471.501372024053
screening,4.749579158316633,5424.555837521757
screening,4.773587174348697,5375.962791121173
screening,4.797595190380761,5325.711013340438
screening,4.821603206412825,5273.78932459411
screening,4.84561122244489,5220.186585022676
screening,4.869619238476954,5164.891694321718
screening,4.893627254509018,5107.893591570549
screening,4.917635270541082,5049.181255060361
screening,4.941643286573146,4988.7437021218175
screening,4.9656513026052105,4926.569988952344
screening,4.989659318637274,4862.649210443045
screening,5.013667334669338,4796.970500005038
screening,5.037675350701402,4729.523029395487
screening,5.061683366733467,4660.29600854345
screening,5.085691382765531,4589.278685375061
screening,5.109699398797595,4516.460345638727
screening,5.133707414829659,4441.830312729808
screening,5.157715430861723,4365.377947515088
screening,5.181723446893788,4287.092648157007
screening,5.2057314629258515,4206.963849937511
screening,5.2297394789579155,4124.981025081952
screening,5.253747494989979,4041.1336825824797
screening,5.277755511022044,3955.41136802133
screening,5.301763527054108,3867.803663394087
screening,5.325771543086172,3778.3001869326313
screening,5.349779559118236,3686.890592927915
screening,5.373787575150301,3593.5645715527107
screening,5.397795591182365,3498.311848684133
screening,5.421803607214429,3401.1221857263604
screening,5.445811623246493,3301.985379432696
screening,5.4698196392785565,3200.8912617282044
screening,5.493827655310621,3097.829699531834
screening,5.517835671342685,2992.790594578813
screening,5.541843687374749,2885.7638832426637
screening,5.565851703406813,2776.739536357637
screening,5.589859719438878,2665.7075590407726
screening,5.613867735470942,2552.657990514193
screening,5.637875751503006,2437.580903927356
screening,5.66188376753507,2320.4664061793833
screening,5.685891783567134,2201.3046377413652
screening,5.7098997995991985,2080.085772478826
screening,5.733907815631262,1956.8000174742301
screening,5.757915831663326,1831.4376128496142
screening,5.78192384769539,1703.9888315891649
screening,5.805931863727455,1574.4439793622914
screening,5.829939879759519,1442.7933943462176
screening,5.853947895791583,1309.0274470494878
screening,5.877955911823647,1173.1365401348248
screening,5.901963927855712,1035.1111082428615
screening,5.925971943887776,894.9416178154497
screening,5.9499799599198395,752.6185669196439
screening,5.9739879759519035,608.1324850714882
screening,5.997995991983967,461.47393306021513
screening,6.022004008016032,312.63350277275913
screening,6.046012024048096,161.60181701822148
screening,6.07002004008016,8.36952935269801
screening,6.094028056112224,-147.072676095544
screening,6.118036072144289,-304.7340848009071
screening,6.142044088176353,-464.6239520145273
screening,6.166052104208417,-626.7515029388151
screening,6.190060120240481,-791.1259329010372
screening,6.2140681362725445,-957.7564075269574
screening,6.238076152304609,-1126.6520629141105
screening,6.262084168336673,-1297.8220058046536
screening,6.286092184368737,-1471.2753137582558
screening,6.310100200400801,-1647.0210353240782
screening,6.334108216432866,-1825.0681902129909
screening,6.35811623246493,-2005.4257694692196
screening,6.382124248496994,-2188.102735641477
screening,6.406132264529058,-2373.1080229541403
screening,6.430140280561122,-2560.4505374775217
screening,6.4541482965931865,-2750.1391572984166
screening,6.47815631262525,-2942.1827326897737
screening,6.502164328657314,-3136.5900862800563
screening,6.526172344689378,-3333.3700132225713
screening,6.550180360721443,-3532.5312813639202
screening,6.574188376753507,-3734.082631412276
screening,6.598196392785571,-3938.032777105348
screening,6.622204408817635,-4144.390405377793
screening,6.6462124248497,-4353.164176528142
screening,6.670220440881764,-4564.3627243855
screening,6.6942284569138275,-4777.994656475633
screening,6.718236472945891,-4994.0685541867115
screening,6.742244488977955,-5212.5929729346735
screening,6.76625250501002,-5433.576442327872
screening,6.790260521042084,-5657.027466331525
screening,6.814268537074148,-5882.954523431565
screening,6.838276553106212,-6111.366066798288
screening,6.862284569138277,-6342.270524449117
screening,6.886292585170341,-6575.676299411027
screening,6.910300601202405,-6811.5917698828325
screening,6.934308617234469,-7050.025289396413
screening,6.9583166332665325,-7290.985186977938
screening,6.982324649298597,-7534.4797673083285
screening,7.006332665330661,-7780.517310883402
screening,7.030340681362725,-8029.106074173151
screening,7.054348697394789,-8280.254289781038
screening,7.078356713426854,-8533.970166602488
screening,7.102364729458918,-8790.26188998267
screening,7.126372745490982,-9049.137621874152
screening,7.150380761523046,-9310.60550099388
screening,7.1743887775551105,-9574.673642979471
screening,7.198396793587174,-9841.350140545268
screening,7.222404809619238,-10110.643063637612
screening,7.246412825651302,-10382.560459589657
screening,7.270420841683366,-10657.110353275655
screening,7.294428857715431,-10934.30074726485
screening,7.318436873747495,-11214.139621974376
screening,7.342444889779559,-11496.63493582231
screening,7.366452905811623,-11781.794625379274
screening,7.390460921843688,-12069.626605520527
screening,7.414468937875752,-12360.138769576373
screening,7.4384769539078155,-12653.33898948306
screening,7.462484969939879,-12949.235115932224
screening,7.486492985971943,-13247.834978520712
screening,7.510501002004008,-13549.146385898737
screening,7.534509018036072,-13853.177125918264
screening,7.558517034068136,-14159.934965780652
screening,7.5825250501002,-14469.427652183631
screening,7.606533066132265,-14781.662911467587
screening,7.630541082164329,-15096.64844976161
screening,7.654549098196393,-15414.391953128583
screening,7.6785571142284565,-15734.901087709934
screening,7.7025651302605205,-16058.183499869749
screening,7.726573146292585,-16384.246816338306
screening,7.750581162324649,-16713.098644354766
screening,7.774589178356713,-17044.746571809897
screening,7.798597194388777,-17379.198167387556
screening,7.822605210420842,-17716.46098070575
screening,7.846613226452906,-18056.54254245733
screening,7.87062124248497,-18399.450364550026
screening,7.894629258517034,-18745.191940245684
screening,7.9186372745490985,-19093.774744299015
screening,7.942645290581162,-19445.206233095705
screening,7.966653306613226,-19799.493844790246
screening,7.99066132264529,-20156.64499944249
screening,8.014669338677354,-20516.66709915438
screening,8.038677354709419,-20879.5675282055
screening,8.062685370741482,-21245.353653188147
screening,8.086693386773547,-21614.032823142206
screening,8.110701402805612,-21985.61236968871
screening,8.134709418837675,-22360.09960716339
screening,8.15871743486974,-22737.50183274937
screening,8.182725450901804,-23117.82632660924
screening,8.206733466933867,-23501.08035201652
screening,8.230741482965932,-23887.271155486822
screening,8.254749498997995,-24276.405966907743
screening,8.27875751503006,-24668.491999668924
screening,8.302765531062125,-25063.536450790827
screening,8.326773547094188,-25461.546501053355
screening,8.350781563126253,-25862.52931512386
screening,8.374789579158316,-26266.492041683956
screening,8.39879759519038,-26673.441813556623
screening,8.422805611222445,-27083.385747831864
screening,8.446813627254508,-27496.33094599233
screening,8.470821643286573,-27912.284494038187
screening,8.494829659318636,-28331.253462610995
screening,8.518837675350701,-28753.24490711768
screening,8.542845691382766,-29178.265867853148
screening,8.566853707414829,-29606.323370123002
screening,8.590861723446894,-30037.424424365086
screening,8.614869739478959,-30471.576026270497
screening,8.638877755511022,-30908.785156904545
screening,8.662885771543086,-31349.058782826254
screening,8.68689378757515,-31792.403856207864
screening,8.710901803607214,-32238.827314953818
screening,8.73490981963928,-32688.336082818136
screening,8.758917835671342,-33140.937069522806
screening,8.782925851703407,-33596.637170874004
screening,8.80693386773547,-34055.44326887875
screening,8.830941883767535,-34517.36223186046
screening,8.8549498997996,-34982.4009145739
screening,8.878957915831663,-35450.56615831989
screening,8.902965931863728,-35921.864791059365
screening,8.926973947895792,-36396.30362752594
screening,8.950981963927855,-36873.88946933919
screening,8.97498997995992,-37354.62910511669
screening,8.998997995991983,-37838.529310585145
screening,9.023006012024048,-38325.596848691566
screening,9.047014028056113,-38815.83846971351
screening,9.071022044088176,-39309.26091136839
screening,9.09503006012024,-39805.87089892335
screening,9.119038076152304,-40305.675145302666
screening,9.143046092184369,-40808.68035119686
screening,9.167054108216433,-41314.89320516898
screening,9.191062124248496,-41824.32038376171
screening,9.215070140280561,-42336.96855160367
screening,9.239078156312626,-42852.84436151461
screening,9.26308617234469,-43371.95445461056
screening,9.287094188376754,-43894.30546040821
screening,9.311102204408817,-44419.903996928275
screening,9.335110220440882,-44948.756670799536
screening,9.359118236472947,-45480.87007736033
screening,9.38312625250501,-46016.250800761416
screening,9.407134268537074,-46554.9054140671
screening,9.431142284569138,-47096.84047935627
screening,9.455150300601202,-47642.062547822265
screening,9.479158316633267,-48190.57815987291
screening,9.50316633266533,-48742.393845229635
screening,9.527174348697395,-49297.51612302585
screening,9.551182364729458,-49855.95150190519
screening,9.575190380761523,-50417.70648011866
screening,9.599198396793588,-50982.78754562166
screening,9.62320641282565,-51551.2011761699
screening,9.647214428857716,-52122.95383941578
screening,9.67122244488978,-52698.051993002744
screening,9.695230460921843,-53276.50208466045
screening,9.719238476953908,-53858.31055229845
screening,9.743246492985971,-54443.483824099814
screening,9.767254509018036,-55032.02831861401
screening,9.7912625250501,-55623.95044484887
screening,9.815270541082164,-56219.25660236311
screening,9.839278557114229,-56817.9531813566
screening,9.863286573146292,-57420.04656276202
screening,9.887294589178357,-58025.54311833418
screening,9.911302605210421,-58634.44921074016
screening,9.935310621242484,-59246.77119364789
screening,9.95931863727455,-59862.51541181479
screening,9.983326653306614,-60481.68820117583
screening,10.007334669338677,-61104.29588893082
screening,10.031342685370742,-61730.34479363129
screening,10.055350701402805,-62359.84122526642
screening,10.07935871743487,-62992.791485349626
screening,10.103366733466935,-63629.20186700293
screening,10.127374749498998,-64269.07865504205
screening,10.151382765531062,-64912.42812606089
screening,10.175390781563125,-65559.25654851442
screening,10.19939879759519,-66209.57018280248
screening,10.223406813627255,-66863.37528135207
screening,10.247414829659318,-67520.6780886991
screening,10.271422845691383,-68181.4848415707
screening,10.295430861723446,-68845.80176896544
screening,10.31943887775551,-69513.63509223436
screening,10.343446893787576,-70184.99102516058
screening,10.367454909819639,-70859.87577403893
screening,10.391462925851704,-71538.29553775495
screening,10.415470941883768,-72220.25650786332
screening,10.439478957915831,-72905.76486866563
screening,10.463486973947896,-73594.82679728765
screening,10.48749498997996,-74287.448463757
screening,10.511503006012024,-74983.63603107865
screening,10.535511022044089,-75683.39565531132
screening,10.559519038076152,-76386.73348564254
screening,10.583527054108217,-77093.65566446423
screening,10.60753507014028,-77804.16832744611
screening,10.631543086172345,-78518.2776036106
screening,10.65555110220441,-79235.98961540546
screening,10.679559118236472,-79957.31047877713
screening,10.703567134268537,-80682.24630324348
screening,10.727575150300602,-81410.80319196459
screening,10.751583166332665,-82142.98724181559
screening,10.77559118236473,-82878.80454345704
screening,10.799599198396793,-83618.26118140502
screening,10.823607214428858,-84361.36323410223
screening,10.847615230460923,-85108.11677398611
screening,10.871623246492986,-85858.52786755924
screening,10.89563126252505,-86612.60257545712
screening,10.919639278557113,-87370.34695251682
screening,10.943647294589178,-88131.76704784416
screening,10.967655310621243,-88896.86890488122
screening,10.991663326653306,-89665.65856147296
screening,11.015671342685371,-90438.14204993348
screening,11.039679358717434,-91214.32539711174
screening,11.063687374749499,-91994.2146244574
screening,11.087695390781564,-92777.81574808485
screening,11.111703406813627,-93565.13477883823
screening,11.135711422845691,-94356.17772235564
screening,11.159719438877756,-95150.95057913188
screening,11.18372745490982,-95949.45934458204
screening,11.207735470941884,-96751.7100091042
screening,11.231743486973947,-97557.70855814152
screening,11.255751503006012,-98367.4609722438
screening,11.279759519038077,-99180.9732271289
screening,11.30376753507014,-99998.25129374396
screening,11.327775551102205,-100819.30113832501
screening,11.351783567134268,-101644.12872245793
screening,11.375791583166333,-102472.74000313714
screening,11.399799599198397,-103305.14093282545
screening,11.42380761523046,-104141.33745951216
screening,11.447815631262525,-104981.33552677197
screening,11.47182364729459,-105825.14107382223
screening,11.495831663326653,-106672.76003558046
screening,11.519839679358718,-107524.19834272216
screening,11.543847695390781,-108379.46192173603
screening,11.567855711422846,-109238.55669498105
screening,11.59186372745491,-110101.48858074247
screening,11.615871743486974,-110968.26349328631
screening,11.639879759519038,-111838.88734291488
screening,11.663887775551101,-112713.36603602114
screening,11.687895791583166,-113591.7054751429
screening,11.711903807615231,-114473.91155901621
screening,11.735911823647294,-115359.99018262915
screening,11.759919839679359,-116249.94723727487
screening,11.783927855711424,-117143.78861060298
screening,11.807935871743487,-118041.52018667286
screening,11.831943887775552,-118943.14784600503
screening,11.855951903807615,-119848.67746563251
screening,11.87995991983968,-120758.11491915138
screening,11.903967935871744,-121671.46607677155
screening,11.927975951903807,-122588.73680536747
screening,11.951983967935872,-123509.93296852702
screening,11.975991983967935,-124435.06042660127
screening,12.0,-125364.12503675406
