T_MeV,phase,nBH_over_n0,R_star_fm,W_over_T,log10_tau_s
20.0,unpaired,0.1,13.24322,3627.7356849999996,inf
20.0,unpaired,0.13979930511686672,12.0868026,3012.14522,inf
20.0,unpaired,0.17959867340492736,11.3781468,2660.2614000000003,inf
20.0,unpaired,0.21939797852179407,10.8744676,2421.226965,inf
20.0,unpaired,0.25919734680985473,10.4809086,2240.6373,inf
20.0,unpaired,0.2989966519267214,10.1530794,2094.366075,inf
20.0,unpaired,0.33879595704358817,9.86785104,1970.2940350000001,inf
20.0,unpaired,0.3785953253316488,9.61215921,1861.744055,inf
20.0,unpaired,0.4183946304485155,9.37823806,1764.79469,inf
20.0,unpaired,0.4581939987365761,9.16120535,1676.9865949999999,inf
20.0,unpaired,0.49799330385344287,8.95782366,1596.679475,inf
20.0,unpaired,0.5377926721415035,8.76590903,1522.7403399999998,inf
20.0,unpaired,0.5775919772583702,8.58381857,1454.3086600000001,inf
20.0,unpaired,0.6173912823752369,8.41034592,1390.73027,inf
20.0,unpaired,0.6571907770056854,8.24453754,1331.47567,inf
20.0,unpaired,0.6969898926089704,8.08556903,1276.08916,inf
20.0,unpaired,0.7367890082122552,7.93279919,1224.1982249999999,inf
20.0,unpaired,0.7765887555274795,7.7856342,1175.46582,inf
20.0,unpaired,0.8163878711307644,7.64357673,1129.602075,inf
20.0,unpaired,0.8561869867340492,7.50621154,1086.356525,inf
20.0,unpaired,0.8959867340492736,7.37313498,1045.4958199999999,inf
20.0,unpaired,0.9357858496525585,7.24403926,1006.8256299999999,inf
20.0,unpaired,0.9755855969677827,7.11862398,970.164415,inf
20.0,unpaired,1.0153847125710675,6.99664497,935.3555749999999,inf
20.0,unpaired,1.0551838281743526,6.87789515,902.26075,inf
20.0,unpaired,1.0949835754895767,6.76219061,870.7553449999999,inf
20.0,unpaired,1.1347826910928616,6.64936793,840.727195,inf
20.0,unpaired,1.1745818066961466,6.53931814,812.08368,inf
20.0,unpaired,1.214381554011371,6.43192483,784.735945,inf
20.0,unpaired,1.2541806696146558,6.32710259,758.60772,inf
20.0,unpaired,1.2939797852179407,6.22479336,733.633495,243.10615669990284
20.0,unpaired,1.333779532533165,6.12494688,709.753495,232.7047447022435
20.0,unpaired,1.3735786481364498,6.0275204,686.91336,222.7559405198434
20.0,unpaired,1.413377763739735,5.93250254,665.068615,213.24039005267701
20.0,unpaired,1.453177511054959,5.83988702,644.1787099999999,204.14044738212976
20.0,unpaired,1.4929766266582438,5.74967453,624.206995,195.44015998807922
20.0,unpaired,1.532775742261529,5.66189209,605.124375,187.12685477697218
20.0,unpaired,1.5725754895767532,5.57655851,586.901875,179.18790232054837
20.0,unpaired,1.6123746051800378,5.49373595,569.520765,171.6151252482513
20.0,unpaired,1.652173720783323,5.41347495,552.9611950000001,164.3998471433751
20.0,unpaired,1.6919734680985472,5.3358335,537.20587,157.5345055145301
20.0,unpaired,1.7317725837018318,5.26090404,522.24498,151.01477404820932
20.0,unpaired,1.771571699305117,5.18876277,508.06625999999994,144.8352554860024
20.0,unpaired,1.8113714466203412,5.1195096,494.66249,138.9927366057097
20.0,unpaired,1.8511705622236259,5.05325352,482.028461,133.48487339270795
20.0,unpaired,1.890969677826911,4.99000132,470.1415865,128.301791018046
20.0,unpaired,1.9307694251421352,4.92999675,459.0211145,123.45171946460715
20.0,unpaired,1.9705685407454203,4.87313522,448.62648099999996,118.91700096130337
20.0,unpaired,2.010367656348705,4.81957737,438.96354899999994,114.70006764689478
20.0,unpaired,2.050167403663929,4.76934914,430.01582850000005,110.7936776001087
20.0,unpaired,2.089966519267214,4.72242331,421.7590215,107.18721559794525
20.0,unpaired,2.129765634870499,4.67884371,414.18163949999996,103.87560902581845
20.0,unpaired,2.169565382185723,4.6384816,407.245199,100.84211495782642
20.0,unpaired,2.209364497789008,4.60128982,400.9260655,98.07642356627812
20.0,unpaired,2.249163613392293,4.56723258,395.203628,95.56953351101635
20.0,unpaired,2.2889633607075175,4.53605679,390.024159,93.29814073406575
20.0,unpaired,2.328762476310802,4.50770553,385.366773,91.25314695613791
20.0,unpaired,2.368561591914087,4.48202492,381.19655750000004,89.41940042139268
20.0,unpaired,2.4083613392293115,4.4588742,377.4820375,87.78324347597919
20.0,unpaired,2.448160454832596,4.43806682,374.1859345,86.32852257696734
20.0,unpaired,2.4879595704358817,4.41943199,371.27464100000003,85.04067857227685
20.0,unpaired,2.5277593177511055,4.40280842,368.717085,83.9062559256501
20.0,unpaired,2.56755843335439,4.38810511,366.49395549999997,82.91688961106382
20.0,unpaired,2.6073575489576757,4.37499264,364.5500935,82.0487365071382
20.0,unpaired,2.6471572962728995,4.36351099,362.8878765,81.30281017852423
20.0,unpaired,2.686956411876184,4.35345824,361.47308250000003,80.66432511361057
20.0,unpaired,2.726756159191409,4.34463629,360.272604,80.1189812465005
20.0,unpaired,2.7665552747946935,4.33702391,359.28092849999996,79.66439948694817
20.0,unpaired,2.8063543903979786,4.33041835,358.464991,79.28630885864445
20.0,unpaired,2.846154137713203,4.32473199,357.80969749999997,78.978199077949
20.0,unpaired,2.8859532533164876,4.31987568,357.299917,78.7335482515317
20.0,unpaired,2.9257523689197726,4.31575193,356.9194615,78.54537932583975
20.0,unpaired,2.965552116234997,4.31226007,356.6517255,78.40653646932917
20.0,unpaired,3.0053512318382816,4.30929103,356.478947,78.30936813217842
20.0,unpaired,3.0451503474415667,4.30678861,356.39153150000004,78.24974542192031
20.0,unpaired,3.084950094756791,4.30469327,356.3794445,78.22334944245993
20.0,unpaired,3.124749210360076,4.30287205,356.421336,78.22098151197925
20.0,unpaired,3.1645483259633607,4.30131084,356.514185,78.24134715495411
20.0,unpaired,3.204348073278585,4.29986033,356.634059,78.27412878752229
20.0,unpaired,3.2441471888818696,4.29855599,356.78562999999997,78.32135052192338
20.0,unpaired,3.283946304485155,4.29736314,356.962709,78.3803462302182
20.0,unpaired,3.323746051800379,4.29610808,357.1374455,78.43910177729735
20.0,unpaired,3.3635451674036636,4.29474188,357.301305,78.49393647749017
20.0,unpaired,3.403344283006949,4.29334065,357.46532,78.54960427022273
20.0,unpaired,3.443144030322173,4.29177965,357.609086,78.59729658942295
20.0,unpaired,3.4829431459254576,4.28999303,357.7213675,78.63215719834864
20.0,unpaired,3.522742261528743,4.2880478,357.811787,78.65832297276323
20.0,unpaired,3.562542008843967,4.28573793,357.8470175,78.66140262777678
20.0,unpaired,3.6023411244472525,4.28319411,357.8467215,78.64985700291341
20.0,unpaired,3.642140240050537,4.2802762,357.787876,78.61373503464979
20.0,unpaired,3.681939987365761,4.27704575,357.679305,78.556818049629
20.0,unpaired,3.7217391029690465,4.27336322,357.49803099999997,78.46916792076576
20.0,unpaired,3.761538218572331,4.2692916,357.2531675,78.35468748442506
20.0,unpaired,3.801337965887555,4.26484174,356.94563600000004,78.21374459071642
20.0,unpaired,3.8411370814908405,4.25986459,356.550929,78.03573536192896
20.0,unpaired,3.880936197094125,4.25451337,356.0926915,77.83082672382197
20.0,unpaired,3.92073594440935,4.24866405,355.55044549999997,77.59015269758558
20.0,unpaired,3.9605350600126346,4.24232026,354.9241195,77.31364701519779
20.0,unpaired,4.00033417561592,4.23550998,354.2175525,77.00293227604531
20.0,unpaired,4.040133922931144,4.22818724,353.422866,76.654576679741
20.0,unpaired,4.079933038534429,4.22030814,352.5325155,76.26528986634956
20.0,unpaired,4.119732154137713,4.21204461,351.573601,75.84672650770115
20.0,unpaired,4.1595319014529375,4.2032173,350.517012,75.38629625343582
20.0,unpaired,4.199331017056222,4.19386397,349.368515,74.88645182587338
20.0,unpaired,4.239130132659508,4.18405309,348.1387955,74.35177508815673
20.0,unpaired,4.278929879974732,4.1737363,346.81989899999996,73.77879700386761
20.0,unpaired,4.318728995578017,4.16291172,345.411445,73.16732604713988
20.0,unpaired,4.358528742893241,4.15163187,343.92174450000005,72.52091687599382
20.0,unpaired,4.3983278584965255,4.13989194,342.3500235,71.83920801202406
20.0,unpaired,4.43812697409981,4.12769936,340.69753249999997,71.12271471567246
20.0,unpaired,4.477926721415035,4.11505662,338.9648025,70.37164097443811
20.0,unpaired,4.51772583701832,4.10189374,337.140887,69.5812418642316
20.0,unpaired,4.557524952621605,4.08838563,335.253877,68.76361767592486
20.0,unpaired,4.597324699936829,4.07442389,333.286883,67.91146623713378
20.0,unpaired,4.6371238155401135,4.06003801,331.24497,67.02695812593792
20.0,unpaired,4.676922931143398,4.04528994,329.1384155,66.11451822810578
20.0,unpaired,4.716722678458623,4.03010119,326.9553595,65.16902524301038
20.0,unpaired,4.756521794061908,4.01455221,324.709108,64.1962175585339
20.0,unpaired,4.796320909665193,3.99859256,322.3924255,63.19297430367682
20.0,unpaired,4.836120656980417,3.98234435,320.025176,62.16787494458517
20.0,unpaired,4.875919772583702,3.96562663,317.57991649999997,61.10908765178701
20.0,unpaired,4.915718888186986,3.94866836,315.0932575,60.032423094913895
20.0,unpaired,4.955518635502211,3.93125988,312.5335305,58.9242389237525
20.0,unpaired,4.995317751105496,3.91357647,309.9289725,57.796738618075295
20.0,unpaired,5.035116866708781,3.89551962,307.265419,56.6438390010347
20.0,unpaired,5.074916614024005,3.87706918,304.54098949999997,55.46475887701014
20.0,unpaired,5.11471572962729,3.85828327,301.7658525,54.263914048776826
20.0,unpaired,5.154514845230575,3.83917476,298.943225,53.04272936245396
20.0,unpaired,5.194314592545799,3.81973331,296.0727975,51.80110013913145
20.0,unpaired,5.234113708149084,3.7998435,293.1385375,50.53215258537171
20.0,unpaired,5.273912823752369,3.7796541,290.164323,49.246217993550154
20.0,unpaired,5.313712571067593,3.75910377,287.1423345,47.939957371964574
20.0,unpaired,5.353511686670878,3.73811827,284.06300849999997,46.609276827070886
20.0,unpaired,5.393310802274163,3.71685694,280.9515385,45.2650727474859
20.0,unpaired,5.433110549589387,3.69508914,277.77533400000004,43.893317210865725
20.0,unpaired,5.472909665192672,3.67301284,274.56516,42.50730047217678
20.0,unpaired,5.512708780795958,3.65054032,271.3096445,41.10214142596195
20.0,unpaired,5.552508528111181,3.62769416,268.013648,39.67994518476175
20.0,unpaired,5.592307643714466,3.60443043,264.672381,38.23866956085211
20.0,unpaired,5.632106759317751,3.58075928,261.2889255,36.779642961166815
20.0,unpaired,5.6719065066329755,3.55674408,257.8738775,35.307438617391796
20.0,unpaired,5.711705622236261,3.53229643,254.41620200000003,33.817306710176354
20.0,unpaired,5.751504737839546,3.50753183,250.9337285,32.316928101720805
20.0,unpaired,5.791304485154769,3.48234707,247.4134175,30.800679194744216
20.0,unpaired,5.831103600758055,3.45681694,243.8672055,29.273686106424165
20.0,unpaired,5.870902716361339,3.43096059,240.29909149999997,27.73767541234944
20.0,unpaired,5.9107024636765635,3.40470731,236.7007615,26.18904672787695
20.0,unpaired,5.950501579279849,3.37818913,233.0915415,24.636113668200466
20.0,unpaired,5.990300694883134,3.35124836,229.45138649999998,23.070225744261844
20.0,unpaired,6.030100442198358,3.32407801,225.80753850000002,21.50310185792791
20.0,unpaired,6.069899557801643,3.29663859,222.15572350000002,19.932886553574015
20.0,unpaired,6.109699305116867,3.26884928,218.486411,18.35545994348037
20.0,unpaired,6.149498420720152,3.24087285,214.8220515,16.78047109789792
20.0,unpaired,6.189297536323437,3.21261396,211.151123,15.202949239175906
20.0,unpaired,6.22909728363866,3.1841055,207.4788835,13.62514104268523
20.0,unpaired,6.268896399241946,3.15544093,203.8181035,12.052530175492723
20.0,unpaired,6.308695514845231,3.12652811,200.1578445,10.480395808944506
20.0,unpaired,6.348496525584333,3.09745814,196.510356,8.913997349638622
20.0,unpaired,6.3882943777637395,3.06827471,192.881613,7.355900176762152
20.0,unpaired,6.428092229943147,3.038883,189.2604885,5.801300201809353
20.0,unpaired,6.467890082122553,3.00938492,185.660067,4.255827680300512
20.0,unpaired,6.507694251421352,2.97982103,182.08561,2.721735971129852
20.0,unpaired,6.547492103600758,2.95010725,178.52739449999999,1.1948289263034013
20.0,unpaired,6.587289955780164,2.92035343,174.9988755,-0.31909926713616715
20.0,unpaired,6.62708780795957,2.89054148,171.49810050000002,-1.8209015190287787
20.0,unpaired,6.666891977258371,2.86066484,168.02452350000002,-3.310810860125615
20.0,unpaired,6.706689829437776,2.83071494,164.5774025,-4.7891547567360115
20.0,unpaired,6.746487681617182,2.80079719,161.168907,-6.250696479724151
20.0,unpaired,6.786285533796589,2.7709049,157.798183,-7.69580691067262
20.0,unpaired,6.826089703095389,2.7409811,154.4588305,-9.127242187403906
20.0,unpaired,6.865887555274795,2.71103204,151.151649,-10.544656358162547
20.0,unpaired,6.905685407454201,2.68115839,147.8876345,-11.943322443195807
20.0,unpaired,6.9454832596336065,2.65136317,144.6668535,-13.323215441262702
20.0,unpaired,6.985287428932407,2.62155256,141.47907700000002,-14.688728632629239
20.0,unpaired,7.025085281111814,2.59182864,138.3350735,-16.035236364897674
20.0,unpaired,7.064883133291219,2.56219828,135.2352605,-17.362557299921292
20.0,unpaired,7.104680985470625,2.5326617,132.1793405,-18.67081792605099
20.0,unpaired,7.1444788376500314,2.50318381,129.163429,-19.961690952784767
20.0,unpaired,7.1842830069488315,2.47381497,126.19238800000001,-21.233086133793677
20.0,unpaired,7.224080859128238,2.44456541,123.26686950000001,-22.484721238733712
20.0,unpaired,7.263878711307644,2.41544198,120.3871455,-23.716480165838263
20.0,unpaired,7.30367656348705,2.38644792,117.5531125,-24.928408404590943
20.0,unpaired,7.34348073278585,2.35759633,114.7656025,-26.12015073126916
20.0,unpaired,7.3832785849652565,2.32889296,112.024691,-27.29166936005688
20.0,unpaired,7.423076437144663,2.30030339,109.326671,-28.44455815561744
20.0,unpaired,7.462874289324068,2.27187826,106.675866,-29.57696396392728
20.0,unpaired,7.502678458622867,2.24366395,104.07599,-30.687294165141033
20.0,unpaired,7.542476310802275,2.21558477,101.519521,-31.778773968515797
20.0,unpaired,7.5822741629816806,2.18765647,99.007442,-32.85098153461695
20.0,unpaired,7.622072015161087,2.15995555,96.54602650000001,-33.90123090056378
20.0,unpaired,7.661869867340493,2.13241556,94.128766,-34.93231360417223
20.0,unpaired,7.701674036639292,2.10508171,91.759052,-35.9427768360587
20.0,unpaired,7.741471888818699,2.07795602,89.436418,-36.93282188237076
20.0,unpaired,7.7812697409981055,2.05101479,87.158231,-37.90357893723063
20.0,unpaired,7.821067593177512,2.02429176,84.926728,-38.854092278845016
20.0,unpaired,7.860871762476311,1.99779639,82.742019,-39.78431941631604
20.0,unpaired,7.900669614655716,1.97150124,80.6011985,-40.695501796742555
20.0,unpaired,7.940467466835124,1.94540859,78.50385250000001,-41.587822398952966
20.0,unpaired,7.98026531901453,1.91955685,76.452404,-42.460247749330094
20.0,unpaired,8.020069488313329,1.89391987,74.4441105,-43.31395219345455
20.0,unpaired,8.059867340492735,1.86853171,72.4809565,-44.148091908802435
20.0,unpaired,8.099665192672141,1.84336365,70.5600425,-44.963909987937065
20.0,unpaired,8.13946304485155,1.81845154,68.68341649999999,-45.76053584810478
20.0,unpaired,8.179267214150348,1.79376828,66.848343,-46.53914133267312
20.0,unpaired,8.219065066329753,1.76931814,65.05448750000001,-47.29987188370932
20.0,unpaired,8.258862918509159,1.74510473,63.301453,-48.042901601890975
20.0,unpaired,8.298660770688565,1.72115537,61.590517999999996,-48.76769291456228
20.0,unpaired,8.338458622867973,1.69744768,59.9193825,-49.475228347660504
20.0,unpaired,8.378262792166772,1.67398259,58.287451,-50.165768883390136
20.0,unpaired,8.418060644346179,1.65076296,56.694258000000005,-50.8395151598837
20.0,unpaired,8.457858496525585,1.62781378,55.140823999999995,-51.49604305891105
20.0,unpaired,8.49765634870499,1.6050904,53.6234625,-52.136921002217335
20.0,unpaired,8.53746051800379,1.5826402,52.14468050000001,-52.76109338833709
20.0,unpaired,8.577258370183197,1.56041769,50.700824999999995,-53.37011648747021
20.0,unpaired,8.617056222362603,1.5384709,49.29436215,-53.962949732123214
20.0,unpaired,8.656854074542009,1.51677586,47.92308045,-54.54053973290771
20.0,unpaired,8.696658243840808,1.49533502,46.58648905,-55.10310005714457
20.0,unpaired,8.736456096020214,1.4741267,45.2826258,-55.651469485146826
20.0,unpaired,8.77625394819962,1.45319374,44.01349085,-56.184807359351524
20.0,unpaired,8.816051800379027,1.43251562,42.77718605,-56.703927405086944
20.0,unpaired,8.855855969677828,1.41209111,41.573018000000005,-57.209129056121384
20.0,unpaired,8.895653821857234,1.39190133,40.3992839,-57.701138222511126
20.0,unpaired,8.93545167403664,1.37198411,39.2575764,-58.17929195397857
20.0,unpaired,8.975249526216045,1.35230245,38.14517585,-58.644745411066914
20.0,unpaired,9.015047378395451,1.33287386,37.06250015,-59.09733094622744
20.0,unpaired,9.054851547694252,1.31369758,36.00892365,-59.53732112688083
20.0,unpaired,9.094649399873658,1.29477273,34.983821899999995,-59.96498708027066
20.0,unpaired,9.134447252053064,1.27609827,33.98657275,-60.38060065388899
20.0,unpaired,9.17424510423247,1.25765733,33.015734300000005,-60.78477438163713
20.0,unpaired,9.21404927353127,1.23948102,32.072396049999995,-61.17706284968516
20.0,unpaired,9.253847125710676,1.2215358,31.154276650000003,-61.55843059549586
20.0,unpaired,9.293644977890082,1.20382156,30.260873750000002,-61.929097654280646
20.0,unpaired,9.333442830069488,1.18636775,29.39314895,-62.28867218371796
20.0,unpaired,9.373246999368288,1.16914216,28.548987849999996,-62.63804820131715
20.0,unpaired,9.413044851547696,1.1521594,27.7286177,-62.977140093526906
20.0,unpaired,9.452842703727102,1.13540362,26.930791199999998,-63.30647758247995
20.0,unpaired,9.492640555906506,1.11888636,26.15558735,-63.62604064771752
20.0,unpaired,9.532438408085913,1.10260781,25.402538,-63.93603274116984
20.0,unpaired,9.572242577384712,1.08655148,24.670426,-64.23697251772147
20.0,unpaired,9.61204042956412,1.07071722,23.95881225,-64.52905095625738
20.0,unpaired,9.651838281743526,1.05511688,23.2677909,-64.81224062942576
20.0,unpaired,9.691636133922932,1.03973628,22.5963036,-65.08699228491288
20.0,unpaired,9.731440303221731,1.02458561,21.944375,-65.3533071818501
20.0,unpaired,9.771238155401138,1.00965246,21.3110583,-65.61158723107
20.0,unpaired,9.811036007580544,0.994935289,20.6958933,-65.8620347897248
20.0,unpaired,9.85083385975995,0.980433408,20.09846405,-66.10483290859717
20.0,unpaired,9.89063802905875,0.966146504,19.5183769,-66.34015774462281
20.0,unpaired,9.930435881238155,0.952073886,18.95522885,-66.56818671480505
20.0,unpaired,9.970233733417562,0.938215183,18.4086367,-66.78909179143204
20.0,unpaired,10.010031585596968,0.924561461,17.877892850000002,-67.00317592332676
20.0,unpaired,10.049835754895767,0.911123258,17.36305575,-67.21043461884238
20.0,unpaired,10.089633607075173,0.89788447,16.86316705,-67.4112733673565
20.0,unpaired,10.12943145925458,0.884850641,16.3781094,-67.60576325355545
20.0,unpaired,10.169229311433986,0.87203155,15.90791385,-67.79391980539242
20.0,unpaired,10.209027163613394,0.859421129,15.45203045,-67.97600836249987
20.0,unpaired,10.248831332912193,0.847029546,15.0105132,-68.15209369153717
20.0,unpaired,10.288629185091597,0.833264953,14.526342600000001,-68.34125682027268
20.0,unpaired,10.328427037271004,0.821132504,14.1070529,-68.5072027812906
20.0,unpaired,10.36822488945041,0.809189395,13.700270499999998,-68.66780131257532
20.0,unpaired,10.40802905874921,0.797426563,13.305414099999998,-68.8233126612041
20.0,unpaired,10.447826910928617,0.785842576,12.922174649999999,-68.97389966865082
20.0,unpaired,10.487624763108023,0.774444894,12.55053745,-69.11965055073186
20.0,unpaired,10.52742261528743,0.763234726,12.1902784,-69.26097119905918
20.0,unpaired,10.567226784586229,0.751479851,11.8181213,-69.40102836129742
20.0,unpaired,10.607024636765635,0.740551125,11.47727345,-69.53293442798478
20.0,unpaired,10.646822488945041,0.729793372,11.14660815,-69.66046182771515
20.0,unpaired,10.686620341124447,0.719197429,10.825621649999999,-69.78382039323324
20.0,unpaired,10.726424510423248,0.708768227,10.51424755,-69.9030486788654
20.0,unpaired,10.766222362602655,0.698496393,10.2119961,-70.01834864561516
20.0,unpaired,10.806020214782059,0.688386266,9.91879155,-70.12976293271811
20.0,unpaired,10.845818066961465,0.678429602,9.634196849999999,-70.23747253252671
20.0,unpaired,10.885615919140871,0.668623999,9.35795495,-70.34158926280156
20.0,unpaired,10.925420088439672,0.658973845,9.090002649999999,-70.44214955841468
20.0,unpaired,10.965217940619079,0.649470639,8.8299223,-70.53932586598962
20.0,unpaired,11.005015792798485,0.64011829,8.5776449,-70.63315637319442
20.0,unpaired,11.044813644977891,0.630903262,8.33263745,-70.7238557535902
20.0,unpaired,11.08461781427669,0.621834821,8.09498355,-70.81140535414636
20.0,unpaired,11.124415666456096,0.612910151,7.86444525,-70.8959072889748
20.0,unpaired,11.164213518635503,0.604117819,7.6405737,-70.9775405281742
20.0,unpaired,11.204011370814909,0.595466354,7.42343645,-71.05629329404913
20.0,unpaired,11.243815540113708,0.586948186,7.21269545,-71.13230354787243
20.0,unpaired,11.283613392293114,0.578559598,7.0081192,-71.20566953810975
20.0,unpaired,11.32341124447252,0.570306902,6.80972265,-71.27639651484704
20.0,unpaired,11.363209096651927,0.562176477,6.61704535,-71.34466653870045
20.0,unpaired,11.403006948831333,0.554176022,6.4301417999999995,-71.41047140387879
20.0,unpaired,11.442811118130132,0.546298737,6.2487265999999995,-71.47392816101521
20.0,unpaired,11.482608970309538,0.538544179,6.07266865,-71.53509350651693
20.0,unpaired,11.522406822488946,0.530908947,5.90177345,-71.59405107694636
20.0,unpaired,11.562204674668353,0.523392573,5.7359169,-71.65085616059238
20.0,unpaired,11.602008843967152,0.515995941,5.5750064,-71.70555532596126
20.0,unpaired,11.641806696146556,0.50871148,5.41877,-71.75825344638373
20.0,unpaired,11.681604548325963,0.501538892,5.2670993,-71.80900215973433
20.0,unpaired,11.72140240050537,0.494477713,5.1198843,-71.85785096426937
20.0,unpaired,11.76120656980417,0.487555651,4.97759212,-71.90468652508847
20.0,unpaired,11.801004421983576,0.480776144,4.840171455,-71.94955562645512
20.0,unpaired,11.840802274162982,0.474146982,4.707655969999999,-71.9924748997934
20.0,unpaired,11.880600126342388,0.467660824,4.579777085,-72.03354781778499
20.0,unpaired,11.920404295641188,0.461268359,4.45546624,-72.0730863646853
20.0,unpaired,11.960202147820594,0.454971564,4.33468611,-72.11111353520454
20.0,unpaired,12.0,0.448763086,4.2172231,-72.14770921941997
20.0,cfl,0.1,5.69022355,678.10346,221.6915382207774
20.0,cfl,0.13979930511686672,5.43723539,619.12576,195.8077269242106
20.0,cfl,0.17959867340492736,5.27100207,581.823195,179.3995840433892
20.0,cfl,0.21939797852179407,5.14755435,554.86273,167.5209150790319
20.0,cfl,0.25919734680985473,5.04812001,533.60418,158.1442664842535
20.0,cfl,0.2989966519267214,4.96340077,515.812915,150.29206642052793
20.0,cfl,0.33879595704358817,4.8883637,500.30156500000004,143.44415299206491
20.0,cfl,0.3785953253316488,4.82008565,486.3888245,137.3015943658037
20.0,cfl,0.4183946304485155,4.75679368,473.66368350000005,131.68373200550107
20.0,cfl,0.4581939987365761,4.69735335,461.86352450000004,126.47491972183742
20.0,cfl,0.49799330385344287,4.64099761,450.8107,121.59680190238487
20.0,cfl,0.5377926721415035,4.58720102,440.3826115,116.99519929256607
20.0,cfl,0.5775919772583702,4.53555601,430.4847175,112.62832009862842
20.0,cfl,0.6173912823752369,4.48575702,421.0458085,108.46465026179553
20.0,cfl,0.6571907770056854,4.43755591,412.00835850000004,104.47873060192767
20.0,cfl,0.6969898926089704,4.39073124,403.322103,100.64834675747744
20.0,cfl,0.7367890082122552,4.345109,394.9474005,96.95596181810139
20.0,cfl,0.7765887555274795,4.30052438,386.84778500000004,93.38547476612037
20.0,cfl,0.8163878711307644,4.25683894,378.9928625,89.92346691255814
20.0,cfl,0.8561869867340492,4.21393818,371.357576,86.55886868410552
20.0,cfl,0.8959867340492736,4.1717108,363.918334,83.28127850617156
20.0,cfl,0.9357858496525585,4.13007548,356.6575545,80.08292738292597
20.0,cfl,0.9755855969677827,4.08895438,349.558872,76.95659249065012
20.0,cfl,1.0153847125710675,4.04828825,342.6096245,73.89667776257585
20.0,cfl,1.0551838281743526,4.00803074,335.799728,70.89871798551158
20.0,cfl,1.0949835754895767,3.96814439,329.120906,67.95904293955209
20.0,cfl,1.1347826910928616,3.92859912,322.5663555,65.0746349970654
20.0,cfl,1.1745818066961466,3.88938378,316.13255100000003,62.243902401852615
20.0,cfl,1.214381554011371,3.85048511,309.815706,59.46514965005234
20.0,cfl,1.2541806696146558,3.81190061,303.613843,56.73747137586444
20.0,cfl,1.2939797852179407,3.77363698,297.5264505,54.06060209619085
20.0,cfl,1.333779532533165,3.73570369,291.55341450000003,51.43445207268536
20.0,cfl,1.3735786481364498,3.69811208,285.694866,48.85904263084605
20.0,cfl,1.413377763739735,3.66088351,279.9523925,46.33502661975462
20.0,cfl,1.453177511054959,3.62404018,274.32759350000003,43.86306450836356
20.0,cfl,1.4929766266582438,3.58760575,268.82216950000003,41.44386242893777
20.0,cfl,1.532775742261529,3.55161158,263.4388285,39.07856167772262
20.0,cfl,1.5725754895767532,3.51608439,258.17943,36.7679363954499
20.0,cfl,1.6123746051800378,3.48106522,253.047788,34.513605824310396
20.0,cfl,1.652173720783323,3.4465887,248.0465765,32.31669435253158
20.0,cfl,1.6919734680985472,3.41269021,243.17841400000003,30.178300701999383
20.0,cfl,1.7317725837018318,3.37941665,238.447384,28.10015413327882
20.0,cfl,1.771571699305117,3.34680631,233.856152,26.083368982052438
20.0,cfl,1.8113714466203412,3.31490554,229.408345,24.129471143427875
20.0,cfl,1.8511705622236259,3.28376293,225.1077095,22.240036533175736
20.0,cfl,1.890969677826911,3.25338677,220.9523585,20.414207931396
20.0,cfl,1.9307694251421352,3.22387683,216.952695,18.656423816117798
20.0,cfl,1.9705685407454203,3.19519838,213.10085899999999,16.963250106627164
20.0,cfl,2.010367656348705,3.16742024,209.4028745,15.33723473990836
20.0,cfl,2.050167403663929,3.14056105,205.857998,13.77800765685399
20.0,cfl,2.089966519267214,3.1146198,202.4629645,12.284115596983193
20.0,cfl,2.129765634870499,3.08962591,199.21851999999998,10.855833429340441
20.0,cfl,2.169565382185723,3.06554275,196.11699349999998,9.489813670781365
20.0,cfl,2.209364497789008,3.04236827,193.155339,8.184706801164033
20.0,cfl,2.249163613392293,3.02010705,190.331451,6.939566020620934
20.0,cfl,2.2889633607075175,2.99867842,187.632698,5.74892595626936
20.0,cfl,2.328762476310802,2.97808139,185.05668350000002,4.611725738563057
20.0,cfl,2.368561591914087,2.9582769,182.596427,3.5249388340333865
20.0,cfl,2.4083613392293115,2.93923123,180.245812,2.485912413024766
20.0,cfl,2.448160454832596,2.92089282,177.99674050000002,1.4911494400874314
20.0,cfl,2.4879595704358817,2.90321577,175.842027,0.5375475950577613
20.0,cfl,2.5277593177511055,2.88615736,173.775055,-0.3777474229308868
20.0,cfl,2.56755843335439,2.8697015,171.79255700000002,-1.2561466733691267
20.0,cfl,2.6073575489576757,2.85373822,169.8802425,-2.1037914213675304
20.0,cfl,2.6471572962728995,2.83830088,168.04102600000002,-2.9194359275556567
20.0,cfl,2.686956411876184,2.82332748,166.2666035,-3.7066454284238533
20.0,cfl,2.726756159191409,2.80875686,164.5489555,-4.4688608826793965
20.0,cfl,2.7665552747946935,2.79459564,162.888094,-5.206077820649702
20.0,cfl,2.8063543903979786,2.78077932,161.27582950000001,-5.921805697669045
20.0,cfl,2.846154137713203,2.76728743,159.70919750000002,-6.6173146151985485
20.0,cfl,2.8859532533164876,2.754098,158.18512149999998,-7.293920353424555
20.0,cfl,2.9257523689197726,2.74118557,156.7001925,-7.953082324058428
20.0,cfl,2.965552116234997,2.72852264,155.2508325,-8.596332163053136
20.0,cfl,3.0053512318382816,2.71607874,153.8331995,-9.225312226634614
20.0,cfl,3.0451503474415667,2.70384269,152.445684,-9.840712445276205
20.0,cfl,3.084950094756791,2.69180139,151.08649250000002,-10.443301856274083
20.0,cfl,3.124749210360076,2.67991497,149.750889,-11.035106659162441
20.0,cfl,3.1645483259633607,2.66818669,148.4389895,-11.616081146079306
20.0,cfl,3.204348073278585,2.65657055,147.145485,-12.18850033936389
20.0,cfl,3.2441471888818696,2.64508741,145.8724875,-12.751465761888083
20.0,cfl,3.283946304485155,2.63373197,144.619216,-13.30531949566834
20.0,cfl,3.323746051800379,2.6224497,143.3795505,-13.85268571602097
20.0,cfl,3.3635451674036636,2.61123058,142.15229449999998,-14.394084600030375
20.0,cfl,3.403344283006949,2.60010835,140.940985,-14.928018499128536
20.0,cfl,3.443144030322173,2.58904538,139.74143850000002,-15.456286716841351
20.0,cfl,3.4829431459254576,2.57802518,138.5518015,-15.979695183449616
20.0,cfl,3.522742261528743,2.56707681,137.375097,-16.49696980305146
20.0,cfl,3.562542008843967,2.55613487,136.204292,-17.011129233549568
20.0,cfl,3.6023411244472525,2.54524952,135.0446565,-17.51994366676344
20.0,cfl,3.642140240050537,2.53437785,133.8916005,-18.025389260269815
20.0,cfl,3.681939987365761,2.52354524,132.747749,-18.526366781261686
20.0,cfl,3.7217391029690465,2.51270889,131.608588,-19.02482183699614
20.0,cfl,3.761538218572331,2.50189386,130.476709,-19.519670246022567
20.0,cfl,3.801337965887555,2.49110689,129.3527705,-20.010651947761605
20.0,cfl,3.8411370814908405,2.48030178,128.2319835,-20.49983090918651
20.0,cfl,3.880936197094125,2.46953179,127.1198085,-20.984900467445947
20.0,cfl,3.92073594440935,2.45875797,126.0122265,-21.467595019612943
20.0,cfl,3.9605350600126346,2.44798381,124.9095885,-21.947786913916502
20.0,cfl,4.00033417561592,2.43721966,123.812931,-22.42505488146602
20.0,cfl,4.040133922931144,2.42645175,122.7208525,-22.90001634571739
20.0,cfl,4.079933038534429,2.41566663,121.63200400000001,-23.37326701902034
20.0,cfl,4.119732154137713,2.40492063,120.5520125,-23.842431722865303
20.0,cfl,4.1595319014529375,2.39415571,119.4750615,-24.310006669365364
20.0,cfl,4.199331017056222,2.38338422,118.402393,-24.7754831881325
20.0,cfl,4.239130132659508,2.37262701,117.3360565,-25.238005149400763
20.0,cfl,4.278929879974732,2.36186831,116.27448050000001,-25.698263463269413
20.0,cfl,4.318728995578017,2.35110624,115.21748399999998,-26.15635144787538
20.0,cfl,4.358528742893241,2.34035617,114.166549,-26.611656141108543
20.0,cfl,4.3983278584965255,2.32961483,113.121342,-27.06433667214683
20.0,cfl,4.43812697409981,2.31888235,112.0818555,-27.51441062905073
20.0,cfl,4.477926721415035,2.3081573,111.047939,-27.96195781427036
20.0,cfl,4.51772583701832,2.29741514,110.01723899999999,-28.407992530483398
20.0,cfl,4.557524952621605,2.28670801,108.9947105,-28.85041998770086
20.0,cfl,4.597324699936829,2.27599838,107.97676750000001,-29.290776098735645
20.0,cfl,4.6371238155401135,2.26529215,106.96395849999999,-29.72883669633008
20.0,cfl,4.676922931143398,2.25460482,105.9577245,-30.163996886375205
20.0,cfl,4.716722678458623,2.24390747,104.95534849999999,-30.597415706806295
20.0,cfl,4.756521794061908,2.23322092,103.958764,-31.028274623798605
20.0,cfl,4.796320909665193,2.22252454,102.96605600000001,-31.45738884382113
20.0,cfl,4.836120656980417,2.21185127,101.9802505,-31.883469403258736
20.0,cfl,4.875919772583702,2.20113953,100.9957015,-32.308911778575975
20.0,cfl,4.915718888186986,2.19045527,100.018441,-32.731146925598104
20.0,cfl,4.955518635502211,2.17972719,99.0419925,-33.152915470897646
20.0,cfl,4.995317751105496,2.16900435,98.07082,-33.57231068993004
20.0,cfl,5.035116866708781,2.15824994,97.1016255,-33.99071858435489
20.0,cfl,5.074916614024005,2.1474518,96.13336849999999,-34.40856518447381
20.0,cfl,5.11471572962729,2.1366224,95.16721,-34.8253412790451
20.0,cfl,5.154514845230575,2.1257598,94.203022,-35.24108098341509
20.0,cfl,5.194314592545799,2.1148554,93.2400935,-35.656070319356424
20.0,cfl,5.234113708149084,2.10386738,92.27484050000001,-36.07180570202451
20.0,cfl,5.273912823752369,2.09283718,91.310965,-36.48669838140278
20.0,cfl,5.313712571067593,2.08174075,90.34645450000001,-36.90158306279081
20.0,cfl,5.353511686670878,2.07055038,89.37902249999999,-37.317410685268
20.0,cfl,5.393310802274163,2.05931154,88.412678,-37.732463912907136
20.0,cfl,5.433110549589387,2.04794816,87.441037,-38.149432333896435
20.0,cfl,5.472909665192672,2.03651881,86.469214,-38.566134476669355
20.0,cfl,5.512708780795958,2.02499261,85.494714,-38.983613455805674
20.0,cfl,5.552508528111181,2.01337412,84.51805399999999,-39.401644906226295
20.0,cfl,5.592307643714466,2.00164689,83.5380055,-39.82073421352227
20.0,cfl,5.632106759317751,1.98981195,82.55480750000001,-40.24078036769707
20.0,cfl,5.6719065066329755,1.9778875,81.570112,-40.66108062391433
20.0,cfl,5.711705622236261,1.96584411,80.58165199999999,-41.08258888124501
20.0,cfl,5.751504737839546,1.95371695,79.59245200000001,-41.5040285517505
20.0,cfl,5.791304485154769,1.94147209,78.5999065,-41.9265030863348
20.0,cfl,5.831103600758055,1.9291326,77.606037,-42.349169410783944
20.0,cfl,5.870902716361339,1.91670365,76.61139899999999,-42.77179021825889
20.0,cfl,5.9107024636765635,1.90416213,75.614305,-43.19508980253595
20.0,cfl,5.950501579279849,1.89154956,74.618182,-43.617629302827794
20.0,cfl,5.990300694883134,1.87881514,73.61918349999999,-44.04104224271331
20.0,cfl,6.030100442198358,1.86602014,72.62224,-44.46325932075944
20.0,cfl,6.069899557801643,1.85315175,71.6264615,-44.884665860749635
20.0,cfl,6.109699305116867,1.84018319,70.6299195,-45.306085632792524
20.0,cfl,6.149498420720152,1.82716675,69.6367355,-45.72579522174697
20.0,cfl,6.189297536323437,1.81407102,68.644621,-46.1447660756245
20.0,cfl,6.22909728363866,1.80090606,67.6544535,-46.56264123970206
20.0,cfl,6.268896399241946,1.78770182,66.6685655,-46.978449943820586
20.0,cfl,6.308695514845231,1.77442744,65.6847475,-47.393131873388064
20.0,cfl,6.348496525584333,1.76111213,64.705248,-47.805751885904975
20.0,cfl,6.3882943777637395,1.74776937,63.73110799999999,-48.21587754147291
20.0,cfl,6.428092229943147,1.73436701,62.760059,-48.62447607394971
20.0,cfl,6.467890082122553,1.72093782,61.7945385,-49.03052504485143
20.0,cfl,6.507694251421352,1.70749435,60.8354775,-49.43364226738794
20.0,cfl,6.547492103600758,1.69400745,59.8808495,-49.834690585045
20.0,cfl,6.587289955780164,1.68051276,58.933212000000005,-50.23259344390904
20.0,cfl,6.62708780795957,1.66700313,57.992081,-50.627565982058734
20.0,cfl,6.666891977258371,1.653475,57.0572365,-51.01970141262199
20.0,cfl,6.706689829437776,1.63992412,56.128418499999995,-51.409117155405404
20.0,cfl,6.746487681617182,1.62638532,55.208016,-51.79480984561998
20.0,cfl,6.786285533796589,1.61285523,54.295783500000006,-52.1768875205125
20.0,cfl,6.826089703095389,1.59931283,53.390308000000005,-52.55594829291825
20.0,cfl,6.865887555274795,1.58575873,52.491648999999995,-52.93196726704325
20.0,cfl,6.905685407454201,1.57222685,51.6020425,-53.30400885179782
20.0,cfl,6.9454832596336065,1.5587172,50.721450499999996,-53.67209361932912
20.0,cfl,6.985287428932407,1.54519522,49.84761595,-54.03716682938434
20.0,cfl,7.025085281111814,1.53169583,48.98278295,-54.39829115716612
20.0,cfl,7.064883133291219,1.51822038,48.12699755,-54.75544730719381
20.0,cfl,7.104680985470625,1.50476795,47.280162849999996,-55.10867628285329
20.0,cfl,7.1444788376500314,1.49132457,46.4413735,-55.458361677302825
20.0,cfl,7.1842830069488315,1.47790741,45.611670249999996,-55.80406762736207
20.0,cfl,7.224080859128238,1.46451917,44.791173199999996,-56.145742731904214
20.0,cfl,7.263878711307644,1.45116141,43.97992955,-56.48336900987731
20.0,cfl,7.30367656348705,1.4378345,43.177910000000004,-56.816960171162144
20.0,cfl,7.34348073278585,1.42454235,42.38529665,-57.1464424098724
20.0,cfl,7.3832785849652565,1.41128634,41.60211335,-57.471801773481516
20.0,cfl,7.423076437144663,1.39805266,40.827497799999996,-57.79340165945959
20.0,cfl,7.462874289324068,1.38485965,40.06247035,-58.11081785924996
20.0,cfl,7.502678458622867,1.37172448,39.3079457,-58.423668522330054
20.0,cfl,7.542476310802275,1.35861767,38.5621625,-58.732688310476775
20.0,cfl,7.5822741629816806,1.34554443,37.825367549999996,-59.037774231145086
20.0,cfl,7.622072015161087,1.33253411,37.0991353,-59.33827189658164
20.0,cfl,7.661869867340493,1.3195604,36.381919599999996,-59.63482735060541
20.0,cfl,7.701674036639292,1.3066406,35.6746033,-59.92707247000463
20.0,cfl,7.741471888818699,1.29377538,34.9771368,-60.21502820607585
20.0,cfl,7.7812697409981055,1.28095493,34.28891105,-60.498949614194565
20.0,cfl,7.821067593177512,1.26819269,33.61056465,-60.77857201623755
20.0,cfl,7.860871762476311,1.25549234,32.94219955,-61.05385544187954
20.0,cfl,7.900669614655716,1.2428427,32.283139649999995,-61.32507845980262
20.0,cfl,7.940467466835124,1.23024461,31.6333501,-61.59225895908831
20.0,cfl,7.98026531901453,1.21771386,30.99355175,-61.85509905814027
20.0,cfl,8.020069488313329,1.20523977,30.3631039,-62.11386442302662
20.0,cfl,8.059867340492735,1.19283666,29.74263295,-62.368297239392085
20.0,cfl,8.099665192672141,1.1804928,29.1314526,-62.618683738570915
20.0,cfl,8.13946304485155,1.16822352,28.530219699999996,-62.86475349567114
20.0,cfl,8.179267214150348,1.1560177,27.938284850000002,-63.10677684069303
20.0,cfl,8.219065066329753,1.14387742,27.35565335,-63.34475159019325
20.0,cfl,8.258862918509159,1.13180458,26.782315849999996,-63.578683674574975
20.0,cfl,8.298660770688565,1.11981152,26.218749100000004,-63.80838031137718
20.0,cfl,8.338458622867973,1.10788899,25.664407699999998,-64.03406603789068
20.0,cfl,8.378262792166772,1.09603793,25.1192303,-64.25576986657514
20.0,cfl,8.418060644346179,1.0842601,24.583192500000003,-64.47350115387624
20.0,cfl,8.457858496525585,1.0725673,24.0567161,-64.68709249794665
20.0,cfl,8.49765634870499,1.06094011,23.538818900000003,-64.89694503227534
20.0,cfl,8.53746051800379,1.04940056,23.0303715,-65.10270741456452
20.0,cfl,8.577258370183197,1.03792874,22.53038575,-65.30478498862381
20.0,cfl,8.617056222362603,1.02654721,22.0397335,-65.50282389198186
20.0,cfl,8.656854074542009,1.01524589,21.5578602,-65.69705437581683
20.0,cfl,8.696658243840808,1.00402665,21.0847317,-65.88749193469643
20.0,cfl,8.736456096020214,0.992880169,20.61984835,-66.07434312067683
20.0,cfl,8.77625394819962,0.981827307,20.16396495,-66.25730291575742
20.0,cfl,8.816051800379027,0.970859373,19.71660115,-66.4365720073847
20.0,cfl,8.855855969677828,0.959976704,19.2776551,-66.61219359676502
20.0,cfl,8.895653821857234,0.94917112,18.84668775,-66.78434749688026
20.0,cfl,8.93545167403664,0.9384617,18.42434385,-66.95277743027317
20.0,cfl,8.975249526216045,0.927831548,18.0098409,-67.11780255884952
20.0,cfl,9.015047378395451,0.917290069,17.603434999999998,-67.27932321018939
20.0,cfl,9.054851547694252,0.906837897,17.2050343,-67.43738042271588
20.0,cfl,9.094649399873658,0.896475609,16.81454465,-67.59201521693632
20.0,cfl,9.134447252053064,0.886203722,16.43186975,-67.74327129099066
20.0,cfl,9.17424510423247,0.876014787,16.05662165,-67.89130610057681
20.0,cfl,9.21404927353127,0.86592545,15.6892979,-68.03592685278582
20.0,cfl,9.253847125710676,0.855919881,15.3292075,-68.17741226729764
20.0,cfl,9.293644977890082,0.845998949,14.976277049999998,-68.31579612156237
20.0,cfl,9.333442830069488,0.836178733,14.63096435,-68.4509012233214
20.0,cfl,9.373246999368288,0.826443826,14.292614050000001,-68.58299256570716
20.0,cfl,9.413044851547696,0.816802765,13.9614147,-68.7119992521004
20.0,cfl,9.452842703727102,0.80724837,13.6370114,-68.8380657924258
20.0,cfl,9.492640555906506,0.79778773,13.319537650000001,-68.96114662136623
20.0,cfl,9.532438408085913,0.78842201,13.00892155,-69.08127321496012
20.0,cfl,9.572242577384712,0.779143595,12.7048044,-69.198593623162
20.0,cfl,9.61204042956412,0.769953381,12.4071143,-69.31313937462093
20.0,cfl,9.651838281743526,0.760858741,12.115984899999999,-69.42486407369174
20.0,cfl,9.691636133922932,0.751853134,11.831102300000001,-69.53389702678439
20.0,cfl,9.731440303221731,0.742943139,11.55257115,-69.64020323986858
20.0,cfl,9.771238155401138,0.73412307,11.28011075,-69.74389697268066
20.0,cfl,9.811036007580544,0.725393114,11.0136279,-69.84502128177384
20.0,cfl,9.85083385975995,0.716753911,10.7530438,-69.94361275123936
20.0,cfl,9.89063802905875,0.708206312,10.4982859,-70.03970777512701
20.0,cfl,9.930435881238155,0.699750971,10.2492758,-70.13334270863824
20.0,cfl,9.970233733417562,0.691388728,10.00594045,-70.22455449508337
20.0,cfl,10.010031585596968,0.683115567,9.76806805,-70.31343182826811
20.0,cfl,10.049835754895767,0.674938468,9.53576375,-70.39994761991166
20.0,cfl,10.089633607075173,0.666849293,9.308702499999999,-70.4842343064311
20.0,cfl,10.12943145925458,0.658852149,9.0869088,-70.56629935797685
20.0,cfl,10.169229311433986,0.65095363,8.8704704,-70.64613066349584
20.0,cfl,10.209027163613394,0.643151169,8.6592211,-70.72382499609633
20.0,cfl,10.248831332912193,0.635451357,8.4532429,-70.79942654049975
20.0,cfl,10.288629185091597,0.626983226,8.2295497,-70.87790272161827
20.0,cfl,10.328427037271004,0.619388085,8.0314795,-70.94960241212014
20.0,cfl,10.36822488945041,0.611881565,7.838087,-71.01933142334397
20.0,cfl,10.40802905874921,0.604459212,7.6491764,-71.08718273392162
20.0,cfl,10.447826910928617,0.597121046,7.464670150000001,-71.15321649745266
20.0,cfl,10.487624763108023,0.589872395,7.2846225,-71.2174843412461
20.0,cfl,10.52742261528743,0.582714868,7.10899165,-71.2802891961092
20.0,cfl,10.567226784586229,0.575220753,6.927395850000001,-71.33979948049922
20.0,cfl,10.607024636765635,0.568190906,6.759181750000001,-71.39844646104675
20.0,cfl,10.646822488945041,0.56124471,6.5949972,-71.45536802946435
20.0,cfl,10.686620341124447,0.554377397,6.434658799999999,-71.51063621950554
20.0,cfl,10.726424510423248,0.547592796,6.2781866,-71.56425104759491
20.0,cfl,10.766222362602655,0.540885948,6.1253981500000005,-71.61628246358826
20.0,cfl,10.806020214782059,0.534260325,5.9763058000000004,-71.66673389935447
20.0,cfl,10.845818066961465,0.527711575,5.83074605,-71.7156687321093
20.0,cfl,10.885615919140871,0.521238951,5.6886397,-71.7631218000566
20.0,cfl,10.925420088439672,0.514845949,5.5500003,-71.80909526563163
20.0,cfl,10.965217940619079,0.50852797,5.41466625,-71.8536515940772
20.0,cfl,11.005015792798485,0.502288212,5.28264555,-71.89679475917981
20.0,cfl,11.044813644977891,0.496118786,5.15371315,-71.93860781738695
20.0,cfl,11.08461781427669,0.490026285,5.02794995,-71.97907146342766
20.0,cfl,11.124415666456096,0.484009633,4.9052755050000005,-72.01821970572318
20.0,cfl,11.164213518635503,0.478062127,4.785498475,-72.05612157625258
20.0,cfl,11.204011370814909,0.472189929,4.668689175,-72.0927623138033
20.0,cfl,11.243815540113708,0.46638881,4.55470963,-72.12819422245764
20.0,cfl,11.283613392293114,0.46065702,4.44347441,-72.16245250478669
20.0,cfl,11.32341124447252,0.45499925,4.335023120000001,-72.19553045413453
20.0,cfl,11.363209096651927,0.449407236,4.2291477550000005,-72.22750272781023
20.0,cfl,11.403006948831333,0.44388664,4.12590747,-72.25835754282089
20.0,cfl,11.442811118130132,0.438433581,4.025181625,-72.28814142183444
20.0,cfl,11.482608970309538,0.433048319,3.92692878,-72.31687204455999
20.0,cfl,11.522406822488946,0.427729197,3.8310734650000002,-72.3445817659979
20.0,cfl,11.562204674668353,0.422476435,3.737575485,-72.37128935138334
20.0,cfl,11.602008843967152,0.417291221,3.646411895,-72.39701077294731
20.0,cfl,11.641806696146556,0.412168951,3.5574593450000003,-72.42178759374691
20.0,cfl,11.681604548325963,0.40711,3.470683775,-72.44563904787013
20.0,cfl,11.72140240050537,0.402114544,3.386048005,-72.46858292450806
20.0,cfl,11.76120656980417,0.397202737,3.3038474399999997,-72.4905743694732
20.0,cfl,11.801004421983576,0.392377909,3.2240852500000003,-72.51163536214128
20.0,cfl,11.840802274162982,0.387646298,3.1468100750000003,-72.53177412357847
20.0,cfl,11.880600126342388,0.38300347,3.07189544,-72.55103369126755
20.0,cfl,11.920404295641188,0.37841476,2.998740315,-72.56953341221318
20.0,cfl,11.960202147820594,0.373881962,2.927341625,-72.58728081944965
20.0,cfl,12.0,0.36940036,2.8575946649999997,-72.60430981182903
20.0,unpCFL,0.1,5.69022355,678.10346,221.69153757399604
20.0,unpCFL,0.13979930511686672,5.43723539,619.12576,195.80772718927008
20.0,unpCFL,0.17959867340492736,5.27100207,581.82319,179.39958338056346
20.0,unpCFL,0.21939797852179407,5.14755435,554.8627349999999,167.52091776596492
20.0,unpCFL,0.25919734680985473,5.04812001,533.60418,158.144265758358
20.0,unpCFL,0.2989966519267214,4.96340077,515.812915,150.29206597495974
20.0,unpCFL,0.33879595704358817,4.8883637,500.30156999999997,143.44415330755268
20.0,unpCFL,0.3785953253316488,4.82008565,486.388826,137.30159501856758
20.0,unpCFL,0.4183946304485155,4.75679368,473.66368650000004,131.6837334232777
20.0,unpCFL,0.4581939987365761,4.69735335,461.8635275,126.47492107499029
20.0,unpCFL,0.49799330385344287,4.64099761,450.81069799999995,121.59680089463616
20.0,unpCFL,0.5377926721415035,4.58720102,440.3826155,116.99520090414016
20.0,unpCFL,0.5775919772583702,4.53555601,430.4847145,112.62831880269076
20.0,unpCFL,0.6173912823752369,4.48575702,421.045812,108.46465173224622
20.0,unpCFL,0.6571907770056854,4.43755591,412.00835850000004,104.47873051539004
20.0,unpCFL,0.6969898926089704,4.39073124,403.32210100000003,100.64834584591821
20.0,unpCFL,0.7367890082122552,4.345109,394.9474045,96.95596358974736
20.0,unpCFL,0.7765887555274795,4.30052438,386.8477835,93.38547395268819
20.0,unpCFL,0.8163878711307644,4.25683894,378.992864,89.92346753258605
20.0,unpCFL,0.8561869867340492,4.21393818,371.3575775,86.55886917940222
20.0,unpCFL,0.8959867340492736,4.1717108,363.91833499999996,83.2812788675005
20.0,unpCFL,0.9357858496525585,4.13007548,356.657554,80.08292704923839
20.0,unpCFL,0.9755855969677827,4.08895438,349.558871,76.9565920361416
20.0,unpCFL,1.0153847125710675,4.04828825,342.6096215,73.89667650201679
20.0,unpCFL,1.0551838281743526,4.00803074,335.799728,70.8987179476747
20.0,unpCFL,1.0949835754895767,3.96814439,329.1209035,67.95904178270871
20.0,unpCFL,1.1347826910928616,3.92859912,322.5663545,65.07463459842987
20.0,unpCFL,1.1745818066961466,3.88938378,316.13255,62.24390205015419
20.0,unpCFL,1.214381554011371,3.85048511,309.81570700000003,59.46515003696043
20.0,unpCFL,1.2541806696146558,3.81190061,303.61384,56.73747013502251
20.0,unpCFL,1.2939797852179407,3.77363698,297.5264485,54.06060132939697
20.0,unpCFL,1.333779532533165,2.63116081,293.180937,52.23495063283371
20.0,unpCFL,1.3735786481364498,2.63116081,290.995715,51.250894039437924
20.0,unpCFL,1.413377763739735,2.63116081,288.8125495,50.26866566664625
20.0,unpCFL,1.453177511054959,2.63116081,286.6322235,49.28857470814732
20.0,unpCFL,1.4929766266582438,2.63116081,284.45590849999996,48.31109978734806
20.0,unpCFL,1.532775742261529,2.63116081,282.2856075,47.337078210923295
20.0,unpCFL,1.5725754895767532,2.63116081,280.1234885,46.367418385973785
20.0,unpCFL,1.6123746051800378,2.63116081,277.973043,45.40360048599457
20.0,unpCFL,1.652173720783323,2.63116081,275.8379425,44.44717993784422
20.0,unpCFL,1.6919734680985472,2.63116081,273.7224535,43.49996863954837
20.0,unpCFL,1.7317725837018318,2.63116081,271.6321315,42.564330665350525
20.0,unpCFL,1.771571699305117,2.63116081,269.57262000000003,41.642667642419724
20.0,unpCFL,1.8113714466203412,2.63116081,267.5506295,40.73783755466222
20.0,unpCFL,1.8511705622236259,2.63116081,265.573567,39.85299768604507
20.0,unpCFL,1.890969677826911,2.63116081,263.646647,38.9903606591093
20.0,unpCFL,1.9307694251421352,2.63116081,261.7814875,38.15488772357929
20.0,unpCFL,1.9705685407454203,2.63116081,259.980916,37.347766510709405
20.0,unpCFL,2.010367656348705,2.63116081,258.25480550000003,36.57320764743742
20.0,unpCFL,2.050167403663929,2.63116081,256.609509,35.83391017574872
20.0,unpCFL,2.089966519267214,2.63116081,255.0497075,35.13185764337774
20.0,unpCFL,2.129765634870499,2.63116081,253.58185050000003,34.46979207512618
20.0,unpCFL,2.169565382185723,2.63116081,252.2070275,33.84815662808488
20.0,unpCFL,2.209364497789008,2.63116081,250.9282235,33.268212102548766
20.0,unpCFL,2.249163613392293,2.63116081,249.74831,32.73116860085279
20.0,unpCFL,2.2889633607075175,2.63116081,248.66294950000002,32.23514976139148
20.0,unpCFL,2.328762476310802,2.63116081,247.67325799999998,31.780619607667862
20.0,unpCFL,2.368561591914087,2.63116081,246.7768385,31.366538456726666
20.0,unpCFL,2.4083613392293115,2.63116081,245.97120049999998,30.991828122585808
20.0,unpCFL,2.448160454832596,2.63116081,245.251933,30.654591337624524
20.0,unpCFL,2.4879595704358817,2.63116081,244.6146885,30.352959923198135
20.0,unpCFL,2.5277593177511055,2.63116081,244.05505349999999,30.085039567712997
20.0,unpCFL,2.56755843335439,2.63116081,243.57066,29.84981652134125
20.0,unpCFL,2.6073575489576757,2.63116081,243.150893,29.64274455383767
20.0,unpCFL,2.6471572962728995,2.63116081,242.797299,29.464489538491737
20.0,unpCFL,2.686956411876184,2.63116081,242.50314050000003,29.3121721965166
20.0,unpCFL,2.726756159191409,2.63116081,242.26159149999998,29.1828766791025
20.0,unpCFL,2.7665552747946935,2.63116081,242.07180250000002,29.07624759903851
20.0,unpCFL,2.8063543903979786,2.63116081,241.92655599999998,28.98920597697409
20.0,unpCFL,2.846154137713203,2.63116081,241.8225415,28.92034542051585
20.0,unpCFL,2.8859532533164876,2.63116081,241.756338,28.86821420918245
20.0,unpCFL,2.9257523689197726,2.63116081,241.72421450000002,28.831228500516428
20.0,unpCFL,2.965552116234997,2.63116081,241.722264,28.807728744462665
20.0,unpCFL,3.0053512318382816,2.63116081,241.7462735,28.795927851030907
20.0,unpCFL,3.0451503474415667,2.63116081,241.79386300000002,28.794819528706604
20.0,unpCFL,3.084950094756791,2.63116081,241.862536,28.80334745132424
20.0,unpCFL,3.124749210360076,2.63116081,241.94717500000002,28.819337360311394
20.0,unpCFL,3.1645483259633607,2.63116081,242.0468665,28.842408137175344
20.0,unpCFL,3.204348073278585,2.63116081,242.15587599999998,28.870117894344226
20.0,unpCFL,3.2441471888818696,2.63116081,242.275068,28.902844214273248
20.0,unpCFL,3.283946304485155,2.63116081,242.4027995,28.939889956889157
20.0,unpCFL,3.323746051800379,2.63116081,242.5324265,28.97842077925918
20.0,unpCFL,3.3635451674036636,2.63116081,242.6617635,29.017506641847255
20.0,unpCFL,3.403344283006949,2.63116081,242.793164,29.058148902495642
20.0,unpCFL,3.443144030322173,2.63116081,242.9216905,29.09823749303691
20.0,unpCFL,3.4829431459254576,2.63116081,243.04453600000002,29.136568233051197
20.0,unpCFL,3.522742261528743,2.63116081,243.16372299999998,29.173995493636937
20.0,unpCFL,3.562542008843967,2.63116081,243.27130350000002,29.207117335470617
20.0,unpCFL,3.6023411244472525,2.63116081,243.3716255,29.237773853243166
20.0,unpCFL,3.642140240050537,2.63116081,243.45910250000003,29.26356810269223
20.0,unpCFL,3.681939987365761,2.63116081,243.5355505,29.285256267872146
20.0,unpCFL,3.7217391029690465,2.63116081,243.59535,29.300421031149703
20.0,unpCFL,3.761538218572331,2.63116081,243.64035800000002,29.30983334841882
20.0,unpCFL,3.801337965887555,2.63116081,243.6705165,29.31344570384965
20.0,unpCFL,3.8411370814908405,2.63116081,243.67974800000002,29.308639848336
20.0,unpCFL,3.880936197094125,2.63116081,243.6733085,29.297632277936547
20.0,unpCFL,3.92073594440935,2.63116081,243.646007,29.27818245059965
20.0,unpCFL,3.9605350600126346,2.63116081,243.597453,29.25009406157351
20.0,unpCFL,4.00033417561592,2.63116081,243.5281605,29.21355906214814
20.0,unpCFL,4.040133922931144,2.63116081,243.4358265,29.167566312048134
20.0,unpCFL,4.079933038534429,2.63116081,243.31815550000002,29.111105507322968
20.0,unpCFL,4.119732154137713,2.63116081,243.18126349999997,29.046754040613393
20.0,unpCFL,4.1595319014529375,2.63116081,243.01756300000002,28.97124562895701
20.0,unpCFL,4.199331017056222,2.63116081,242.82792,28.884916974855734
20.0,unpCFL,4.239130132659508,2.63116081,242.61441150000002,28.788628484423622
20.0,unpCFL,4.278929879974732,2.63116081,242.3744855,28.681255268479813
20.0,unpCFL,4.318728995578017,2.63116081,242.10743900000003,28.562469560184137
20.0,unpCFL,4.358528742893241,2.63116081,241.814732,28.43286398653661
20.0,unpCFL,4.3983278584965255,2.63116081,241.495536,28.292056128007896
20.0,unpCFL,4.43812697409981,2.63116081,241.1495155,28.13987669462794
20.0,unpCFL,4.477926721415035,2.63116081,240.77613150000002,27.976068406219692
20.0,unpCFL,4.51772583701832,2.63116081,240.37178450000002,27.799068330409078
20.0,unpCFL,4.557524952621605,2.63116081,239.9431545,27.61170678538953
20.0,unpCFL,4.597324699936829,2.63116081,239.485073,27.411756032831775
20.0,unpCFL,4.6371238155401135,2.63116081,238.998125,27.199447267396437
20.0,unpCFL,4.676922931143398,2.63116081,238.48438000000002,26.975649395732354
20.0,unpCFL,4.716722678458623,2.63116081,237.939833,26.73864029438147
20.0,unpCFL,4.756521794061908,2.63116081,237.36739849999998,26.489657175543762
20.0,unpCFL,4.796320909665193,2.63116081,236.76428449999997,26.2274999769833
20.0,unpCFL,4.836120656980417,2.63116081,236.13539,25.954265477219487
20.0,unpCFL,4.875919772583702,2.63116081,235.472059,25.666252483715358
20.0,unpCFL,4.915718888186986,2.63116081,234.78416299999998,25.367690398382997
20.0,unpCFL,4.955518635502211,2.63116081,234.06162,25.0542781127258
20.0,unpCFL,4.995317751105496,2.63116081,233.312041,24.729284722674244
20.0,unpCFL,5.035116866708781,2.63116081,232.530395,24.390576224557805
20.0,unpCFL,5.074916614024005,2.63116081,231.715223,24.037547983793434
20.0,unpCFL,5.11471572962729,2.63116081,230.868813,23.671199125532933
20.0,unpCFL,5.154514845230575,2.63116081,229.9913645,23.291642107992804
20.0,unpCFL,5.194314592545799,2.63116081,229.08193599999998,22.898493244798384
20.0,unpCFL,5.234113708149084,2.63116081,228.134328,22.489129014600895
20.0,unpCFL,5.273912823752369,2.63116081,227.15540249999998,22.06650893539714
20.0,unpCFL,5.313712571067593,2.63116081,226.14161399999998,21.62913837704441
20.0,unpCFL,5.353511686670878,2.63116081,225.0885705,21.1751553513953
20.0,unpCFL,5.393310802274163,2.63116081,224.003917,20.707855665777736
20.0,unpCFL,5.433110549589387,2.63116081,222.87497349999998,20.221821813837302
20.0,unpCFL,5.472909665192672,2.63116081,221.711438,19.721220916157694
20.0,unpCFL,5.512708780795958,2.63116081,220.507951,19.20376819468878
20.0,unpCFL,5.552508528111181,2.63116081,219.264954,18.66965042359827
20.0,unpCFL,5.592307643714466,2.63116081,217.9791675,18.117472784754703
20.0,unpCFL,5.632106759317751,2.63116081,216.6501875,17.547049376955563
20.0,unpCFL,5.6719065066329755,2.63116081,215.28063200000003,16.95949617399392
20.0,unpCFL,5.711705622236261,2.63116081,213.86441150000002,16.35219631880562
20.0,unpCFL,5.751504737839546,2.63116081,212.407122,15.727533454296928
20.0,unpCFL,5.791304485154769,2.63116081,210.9015535,15.082398668938287
20.0,unpCFL,5.831103600758055,2.63116081,209.35089750000003,14.418130074270511
20.0,unpCFL,5.870902716361339,2.63116081,207.755089,13.734690762390734
20.0,unpCFL,5.9107024636765635,2.63116081,206.10841449999998,13.029597722570367
20.0,unpCFL,5.950501579279849,2.63116081,204.4177135,12.305760683947192
20.0,unpCFL,5.990300694883134,2.63116081,202.6714955,11.558218879470456
20.0,unpCFL,6.030100442198358,2.63116081,200.880636,10.791611431814486
20.0,unpCFL,6.069899557801643,2.63116081,199.0411465,10.00419938870231
20.0,unpCFL,6.109699305116867,2.63116081,197.1459545,9.192917014452298
20.0,unpCFL,6.149498420720152,2.63116081,195.204441,8.361760922332046
20.0,unpCFL,6.189297536323437,2.63116081,193.208405,7.507186248198918
20.0,unpCFL,6.22909728363866,2.63116081,191.1583075,6.629360583248033
20.0,unpCFL,6.268896399241946,2.63116081,189.0591185,5.73039281905621
20.0,unpCFL,6.308695514845231,2.63116081,186.90234,4.8066059551418014
20.0,unpCFL,6.348496525584333,2.63116081,184.69282149999998,3.8600587649037457
20.0,unpCFL,6.3882943777637395,2.63116081,182.4321365,2.891410792464984
20.0,unpCFL,6.428092229943147,2.63116081,180.111068,1.896670401366094
20.0,unpCFL,6.467890082122553,2.63116081,177.7356015,0.8783995990953749
20.0,unpCFL,6.507694251421352,2.63116081,175.3072055,-0.16278989537220254
20.0,unpCFL,6.547492103600758,2.63116081,172.817036,-1.230728043001266
20.0,unpCFL,6.587289955780164,2.63116081,170.272242,-2.322342724953414
20.0,unpCFL,6.62708780795957,2.63116081,167.6694135,-3.4391241823283085
20.0,unpCFL,6.666891977258371,2.63116081,165.00595,-4.582200391311666
20.0,unpCFL,6.706689829437776,2.63116081,162.27892300000002,-5.7528511440657715
20.0,unpCFL,6.746487681617182,2.63116081,159.4959035,-6.947820711429086
20.0,unpCFL,6.786285533796589,2.63116081,156.654492,-8.1681534057667
20.0,unpCFL,6.826089703095389,2.63116081,153.74722300000002,-9.41707903768512
20.0,unpCFL,6.865887555274795,2.63116081,150.772386,-10.695342568052222
20.0,unpCFL,6.905685407454201,2.63116081,147.737879,-11.99954612157333
20.0,unpCFL,6.9454832596336065,2.63116081,144.6422125,-13.330340975322798
20.0,unpCFL,6.985287428932407,2.62155256,141.47907600000002,-14.688729167087448
20.0,unpCFL,7.025085281111814,2.59182864,138.3350725,-16.03523679963066
20.0,unpCFL,7.064883133291219,2.56219828,135.23526099999998,-17.362556950646805
20.0,unpCFL,7.104680985470625,2.5326617,132.1793395,-18.67081830459412
20.0,unpCFL,7.1444788376500314,2.50318381,129.1634285,-19.961691251004705
20.0,unpCFL,7.1842830069488315,2.47381497,126.19238800000001,-21.23308615384921
20.0,unpCFL,7.224080859128238,2.44456541,123.26686950000001,-22.48472120160896
20.0,unpCFL,7.263878711307644,2.41544198,120.387147,-23.716479548636986
20.0,unpCFL,7.30367656348705,2.38644792,117.5531115,-24.928408934932275
20.0,unpCFL,7.34348073278585,2.35759633,114.7656025,-26.12015078968562
20.0,unpCFL,7.3832785849652565,2.32889296,112.024691,-27.291669536020994
20.0,unpCFL,7.423076437144663,2.30030339,109.3266715,-28.44455795617099
20.0,unpCFL,7.462874289324068,2.27187826,106.675867,-29.57696371634184
20.0,unpCFL,7.502678458622867,2.24366395,104.07598949999999,-30.687294334250744
20.0,unpCFL,7.542476310802275,2.21558477,101.519522,-31.778773564042574
20.0,unpCFL,7.5822741629816806,2.18765647,99.0074415,-32.85098166712259
20.0,unpCFL,7.622072015161087,2.15995555,96.54602700000001,-33.90123060650511
20.0,unpCFL,7.661869867340493,2.13241556,94.128766,-34.93231364876652
20.0,unpCFL,7.701674036639292,2.10508171,91.7590515,-35.942777117762695
20.0,unpCFL,7.741471888818699,2.07795602,89.43641699999999,-36.93282227302783
20.0,unpCFL,7.7812697409981055,2.05101479,87.1582315,-37.90357870070835
20.0,unpCFL,7.821067593177512,2.02429176,84.926729,-38.85409199951413
20.0,unpCFL,7.860871762476311,1.99779639,82.742019,-39.78431940310084
20.0,unpCFL,7.900669614655716,1.97150124,80.60119949999999,-40.69550140898665
20.0,unpCFL,7.940467466835124,1.94540859,78.5038515,-41.587822684748716
20.0,unpCFL,7.98026531901453,1.91955685,76.452404,-42.460247721758954
20.0,unpCFL,8.020069488313329,1.89391987,74.44411,-43.31395233841568
20.0,unpCFL,8.059867340492735,1.86853171,72.480957,-44.14809172251825
20.0,unpCFL,8.099665192672141,1.84336365,70.560043,-44.96390973215261
20.0,unpCFL,8.13946304485155,1.81845154,68.68341649999999,-45.76053568296032
20.0,unpCFL,8.179267214150348,1.79376828,66.8483435,-46.539141141806816
20.0,unpCFL,8.219065066329753,1.76931814,65.05448750000001,-47.29987176416328
20.0,unpCFL,8.258862918509159,1.74510473,63.301453,-48.042901504096115
20.0,unpCFL,8.298660770688565,1.72115537,61.5905175,-48.767693105344804
20.0,unpCFL,8.338458622867973,1.69744768,59.9193825,-49.475228479976664
20.0,unpCFL,8.378262792166772,1.67398259,58.287451,-50.16576890756348
20.0,unpCFL,8.418060644346179,1.65076296,56.694258000000005,-50.83951522891203
20.0,unpCFL,8.457858496525585,1.62781378,55.140823999999995,-51.496043016723036
20.0,unpCFL,8.49765634870499,1.6050904,53.623463,-52.13692094328679
20.0,unpCFL,8.53746051800379,1.5826402,52.14468050000001,-52.76109348855324
20.0,unpCFL,8.577258370183197,1.56041769,50.700824999999995,-53.370116390726146
20.0,unpCFL,8.617056222362603,1.5384709,49.294361800000004,-53.96294988764768
20.0,unpCFL,8.656854074542009,1.51677586,47.9230802,-54.540539844479866
20.0,unpCFL,8.696658243840808,1.49533502,46.5864889,-55.103100122122584
20.0,unpCFL,8.736456096020214,1.4741267,45.28262575,-55.65146949682581
20.0,unpCFL,8.77625394819962,1.45319374,44.01349065,-56.184807447749705
20.0,unpCFL,8.816051800379027,1.43251562,42.77718615,-56.70392737653373
20.0,unpCFL,8.855855969677828,1.41209111,41.573018000000005,-57.20912905541845
20.0,unpCFL,8.895653821857234,1.39190133,40.3992838,-57.701138250881556
20.0,unpCFL,8.93545167403664,1.37198411,39.257576549999996,-58.17929188572749
20.0,unpCFL,8.975249526216045,1.35230245,38.1451758,-58.644745435982614
20.0,unpCFL,9.015047378395451,1.33287386,37.0625,-59.097331011978184
20.0,unpCFL,9.054851547694252,1.31369758,36.008923499999995,-59.5373211912346
20.0,unpCFL,9.094649399873658,1.29477273,34.98382175,-59.964987132355915
20.0,unpCFL,9.134447252053064,1.27609827,33.98657285,-60.38060060277015
20.0,unpCFL,9.17424510423247,1.25765733,33.01573415,-60.78477445571982
20.0,unpCFL,9.21404927353127,1.23948102,32.0723959,-61.17706290648753
20.0,unpCFL,9.253847125710676,1.2215358,31.154276650000003,-61.558430590782436
20.0,unpCFL,9.293644977890082,1.20382156,30.260873800000002,-61.929097635836776
20.0,unpCFL,9.333442830069488,1.18636775,29.393149049999998,-62.28867212377823
20.0,unpCFL,9.373246999368288,1.16914216,28.548987949999997,-62.6380481371502
20.0,unpCFL,9.413044851547696,1.1521594,27.72861775,-62.977140077045874
20.0,unpCFL,9.452842703727102,1.13540362,26.9307911,-63.306477615023404
20.0,unpCFL,9.492640555906506,1.11888636,26.1555873,-63.626040688105086
20.0,unpCFL,9.532438408085913,1.10260781,25.4025381,-63.93603271118463
20.0,unpCFL,9.572242577384712,1.08655148,24.6704259,-64.23697257468153
20.0,unpCFL,9.61204042956412,1.07071722,23.958812299999998,-64.52905093570021
20.0,unpCFL,9.651838281743526,1.05511688,23.2677908,-64.81224067452249
20.0,unpCFL,9.691636133922932,1.03973628,22.5963036,-65.08699229234145
20.0,unpCFL,9.731440303221731,1.02458561,21.944375049999998,-65.35330716127648
20.0,unpCFL,9.771238155401138,1.00965246,21.31105825,-65.61158723817283
20.0,unpCFL,9.811036007580544,0.994935289,20.69589335,-65.86203476759808
20.0,unpCFL,9.85083385975995,0.980433408,20.09846405,-66.10483290528
20.0,unpCFL,9.89063802905875,0.966146504,19.5183768,-66.34015778359242
20.0,unpCFL,9.930435881238155,0.952073886,18.9552288,-66.56818673730073
20.0,unpCFL,9.970233733417562,0.938215183,18.408637300000002,-66.78909152955221
20.0,unpCFL,10.010031585596968,0.924561461,17.8778923,-67.00317616306698
20.0,unpCFL,10.049835754895767,0.911123258,17.363055850000002,-67.21043456455367
20.0,unpCFL,10.089633607075173,0.89788447,16.86316665,-67.4112735453708
20.0,unpCFL,10.12943145925458,0.884850641,16.3781091,-67.6057633867116
20.0,unpCFL,10.169229311433986,0.87203155,15.907913350000001,-67.79392001615759
20.0,unpCFL,10.209027163613394,0.859421129,15.4520306,-67.97600828441873
20.0,unpCFL,10.248831332912193,0.847029546,15.010512550000001,-68.152093949818
20.0,unpCFL,10.288629185091597,0.833264953,14.526342600000001,-68.3412568040736
20.0,unpCFL,10.328427037271004,0.821132504,14.10705235,-68.50720300470296
20.0,unpCFL,10.36822488945041,0.809189395,13.700270499999998,-68.66780130044877
20.0,unpCFL,10.40802905874921,0.797426563,13.3054136,-68.82331287805356
20.0,unpCFL,10.447826910928617,0.785842576,12.922174250000001,-68.97389984450491
20.0,unpCFL,10.487624763108023,0.774444894,12.550537649999999,-69.11965047464906
20.0,unpCFL,10.52742261528743,0.763234726,12.1902781,-69.26097132737216
20.0,unpCFL,10.567226784586229,0.751479851,11.81812145,-69.40102828147305
20.0,unpCFL,10.607024636765635,0.740551125,11.477273700000001,-69.53293432872039
20.0,unpCFL,10.646822488945041,0.729793372,11.146607849999999,-69.66046196284618
20.0,unpCFL,10.686620341124447,0.719197429,10.8256214,-69.78382050939346
20.0,unpCFL,10.726424510423248,0.708768227,10.51424755,-69.9030486649693
20.0,unpCFL,10.766222362602655,0.698496393,10.2119958,-70.0183487697471
20.0,unpCFL,10.806020214782059,0.688386266,9.91879145,-70.1297629772182
20.0,unpCFL,10.845818066961465,0.678429602,9.634196900000001,-70.23747250401388
20.0,unpCFL,10.885615919140871,0.668623999,9.3579551,-70.34158919890929
20.0,unpCFL,10.925420088439672,0.658973845,9.09000275,-70.44214950432102
20.0,unpCFL,10.965217940619079,0.649470639,8.82992235,-70.5393258389262
20.0,unpCFL,11.005015792798485,0.64011829,8.577644750000001,-70.6331564310443
20.0,unpCFL,11.044813644977891,0.630903262,8.33263735,-70.7238558064795
20.0,unpCFL,11.08461781427669,0.621834821,8.0949834,-70.81140541884834
20.0,unpCFL,11.124415666456096,0.612910151,7.86444525,-70.89590729922689
20.0,unpCFL,11.164213518635503,0.604117819,7.640573600000001,-70.9775405694148
20.0,unpCFL,11.204011370814909,0.595466354,7.42343655,-71.0562932535084
20.0,unpCFL,11.243815540113708,0.586948186,7.212695650000001,-71.13230346423973
20.0,unpCFL,11.283613392293114,0.578559598,7.0081193,-71.20566949278168
20.0,unpCFL,11.32341124447252,0.570306902,6.80972245,-71.27639659035083
20.0,unpCFL,11.363209096651927,0.562176477,6.617045249999999,-71.34466657711634
20.0,unpCFL,11.403006948831333,0.554176022,6.4301417,-71.4104714418745
20.0,unpCFL,11.442811118130132,0.546298737,6.2487265,-71.47392819981539
20.0,unpCFL,11.482608970309538,0.538544179,6.07266875,-71.53509347822704
20.0,unpCFL,11.522406822488946,0.530908947,5.9017736,-71.59405102748872
20.0,unpCFL,11.562204674668353,0.523392573,5.735917049999999,-71.65085609644862
20.0,unpCFL,11.602008843967152,0.515995941,5.57500645,-71.70555530611942
20.0,unpCFL,11.641806696146556,0.50871148,5.41877005,-71.75825342149301
20.0,unpCFL,11.681604548325963,0.501538892,5.2670993,-71.8090021457463
20.0,unpCFL,11.72140240050537,0.494477713,5.11988425,-71.85785096740003
20.0,unpCFL,11.76120656980417,0.487555651,4.977592015,-71.90468656693429
20.0,unpCFL,11.801004421983576,0.480776144,4.84017146,-71.94955562645512
20.0,unpCFL,11.840802274162982,0.474146982,4.70765589,-71.99247493820847
20.0,unpCFL,11.880600126342388,0.467660824,4.5797770149999995,-72.03354784687366
20.0,unpCFL,11.920404295641188,0.461268359,4.4554662899999995,-72.07308634310189
20.0,unpCFL,11.960202147820594,0.454971564,4.33468601,-72.11111357502958
20.0,unpCFL,12.0,0.448763086,4.217223105,-72.1477092157586
30.0,unpaired,0.1,15.5628569,3308.286423333333,inf
30.0,unpaired,0.13979930511686672,13.041421,2310.5329666666667,inf
30.0,unpaired,0.17959867340492736,11.6540779,1836.75694,inf
30.0,unpaired,0.21939797852179407,10.7402019,1553.4911866666666,inf
30.0,unpaired,0.25919734680985473,10.071514,1360.6140166666667,inf
30.0,unpaired,0.2989966519267214,9.54760162,1217.9904099999999,inf
30.0,unpaired,0.33879595704358817,9.1173438,1106.4881866666667,inf
30.0,unpaired,0.3785953253316488,8.75203676,1015.8589166666667,inf
30.0,unpaired,0.4183946304485155,8.43423002,940.0905766666667,inf
30.0,unpaired,0.4581939987365761,8.15274461,875.4226233333334,inf
30.0,unpaired,0.49799330385344287,7.90003886,819.3614266666666,inf
30.0,unpaired,0.5377926721415035,7.67078727,770.1694833333333,inf
30.0,unpaired,0.5775919772583702,7.46108416,726.5862333333333,241.56045734635336
30.0,unpaired,0.6173912823752369,7.26799802,687.6706466666667,224.60466765938335
30.0,unpaired,0.6571907770056854,7.08921818,652.6910700000001,209.3610926541392
30.0,unpaired,0.6969898926089704,6.92291767,621.07221,195.57955156996348
30.0,unpaired,0.7367890082122552,6.76760971,592.3504233333333,183.05840486347432
30.0,unpaired,0.7765887555274795,6.6220452,566.1429966666667,171.6312118384879
30.0,unpaired,0.8163878711307644,6.48518918,542.1347966666667,161.16091213723644
30.0,unpaired,0.8561869867340492,6.35615328,520.0601233333333,151.53194685602296
30.0,unpaired,0.8959867340492736,6.23416899,499.69294333333335,142.64601077571317
30.0,unpaired,0.9357858496525585,6.11858362,480.84266,134.4202038991702
30.0,unpaired,0.9755855969677827,6.00884985,463.34872,126.78468993211534
30.0,unpaired,1.0153847125710675,5.90446349,447.06880333333334,119.67756821119487
30.0,unpaired,1.0551838281743526,5.80501228,431.8839766666667,113.04710332808835
30.0,unpaired,1.0949835754895767,5.71012867,417.6900833333333,106.84798487726113
30.0,unpaired,1.1347826910928616,5.61949135,404.39660333333336,101.04083359374252
30.0,unpaired,1.1745818066961466,5.53282731,391.9257166666667,95.59179200425606
30.0,unpaired,1.214381554011371,5.44989611,380.20924,90.47118982624143
30.0,unpaired,1.2541806696146558,5.37050381,369.18951,85.65392908242413
30.0,unpaired,1.2939797852179407,5.29446255,358.81350000000003,81.11693249672408
30.0,unpaired,1.333779532533165,5.22161538,349.0354566666667,76.84028039481956
30.0,unpaired,1.3735786481364498,5.15184168,339.81710666666663,72.807301347928
30.0,unpaired,1.413377763739735,5.08500975,331.1211916666667,69.00177444979708
30.0,unpaired,1.453177511054959,5.02102944,322.91775966666665,65.41064263182876
30.0,unpaired,1.4929766266582438,4.95980122,315.1776053333333,62.021182449571526
30.0,unpaired,1.532775742261529,4.90124336,307.8753443333333,58.82232856076819
30.0,unpaired,1.5725754895767532,4.84529078,300.9890003333333,55.80449338668899
30.0,unpaired,1.6123746051800378,4.79186269,294.4960903333333,52.957878218091416
30.0,unpaired,1.652173720783323,4.7409014,288.37801299999995,50.27436440880341
30.0,unpaired,1.6919734680985472,4.6923355,282.615649,47.745615006802545
30.0,unpaired,1.7317725837018318,4.6461126,277.1930503333333,45.36466875292242
30.0,unpaired,1.771571699305117,4.60216605,272.093526,43.124246294058466
30.0,unpaired,1.8113714466203412,4.56043044,267.301363,41.017495345657544
30.0,unpaired,1.8511705622236259,4.52085016,262.80273266666666,39.0383816159313
30.0,unpaired,1.890969677826911,4.4833567,258.583068,37.18055654536264
30.0,unpaired,1.9307694251421352,4.44789046,254.62943333333334,35.43837876853511
30.0,unpaired,1.9705685407454203,4.41439386,250.92974466666666,33.806579508682894
30.0,unpaired,2.010367656348705,4.38278048,247.469398,32.278806990748876
30.0,unpaired,2.050167403663929,4.35299768,244.237923,30.85049506337021
30.0,unpaired,2.089966519267214,4.3249554,241.221425,29.51560736335454
30.0,unpaired,2.129765634870499,4.29857046,238.40723166666666,28.26863770666531
30.0,unpaired,2.169565382185723,4.27386756,235.79421599999998,27.109060928707454
30.0,unpaired,2.209364497789008,4.25067117,233.36095699999998,26.027607640675644
30.0,unpaired,2.249163613392293,4.22896591,231.10294466666667,25.022301846444893
30.0,unpaired,2.2889633607075175,4.20863874,229.00597966666666,24.086995041319447
30.0,unpaired,2.328762476310802,4.18968163,227.06686333333334,23.220284276439237
30.0,unpaired,2.368561591914087,4.17204091,225.27798366666667,22.418864769149142
30.0,unpaired,2.4083613392293115,4.15556692,223.62233,21.675389884908487
30.0,unpaired,2.448160454832596,4.14021212,222.093456,20.987067262424215
30.0,unpaired,2.4879595704358817,4.12598291,220.69048366666667,20.35350190212121
30.0,unpaired,2.5277593177511055,4.11273667,219.39780033333332,19.76796030034619
30.0,unpaired,2.56755843335439,4.10048398,218.21526200000002,19.230370641684903
30.0,unpaired,2.6073575489576757,4.08913569,217.13294233333332,18.736450877322895
30.0,unpaired,2.6471572962728995,4.07860334,216.14108266666665,18.281996584396992
30.0,unpaired,2.686956411876184,4.06884925,215.23513433333335,17.865046004012477
30.0,unpaired,2.726756159191409,4.05988606,214.41559966666668,17.485812851458128
30.0,unpaired,2.7665552747946935,4.05152394,213.66300199999998,17.135918306032547
30.0,unpaired,2.8063543903979786,4.04382567,212.982982,16.817789794877214
30.0,unpaired,2.846154137713203,4.03674981,212.37090033333334,16.52943184821423
30.0,unpaired,2.8859532533164876,4.03015256,211.81205,16.264524069807162
30.0,unpaired,2.9257523689197726,4.02404157,211.30674766666667,16.02320757884612
30.0,unpaired,2.965552116234997,4.01836941,210.849909,15.803298806262466
30.0,unpaired,3.0053512318382816,4.01308895,210.43649866666667,15.60263919913388
30.0,unpaired,3.0451503474415667,4.00820031,210.066172,15.421084817444527
30.0,unpaired,3.084950094756791,4.00354423,209.72284900000002,15.251730711673746
30.0,unpaired,3.124749210360076,3.99922358,209.416388,15.09881747805812
30.0,unpaired,3.1645483259633607,3.99507038,209.12985833333332,14.955074334455803
30.0,unpaired,3.204348073278585,3.99112933,208.86736466666667,14.822269965720702
30.0,unpaired,3.2441471888818696,3.98733336,208.62198566666666,14.697432637428564
30.0,unpaired,3.283946304485155,3.98361385,208.38660866666666,14.577511020963941
30.0,unpaired,3.323746051800379,3.98000678,208.164501,14.463907799518378
30.0,unpaired,3.3635451674036636,3.97643852,207.94807766666665,14.353365390892092
30.0,unpaired,3.403344283006949,3.97288444,207.73457933333333,14.244698570404962
30.0,unpaired,3.443144030322173,3.96926637,207.51594566666665,14.13444219500629
30.0,unpaired,3.4829431459254576,3.96566865,207.30027466666667,14.026069817550498
30.0,unpaired,3.522742261528743,3.96189321,207.06754,13.910976434986473
30.0,unpaired,3.562542008843967,3.95808278,206.83166766666668,13.795133259165997
30.0,unpaired,3.6023411244472525,3.95409143,206.577827,13.672164554902183
30.0,unpaired,3.642140240050537,3.94994493,206.30828466666665,13.543033027337565
30.0,unpaired,3.681939987365761,3.9456137,206.01981800000001,13.406343531658939
30.0,unpaired,3.7217391029690465,3.94112369,205.71474066666667,13.26307479402136
30.0,unpaired,3.761538218572331,3.93632583,205.377903,13.10670835155655
30.0,unpaired,3.801337965887555,3.93131522,205.018552,12.94120053746793
30.0,unpaired,3.8411370814908405,3.92605444,204.63270733333331,12.76482229724997
30.0,unpaired,3.880936197094125,3.92052809,204.218612,12.576805184670803
30.0,unpaired,3.92073594440935,3.91464733,203.76717933333333,12.373229565890902
30.0,unpaired,3.9605350600126346,3.90850485,203.28749833333333,12.157973977669943
30.0,unpaired,4.00033417561592,3.90203512,202.772853,11.928142064101309
30.0,unpaired,4.040133922931144,3.89521031,202.22033433333334,11.682461537345729
30.0,unpaired,4.079933038534429,3.88808928,201.63569866666666,11.423385532056452
30.0,unpaired,4.119732154137713,3.88060022,201.01170933333333,11.147788589535663
30.0,unpaired,4.1595319014529375,3.87273999,200.34799766666666,10.85549293063669
30.0,unpaired,4.199331017056222,3.86452514,199.64619166666668,10.547183176263376
30.0,unpaired,4.239130132659508,3.85594969,198.90569533333334,10.222583522881468
30.0,unpaired,4.278929879974732,3.847028,198.12798366666667,9.882309530602328
30.0,unpaired,4.318728995578017,3.83766178,197.30335599999998,9.522186381680724
30.0,unpaired,4.358528742893241,3.8279907,196.44579766666666,9.148198045073736
30.0,unpaired,4.3983278584965255,3.81792792,195.54681366666668,8.756689506451341
30.0,unpaired,4.43812697409981,3.80751024,194.61021666666664,8.34928516398835
30.0,unpaired,4.477926721415035,3.79671648,193.634122,7.925166034133149
30.0,unpaired,4.51772583701832,3.78553012,192.61710833333333,7.483714571527712
30.0,unpaired,4.557524952621605,3.77394798,191.55915566666667,7.024916685999247
30.0,unpaired,4.597324699936829,3.76202587,190.4660396666667,6.551243810427578
30.0,unpaired,4.6371238155401135,3.74976788,189.33846366666666,6.062994698711475
30.0,unpaired,4.676922931143398,3.73706002,188.16560633333333,5.555526422009807
30.0,unpaired,4.716722678458623,3.72403971,186.96131066666666,5.034775065413203
30.0,unpaired,4.756521794061908,3.71065534,185.72091166666667,4.498738834025925
30.0,unpaired,4.796320909665193,3.6968786,184.44209533333333,3.9464298368577206
30.0,unpaired,4.836120656980417,3.68279593,183.13368266666666,3.381634009789893
30.0,unpaired,4.875919772583702,3.66830865,181.78659266666668,2.800458391259535
30.0,unpaired,4.915718888186986,3.65345535,180.405065,2.2047274016649463
30.0,unpaired,4.955518635502211,3.63827357,178.99320766666668,1.59620906987555
30.0,unpaired,4.995317751105496,3.62273894,177.54920833333333,0.9741301824223152
30.0,unpaired,5.035116866708781,3.60689995,176.07821133333334,0.3407057787376719
30.0,unpaired,5.074916614024005,3.59066165,174.571739,-0.30769839379806946
30.0,unpaired,5.11471572962729,3.57407721,173.035429,-0.9686552786961854
30.0,unpaired,5.154514845230575,3.55713243,171.46853466666667,-1.6424781099850891
30.0,unpaired,5.194314592545799,3.53986494,169.87518933333334,-2.327390661517124
30.0,unpaired,5.234113708149084,3.52225745,168.2543663333333,-3.0238274241004426
30.0,unpaired,5.273912823752369,3.50435904,166.61122866666668,-3.729568959366821
30.0,unpaired,5.313712571067593,3.48608199,164.93823633333335,-4.447845393137547
30.0,unpaired,5.353511686670878,3.46747326,163.24038299999998,-5.176510649689429
30.0,unpaired,5.393310802274163,3.44850527,161.51577533333332,-5.916375006634033
30.0,unpaired,5.433110549589387,3.42922339,159.76921633333333,-6.665373415944735
30.0,unpaired,5.472909665192672,3.40965828,158.0040963333333,-7.422057247210494
30.0,unpaired,5.512708780795958,3.38972553,156.21338733333332,-8.189435097644683
30.0,unpaired,5.552508528111181,3.36944972,154.39999500000002,-8.966262913570034
30.0,unpaired,5.592307643714466,3.34891972,152.57250766666667,-9.748853915643846
30.0,unpaired,5.632106759317751,3.3280451,150.72345666666666,-10.540421131333554
30.0,unpaired,5.6719065066329755,3.3069138,148.86127100000002,-11.337351865130854
30.0,unpaired,5.711705622236261,3.28541618,146.976889,-12.143530770292871
30.0,unpaired,5.751504737839546,3.26363454,145.07819833333332,-12.955579087147665
30.0,unpaired,5.791304485154769,3.24159018,143.16763233333333,-13.772461253225666
30.0,unpaired,5.831103600758055,3.21924042,141.24208033333335,-14.595513743364284
30.0,unpaired,5.870902716361339,3.19664668,139.307405,-15.422226116420795
30.0,unpaired,5.9107024636765635,3.1737105,137.35578966666665,-16.25596005968287
30.0,unpaired,5.950501579279849,3.15055744,135.39849733333332,-17.09188894148445
30.0,unpaired,5.990300694883134,3.12719209,133.43638733333333,-17.92965047724737
30.0,unpaired,6.030100442198358,3.10350598,131.46091733333333,-18.772913776942005
30.0,unpaired,6.069899557801643,3.07962363,129.48300866666668,-19.616998824923336
30.0,unpaired,6.109699305116867,3.0554946,127.49896866666667,-20.46349629839527
30.0,unpaired,6.149498420720152,3.03111562,125.50905233333333,-21.312302895037092
30.0,unpaired,6.189297536323437,3.00660826,123.52358733333334,-22.158998112964323
30.0,unpaired,6.22909728363866,2.98180596,121.529558,-23.009161019915954
30.0,unpaired,6.268896399241946,2.95687458,119.540734,-23.856902975900734
30.0,unpaired,6.308695514845231,2.93171304,117.54945599999999,-24.705501930418077
30.0,unpaired,6.348496525584333,2.90643224,115.56487233333334,-25.551044946964712
30.0,unpaired,6.3882943777637395,2.88097323,113.58269333333332,-26.39537616738726
30.0,unpaired,6.428092229943147,2.85534549,111.60403466666666,-27.238015993954154
30.0,unpaired,6.467890082122553,2.82954904,109.62926366666667,-28.0788166232327
30.0,unpaired,6.507694251421352,2.80369088,107.666821,-28.914162572996762
30.0,unpaired,6.547492103600758,2.77767353,105.709567,-29.74711457525662
30.0,unpaired,6.587289955780164,2.75154979,103.76176466666668,-30.575848454285794
30.0,unpaired,6.62708780795957,2.72532127,101.82377266666667,-31.400212379537745
30.0,unpaired,6.666891977258371,2.69899408,99.89626866666667,-32.21991793030425
30.0,unpaired,6.706689829437776,2.67262125,97.98329600000001,-33.03323513946685
30.0,unpaired,6.746487681617182,2.64615878,96.08183066666668,-33.84146441271864
30.0,unpaired,6.786285533796589,2.61965881,94.19575633333334,-34.64293698031307
30.0,unpaired,6.826089703095389,2.59307937,92.32223566666667,-35.43887509230591
30.0,unpaired,6.865887555274795,2.56651766,90.46818400000001,-36.22631696012254
30.0,unpaired,6.905685407454201,2.5398898,88.62782433333334,-37.00773333538616
30.0,unpaired,6.9454832596336065,2.51328833,86.80759766666667,-37.78037130267779
30.0,unpaired,6.985287428932407,2.48663234,85.00202266666666,-38.5465763975872
30.0,unpaired,7.025085281111814,2.46001629,83.217517,-39.30360402848298
30.0,unpaired,7.064883133291219,2.43340271,81.45154099999999,-40.052538732167925
30.0,unpaired,7.104680985470625,2.40680006,79.70465933333334,-40.79313842696834
30.0,unpaired,7.1444788376500314,2.38025248,77.97970966666666,-41.52419307737239
30.0,unpaired,7.1842830069488315,2.3537269,76.274482,-42.246645103675554
30.0,unpaired,7.224080859128238,2.32727225,74.592035,-42.959192419208165
30.0,unpaired,7.263878711307644,2.30089483,72.93263133333333,-43.66171700782637
30.0,unpaired,7.30367656348705,2.27455954,71.29395666666666,-44.355209390636304
30.0,unpaired,7.34348073278585,2.24831437,69.67887166666667,-45.03845076667352
30.0,unpaired,7.3832785849652565,2.22216157,68.08734199999999,-45.71145299122857
30.0,unpaired,7.423076437144663,2.19611097,66.519782,-46.37404381019528
30.0,unpaired,7.462874289324068,2.17013101,64.974131,-47.02709560126224
30.0,unpaired,7.502678458622867,2.1442676,63.452944,-47.66952371506808
30.0,unpaired,7.542476310802275,2.11855757,61.958125333333335,-48.300518821921706
30.0,unpaired,7.5822741629816806,2.09293964,60.485884000000006,-48.92169249543314
30.0,unpaired,7.622072015161087,2.06745339,59.03828133333333,-49.532171040441895
30.0,unpaired,7.661869867340493,2.04210397,57.615355666666666,-50.131937372141344
30.0,unpaired,7.701674036639292,2.01689928,56.21728766666667,-50.72091750668617
30.0,unpaired,7.741471888818699,1.9918449,54.84410533333333,-51.29909711713234
30.0,unpaired,7.7812697409981055,1.96697333,53.497278666666666,-51.865858252831224
30.0,unpaired,7.821067593177512,1.94223172,52.17365433333334,-52.422535739672
30.0,unpaired,7.860871762476311,1.91765404,50.87477666666667,-52.96848082294822
30.0,unpaired,7.900669614655716,1.89327575,49.602182,-53.50304046685579
30.0,unpaired,7.940467466835124,1.86904076,48.35262766666666,-54.02759256868554
30.0,unpaired,7.98026531901453,1.84501166,47.129020999999995,-54.54090851172609
30.0,unpaired,8.020069488313329,1.82116558,45.92984066666667,-55.04363554854639
30.0,unpaired,8.059867340492735,1.79750604,44.75493033333333,-55.53583929204943
30.0,unpaired,8.099665192672141,1.77403579,43.60408666666667,-56.01761078382
30.0,unpaired,8.13946304485155,1.75075775,42.47711266666667,-56.48903617001393
30.0,unpaired,8.179267214150348,1.72767896,41.37400066666667,-56.950122916181535
30.0,unpaired,8.219065066329753,1.70482477,40.29558566666666,-57.40051969798193
30.0,unpaired,8.258862918509159,1.6821472,39.239253,-57.8413343254107
30.0,unpaired,8.298660770688565,1.65970173,38.207230333333335,-58.27163256511134
30.0,unpaired,8.338458622867973,1.63744066,37.196964,-58.692490835039166
30.0,unpaired,8.378262792166772,1.61541555,36.210432999999995,-59.10308514494836
30.0,unpaired,8.418060644346179,1.59360194,35.24615966666667,-59.50403860844618
30.0,unpaired,8.457858496525585,1.57200379,34.303958333333334,-59.895433790790044
30.0,unpaired,8.49765634870499,1.5506455,33.384511333333336,-60.27699253433579
30.0,unpaired,8.53746051800379,1.52948465,32.485628766666665,-60.64963451701775
30.0,unpaired,8.577258370183197,1.5085433,31.60790473333333,-61.01311776214549
30.0,unpaired,8.617056222362603,1.48784512,30.751952733333333,-61.36719199621055
30.0,unpaired,8.656854074542009,1.46734949,29.915731833333332,-61.712714733790946
30.0,unpaired,8.696658243840808,1.44709793,29.100578166666665,-62.04913550469135
30.0,unpaired,8.736456096020214,1.42707194,28.305372700000003,-62.376925444874644
30.0,unpaired,8.77625394819962,1.40727116,27.529746833333334,-62.6962471926872
30.0,unpaired,8.816051800379027,1.38769663,26.773388766666667,-63.00723670763519
30.0,unpaired,8.855855969677828,1.36832948,26.035234933333335,-63.31034148455339
30.0,unpaired,8.895653821857234,1.34920922,25.316444333333333,-63.6050879029548
30.0,unpaired,8.93545167403664,1.33031624,24.615919833333333,-63.891938874198935
30.0,unpaired,8.975249526216045,1.31164974,23.93329256666667,-64.17105440011873
30.0,unpaired,9.015047378395451,1.29321163,23.26829456666667,-64.4425529851338
30.0,unpaired,9.054851547694252,1.27500056,22.620543966666666,-64.70660158487465
30.0,unpaired,9.094649399873658,1.25701637,21.9897054,-64.96334399800377
30.0,unpaired,9.134447252053064,1.23924239,21.374881033333335,-65.21316030724692
30.0,unpaired,9.17424510423247,1.22171118,20.776875533333335,-65.45572786783241
30.0,unpaired,9.21404927353127,1.20440541,20.194769599999997,-65.69143311299467
30.0,unpaired,9.253847125710676,1.1873101,19.627756533333336,-65.92061378999674
30.0,unpaired,9.293644977890082,1.1704392,19.076001566666665,-66.14321304548766
30.0,unpaired,9.333442830069488,1.15380669,18.539648333333332,-66.35918111517341
30.0,unpaired,9.373246999368288,1.13738276,18.017436033333336,-66.56904203711483
30.0,unpaired,9.413044851547696,1.12116701,17.5090768,-66.7729222292088
30.0,unpaired,9.452842703727102,1.10518576,17.015106533333334,-66.9706130767353
30.0,unpaired,9.492640555906506,1.08941246,16.5344187,-67.16257395323974
30.0,unpaired,9.532438408085913,1.07385745,16.067057033333334,-67.34879756272555
30.0,unpaired,9.572242577384712,1.05850857,15.612389133333332,-67.5295504522106
30.0,unpaired,9.61204042956412,1.04337699,15.1704824,-67.70481359456925
30.0,unpaired,9.651838281743526,1.02846173,14.741042666666667,-67.87471831488028
30.0,unpaired,9.691636133922932,1.01375004,14.323447966666667,-68.039524634095
30.0,unpaired,9.731440303221731,0.999240878,13.917426366666666,-68.19935318071748
30.0,unpaired,9.771238155401138,0.984945086,13.523035933333334,-68.3541911713618
30.0,unpaired,9.811036007580544,0.970850768,13.1397069,-68.50427815554247
30.0,unpaired,9.85083385975995,0.956957671,12.767201133333334,-68.64972175465853
30.0,unpaired,9.89063802905875,0.943275645,12.405549233333334,-68.79052226936241
30.0,unpaired,9.930435881238155,0.929783757,12.0539737,-68.92699970842186
30.0,unpaired,9.970233733417562,0.91649245,11.712531433333334,-69.05914498002616
30.0,unpaired,10.010031585596968,0.903402345,11.381020233333334,-69.18705343513
30.0,unpaired,10.049835754895767,0.890504529,11.0590037,-69.31091190561082
30.0,unpaired,10.089633607075173,0.877801386,10.7463373,-69.43079250387491
30.0,unpaired,10.12943145925458,0.865287265,10.442682666666666,-69.54684638054789
30.0,unpaired,10.169229311433986,0.852976828,10.148195066666666,-69.6590363653546
30.0,unpaired,10.209027163613394,0.840851643,9.862238133333333,-69.76763637285987
30.0,unpaired,10.248831332912193,0.828928952,9.585028333333334,-69.87260157848281
30.0,unpaired,10.288629185091597,0.817215086,9.316516933333332,-69.97401132989339
30.0,unpaired,10.328427037271004,0.805720704,9.056757733333335,-70.07198177318413
30.0,unpaired,10.36822488945041,0.790802866,8.723799266666667,-70.19034867572488
30.0,unpaired,10.40802905874921,0.779478556,8.4760648,-70.28227346664032
30.0,unpaired,10.447826910928617,0.768330157,8.235647433333334,-70.37115245809004
30.0,unpaired,10.487624763108023,0.75734958,8.002214566666668,-70.45717231571089
30.0,unpaired,10.52742261528743,0.746544628,7.775776466666667,-70.54046864314935
30.0,unpaired,10.567226784586229,0.73592134,7.556300166666667,-70.6218868206072
30.0,unpaired,10.607024636765635,0.723574575,7.3051459,-70.70340348853188
30.0,unpaired,10.646822488945041,0.713178509,7.096952766666666,-70.77789064159161
30.0,unpaired,10.686620341124447,0.702941113,6.8948671,-70.8497651278663
30.0,unpaired,10.726424510423248,0.692853669,6.698585966666667,-70.91915059759458
30.0,unpaired,10.766222362602655,0.682921142,6.5080786999999996,-70.98606799705217
30.0,unpaired,10.806020214782059,0.673141051,6.323171266666666,-71.05059408626909
30.0,unpaired,10.845818066961465,0.663511565,6.143706233333333,-71.11279699531113
30.0,unpaired,10.885615919140871,0.654018566,5.969305733333333,-71.17282315297736
30.0,unpaired,10.925420088439672,0.644678398,5.800156333333334,-71.23061843588036
30.0,unpaired,10.965217940619079,0.635476934,5.635889066666667,-71.28632480340842
30.0,unpaired,11.005015792798485,0.626418097,5.476466599999999,-71.33996750345771
30.0,unpaired,11.044813644977891,0.617494393,5.3216524666666665,-71.39164049679606
30.0,unpaired,11.08461781427669,0.608704524,5.1713246,-71.44139826705238
30.0,unpaired,11.124415666456096,0.600056708,5.025522733333333,-71.48923886679776
30.0,unpaired,11.164213518635503,0.591532508,4.883840466666666,-71.53531282052302
30.0,unpaired,11.204011370814909,0.583142319,4.7463594,-71.57960402084213
30.0,unpaired,11.243815540113708,0.574883776,4.612947966666667,-71.62216953643515
30.0,unpaired,11.283613392293114,0.566748451,4.483382533333333,-71.66309523233015
30.0,unpaired,11.32341124447252,0.558736117,4.3575761,-71.70242082336696
30.0,unpaired,11.363209096651927,0.550844963,4.235418833333333,-71.7401943311775
30.0,unpaired,11.403006948831333,0.543079217,4.116895133333333,-71.7764322026146
30.0,unpaired,11.442811118130132,0.535433788,4.0018479,-71.81119937786214
30.0,unpaired,11.482608970309538,0.527900967,3.8900868666666666,-71.84456468140974
30.0,unpaired,11.522406822488946,0.520484916,3.7816018666666666,-71.87654602498354
30.0,unpaired,11.562204674668353,0.513183664,3.6762924333333333,-71.90718306697772
30.0,unpaired,11.602008843967152,0.505996715,3.5740818,-71.93651497601594
30.0,unpaired,11.641806696146556,0.49891436,3.4747662,-71.9646129408504
30.0,unpaired,11.681604548325963,0.491944138,3.3783874000000003,-71.9914762111745
30.0,unpaired,11.72140240050537,0.485080288,3.2848022233333336,-72.01715962752849
30.0,unpaired,11.76120656980417,0.478321182,3.19392802,-72.04169916053657
30.0,unpaired,11.801004421983576,0.471668805,3.1057318533333333,-72.0651153186495
30.0,unpaired,11.840802274162982,0.465114184,3.0200379766666665,-72.08746986262491
30.0,unpaired,11.880600126342388,0.458664024,2.9368787666666667,-72.10876547162701
30.0,unpaired,11.920404295641188,0.452308531,2.8560743166666667,-72.12906347072658
30.0,unpaired,11.960202147820594,0.446053141,2.77764208,-72.1483709581307
30.0,unpaired,12.0,0.439890514,2.7014396466666666,-72.1667358809385
30.0,cfl,0.1,7.08938904,701.6827133333334,232.38266096067818
30.0,cfl,0.13979930511686672,6.46486812,583.47619,180.8086563785388
30.0,cfl,0.17959867340492736,6.07576441,515.32747,151.0265856831142
30.0,cfl,0.21939797852179407,5.79972811,469.53915333333333,130.9879989937735
30.0,cfl,0.25919734680985473,5.58746452,435.77169,116.19231323304808
30.0,cfl,0.2989966519267214,5.41511302,409.2752933333333,104.57072595643798
30.0,cfl,0.33879595704358817,5.26969321,387.5614166666667,95.03861872754378
30.0,cfl,0.3785953253316488,5.14355248,369.2021433333333,86.97321505025347
30.0,cfl,0.4183946304485155,5.03184842,353.3131133333334,79.98855721702188
30.0,cfl,0.4581939987365761,4.93137703,339.31795666666665,73.83293116796075
30.0,cfl,0.49799330385344287,4.83991281,326.82134766666667,68.3335817640428
30.0,cfl,0.5377926721415035,4.75583993,315.5396856666667,63.36651659036164
30.0,cfl,0.5775919772583702,4.67794139,305.2619603333333,58.839440595873754
30.0,cfl,0.6173912823752369,4.60528322,295.82778666666667,54.682173608854875
30.0,cfl,0.6571907770056854,4.53711131,287.10974600000003,50.83895367954196
30.0,cfl,0.6969898926089704,4.47281936,279.00650766666666,47.26542569526889
30.0,cfl,0.7367890082122552,4.41190726,271.43558133333335,43.925475258085605
30.0,cfl,0.7765887555274795,4.3539495,264.3280046666667,40.78891287021362
30.0,cfl,0.8163878711307644,4.29859326,257.6270983333333,37.830922265366894
30.0,cfl,0.8561869867340492,4.24553446,251.28476633333332,35.030445137429666
30.0,cfl,0.8959867340492736,4.19451328,245.26037566666668,32.369689857502145
30.0,cfl,0.9357858496525585,4.14531031,239.51983033333332,29.83372505756927
30.0,cfl,0.9755855969677827,4.09774775,234.03529233333333,27.41034956410266
30.0,cfl,1.0153847125710675,4.05166239,228.78176433333334,25.08861514014524
30.0,cfl,1.0551838281743526,4.0069276,223.73936533333332,22.859801939174677
30.0,cfl,1.0949835754895767,3.96343373,218.89089033333332,20.716362789006286
30.0,cfl,1.1347826910928616,3.9210889,214.22174566666666,18.651893395746214
30.0,cfl,1.1745818066961466,3.87982008,209.7199193333333,16.66111476923021
30.0,cfl,1.214381554011371,3.83956645,205.37515166666665,14.739515229783676
30.0,cfl,1.2541806696146558,3.80028559,201.17948366666667,12.883584687686193
30.0,cfl,1.2939797852179407,3.76193539,197.12526433333332,11.089951691438099
30.0,cfl,1.333779532533165,3.72448512,193.20627166666665,9.35586928781474
30.0,cfl,1.3735786481364498,3.68791882,189.41800166666664,7.679335934559702
30.0,cfl,1.413377763739735,3.65221259,185.75527333333332,6.05806176288954
30.0,cfl,1.453177511054959,3.61735952,182.21477466666664,4.490566926843918
30.0,cfl,1.4929766266582438,3.5833462,178.79263600000002,2.975134329823151
30.0,cfl,1.532775742261529,3.55016525,175.4856946666667,1.5103546027246888
30.0,cfl,1.5725754895767532,3.51781556,172.29148533333333,0.09512005533832615
30.0,cfl,1.6123746051800378,3.48628605,169.20664366666668,-1.2720602890225539
30.0,cfl,1.652173720783323,3.45557541,166.228839,-2.5922323559640397
30.0,cfl,1.6919734680985472,3.42567388,163.35499866666666,-3.866759039991409
30.0,cfl,1.7317725837018318,3.39657973,160.58289866666667,-5.096635256675789
30.0,cfl,1.771571699305117,3.36828252,157.909562,-6.283179283705292
30.0,cfl,1.8113714466203412,3.34077148,155.33206733333333,-7.42768347183458
30.0,cfl,1.8511705622236259,3.3140395,152.84792000000002,-8.531254906580166
30.0,cfl,1.890969677826911,3.28807192,150.45400866666665,-9.595263595053458
30.0,cfl,1.9307694251421352,3.26285784,148.14765333333335,-10.620893231498833
30.0,cfl,1.9705685407454203,3.23838643,145.92626766666666,-11.609284971767549
30.0,cfl,2.010367656348705,3.21463154,143.785971,-12.562132653027597
30.0,cfl,2.050167403663929,3.19158319,141.72443133333334,-13.480466137600875
30.0,cfl,2.089966519267214,3.16921203,139.73768233333334,-14.366011245197619
30.0,cfl,2.129765634870499,3.14749156,137.82212566666666,-15.22033506658375
30.0,cfl,2.169565382185723,3.12644816,135.97883533333334,-16.04300091530859
30.0,cfl,2.209364497789008,3.1060079,134.20023966666665,-16.837273662294166
30.0,cfl,2.249163613392293,3.08617611,132.48574233333335,-17.60342836401202
30.0,cfl,2.2889633607075175,3.06690917,130.83061133333334,-18.343509054163725
30.0,cfl,2.328762476310802,3.04821449,129.23454066666667,-19.05766217418272
30.0,cfl,2.368561591914087,3.03007645,127.69530400000001,-19.7468566201392
30.0,cfl,2.4083613392293115,3.01243191,126.20677933333333,-20.413723646708323
30.0,cfl,2.448160454832596,2.99526765,124.767126,-21.059060483760305
30.0,cfl,2.4879595704358817,2.97859592,123.37664466666666,-21.68275087388616
30.0,cfl,2.5277593177511055,2.96235623,122.029678,-22.287220260112196
30.0,cfl,2.56755843335439,2.94656205,120.72672066666668,-22.872264972800668
30.0,cfl,2.6073575489576757,2.93117833,119.46433033333332,-23.439363080089535
30.0,cfl,2.6471572962728995,2.91616988,118.23912633333333,-23.989962128383976
30.0,cfl,2.686956411876184,2.90152617,117.04978066666666,-24.524633934453522
30.0,cfl,2.726756159191409,2.88725996,115.89685066666667,-25.0431452245022
30.0,cfl,2.7665552747946935,2.87328753,114.77322633333333,-25.548530305181746
30.0,cfl,2.8063543903979786,2.8596452,113.68142266666668,-26.03971977969346
30.0,cfl,2.846154137713203,2.84631943,112.61998700000001,-26.51733719035545
30.0,cfl,2.8859532533164876,2.83324841,111.58371733333334,-26.983599044416888
30.0,cfl,2.9257523689197726,2.82044155,110.573057,-27.438317838902293
30.0,cfl,2.965552116234997,2.80788247,109.58644299999999,-27.882162382438302
30.0,cfl,3.0053512318382816,2.79555461,108.62232766666666,-28.31579244079356
30.0,cfl,3.0451503474415667,2.78346309,107.68085533333333,-28.739149709362383
30.0,cfl,3.084950094756791,2.77153984,106.75656966666666,-29.154555396671977
30.0,cfl,3.124749210360076,2.75983696,105.853263,-29.560401843879355
30.0,cfl,3.1645483259633607,2.74828274,104.96527166666667,-29.959098918217798
30.0,cfl,3.204348073278585,2.73690203,104.09431966666666,-30.349917645507592
30.0,cfl,3.2441471888818696,2.72566932,103.23831666666666,-30.733751668220894
30.0,cfl,3.283946304485155,2.71455816,102.39513266666667,-31.111508879871604
30.0,cfl,3.323746051800379,2.70358892,101.56616733333334,-31.48260346738973
30.0,cfl,3.3635451674036636,2.69273294,100.749156,-31.848003379259282
30.0,cfl,3.403344283006949,2.68198327,99.943471,-32.2079819272933
30.0,cfl,3.443144030322173,2.67130929,99.146755,-32.563547681307355
30.0,cfl,3.4829431459254576,2.66075176,98.36192733333334,-32.913473880617374
30.0,cfl,3.522742261528743,2.6502275,97.58279433333334,-33.260394466910455
30.0,cfl,3.562542008843967,2.63980208,96.81409699999999,-33.60231443212628
30.0,cfl,3.6023411244472525,2.62941526,96.05137433333333,-33.9411342472934
30.0,cfl,3.642140240050537,2.61908113,95.29560266666667,-34.276453520653924
30.0,cfl,3.681939987365761,2.60878965,94.54601066666667,-34.60861260247142
30.0,cfl,3.7217391029690465,2.59855431,93.803522,-34.93723622168298
30.0,cfl,3.761538218572331,2.58831387,93.06371066666667,-35.26421103587497
30.0,cfl,3.801337965887555,2.57811057,92.32958133333334,-35.5882803252304
30.0,cfl,3.8411370814908405,2.5679305,91.60011,-35.90989501433496
30.0,cfl,3.880936197094125,2.55776821,90.87488833333333,-36.22924172069348
30.0,cfl,3.92073594440935,2.54758788,90.15137933333334,-36.547408280920926
30.0,cfl,3.9605350600126346,2.53742934,89.43238166666667,-36.86323160919325
30.0,cfl,4.00033417561592,2.52726552,88.71598533333334,-37.17753020649252
30.0,cfl,4.040133922931144,2.51708569,88.00144433333334,-37.49063767997894
30.0,cfl,4.079933038534429,2.5069139,87.29043066666667,-37.80186229335402
30.0,cfl,4.119732154137713,2.4967206,86.58090133333333,-38.11208174169417
30.0,cfl,4.1595319014529375,2.48650411,85.87275333333334,-38.42135416107572
30.0,cfl,4.199331017056222,2.47627021,85.16639766666667,-38.72951702009976
30.0,cfl,4.239130132659508,2.46601577,84.46163166666666,-39.03667108287318
30.0,cfl,4.278929879974732,2.45574544,83.758785,-39.342690348450496
30.0,cfl,4.318728995578017,2.44541783,83.05507766666666,-39.64875513918277
30.0,cfl,4.358528742893241,2.43508804,82.35425333333333,-39.95330155304944
30.0,cfl,4.3983278584965255,2.42471889,81.653826,-40.257383681339505
30.0,cfl,4.43812697409981,2.41432316,80.954676,-40.560640003328714
30.0,cfl,4.477926721415035,2.40389019,80.25612,-40.86336591043518
30.0,cfl,4.51772583701832,2.39341092,79.557586,-41.165807938460965
30.0,cfl,4.557524952621605,2.38288161,78.85886866666667,-41.46805678813741
30.0,cfl,4.597324699936829,2.37232188,78.16129099999999,-41.76956136385871
30.0,cfl,4.6371238155401135,2.36173054,77.46480066666666,-42.070346673714
30.0,cfl,4.676922931143398,2.35105922,76.76628633333333,-42.371721153537564
30.0,cfl,4.716722678458623,2.3403598,76.06916666666666,-42.67225080312129
30.0,cfl,4.756521794061908,2.32960884,75.37195799999999,-42.97256021106259
30.0,cfl,4.796320909665193,2.31879188,74.67378066666667,-43.273016216665425
30.0,cfl,4.836120656980417,2.30794009,73.97667333333334,-43.5727619542719
30.0,cfl,4.875919772583702,2.29701148,73.27800866666666,-43.87289979416157
30.0,cfl,4.915718888186986,2.28601818,72.57861866666667,-44.17307700891431
30.0,cfl,4.955518635502211,2.27497197,71.879299,-44.47295637855244
30.0,cfl,4.995317751105496,2.2638603,71.17931466666667,-44.77284415433806
30.0,cfl,5.035116866708781,2.25269914,70.47971433333333,-45.072295039319314
30.0,cfl,5.074916614024005,2.24144854,69.778076,-45.37232481058433
30.0,cfl,5.11471572962729,2.23012641,69.07558066666667,-45.67243197403912
30.0,cfl,5.154514845230575,2.21872445,68.37178866666666,-45.97279710251271
30.0,cfl,5.194314592545799,2.20725496,67.66752100000001,-46.2730738555226
30.0,cfl,5.234113708149084,2.19570863,66.96227766666667,-46.57346845739403
30.0,cfl,5.273912823752369,2.18410223,66.25713999999999,-46.87352486956028
30.0,cfl,5.313712571067593,2.17239909,65.54996799999999,-47.174138049209766
30.0,cfl,5.353511686670878,2.16061532,64.84181466666666,-47.47486414586331
30.0,cfl,5.393310802274163,2.1487381,64.13199733333333,-47.775988764117024
30.0,cfl,5.433110549589387,2.13678314,63.421531333333334,-48.07708299137949
30.0,cfl,5.472909665192672,2.12476068,62.711092666666666,-48.37786876311028
30.0,cfl,5.512708780795958,2.11263557,61.9987,-48.67917260333621
30.0,cfl,5.552508528111181,2.10041591,61.284922,-48.98075822696734
30.0,cfl,5.592307643714466,2.08813506,60.571775,-49.28177925183648
30.0,cfl,5.632106759317751,2.07575576,59.857186,-49.583112381194965
30.0,cfl,5.6719065066329755,2.06331113,59.14314,-49.88392851232088
30.0,cfl,5.711705622236261,2.05075659,58.427179,-50.185256619822866
30.0,cfl,5.751504737839546,2.03812323,57.711164000000004,-50.486321225641305
30.0,cfl,5.791304485154769,2.02541807,56.995568000000006,-50.786931083795245
30.0,cfl,5.831103600758055,2.01262288,56.279452666666664,-51.08748222105799
30.0,cfl,5.870902716361339,1.9997609,55.56419233333334,-51.38740260155939
30.0,cfl,5.9107024636765635,1.98679163,54.847636333333334,-51.6876013579109
30.0,cfl,5.950501579279849,1.97376379,54.13255133333334,-51.98692386942529
30.0,cfl,5.990300694883134,1.96067811,53.419039,-52.28533357205795
30.0,cfl,6.030100442198358,1.94749002,52.70476266666667,-52.58381438222097
30.0,cfl,6.069899557801643,1.93424802,51.99242166666667,-52.88124029830114
30.0,cfl,6.109699305116867,1.92093065,51.280935666666664,-53.178070641512164
30.0,cfl,6.149498420720152,1.90753544,50.570254999999996,-53.47433218244063
30.0,cfl,6.189297536323437,1.89411002,49.86295500000001,-53.768954543072795
30.0,cfl,6.22909728363866,1.88058603,49.15551666666667,-54.06341121952609
30.0,cfl,6.268896399241946,1.86702921,48.45143933333333,-54.35625104131873
30.0,cfl,6.308695514845231,1.85339723,47.748589333333335,-54.64836408324909
30.0,cfl,6.348496525584333,1.83973385,47.04927466666666,-54.93879333630095
30.0,cfl,6.3882943777637395,1.82601393,46.352260333333334,-55.228061313988015
30.0,cfl,6.428092229943147,1.81223985,45.657728,-55.51609284208896
30.0,cfl,6.467890082122553,1.79841023,44.965669000000005,-55.80290142318902
30.0,cfl,6.507694251421352,1.78456772,44.27824866666666,-56.08758467121473
30.0,cfl,6.547492103600758,1.77067079,43.59344733333333,-56.370989709195946
30.0,cfl,6.587289955780164,1.75673987,42.912319000000004,-56.65267991208521
30.0,cfl,6.62708780795957,1.74277428,42.23486833333333,-56.93265655808016
30.0,cfl,6.666891977258371,1.72877511,41.561186,-57.21088536449685
30.0,cfl,6.706689829437776,1.71476311,40.892294,-57.48694254423841
30.0,cfl,6.746487681617182,1.70071855,40.22727833333333,-57.76121597749823
30.0,cfl,6.786285533796589,1.68666193,39.56713166666667,-58.03328844920755
30.0,cfl,6.826089703095389,1.67257421,38.910986333333334,-58.30352986110853
30.0,cfl,6.865887555274795,1.65849522,38.260705,-58.5711633814349
30.0,cfl,6.905685407454201,1.64438798,37.614595666666666,-58.83689500642989
30.0,cfl,6.9454832596336065,1.63029074,36.974414333333335,-59.09999664503882
30.0,cfl,6.985287428932407,1.61616751,36.33854066666667,-59.361145927212426
30.0,cfl,7.025085281111814,1.60205762,35.70874833333333,-59.61960566938039
30.0,cfl,7.064883133291219,1.58794372,35.084257666666666,-59.875700251445394
30.0,cfl,7.104680985470625,1.57382822,34.46517966666667,-60.12938480508703
30.0,cfl,7.1444788376500314,1.55972925,33.85229833333333,-60.380336574946455
30.0,cfl,7.1842830069488315,1.54563124,33.24492793333334,-60.62884035051142
30.0,cfl,7.224080859128238,1.53155455,32.64393113333333,-60.87454251541988
30.0,cfl,7.263878711307644,1.51750104,32.04936163333333,-61.11741674348124
30.0,cfl,7.30367656348705,1.50345418,31.460504099999998,-61.357762848403546
30.0,cfl,7.34348073278585,1.48943431,30.878190733333334,-61.595238623373255
30.0,cfl,7.3832785849652565,1.47544167,30.302399700000002,-61.829850939944706
30.0,cfl,7.423076437144663,1.46147983,29.7332455,-62.061557150749756
30.0,cfl,7.462874289324068,1.44753368,29.1700861,-62.290618013131656
30.0,cfl,7.502678458622867,1.43362321,28.6136988,-62.516716521606135
30.0,cfl,7.542476310802275,1.41976472,28.06468476666667,-62.739605865043465
30.0,cfl,7.5822741629816806,1.4059295,27.521865466666668,-62.95977034790613
30.0,cfl,7.622072015161087,1.39213509,26.9858924,-63.17694485782361
30.0,cfl,7.661869867340493,1.37838337,26.456791333333335,-63.391117863688784
30.0,cfl,7.701674036639292,1.36467753,25.934635800000002,-63.60226176798106
30.0,cfl,7.741471888818699,1.35101973,25.419455233333334,-63.810361826763035
30.0,cfl,7.7812697409981055,1.3374251,24.911757566666665,-64.01521476758316
30.0,cfl,7.821067593177512,1.32386824,24.410539766666666,-64.21722786467659
30.0,cfl,7.860871762476311,1.31036496,23.91633523333333,-64.41618826943179
30.0,cfl,7.900669614655716,1.29693207,23.42969,-64.61187006735254
30.0,cfl,7.940467466835124,1.28354251,22.949562566666668,-64.80470150614929
30.0,cfl,7.98026531901453,1.27022636,22.476966666666666,-64.99427014786058
30.0,cfl,8.020069488313329,1.25697251,22.011434899999998,-65.1807684075028
30.0,cfl,8.059867340492735,1.24378271,21.552959866666665,-65.36419771751186
30.0,cfl,8.099665192672141,1.23065833,21.101519833333334,-65.54457016460454
30.0,cfl,8.13946304485155,1.21760091,20.6570966,-65.7218943695525
30.0,cfl,8.179267214150348,1.204614,20.219737266666666,-65.8961535014346
30.0,cfl,8.219065066329753,1.19171054,19.789796133333333,-66.0672033392279
30.0,cfl,8.258862918509159,1.17886675,19.366405266666668,-66.23539799920933
30.0,cfl,8.298660770688565,1.16611074,18.950413466666664,-66.40039679757312
30.0,cfl,8.338458622867973,1.15341872,18.540966299999997,-66.56254379202727
30.0,cfl,8.378262792166772,1.14081724,18.138839,-66.72153236408869
30.0,cfl,8.418060644346179,1.12829431,17.743562,-66.87755086171865
30.0,cfl,8.457858496525585,1.11585234,17.355129766666668,-67.03060357029116
30.0,cfl,8.49765634870499,1.10350448,16.973862733333334,-67.18056689739068
30.0,cfl,8.53746051800379,1.0912292,16.599012366666667,-67.32773985990748
30.0,cfl,8.577258370183197,1.07903848,16.230865033333334,-67.47201166932616
30.0,cfl,8.617056222362603,1.06694534,15.8697227,-67.61326511700706
30.0,cfl,8.656854074542009,1.05492896,15.5148772,-67.75178355756401
30.0,cfl,8.696658243840808,1.04301197,15.1669096,-67.88734020240345
30.0,cfl,8.736456096020214,1.03118522,14.825459733333334,-68.02007882380983
30.0,cfl,8.77625394819962,1.01944921,14.490454266666667,-68.15003397053313
30.0,cfl,8.816051800379027,1.00780519,14.1618403,-68.27722922388668
30.0,cfl,8.855855969677828,0.996243606,13.839264866666667,-68.40180582121688
30.0,cfl,8.895653821857234,0.984786648,13.5232579,-68.52355906598584
30.0,cfl,8.93545167403664,0.973424457,13.2134533,-68.6426366508642
30.0,cfl,8.975249526216045,0.962157396,12.9097721,-68.75907296257418
30.0,cfl,9.015047378395451,0.950987273,12.612173799999999,-68.87288756589784
30.0,cfl,9.054851547694252,0.939914192,12.320571800000002,-68.98411941202862
30.0,cfl,9.094649399873658,0.928938885,12.034896366666667,-69.0927971194339
30.0,cfl,9.134447252053064,0.918052806,11.7548404,-69.1990460649348
30.0,cfl,9.17424510423247,0.90727512,11.480808033333334,-69.30271392795856
30.0,cfl,9.21404927353127,0.896596983,11.212481866666668,-69.4039278316253
30.0,cfl,9.253847125710676,0.886010678,10.949583533333334,-69.50279777661866
30.0,cfl,9.293644977890082,0.875525028,10.692248000000001,-69.59927846112217
30.0,cfl,9.333442830069488,0.865149015,10.440604366666667,-69.69332486297975
30.0,cfl,9.373246999368288,0.854866352,10.194170633333332,-69.7851262237382
30.0,cfl,9.413044851547696,0.844677619,9.952881066666666,-69.87471247609983
30.0,cfl,9.452842703727102,0.834599072,9.717034466666666,-69.96197497477931
30.0,cfl,9.492640555906506,0.82461608,9.486202666666665,-70.04708149235222
30.0,cfl,9.532438408085913,0.814735648,9.260465733333332,-70.13000774397278
30.0,cfl,9.572242577384712,0.804951455,9.039597899999999,-70.21084497878941
30.0,cfl,9.61204042956412,0.795271032,8.823688066666667,-70.28956356007616
30.0,cfl,9.651838281743526,0.785694753,8.612661166666667,-70.36619962084339
30.0,cfl,9.691636133922932,0.776215877,8.4062886,-70.4408438018448
30.0,cfl,9.731440303221731,0.766834655,8.204499199999999,-70.51352956080697
30.0,cfl,9.771238155401138,0.757558553,8.0073746,-70.5842324643857
30.0,cfl,9.811036007580544,0.748381268,7.8147024,-70.6530381921256
30.0,cfl,9.85083385975995,0.739303528,7.626422333333333,-70.71997696417287
30.0,cfl,9.89063802905875,0.730332307,7.442601333333333,-70.78503199061005
30.0,cfl,9.930435881238155,0.721455624,7.262919066666667,-70.84832708303463
30.0,cfl,9.970233733417562,0.712680806,7.087451433333333,-70.90984348365131
30.0,cfl,10.010031585596968,0.704009163,6.916149866666667,-70.96960941709305
30.0,cfl,10.049835754895767,0.695436053,6.748849966666667,-71.027694457102
30.0,cfl,10.089633607075173,0.68696386,6.585527233333334,-71.08411798468761
30.0,cfl,10.12943145925458,0.678589928,6.4260603000000005,-71.13893717885985
30.0,cfl,10.169229311433986,0.670324473,6.2705717666666665,-71.19212669022325
30.0,cfl,10.209027163613394,0.662156799,6.118789533333333,-71.24380381369457
30.0,cfl,10.248831332912193,0.654098902,5.970866033333333,-71.29394818234333
30.0,cfl,10.288629185091597,0.646156093,5.826823566666667,-71.34260545780198
30.0,cfl,10.328427037271004,0.63833696,5.6867393,-71.38987525594145
30.0,cfl,10.36822488945041,0.628345559,5.5101868,-71.442480696966
30.0,cfl,10.40802905874921,0.620586768,5.3750206333333335,-71.48681341179679
30.0,cfl,10.447826910928617,0.612923816,5.243168633333334,-71.52982043453258
30.0,cfl,10.487624763108023,0.605352178,5.114493266666667,-71.57160239798007
30.0,cfl,10.52742261528743,0.597877714,4.9890346333333335,-71.6122748622684
30.0,cfl,10.567226784586229,0.590505088,4.866809066666666,-71.65262261110665
30.0,cfl,10.607024636765635,0.582004012,4.727756366666667,-71.68741136550527
30.0,cfl,10.646822488945041,0.57474442,4.610601966666667,-71.72360342762052
30.0,cfl,10.686620341124447,0.567573568,4.496320466666666,-71.75857456846603
30.0,cfl,10.726424510423248,0.560486314,4.3847784,-71.79237580755259
30.0,cfl,10.766222362602655,0.553486663,4.275988233333334,-71.8250086080062
30.0,cfl,10.806020214782059,0.546573643,4.169883966666666,-71.85650292271421
30.0,cfl,10.845818066961465,0.539746691,4.066407233333333,-71.88688398114769
30.0,cfl,10.885615919140871,0.532996859,3.9653758999999997,-71.91621498708966
30.0,cfl,10.925420088439672,0.52633591,3.8669193,-71.94446427304618
30.0,cfl,10.965217940619079,0.51975485,3.7708576,-71.97169345888229
30.0,cfl,11.005015792798485,0.513256985,3.6771942999999996,-71.99790934781906
30.0,cfl,11.044813644977891,0.506837769,3.585819933333333,-72.02315165489657
30.0,cfl,11.08461781427669,0.500496882,3.496687966666667,-72.04744205551357
30.0,cfl,11.124415666456096,0.494240636,3.4098439666666667,-72.07077478369527
30.0,cfl,11.164213518635503,0.488056809,3.32507722,-72.09321781933883
30.0,cfl,11.204011370814909,0.481953172,3.2424549,-72.11475966750565
30.0,cfl,11.243815540113708,0.47592866,3.161921986666667,-72.13542437167813
30.0,cfl,11.283613392293114,0.469977938,3.0833686933333335,-72.1552493781485
30.0,cfl,11.32341124447252,0.464101343,3.0067627033333335,-72.17425055125713
30.0,cfl,11.363209096651927,0.458298119,2.9320579666666666,-72.19244831008973
30.0,cfl,11.403006948831333,0.452571766,2.8592631433333335,-72.20984781800841
30.0,cfl,11.442811118130132,0.446919251,2.7883036166666666,-72.22647873765003
30.0,cfl,11.482608970309538,0.441335517,2.719082213333333,-72.24237049363809
30.0,cfl,11.522406822488946,0.435824073,2.65160953,-72.25753117098607
30.0,cfl,11.562204674668353,0.430383921,2.5858403,-72.2719766534249
30.0,cfl,11.602008843967152,0.42501524,2.521744243333333,-72.28572576726393
30.0,cfl,11.641806696146556,0.419711474,2.4592124600000003,-72.29880986609776
30.0,cfl,11.681604548325963,0.414478507,2.398284273333333,-72.31122797186596
30.0,cfl,11.72140240050537,0.409312615,2.338886146666667,-72.32300537138438
30.0,cfl,11.76120656980417,0.404213046,2.2809806433333337,-72.33415852449623
30.0,cfl,11.801004421983576,0.399181688,2.224560523333333,-72.34469633316196
30.0,cfl,11.840802274162982,0.394212384,2.1695293466666663,-72.35464734518536
30.0,cfl,11.880600126342388,0.389310453,2.11591913,-72.36401319935344
30.0,cfl,11.920404295641188,0.384469102,2.0636293666666665,-72.37282214346678
30.0,cfl,11.960202147820594,0.379692738,2.0126822233333335,-72.38107821407368
30.0,cfl,12.0,0.374976292,1.9629986966666666,-72.38880285733113
30.0,unpCFL,0.1,7.08938904,701.68272,232.3826640178173
30.0,unpCFL,0.13979930511686672,6.46486812,583.4761933333334,180.80865756808043
30.0,unpCFL,0.17959867340492736,6.07576441,515.3274733333333,151.02658749687782
30.0,unpCFL,0.21939797852179407,5.79972811,469.53915333333333,130.9879989482343
30.0,unpCFL,0.25919734680985473,5.58746452,435.77169,116.19231305454278
30.0,unpCFL,0.2989966519267214,5.41511302,409.27529,104.57072426550037
30.0,unpCFL,0.33879595704358817,5.26969321,387.5614133333333,95.0386176626632
30.0,unpCFL,0.3785953253316488,5.14355248,369.2021433333333,86.97321439524666
30.0,unpCFL,0.4183946304485155,5.03184842,353.31311,79.98855629358407
30.0,unpCFL,0.4581939987365761,4.93137703,339.31796,73.83293231899727
30.0,unpCFL,0.49799330385344287,4.83991281,326.82134966666666,68.33358262430332
30.0,unpCFL,0.5377926721415035,4.75583993,315.5396876666666,63.36651744008722
30.0,unpCFL,0.5775919772583702,4.67794139,305.26196,58.83944038593612
30.0,unpCFL,0.6173912823752369,4.60528322,295.82779,54.68217492338765
30.0,unpCFL,0.6571907770056854,4.53711131,287.1097436666667,50.8389527494936
30.0,unpCFL,0.6969898926089704,4.47281936,279.0065093333333,47.265426381153816
30.0,unpCFL,0.7367890082122552,4.41190726,271.435581,43.92547508536111
30.0,unpCFL,0.7765887555274795,4.3539495,264.328005,40.78891305309568
30.0,unpCFL,0.8163878711307644,4.29859326,257.6270983333333,37.83092230446825
30.0,unpCFL,0.8561869867340492,4.24553446,251.28476633333332,35.03044512123398
30.0,unpCFL,0.8959867340492736,4.19451328,245.260377,32.36969043778334
30.0,unpCFL,0.9357858496525585,4.14531031,239.519829,29.833724499023038
30.0,unpCFL,0.9755855969677827,4.09774775,234.03529166666667,27.410349238271795
30.0,unpCFL,1.0153847125710675,4.05166239,228.78176566666667,25.088615667806458
30.0,unpCFL,1.0551838281743526,4.0069276,223.73936566666669,22.859802100511896
30.0,unpCFL,1.0949835754895767,2.89220208,219.650094,21.186812573754324
30.0,unpCFL,1.1347826910928616,2.89220208,217.65606466666668,20.280596167427703
30.0,unpCFL,1.1745818066961466,2.89220208,215.70316233333332,19.39323654441658
30.0,unpCFL,1.214381554011371,2.89220208,213.79004166666667,18.52408776354907
30.0,unpCFL,1.2541806696146558,2.89220208,211.91598266666668,17.672780598353675
30.0,unpCFL,1.2939797852179407,2.89220208,210.080203,16.838922808171723
30.0,unpCFL,1.333779532533165,2.89220208,208.28236333333334,16.022319161057403
30.0,unpCFL,1.3735786481364498,2.89220208,206.52281133333332,15.223074120081654
30.0,unpCFL,1.413377763739735,2.89220208,204.80154033333335,14.441142351984638
30.0,unpCFL,1.453177511054959,2.89220208,203.119396,13.676848781376481
30.0,unpCFL,1.4929766266582438,2.89220208,201.47697066666666,12.930412247625934
30.0,unpCFL,1.532775742261529,2.89220208,199.87520933333332,12.202205603976351
30.0,unpCFL,1.5725754895767532,2.89220208,198.31541033333332,11.49275470545736
30.0,unpCFL,1.6123746051800378,2.89220208,196.798439,10.80240329266837
30.0,unpCFL,1.652173720783323,2.89220208,195.32567933333334,10.131717382954564
30.0,unpCFL,1.6919734680985472,2.89220208,193.89808533333334,9.481080162455878
30.0,unpCFL,1.7317725837018318,2.89220208,192.517046,8.851064329285665
30.0,unpCFL,1.771571699305117,2.89220208,191.18346433333332,8.24203426490866
30.0,unpCFL,1.8113714466203412,2.89220208,189.89815633333333,7.654317808087613
30.0,unpCFL,1.8511705622236259,2.89220208,188.662114,7.08832039961575
30.0,unpCFL,1.890969677826911,2.89220208,187.4758163333333,6.5442280523871865
30.0,unpCFL,1.9307694251421352,2.89220208,186.339854,6.022275330688368
30.0,unpCFL,1.9705685407454203,2.89220208,185.25475866666665,5.522673473959392
30.0,unpCFL,2.010367656348705,2.89220208,184.22001766666665,5.045187262076681
30.0,unpCFL,2.050167403663929,2.89220208,183.23597633333333,4.589948241501782
30.0,unpCFL,2.089966519267214,2.89220208,182.30167133333333,4.156530970548344
30.0,unpCFL,2.129765634870499,2.89220208,181.4161596666667,3.7445181389108035
30.0,unpCFL,2.169565382185723,2.89220208,180.58177733333332,3.354899602173783
30.0,unpCFL,2.209364497789008,2.89220208,179.79433433333332,2.985869242596449
30.0,unpCFL,2.249163613392293,2.89220208,179.0546006666667,2.637748097887509
30.0,unpCFL,2.2889633607075175,2.89220208,178.360027,2.3094354661893126
30.0,unpCFL,2.328762476310802,2.89220208,177.711382,2.0012548771775585
30.0,unpCFL,2.368561591914087,2.89220208,177.10782966666665,1.7128412993724398
30.0,unpCFL,2.4083613392293115,2.89220208,176.54515133333334,1.442384384700196
30.0,unpCFL,2.448160454832596,2.89220208,176.02242266666664,1.1894859426592177
30.0,unpCFL,2.4879595704358817,2.89220208,175.54049333333333,0.9545059676066698
30.0,unpCFL,2.5277593177511055,2.89220208,175.0949916666667,0.7355731039155463
30.0,unpCFL,2.56755843335439,2.89220208,174.68673833333332,0.5330388442139894
30.0,unpCFL,2.6073575489576757,2.89220208,174.31303366666668,0.3457475608923817
30.0,unpCFL,2.6471572962728995,2.89220208,173.97105866666666,0.17249626787964908
30.0,unpCFL,2.686956411876184,2.89220208,173.65974266666666,0.012829314570533533
30.0,unpCFL,2.726756159191409,2.89220208,173.379761,-0.13296072952989899
30.0,unpCFL,2.7665552747946935,2.89220208,173.12445466666668,-0.2677167210512612
30.0,unpCFL,2.8063543903979786,2.89220208,172.89620133333335,-0.39041660726887956
30.0,unpCFL,2.846154137713203,2.89220208,172.693599,-0.5016561074609782
30.0,unpCFL,2.8859532533164876,2.89220208,172.51144433333332,-0.6036514068288944
30.0,unpCFL,2.9257523689197726,2.89220208,172.35001633333334,-0.6962766404017589
30.0,unpCFL,2.965552116234997,2.89220208,172.20755966666667,-0.7802765165455716
30.0,unpCFL,3.0053512318382816,2.89220208,172.08229166666666,-0.8564051480206193
30.0,unpCFL,3.0451503474415667,2.89220208,171.97415666666666,-0.9246803983532634
30.0,unpCFL,3.084950094756791,2.89220208,171.87713366666668,-0.9876655449187358
30.0,unpCFL,3.124749210360076,2.89220208,171.794965,-1.0437580272125482
30.0,unpCFL,3.1645483259633607,2.89220208,171.72123133333335,-1.095692341636103
30.0,unpCFL,3.204348073278585,2.89220208,171.6574623333333,-1.142809867519628
30.0,unpCFL,3.2441471888818696,2.89220208,171.60099166666666,-1.186245259687564
30.0,unpCFL,3.283946304485155,2.89220208,171.5490396666667,-1.2271793335640515
30.0,unpCFL,3.323746051800379,2.89220208,171.50279700000002,-1.2651037285546936
30.0,unpCFL,3.3635451674036636,2.89220208,171.459284,-1.3012878581145788
30.0,unpCFL,3.403344283006949,2.89220208,171.41735033333333,-1.3362212034534229
30.0,unpCFL,3.443144030322173,2.89220208,171.37378533333333,-1.3712745516285498
30.0,unpCFL,3.4829431459254576,2.89220208,171.33163566666664,-1.4051518927117785
30.0,unpCFL,3.522742261528743,2.89220208,171.282999,-1.441225040272887
30.0,unpCFL,3.562542008843967,2.89220208,171.23318566666666,-1.4772375856524924
30.0,unpCFL,3.6023411244472525,2.89220208,171.17627733333333,-1.5157176139464204
30.0,unpCFL,3.642140240050537,2.89220208,171.11301533333332,-1.5563578003984608
30.0,unpCFL,3.681939987365761,2.89220208,171.04198933333333,-1.5997682745957151
30.0,unpCFL,3.7217391029690465,2.89220208,170.96396199999998,-1.645636992864205
30.0,unpCFL,3.761538218572331,2.89220208,170.8727626666667,-1.6966047767278067
30.0,unpCFL,3.801337965887555,2.89220208,170.77187166666667,-1.751200718662664
30.0,unpCFL,3.8411370814908405,2.89220208,170.659516,-1.8101978614188035
30.0,unpCFL,3.880936197094125,2.89220208,170.53479266666668,-1.8739936563708928
30.0,unpCFL,3.92073594440935,2.89220208,170.39381733333332,-1.9442599747534157
30.0,unpCFL,3.9605350600126346,2.89220208,170.24001433333333,-2.0195589723965854
30.0,unpCFL,4.00033417561592,2.89220208,170.07041900000002,-2.1011661130826362
30.0,unpCFL,4.040133922931144,2.89220208,169.88357,-2.1897261527169416
30.0,unpCFL,4.079933038534429,2.89220208,169.681536,-2.2843745391554497
30.0,unpCFL,4.119732154137713,2.89220208,169.46105266666666,-2.386520876666053
30.0,unpCFL,4.1595319014529375,2.89220208,169.22163233333333,-2.4963920517701195
30.0,unpCFL,4.199331017056222,2.89220208,168.96360866666666,-2.613860295492883
30.0,unpCFL,4.239130132659508,2.89220208,168.68637933333332,-2.7392028993499853
30.0,unpCFL,4.278929879974732,2.89220208,168.39020466666668,-2.8723268197336504
30.0,unpCFL,4.318728995578017,2.89220208,168.07056066666667,-3.0151731065618543
30.0,unpCFL,4.358528742893241,2.89220208,167.73300466666666,-3.165393255293271
30.0,unpCFL,4.3983278584965255,2.89220208,167.37348133333336,-3.3247267973277053
30.0,unpCFL,4.43812697409981,2.89220208,166.99319933333334,-3.492672905541175
30.0,unpCFL,4.477926721415035,2.89220208,166.59089066666667,-3.6697852359367253
30.0,unpCFL,4.51772583701832,2.89220208,166.16543099999998,-3.8565538315629455
30.0,unpCFL,4.557524952621605,2.89220208,165.71629733333333,-4.053211232139046
30.0,unpCFL,4.597324699936829,2.89220208,165.245566,-4.258883277735408
30.0,unpCFL,4.6371238155401135,2.89220208,164.75306433333333,-4.473650660278685
30.0,unpCFL,4.676922931143398,2.89220208,164.23326433333335,-4.6998750740451385
30.0,unpCFL,4.716722678458623,2.89220208,163.69196866666667,-4.935091065419598
30.0,unpCFL,4.756521794061908,2.89220208,163.12644833333334,-5.180467778722731
30.0,unpCFL,4.796320909665193,2.89220208,162.53498366666665,-5.43673986056656
30.0,unpCFL,4.836120656980417,2.89220208,161.921162,-5.702381107304689
30.0,unpCFL,4.875919772583702,2.89220208,161.279966,-5.979535733809093
30.0,unpCFL,4.915718888186986,2.89220208,160.612741,-6.2676309176514415
30.0,unpCFL,4.955518635502211,2.89220208,159.92082733333334,-6.566095466098816
30.0,unpCFL,4.995317751105496,2.89220208,159.20262433333335,-6.875615336720836
30.0,unpCFL,5.035116866708781,2.89220208,158.46002666666666,-7.195380319516841
30.0,unpCFL,5.074916614024005,2.89220208,157.68791666666667,-7.527580705736541
30.0,unpCFL,5.11471572962729,2.89220208,156.88836899999998,-7.871329524109776
30.0,unpCFL,5.154514845230575,2.89220208,156.060147,-8.22715630855669
30.0,unpCFL,5.194314592545799,2.89220208,155.20460066666666,-8.594488659755148
30.0,unpCFL,5.234113708149084,2.89220208,154.32030699999999,-8.973936738635928
30.0,unpCFL,5.273912823752369,2.89220208,153.40923733333332,-9.364660883253103
30.0,unpCFL,5.313712571067593,2.89220208,152.4662363333333,-9.76886984494121
30.0,unpCFL,5.353511686670878,2.89220208,151.49309533333332,-10.185802228429779
30.0,unpCFL,5.393310802274163,2.89220208,150.48766666666668,-10.616384223833133
30.0,unpCFL,5.433110549589387,2.89220208,149.451681,-11.059879014638273
30.0,unpCFL,5.472909665192672,2.89220208,148.38613433333333,-11.515874192398172
30.0,unpCFL,5.512708780795958,2.89220208,147.28563133333333,-11.986683064815235
30.0,unpCFL,5.552508528111181,2.89220208,146.15068433333332,-12.472098649408887
30.0,unpCFL,5.592307643714466,2.89220208,144.98551566666666,-12.97031751422532
30.0,unpCFL,5.632106759317751,2.89220208,143.78414433333333,-13.48392158292524
30.0,unpCFL,5.6719065066329755,2.89220208,142.55078466666666,-14.01111610109044
30.0,unpCFL,5.711705622236261,2.89220208,141.27806666666666,-14.555069007701302
30.0,unpCFL,5.751504737839546,2.89220208,139.96985366666667,-15.114137792551785
30.0,unpCFL,5.791304485154769,2.89220208,138.62647666666666,-15.688197727341173
30.0,unpCFL,5.831103600758055,2.89220208,137.24430333333333,-16.278819638104036
30.0,unpCFL,5.870902716361339,2.89220208,135.82607,-16.88484247231996
30.0,unpCFL,5.9107024636765635,2.89220208,134.36443666666668,-17.509437272496417
30.0,unpCFL,5.950501579279849,2.89220208,132.866212,-18.14969369006079
30.0,unpCFL,5.990300694883134,2.89220208,131.330635,-18.805953435589206
30.0,unpCFL,6.030100442198358,2.89220208,129.74931066666667,-19.481840139949615
30.0,unpCFL,6.069899557801643,2.89220208,128.12923033333334,-20.17436214615901
30.0,unpCFL,6.109699305116867,2.89220208,126.46571733333333,-20.885546691282876
30.0,unpCFL,6.149498420720152,2.89220208,124.75712733333333,-21.616117185428127
30.0,unpCFL,6.189297536323437,2.89220208,123.01068733333334,-22.36298151743176
30.0,unpCFL,6.22909728363866,2.89220208,121.21311933333332,-23.13186111064744
30.0,unpCFL,6.268896399241946,2.89220208,119.37492166666667,-23.918262211622874
30.0,unpCFL,6.308695514845231,2.89220208,117.48719666666666,-24.726018648760288
30.0,unpCFL,6.348496525584333,2.89220208,115.55674733333333,-25.552219174925035
30.0,unpCFL,6.3882943777637395,2.88097323,113.58269333333332,-26.395376163069876
30.0,unpCFL,6.428092229943147,2.85534549,111.60403333333333,-27.23801657394067
30.0,unpCFL,6.467890082122553,2.82954904,109.62926533333332,-28.078815948905987
30.0,unpCFL,6.507694251421352,2.80369088,107.66681966666667,-28.914163061275367
30.0,unpCFL,6.547492103600758,2.77767353,105.70956833333334,-29.74711399058012
30.0,unpCFL,6.587289955780164,2.75154979,103.761764,-30.575848727403198
30.0,unpCFL,6.62708780795957,2.72532127,101.82377233333334,-31.40021258472701
30.0,unpCFL,6.666891977258371,2.69899408,99.89626733333333,-32.21991846860268
30.0,unpCFL,6.706689829437776,2.67262125,97.983295,-33.0332356045508
30.0,unpCFL,6.746487681617182,2.64615878,96.08183066666668,-33.84146441874811
30.0,unpCFL,6.786285533796589,2.61965881,94.195756,-34.64293712346019
30.0,unpCFL,6.826089703095389,2.59307937,92.322237,-35.438874526799594
30.0,unpCFL,6.865887555274795,2.56651766,90.46818333333334,-36.22631720438002
30.0,unpCFL,6.905685407454201,2.5398898,88.62782466666665,-37.00773316473672
30.0,unpCFL,6.9454832596336065,2.51328833,86.80759766666667,-37.78037132101164
30.0,unpCFL,6.985287428932407,2.48663234,85.002022,-38.5465765734033
30.0,unpCFL,7.025085281111814,2.46001629,83.21751633333334,-39.30360433342264
30.0,unpCFL,7.064883133291219,2.43340271,81.45154000000001,-40.05253918064925
30.0,unpCFL,7.104680985470625,2.40680006,79.70466033333334,-40.793137952250916
30.0,unpCFL,7.1444788376500314,2.38025248,77.97971033333333,-41.524192794225456
30.0,unpCFL,7.1842830069488315,2.3537269,76.27448233333332,-42.246645007114964
30.0,unpCFL,7.224080859128238,2.32727225,74.59203433333333,-42.95919262478784
30.0,unpCFL,7.263878711307644,2.30089483,72.93263133333333,-43.66171695600909
30.0,unpCFL,7.30367656348705,2.27455954,71.293956,-44.35520964253956
30.0,unpCFL,7.34348073278585,2.24831437,69.67887166666667,-45.03845078897496
30.0,unpCFL,7.3832785849652565,2.22216157,68.08734166666666,-45.71145312308138
30.0,unpCFL,7.423076437144663,2.19611097,66.519782,-46.37404382766464
30.0,unpCFL,7.462874289324068,2.17013101,64.97413166666666,-47.027095287392434
30.0,unpCFL,7.502678458622867,2.1442676,63.45294466666667,-47.669523447224144
30.0,unpCFL,7.542476310802275,2.11855757,61.958125,-48.300519029270326
30.0,unpCFL,7.5822741629816806,2.09293964,60.48588433333334,-48.921692324991945
30.0,unpCFL,7.622072015161087,2.06745339,59.038281999999995,-49.53217079049835
30.0,unpCFL,7.661869867340493,2.04210397,57.615355666666666,-50.1319373221217
30.0,unpCFL,7.701674036639292,2.01689928,56.217287000000006,-50.72091774422537
30.0,unpCFL,7.741471888818699,1.9918449,54.84410533333333,-51.29909710848502
30.0,unpCFL,7.7812697409981055,1.96697333,53.497279000000006,-51.86585819543081
30.0,unpCFL,7.821067593177512,1.94223172,52.173653666666674,-52.42253592466105
30.0,unpCFL,7.860871762476311,1.91765404,50.87477633333333,-52.96848096027149
30.0,unpCFL,7.900669614655716,1.89327575,49.60218166666667,-53.50304058994355
30.0,unpCFL,7.940467466835124,1.86904076,48.35262766666666,-54.027592615889354
30.0,unpCFL,7.98026531901453,1.84501166,47.129020999999995,-54.54090851172609
30.0,unpCFL,8.020069488313329,1.82116558,45.92984066666667,-55.04363553846225
30.0,unpCFL,8.059867340492735,1.79750604,44.754930666666674,-55.53583912649283
30.0,unpCFL,8.099665192672141,1.77403579,43.604087,-56.017610729095665
30.0,unpCFL,8.13946304485155,1.75075775,42.47711266666667,-56.48903617269218
30.0,unpCFL,8.179267214150348,1.72767896,41.37400066666667,-56.95012291230978
30.0,unpCFL,8.219065066329753,1.70482477,40.295586,-57.40051965538595
30.0,unpCFL,8.258862918509159,1.6821472,39.239252666666665,-57.84133443089473
30.0,unpCFL,8.298660770688565,1.65970173,38.207230333333335,-58.2716324766317
30.0,unpCFL,8.338458622867973,1.63744066,37.19696366666667,-58.69249096767684
30.0,unpCFL,8.378262792166772,1.61541555,36.21043266666666,-59.10308528150763
30.0,unpCFL,8.418060644346179,1.59360194,35.24616,-59.50403854052285
30.0,unpCFL,8.457858496525585,1.57200379,34.30395866666667,-59.89543369179441
30.0,unpCFL,8.49765634870499,1.5506455,33.384511,-60.276992610765085
30.0,unpCFL,8.53746051800379,1.52948465,32.48562846666667,-60.649634635253484
30.0,unpCFL,8.577258370183197,1.5085433,31.607904666666666,-61.013117793030744
30.0,unpCFL,8.617056222362603,1.48784512,30.751952533333334,-61.367192094328416
30.0,unpCFL,8.656854074542009,1.46734949,29.915731633333333,-61.712714812236285
30.0,unpCFL,8.696658243840808,1.44709793,29.100578133333332,-62.049135525603
30.0,unpCFL,8.736456096020214,1.42707194,28.305372566666666,-62.376925501769435
30.0,unpCFL,8.77625394819962,1.40727116,27.529746833333334,-62.69624720779251
30.0,unpCFL,8.816051800379027,1.38769663,26.773388766666667,-63.007236706752
30.0,unpCFL,8.855855969677828,1.36832948,26.03523476666667,-63.31034154844713
30.0,unpCFL,8.895653821857234,1.34920922,25.316444333333333,-63.605087913450795
30.0,unpCFL,8.93545167403664,1.33031624,24.615919866666665,-63.891938857267526
30.0,unpCFL,8.975249526216045,1.31164974,23.9332927,-64.17105433443787
30.0,unpCFL,9.015047378395451,1.29321163,23.268294533333336,-64.44255299235299
30.0,unpCFL,9.054851547694252,1.27500056,22.620543966666666,-64.70660158708462
30.0,unpCFL,9.094649399873658,1.25701637,21.98970543333333,-64.9633439740552
30.0,unpCFL,9.134447252053064,1.23924239,21.374881033333335,-65.21316030866589
30.0,unpCFL,9.17424510423247,1.22171118,20.776875533333335,-65.45572787651422
30.0,unpCFL,9.21404927353127,1.20440541,20.194769466666667,-65.69143317061574
30.0,unpCFL,9.253847125710676,1.1873101,19.627756633333334,-65.92061373935296
30.0,unpCFL,9.293644977890082,1.1704392,19.076001599999998,-66.14321302797325
30.0,unpCFL,9.333442830069488,1.15380669,18.539648266666667,-66.35918114794364
30.0,unpCFL,9.373246999368288,1.13738276,18.017435933333335,-66.56904208058486
30.0,unpCFL,9.413044851547696,1.12116701,17.5090769,-66.7729221905901
30.0,unpCFL,9.452842703727102,1.10518576,17.015106499999998,-66.9706130970293
30.0,unpCFL,9.492640555906506,1.08941246,16.534418733333332,-67.16257393303245
30.0,unpCFL,9.532438408085913,1.07385745,16.067056966666666,-67.34879758987368
30.0,unpCFL,9.572242577384712,1.05850857,15.612389166666667,-67.5295504345699
30.0,unpCFL,9.61204042956412,1.04337699,15.170482333333332,-67.70481362318078
30.0,unpCFL,9.651838281743526,1.02846173,14.741042666666667,-67.87471831488028
30.0,unpCFL,9.691636133922932,1.01375004,14.323447933333334,-68.0395246521706
30.0,unpCFL,9.731440303221731,0.999240878,13.917426366666666,-68.19935317934292
30.0,unpCFL,9.771238155401138,0.984945086,13.523035866666667,-68.35419118903226
30.0,unpCFL,9.811036007580544,0.970850768,13.139706933333335,-68.50427814305988
30.0,unpCFL,9.85083385975995,0.956957671,12.767201133333334,-68.64972174690382
30.0,unpCFL,9.89063802905875,0.943275645,12.405549233333334,-68.79052227472454
30.0,unpCFL,9.930435881238155,0.929783757,12.053973633333333,-68.92699973778983
30.0,unpCFL,9.970233733417562,0.91649245,11.712531266666668,-69.0591450556699
30.0,unpCFL,10.010031585596968,0.903402345,11.381020566666667,-69.18705328347262
30.0,unpCFL,10.049835754895767,0.890504529,11.059003466666667,-69.31091199446877
30.0,unpCFL,10.089633607075173,0.877801386,10.7463373,-69.4307925144144
30.0,unpCFL,10.12943145925458,0.865287265,10.442682466666668,-69.54684646927548
30.0,unpCFL,10.169229311433986,0.852976828,10.148195466666666,-69.65903618907153
30.0,unpCFL,10.209027163613394,0.840851643,9.862237733333334,-69.76763654327006
30.0,unpCFL,10.248831332912193,0.828928952,9.585028533333334,-69.8726014975125
30.0,unpCFL,10.288629185091597,0.817215086,9.316517133333333,-69.97401124807978
30.0,unpCFL,10.328427037271004,0.805720704,9.056757933333333,-70.07198169680893
30.0,unpCFL,10.36822488945041,0.790802866,8.7237993,-70.19034865485621
30.0,unpCFL,10.40802905874921,0.779478556,8.476065,-70.28227337929351
30.0,unpCFL,10.447826910928617,0.768330157,8.235647366666667,-70.37115248054744
30.0,unpCFL,10.487624763108023,0.75734958,8.0022144,-70.45717239535189
30.0,unpCFL,10.52742261528743,0.746544628,7.775776266666667,-70.54046873812091
30.0,unpCFL,10.567226784586229,0.73592134,7.556300433333333,-70.62188670968949
30.0,unpCFL,10.607024636765635,0.723574575,7.305145866666667,-70.70340349950064
30.0,unpCFL,10.646822488945041,0.713178509,7.0969526,-70.77789070669671
30.0,unpCFL,10.686620341124447,0.702941113,6.894866933333334,-70.84976519547027
30.0,unpCFL,10.726424510423248,0.692853669,6.698586166666667,-70.91915050385819
30.0,unpCFL,10.766222362602655,0.682921142,6.508078800000001,-70.98606795919966
30.0,unpCFL,10.806020214782059,0.673141051,6.3231714000000006,-71.0505940389376
30.0,unpCFL,10.845818066961465,0.663511565,6.143706266666666,-71.11279697672902
30.0,unpCFL,10.885615919140871,0.654018566,5.9693057666666665,-71.17282314521867
30.0,unpCFL,10.925420088439672,0.644678398,5.800156133333333,-71.23061850900066
30.0,unpCFL,10.965217940619079,0.635476934,5.635888933333334,-71.28632485378867
30.0,unpCFL,11.005015792798485,0.626418097,5.476466733333334,-71.33996744075364
30.0,unpCFL,11.044813644977891,0.617494393,5.321652333333334,-71.39164055993203
30.0,unpCFL,11.08461781427669,0.608704524,5.171324733333334,-71.44139821785224
30.0,unpCFL,11.124415666456096,0.600056708,5.025522633333334,-71.48923890966971
30.0,unpCFL,11.164213518635503,0.591532508,4.883840533333333,-71.5353127981776
30.0,unpCFL,11.204011370814909,0.583142319,4.746359533333333,-71.57960396640412
30.0,unpCFL,11.243815540113708,0.574883776,4.612948033333334,-71.62216951096204
30.0,unpCFL,11.283613392293114,0.566748451,4.483382433333333,-71.66309528431215
30.0,unpCFL,11.32341124447252,0.558736117,4.357576033333333,-71.70242084744372
30.0,unpCFL,11.363209096651927,0.550844963,4.235418866666667,-71.74019431446365
30.0,unpCFL,11.403006948831333,0.543079217,4.1168952333333335,-71.77643216887346
30.0,unpCFL,11.442811118130132,0.535433788,4.001847966666667,-71.81119934974419
30.0,unpCFL,11.482608970309538,0.527900967,3.8900869333333334,-71.8445646480101
30.0,unpCFL,11.522406822488946,0.520484916,3.7816018666666666,-71.87654602171519
30.0,unpCFL,11.562204674668353,0.513183664,3.6762923666666665,-71.90718309503578
30.0,unpCFL,11.602008843967152,0.505996715,3.5740817666666667,-71.9365149910252
30.0,unpCFL,11.641806696146556,0.49891436,3.4747662999999998,-71.96461290482243
30.0,unpCFL,11.681604548325963,0.491944138,3.3783873333333334,-71.99147624524281
30.0,unpCFL,11.72140240050537,0.485080288,3.284802196666667,-72.01715963746803
30.0,unpCFL,11.76120656980417,0.478321182,3.193928086666667,-72.04169913185291
30.0,unpCFL,11.801004421983576,0.471668805,3.1057318566666665,-72.06511531562224
30.0,unpCFL,11.840802274162982,0.465114184,3.020038003333333,-72.08746985200102
30.0,unpCFL,11.880600126342388,0.458664024,2.93687879,-72.10876546158497
30.0,unpCFL,11.920404295641188,0.452308531,2.856074363333333,-72.12906345260444
30.0,unpCFL,11.960202147820594,0.446053141,2.7776420833333333,-72.14837095690838
30.0,unpCFL,12.0,0.439890514,2.7014396566666665,-72.16673587520047
40.0,unpaired,0.1,17.4564918,3121.746225,inf
40.0,unpaired,0.13979930511686672,13.3500964,1810.29761,inf
40.0,unpaired,0.17959867340492736,11.3446077,1299.5017750000002,inf
40.0,unpaired,0.21939797852179407,10.1158949,1028.5773725,inf
40.0,unpaired,0.25919734680985473,9.26436069,859.5087975,inf
40.0,unpaired,0.2989966519267214,8.62671877,742.9114975,249.63648293252965
40.0,unpaired,0.33879595704358817,8.12350618,656.9470475,212.25606215207773
40.0,unpaired,0.3785953253316488,7.7113067,590.5185775,183.3320744494309
40.0,unpaired,0.4183946304485155,7.36429985,537.39296,160.19139609817267
40.0,unpaired,0.4581939987365761,7.06611579,493.79530000000005,141.19364499717466
40.0,unpaired,0.49799330385344287,6.80583676,457.30008,125.28465992444296
40.0,unpaired,0.5377926721415035,6.57585176,426.26977999999997,111.75265117678958
40.0,unpaired,0.5775919772583702,6.37064491,399.5518325,100.09655451390533
40.0,unpaired,0.6173912823752369,6.1860839,376.3064675,89.95124556882368
40.0,unpaired,0.6571907770056854,6.01900223,355.9059675,81.04376264263274
40.0,unpaired,0.6969898926089704,5.86691008,337.8690275,73.16478638945182
40.0,unpaired,0.7367890082122552,5.72780306,321.8182775,66.15018601016128
40.0,unpaired,0.7765887555274795,5.60004064,307.45293000000004,59.86912483316257
40.0,unpaired,0.8163878711307644,5.48225368,294.529,54.21547104579686
40.0,unpaired,0.8561869867340492,5.37329439,282.8471025,49.102488109149526
40.0,unpaired,0.8959867340492736,5.27219973,272.243435,44.45890818607022
40.0,unpaired,0.9357858496525585,5.1781348,262.5802375,40.22479871414507
40.0,unpaired,0.9755855969677827,5.09037523,253.74124750000001,36.349574974627394
40.0,unpaired,1.0153847125710675,5.0083082,245.62946449999998,32.79103084414094
40.0,unpaired,1.0551838281743526,4.93138011,238.16047325,29.512436821825954
40.0,unpaired,1.0949835754895767,4.85913396,231.26452725,26.483437902499794
40.0,unpaired,1.1347826910928616,4.79114379,224.879374,23.676947720971416
40.0,unpaired,1.1745818066961466,4.7270492,218.95261399999998,21.070160198448782
40.0,unpaired,1.214381554011371,4.66653006,213.43862224999998,18.64321743344073
40.0,unpaired,1.2541806696146558,4.60929832,208.2973075,16.378670893685438
40.0,unpaired,1.2939797852179407,4.5551089,203.4945815,14.261679731767583
40.0,unpaired,1.333779532533165,4.50373919,199.00017,12.279062799960032
40.0,unpaired,1.3735786481364498,4.45498734,194.7871925,10.419118826642007
40.0,unpaired,1.413377763739735,4.40868338,190.8328235,8.671905144596085
40.0,unpaired,1.453177511054959,4.36466631,187.116135,7.028308091368535
40.0,unpaired,1.4929766266582438,4.32279294,183.61869425,5.48030008912432
40.0,unpaired,1.532775742261529,4.28293467,180.3241325,4.020750460683649
40.0,unpaired,1.5725754895767532,4.24498065,177.21824750000002,2.6434696422635464
40.0,unpaired,1.6123746051800378,4.20882855,174.288172,1.3428498598628587
40.0,unpaired,1.652173720783323,4.17437671,171.5216575,0.11355632708679902
40.0,unpaired,1.6919734680985472,4.14154307,168.90850125,-1.0488605437558765
40.0,unpaired,1.7317725837018318,4.11024708,166.439052,-2.148606412852415
40.0,unpaired,1.771571699305117,4.08041365,164.10446374999998,-3.189536404035219
40.0,unpaired,1.8113714466203412,4.0519769,161.896937,-4.175051513616596
40.0,unpaired,1.8511705622236259,4.02486847,159.80879825,-5.10849426259306
40.0,unpaired,1.890969677826911,3.99903454,157.8337305,-5.992619808567434
40.0,unpaired,1.9307694251421352,3.97441583,155.9652515,-6.83025194780671
40.0,unpaired,1.9705685407454203,3.95095718,154.197405,-7.6239841305061145
40.0,unpaired,2.010367656348705,3.92861721,152.5254505,-8.375884608267642
40.0,unpaired,2.050167403663929,3.90733723,150.94354125,-9.088495074873984
40.0,unpaired,2.089966519267214,3.88708058,149.44761025,-9.763589246462514
40.0,unpaired,2.129765634870499,3.86780367,148.03322175,-10.403095630461571
40.0,unpaired,2.169565382185723,3.84945745,146.69566924999998,-11.009059566844634
40.0,unpaired,2.209364497789008,3.83199802,145.4307555,-11.58330185346212
40.0,unpaired,2.249163613392293,3.81543274,144.23805525,-12.126025137959408
40.0,unpaired,2.2889633607075175,3.79964407,143.10827425,-12.641235059558946
40.0,unpaired,2.328762476310802,3.78467676,142.04384325,-13.127903771885778
40.0,unpaired,2.368561591914087,3.77041588,141.0358585,-13.589864615210539
40.0,unpaired,2.4083613392293115,3.75690733,140.08694450000002,-14.02600497449254
40.0,unpaired,2.448160454832596,3.74403893,139.18856499999998,-14.439994418542108
40.0,unpaired,2.4879595704358817,3.73185964,138.343649,-14.830588546505094
40.0,unpaired,2.5277593177511055,3.7202574,137.54380974999998,-15.2013894627081
40.0,unpaired,2.56755843335439,3.70928333,136.79221224999998,-15.551048913636441
40.0,unpaired,2.6073575489576757,3.6988252,136.08056125000002,-15.8831256252833
40.0,unpaired,2.6471572962728995,3.68893614,135.4122265,-16.196181966300628
40.0,unpaired,2.686956411876184,3.67950282,134.7789355,-16.49376398606479
40.0,unpaired,2.726756159191409,3.67057887,134.1841445,-16.774395110890573
40.0,unpaired,2.7665552747946935,3.6620504,133.61962,-17.041601160449076
40.0,unpaired,2.8063543903979786,3.65397,133.08877875000002,-17.293921841940737
40.0,unpaired,2.846154137713203,3.64626475,132.5863085,-17.533630578725823
40.0,unpaired,2.8859532533164876,3.63890312,132.109808,-17.76175413723318
40.0,unpaired,2.9257523689197726,3.6318529,131.65684725,-17.979330278909952
40.0,unpaired,2.965552116234997,3.62516065,131.2304575,-18.18506414089813
40.0,unpaired,3.0053512318382816,3.61871139,130.822508,-18.382428248502176
40.0,unpaired,3.0451503474415667,3.61250958,130.4331485,-18.57135701588054
40.0,unpaired,3.084950094756791,3.60656148,130.06266225,-18.751728340911384
40.0,unpaired,3.124749210360076,3.60078704,129.70537,-18.925965704505526
40.0,unpaired,3.1645483259633607,3.59523024,129.36417550000002,-19.092827080202866
40.0,unpaired,3.204348073278585,3.58981045,129.033386,-19.254741860812917
40.0,unpaired,3.2441471888818696,3.58452808,128.7129085,-19.411747553844563
40.0,unpaired,3.283946304485155,3.57938374,128.402665,-19.56387621053168
40.0,unpaired,3.323746051800379,3.57429219,128.09668325,-19.71367441992397
40.0,unpaired,3.3635451674036636,3.56929361,127.79760775,-19.860014168952137
40.0,unpaired,3.403344283006949,3.56434504,127.50239375000001,-20.00419290268156
40.0,unpaired,3.443144030322173,3.55940005,127.20774424999999,-20.147616345027657
40.0,unpaired,3.4829431459254576,3.55449871,126.91631875,-20.28915149748536
40.0,unpaired,3.522742261528743,3.54955066,126.62182675,-20.43148152552215
40.0,unpaired,3.562542008843967,3.54459818,126.32708925,-20.573403927740852
40.0,unpaired,3.6023411244472525,3.53963706,126.03172975,-20.71508264851588
40.0,unpaired,3.642140240050537,3.5345314,125.72635849999999,-20.86052150206819
40.0,unpaired,3.681939987365761,3.52941239,125.41990675,-21.005917625165644
40.0,unpaired,3.7217391029690465,3.5241887,125.10604550000001,-21.153971249889665
40.0,unpaired,3.761538218572331,3.51881428,124.78157675,-21.306048531401327
40.0,unpaired,3.801337965887555,3.513383,124.45287499999999,-21.459438686363605
40.0,unpaired,3.8411370814908405,3.50774731,124.10980675,-21.61846550311971
40.0,unpaired,3.880936197094125,3.50201784,123.75990325000001,-21.779923051467396
40.0,unpaired,3.92073594440935,3.49609028,123.39601574999999,-21.94686608182219
40.0,unpaired,3.9605350600126346,3.48997965,123.01915550000001,-22.11886600860709
40.0,unpaired,4.00033417561592,3.48373632,122.6327505,-22.29447217080343
40.0,unpaired,4.040133922931144,3.47727924,122.23127824999999,-22.47604129697212
40.0,unpaired,4.079933038534429,3.4705617,121.81158350000001,-22.664927000572586
40.0,unpaired,4.119732154137713,3.46370432,121.3818855,-22.85763222724459
40.0,unpaired,4.1595319014529375,3.45656992,120.93290625,-23.058117608286516
40.0,unpaired,4.199331017056222,3.44927575,120.47263625000001,-23.262988254754184
40.0,unpaired,4.239130132659508,3.44169754,119.99270974999999,-23.475811557958842
40.0,unpaired,4.278929879974732,3.43385558,119.49457950000001,-23.69597691771208
40.0,unpaired,4.318728995578017,3.42582362,118.98329550000001,-23.9213426733684
40.0,unpaired,4.358528742893241,3.41753401,118.45437475000001,-24.15382261697195
40.0,unpaired,4.3983278584965255,3.40896136,117.90621225,-24.394108896730447
40.0,unpaired,4.43812697409981,3.40009268,117.338051,-24.642528647688046
40.0,unpaired,4.477926721415035,3.39101303,116.75571725,-24.896608195756063
40.0,unpaired,4.51772583701832,3.38160842,116.1517075,-25.15954861680953
40.0,unpaired,4.557524952621605,3.37196598,115.53199325,-25.428815476564317
40.0,unpaired,4.597324699936829,3.36207457,114.8959625,-25.704675895846155
40.0,unpaired,4.6371238155401135,3.35183353,114.23709275000002,-25.989908724486025
40.0,unpaired,4.676922931143398,3.34138631,113.565076,-26.28039751118829
40.0,unpaired,4.716722678458623,3.33057669,112.86974775000002,-26.580472477112302
40.0,unpaired,4.756521794061908,3.31955509,112.16123375,-26.88583102351344
40.0,unpaired,4.796320909665193,3.30817178,111.42987000000001,-27.20058951270705
40.0,unpaired,4.836120656980417,3.29652829,110.68254850000001,-27.52182116327546
40.0,unpaired,4.875919772583702,3.28462295,109.91935825,-27.84949501730106
40.0,unpaired,4.915718888186986,3.27241597,109.137921,-28.184625341785246
40.0,unpaired,4.955518635502211,3.25990512,108.33832924999999,-28.52718037201155
40.0,unpaired,4.995317751105496,3.2471002,107.52146124999999,-28.876789870847183
40.0,unpaired,5.035116866708781,3.2340109,106.68819,-29.233086790427183
40.0,unpaired,5.074916614024005,3.22058621,105.835491,-29.59736552195406
40.0,unpaired,5.11471572962729,3.20693458,104.970585,-29.96655885297578
40.0,unpaired,5.154514845230575,3.1929717,104.08831949999998,-30.34286095997591
40.0,unpaired,5.194314592545799,3.1786964,103.18890725000001,-30.72618989876477
40.0,unpaired,5.234113708149084,3.16412434,102.27363075,-31.116003233926975
40.0,unpaired,5.273912823752369,3.14930853,101.346108,-31.510768833223043
40.0,unpaired,5.313712571067593,3.13416474,100.40131225,-31.912627980554547
40.0,unpaired,5.353511686670878,3.11875242,99.44327325,-32.31987106857656
40.0,unpaired,5.393310802274163,3.1030209,98.4691195,-32.733729884298846
40.0,unpaired,5.433110549589387,3.08703964,97.48347175,-33.15223892199039
40.0,unpaired,5.472909665192672,3.07076319,96.483801,-33.5764797894201
40.0,unpaired,5.512708780795958,3.05424628,95.47377125,-34.00490115762748
40.0,unpaired,5.552508528111181,3.0374044,94.448503,-34.439585621531606
40.0,unpaired,5.592307643714466,3.02034566,93.41489475,-34.87759998057802
40.0,unpaired,5.632106759317751,3.00297703,92.36759049999999,-35.32122710429839
40.0,unpaired,5.6719065066329755,2.98535729,91.31045775,-35.76882717434002
40.0,unpaired,5.711705622236261,2.96744343,90.241223,-36.221376207034716
40.0,unpaired,5.751504737839546,2.94929334,89.16364949999999,-36.67727397667179
40.0,unpaired,5.791304485154769,2.9309121,88.07831575,-37.136283954203016
40.0,unpaired,5.831103600758055,2.91226215,86.9833005,-37.59922537337196
40.0,unpaired,5.870902716361339,2.89339706,85.8820405,-38.064638219986016
40.0,unpaired,5.9107024636765635,2.87427553,84.77240975,-38.53342978641403
40.0,unpaired,5.950501579279849,2.85490817,83.65532974999999,-39.00521882526946
40.0,unpaired,5.990300694883134,2.8353014,82.53146725,-39.47971729660654
40.0,unpaired,6.030100442198358,2.81550423,81.40390049999999,-39.955629694546076
40.0,unpaired,6.069899557801643,2.79548061,80.2708385,-40.4337104441526
40.0,unpaired,6.109699305116867,2.77527883,79.13527024999999,-40.912701417657075
40.0,unpaired,6.149498420720152,2.75482049,77.99307225,-41.39435052037387
40.0,unpaired,6.189297536323437,2.73420258,76.84992025,-41.876249835793
40.0,unpaired,6.22909728363866,2.71337966,75.70353424999999,-42.3593742988628
40.0,unpaired,6.268896399241946,2.69236352,74.5548235,-42.84333779236351
40.0,unpaired,6.308695514845231,2.67120574,73.40682625,-43.32684857886916
40.0,unpaired,6.348496525584333,2.64986344,72.25743775,-43.81080595820443
40.0,unpaired,6.3882943777637395,2.62834875,71.10754925,-44.29482708549404
40.0,unpaired,6.428092229943147,2.60671215,69.96005249999999,-44.77769228043071
40.0,unpaired,6.467890082122553,2.58491264,68.81297275,-45.26023778696547
40.0,unpaired,6.507694251421352,2.56296266,67.667178,-45.74209485450479
40.0,unpaired,6.547492103600758,2.54090529,66.52508974999999,-46.22223633490738
40.0,unpaired,6.587289955780164,2.51874975,65.3873345,-46.70040020838599
40.0,unpaired,6.62708780795957,2.49646586,64.25252125,-47.1771711173866
40.0,unpaired,6.666891977258371,2.47405394,63.12084625,-47.65247069607912
40.0,unpaired,6.706689829437776,2.45156395,61.99497675,-48.125166163204746
40.0,unpaired,6.746487681617182,2.4290064,60.875545,-48.594986122740146
40.0,unpaired,6.786285533796589,2.40634239,59.76074925,-49.062699343647225
40.0,unpaired,6.826089703095389,2.38362672,58.653398749999994,-49.52710929109335
40.0,unpaired,6.865887555274795,2.36085813,57.55351175,-49.988212695896564
40.0,unpaired,6.905685407454201,2.33801134,56.45996649999999,-50.446479443846336
40.0,unpaired,6.9454832596336065,2.31512772,55.37482975,-50.90103773999456
40.0,unpaired,6.985287428932407,2.29221879,54.298699,-51.351630889425074
40.0,unpaired,7.025085281111814,2.26928779,53.231768,-51.79817769652715
40.0,unpaired,7.064883133291219,2.24634298,52.17445525000001,-52.24049793109179
40.0,unpaired,7.104680985470625,2.22335575,51.12549275,-52.679128047125054
40.0,unpaired,7.1444788376500314,2.20040299,50.0884005,-53.112583255001745
40.0,unpaired,7.1842830069488315,2.17742592,49.06052925,-53.54197531346583
40.0,unpaired,7.224080859128238,2.15449653,48.04509,-53.96595253100628
40.0,unpaired,7.263878711307644,2.13155532,47.0394355,-54.38562769400379
40.0,unpaired,7.30367656348705,2.10864291,46.045344,-54.80025219813842
40.0,unpaired,7.34348073278585,2.0857976,45.06442225,-55.209149494352694
40.0,unpaired,7.3832785849652565,2.06296158,44.09414625,-55.61337707043209
40.0,unpaired,7.423076437144663,2.04017644,43.1362525,-56.01220531415044
40.0,unpaired,7.462874289324068,2.01747794,42.19216,-56.4050371612728
40.0,unpaired,7.502678458622867,1.99484064,41.26072325,-56.792356448712624
40.0,unpaired,7.542476310802275,1.97224133,40.34092975,-57.174583571846156
40.0,unpaired,7.5822741629816806,1.94974663,39.43540475,-57.55061673483685
40.0,unpaired,7.622072015161087,1.92733065,38.542994,-57.92094230297071
40.0,unpaired,7.661869867340493,1.90500238,37.663953500000005,-58.285451471311085
40.0,unpaired,7.701674036639292,1.88279562,36.79948575,-58.64364159102252
40.0,unpaired,7.741471888818699,1.86065564,35.94734525,-58.99645209215007
40.0,unpaired,7.7812697409981055,1.83864907,35.10997375,-59.34286233721218
40.0,unpaired,7.821067593177512,1.81674851,34.2861815,-59.68337012448319
40.0,unpaired,7.860871762476311,1.79496347,33.476191,-60.017883765364
40.0,unpaired,7.900669614655716,1.77329683,32.6799665,-60.34641797875456
40.0,unpaired,7.940467466835124,1.75177755,31.898409500000003,-60.66859892998873
40.0,unpaired,7.98026531901453,1.73038826,31.130719749999997,-60.98476019098736
40.0,unpaired,8.020069488313329,1.70912961,30.3767635,-61.294961997436296
40.0,unpaired,8.059867340492735,1.68800795,29.63660325,-61.599177329357005
40.0,unpaired,8.099665192672141,1.6670284,28.910251,-61.89740307692172
40.0,unpaired,8.13946304485155,1.64621607,28.198390749999998,-62.18935806946353
40.0,unpaired,8.179267214150348,1.62555242,27.5001985,-62.47538647347834
40.0,unpaired,8.219065066329753,1.60504165,26.815637,-62.7555068225716
40.0,unpaired,8.258862918509159,1.58468517,26.1445725,-63.029775496737074
40.0,unpaired,8.298660770688565,1.56451006,25.4877,-63.29790981577149
40.0,unpaired,8.338458622867973,1.54449715,24.844194025,-63.560253731060804
40.0,unpaired,8.378262792166772,1.52464864,24.213935375,-63.81685898574275
40.0,unpaired,8.418060644346179,1.50496748,23.5968266,-64.06776969821205
40.0,unpaired,8.457858496525585,1.48547727,22.99340205,-64.31277004955486
40.0,unpaired,8.49765634870499,1.46615943,22.402879125000002,-64.5521844949296
40.0,unpaired,8.53746051800379,1.44701596,21.825123025,-64.78607518248083
40.0,unpaired,8.577258370183197,1.42804883,21.259996175,-65.01450088220588
40.0,unpaired,8.617056222362603,1.40926029,20.70736805,-65.23751959251342
40.0,unpaired,8.656854074542009,1.39067184,20.1676616,-65.4549637264527
40.0,unpaired,8.696658243840808,1.37226534,19.640139975,-65.66713892273054
40.0,unpaired,8.736456096020214,1.35402397,19.124132975000002,-65.87432468218377
40.0,unpaired,8.77625394819962,1.33600356,18.6210112,-66.0759661736327
40.0,unpaired,8.816051800379027,1.31815201,18.12911145,-66.27274719238501
40.0,unpaired,8.855855969677828,1.30048782,17.648754925,-66.46454267287974
40.0,unpaired,8.895653821857234,1.28302819,17.180203499999998,-66.65125209440926
40.0,unpaired,8.93545167403664,1.26575829,16.72285335,-66.83312688608675
40.0,unpaired,8.975249526216045,1.24866197,16.276089974999998,-67.0104205830134
40.0,unpaired,9.015047378395451,1.23177201,15.840576125000002,-67.18287187433381
40.0,unpaired,9.054851547694252,1.21507322,15.415718674999999,-67.35072825295131
40.0,unpaired,9.094649399873658,1.19856544,15.0013221,-67.51407410869514
40.0,unpaired,9.134447252053064,1.18225014,14.597233750000001,-67.67297710653091
40.0,unpaired,9.17424510423247,1.16614024,14.20357775,-67.82739621654643
40.0,unpaired,9.21404927353127,1.15020892,13.819513025000001,-67.9776750221798
40.0,unpaired,9.253847125710676,1.13446885,13.445166825000001,-68.12376875712575
40.0,unpaired,9.293644977890082,1.11892146,13.080391474999999,-68.26574469461728
40.0,unpaired,9.333442830069488,1.10356623,12.724993600000001,-68.40368674643206
40.0,unpaired,9.373246999368288,1.08838967,12.378488675,-68.53779621408952
40.0,unpaired,9.413044851547696,1.07341776,12.04129375,-68.66791498950326
40.0,unpaired,9.452842703727102,1.05863691,11.712922875,-68.79424484573357
40.0,unpaired,9.492640555906506,1.044035,11.392940675,-68.91696355085357
40.0,unpaired,9.532438408085913,1.02962346,11.081433725,-69.03604782470984
40.0,unpaired,9.572242577384712,1.01540169,10.7782226,-69.15157688166376
40.0,unpaired,9.61204042956412,1.00135889,10.482916825,-69.26370967697638
40.0,unpaired,9.651838281743526,0.987515801,10.1957909,-69.37235236338098
40.0,unpaired,9.691636133922932,0.973839655,9.916009775000001,-69.4778349275697
40.0,unpaired,9.731440303221731,0.960352035,9.6438667,-69.58005573321917
40.0,unpaired,9.771238155401138,0.947052276,9.379192999999999,-69.67909009797457
40.0,unpaired,9.811036007580544,0.933929549,9.1216245,-69.7750869393382
40.0,unpaired,9.85083385975995,0.920983822,8.8710183,-69.86811240333297
40.0,unpaired,9.89063802905875,0.908224544,8.627413125,-69.95816456812493
40.0,unpaired,9.930435881238155,0.895633301,8.390318449999999,-70.04543715055534
40.0,unpaired,9.970233733417562,0.883219053,8.159769775,-70.12993168757124
40.0,unpaired,10.010031585596968,0.870982439,7.935643675,-70.2117063755987
40.0,unpaired,10.049835754895767,0.85892488,7.717832,-70.29081554662278
40.0,unpaired,10.089633607075173,0.847038008,7.5060538249999995,-70.36737876070869
40.0,unpaired,10.12943145925458,0.835323695,7.300217000000001,-70.44144542255701
40.0,unpaired,10.169229311433986,0.823785127,7.100251975000001,-70.5130600731168
40.0,unpaired,10.209027163613394,0.812417737,6.90595645,-70.58231629994712
40.0,unpaired,10.248831332912193,0.801220078,6.7171866,-70.64929197597776
40.0,unpaired,10.288629185091597,0.790201701,6.533983725000001,-70.71400155040935
40.0,unpaired,10.328427037271004,0.779355453,6.356110625,-70.77657394895108
40.0,unpaired,10.36822488945041,0.768696198,6.183693825000001,-70.83702962236237
40.0,unpaired,10.40802905874921,0.758239888,6.016870225,-70.89544988641511
40.0,unpaired,10.447826910928617,0.741848308,5.758810375,-70.9753555441918
40.0,unpaired,10.487624763108023,0.731520168,5.599750875,-71.02947988691724
40.0,unpaired,10.52742261528743,0.721343347,5.445191675,-71.08186354205836
40.0,unpaired,10.567226784586229,0.711332955,5.295262,-71.13264278626082
40.0,unpaired,10.607024636765635,0.701483761,5.1497816499999995,-71.18305667141341
40.0,unpaired,10.646822488945041,0.688226912,4.95715195,-71.23223901035416
40.0,unpaired,10.686620341124447,0.678554043,4.8189107,-71.27668808845205
40.0,unpaired,10.726424510423248,0.669022995,4.6846021,-71.31946433746347
40.0,unpaired,10.766222362602655,0.659632104,4.554119075,-71.36061381844144
40.0,unpaired,10.806020214782059,0.650373863,4.427277699999999,-71.40020865995335
40.0,unpaired,10.845818066961465,0.641252668,4.3040605,-71.43826506958864
40.0,unpaired,10.885615919140871,0.632266766,4.184366525,-71.47482691742994
40.0,unpaired,10.925420088439672,0.623414463,4.06809795,-71.5099372757074
40.0,unpaired,10.965217940619079,0.614688574,3.9550887250000004,-71.54365865858082
40.0,unpaired,11.005015792798485,0.606092994,3.845319525,-71.5760091833097
40.0,unpaired,11.044813644977891,0.597626999,3.7387114500000003,-71.60702319281378
40.0,unpaired,11.08461781427669,0.589285963,3.6351391,-71.6367542132557
40.0,unpaired,11.124415666456096,0.581066436,3.5344955,-71.66524116764677
40.0,unpaired,11.164213518635503,0.572965141,3.43667905,-71.69252785535869
40.0,unpaired,11.204011370814909,0.564991663,3.3417433500000002,-71.71860884421069
40.0,unpaired,11.243815540113708,0.557128316,3.2494185250000003,-71.74357559322158
40.0,unpaired,11.283613392293114,0.549389045,3.1598109,-71.76740681475016
40.0,unpaired,11.32341124447252,0.541762825,3.0727354250000003,-71.79016720087144
40.0,unpaired,11.363209096651927,0.534248197,2.9881219999999997,-71.81188700096962
40.0,unpaired,11.403006948831333,0.526846396,2.905931825,-71.83258971845324
40.0,unpaired,11.442811118130132,0.519554351,2.8260793,-71.85230770452526
40.0,unpaired,11.482608970309538,0.512373163,2.7485262500000003,-71.87106318520613
40.0,unpaired,11.522406822488946,0.505297164,2.6731629000000003,-71.88889643964292
40.0,unpaired,11.562204674668353,0.498328752,2.599967775,-71.90582410675665
40.0,unpaired,11.602008843967152,0.491463639,2.52884985,-71.92188046388199
40.0,unpaired,11.641806696146556,0.48470034,2.4597496825,-71.93708937358636
40.0,unpaired,11.681604548325963,0.478039835,2.3926340075,-71.95147283761558
40.0,unpaired,11.72140240050537,0.471476927,2.3274086975,-71.96506341590799
40.0,unpaired,11.76120656980417,0.465012415,2.2640414275,-71.97787892351978
40.0,unpaired,11.801004421983576,0.458647153,2.2025005925,-71.9899374985475
40.0,unpaired,11.840802274162982,0.452371758,2.14265777,-72.00127949783824
40.0,unpaired,11.880600126342388,0.446193708,2.0845475125,-72.01190722790332
40.0,unpaired,11.920404295641188,0.440110367,2.02810787,-72.02184654396824
40.0,unpaired,11.960202147820594,0.4341148,1.9732397174999998,-72.03112620823026
40.0,unpaired,12.0,0.42820794,1.919918455,-72.03976327511296
40.0,cfl,0.1,9.39972682,925.0103675,inf
40.0,cfl,0.13979930511686672,7.99763546,669.61287,218.50061781803458
40.0,cfl,0.17959867340492736,7.20451498,543.36111,163.51253009289667
40.0,cfl,0.21939797852179407,6.67814061,466.8370525,130.1456262785103
40.0,cfl,0.25919734680985473,6.29429721,414.68811999999997,107.38240272659664
40.0,cfl,0.2989966519267214,5.99652435,376.35488,90.63254190252694
40.0,cfl,0.33879595704358817,5.75531573,346.662305,77.64559769379827
40.0,cfl,0.3785953253316488,5.55368641,322.7750575,67.18811206966666
40.0,cfl,0.4183946304485155,5.38111156,303.0047075,58.52528419546831
40.0,cfl,0.4581939987365761,5.23069134,286.2800125,51.19072952298232
40.0,cfl,0.49799330385344287,5.09769232,271.8860875,44.87309066371194
40.0,cfl,0.5377926721415035,4.97873366,259.3247625,39.35531580824015
40.0,cfl,0.5775919772583702,4.87131227,248.23569174999997,34.48035376402449
40.0,cfl,0.6173912823752369,4.77351794,238.35002100000003,30.13099280710111
40.0,cfl,0.6571907770056854,4.68386602,229.46295100000003,26.21792285461071
40.0,cfl,0.6969898926089704,4.60117614,221.41486575,22.671520715837556
40.0,cfl,0.7367890082122552,4.52449007,214.07879275,19.43639140111639
40.0,cfl,0.7765887555274795,4.45301996,207.3523315,16.467851471647947
40.0,cfl,0.8163878711307644,4.3861067,201.15151925,13.729261009291353
40.0,cfl,0.8561869867340492,4.3231988,195.40726825,11.1904645131312
40.0,cfl,0.8959867340492736,4.26383805,190.06283324999998,8.8266865492583
40.0,cfl,0.9357858496525585,4.20762853,185.0700965,6.616920265152316
40.0,cfl,0.9755855969677827,4.15423029,180.3883585,4.5433931129557505
40.0,cfl,1.0153847125710675,4.1033613,175.983948,2.5913961678292043
40.0,cfl,1.0551838281743526,4.05476761,171.82721725,0.7479805180675829
40.0,cfl,1.0949835754895767,4.00824798,167.89432125000002,-0.9972794153106647
40.0,cfl,1.1347826910928616,3.96361324,164.16349125,-2.653894732064887
40.0,cfl,1.1745818066961466,3.92070932,160.61678525,-4.2297125905938255
40.0,cfl,1.214381554011371,3.87940168,157.238596,-5.731560362175033
40.0,cfl,1.2541806696146558,3.83957056,154.015143,-7.1654664891487645
40.0,cfl,1.2939797852179407,3.8011185,150.9349595,-8.536452788831932
40.0,cfl,1.333779532533165,3.76395752,147.98776675,-9.849022614172053
40.0,cfl,1.3735786481364498,3.72800837,145.16434925000001,-11.107210687311406
40.0,cfl,1.413377763739735,3.69320826,142.4571,-12.314356028955327
40.0,cfl,1.453177511054959,3.65949597,139.85879925,-13.47362361011332
40.0,cfl,1.4929766266582438,3.62681818,137.363079,-14.58780643839913
40.0,cfl,1.532775742261529,3.5951273,134.96421675,-15.65941586858491
40.0,cfl,1.5725754895767532,3.56438439,132.657327,-16.690599492431765
40.0,cfl,1.6123746051800378,3.53455284,130.43785175,-17.68336020335254
40.0,cfl,1.652173720783323,3.50559378,128.301217,-18.639703725418965
40.0,cfl,1.6919734680985472,3.47747851,126.24372975000001,-19.561255525869342
40.0,cfl,1.7317725837018318,3.45017725,124.261736,-20.449620209785994
40.0,cfl,1.771571699305117,3.42366127,122.35176625,-21.306320270420656
40.0,cfl,1.8113714466203412,3.39790642,120.510781,-22.13269277515736
40.0,cfl,1.8511705622236259,3.37288493,118.7355785,-22.93014064108041
40.0,cfl,1.890969677826911,3.34857705,117.02360925,-23.699785190508813
40.0,cfl,1.9307694251421352,3.32495794,115.37204325,-24.44286636896238
40.0,cfl,1.9705685407454203,3.30200427,113.77823874999999,-25.160540597520676
40.0,cfl,2.010367656348705,3.27970062,112.24016549999999,-25.85370092320669
40.0,cfl,2.050167403663929,3.25801925,110.75501650000001,-26.523571404961473
40.0,cfl,2.089966519267214,3.23694581,109.32096100000001,-27.170956194500032
40.0,cfl,2.129765634870499,3.21646071,107.93586925,-27.796784606156915
40.0,cfl,2.169565382185723,3.19653996,106.5973755,-28.402087645467557
40.0,cfl,2.209364497789008,3.17716256,105.30337349999999,-28.987780266415477
40.0,cfl,2.249163613392293,3.15833988,104.05393025000001,-29.553851675657288
40.0,cfl,2.2889633607075175,3.14000224,102.84383749999999,-30.102538443283095
40.0,cfl,2.328762476310802,3.12218418,101.67475825,-30.633145260563417
40.0,cfl,2.368561591914087,3.10481716,100.541684,-31.1478193506006
40.0,cfl,2.4083613392293115,3.08793552,99.44630975,-31.645851138757163
40.0,cfl,2.448160454832596,3.07147207,98.3838285,-32.1292964447903
40.0,cfl,2.4879595704358817,3.05546242,97.3560515,-32.59739560364041
40.0,cfl,2.5277593177511055,3.03983924,96.3582685,-33.05216034029568
40.0,cfl,2.56755843335439,3.02463904,95.39237875,-33.49279193657681
40.0,cfl,2.6073575489576757,3.00979414,94.453745,-33.92126705772961
40.0,cfl,2.6471572962728995,2.99534169,93.54433225,-34.33675812994653
40.0,cfl,2.686956411876184,2.98121363,92.6595695,-34.74121072644186
40.0,cfl,2.726756159191409,2.96744686,91.80143025,-35.133792855625444
40.0,cfl,2.7665552747946935,2.9539731,90.96541275,-35.51641723141261
40.0,cfl,2.8063543903979786,2.94082824,90.15344825,-35.88826933937861
40.0,cfl,2.846154137713203,2.92796966,89.362671,-36.250566766202695
40.0,cfl,2.8859532533164876,2.91538061,88.591831,-36.60384096916369
40.0,cfl,2.9257523689197726,2.90304409,87.83968625,-36.94861908328004
40.0,cfl,2.965552116234997,2.89099105,87.1078855,-37.284208022123394
40.0,cfl,3.0053512318382816,2.87915357,86.39215825,-37.612413509494424
40.0,cfl,3.0451503474415667,2.86753693,85.692652,-37.93317472559199
40.0,cfl,3.084950094756791,2.85614714,85.00955400000001,-38.24641529048482
40.0,cfl,3.124749210360076,2.84493792,84.3399695,-38.55335772339385
40.0,cfl,3.1645483259633607,2.83393798,83.68545,-38.8533495927859
40.0,cfl,3.204348073278585,2.82310084,83.04312925,-39.1476014509244
40.0,cfl,3.2441471888818696,2.81242867,82.4130175,-39.436110626519884
40.0,cfl,3.283946304485155,2.80192373,81.79512925,-39.71887384689454
40.0,cfl,3.323746051800379,2.791537,81.18651975,-39.99713202040915
40.0,cfl,3.3635451674036636,2.78129401,80.58857275,-40.27030713689802
40.0,cfl,3.403344283006949,2.77117095,79.9998295,-40.53901498250303
40.0,cfl,3.443144030322173,2.76114183,79.4187225,-40.80391742089853
40.0,cfl,3.4829431459254576,2.75123158,78.84660625000001,-41.064450230312616
40.0,cfl,3.522742261528743,2.7413885,78.2804735,-41.32188026222002
40.0,cfl,3.562542008843967,2.73163843,77.721738,-41.57561810576637
40.0,cfl,3.6023411244472525,2.72197961,77.17023825,-41.8257381599869
40.0,cfl,3.642140240050537,2.71233431,76.6215575,-42.07409690179531
40.0,cfl,3.681939987365761,2.70277903,76.07995775,-42.31891457833689
40.0,cfl,3.7217391029690465,2.69326159,75.54247649999999,-42.56143829429378
40.0,cfl,3.761538218572331,2.68375618,75.00765675,-42.80228422671759
40.0,cfl,3.801337965887555,2.67431662,74.47846200000001,-43.0402196842131
40.0,cfl,3.8411370814908405,2.66485921,73.95024125,-43.27719931655247
40.0,cfl,3.880936197094125,2.65544655,73.4264365,-43.51178821476673
40.0,cfl,3.92073594440935,2.64601968,72.90379575,-43.745357459010584
40.0,cfl,3.9605350600126346,2.63658679,72.3827695,-43.977722400123334
40.0,cfl,4.00033417561592,2.62717585,71.86487775,-44.20825933492275
40.0,cfl,4.040133922931144,2.61774077,71.347612,-44.43802197273222
40.0,cfl,4.079933038534429,2.60825518,70.8295645,-44.66760913328743
40.0,cfl,4.119732154137713,2.59878546,70.314324,-44.895526952272
40.0,cfl,4.1595319014529375,2.58925459,69.79776275,-45.123508851850495
40.0,cfl,4.199331017056222,2.57972677,69.28333325,-45.35012268027328
40.0,cfl,4.239130132659508,2.57013197,68.76731525,-45.5769263276418
40.0,cfl,4.278929879974732,2.5604807,68.25030325,-45.80368006820377
40.0,cfl,4.318728995578017,2.55081236,67.73440425,-46.02951476117755
40.0,cfl,4.358528742893241,2.54108838,67.21760225,-46.25527622111651
40.0,cfl,4.3983278584965255,2.53129376,66.69914700000001,-46.48128615827226
40.0,cfl,4.43812697409981,2.52142005,66.178639,-46.70771611474526
40.0,cfl,4.477926721415035,2.51151238,65.65846475,-46.93357894287972
40.0,cfl,4.51772583701832,2.50150716,65.1353615,-47.16024033516029
40.0,cfl,4.557524952621605,2.49145058,64.61176400000001,-47.386694492986116
40.0,cfl,4.597324699936829,2.48133502,64.0873105,-47.61309854174634
40.0,cfl,4.6371238155401135,2.47110429,63.55917275,-47.840632321276324
40.0,cfl,4.676922931143398,2.46083477,63.03130125,-48.06766115545013
40.0,cfl,4.716722678458623,2.45044041,62.499368249999996,-48.295989394865465
40.0,cfl,4.756521794061908,2.44000104,61.9674715,-48.52391989884134
40.0,cfl,4.796320909665193,2.42943435,61.431512999999995,-48.753160371011646
40.0,cfl,4.836120656980417,2.41879361,60.894234,-48.98257759442207
40.0,cfl,4.875919772583702,2.40807653,60.355568000000005,-49.212206325587914
40.0,cfl,4.915718888186986,2.39726012,59.81442725000001,-49.44250139624777
40.0,cfl,4.955518635502211,2.38634188,59.27075425,-49.67349435902234
40.0,cfl,4.995317751105496,2.37532561,58.72480275,-49.90508357926779
40.0,cfl,5.035116866708781,2.36421508,58.1768215,-50.13717067283415
40.0,cfl,5.074916614024005,2.35298177,57.62549075,-50.370311296339935
40.0,cfl,5.11471572962729,2.34168236,57.073631999999996,-50.6033395723612
40.0,cfl,5.154514845230575,2.33027024,56.51904950000001,-50.83716982923879
40.0,cfl,5.194314592545799,2.31874375,55.961740999999996,-51.071811735310966
40.0,cfl,5.234113708149084,2.30710987,55.4021205,-51.307097256768124
40.0,cfl,5.273912823752369,2.29539576,54.84154925,-51.54246945339715
40.0,cfl,5.313712571067593,2.28355511,54.27790125,-51.778813637426325
40.0,cfl,5.353511686670878,2.27161848,53.712701249999995,-52.01550308113277
40.0,cfl,5.393310802274163,2.25955784,53.14471025,-52.25306230415804
40.0,cfl,5.433110549589387,2.24740888,52.57567475,-52.49076805286159
40.0,cfl,5.472909665192672,2.2351463,52.004492000000006,-52.729084413322134
40.0,cfl,5.512708780795958,2.22279825,51.432539,-52.967448555982145
40.0,cfl,5.552508528111181,2.21031845,50.8577655,-53.206718330236
40.0,cfl,5.592307643714466,2.1977634,50.2828365,-53.44579133093964
40.0,cfl,5.632106759317751,2.1850825,49.7055245,-53.685596746343535
40.0,cfl,5.6719065066329755,2.17230596,49.127281499999995,-53.92553897810729
40.0,cfl,5.711705622236261,2.1594098,48.54711225,-54.16604059600333
40.0,cfl,5.751504737839546,2.14642378,47.96642775,-54.406518569891915
40.0,cfl,5.791304485154769,2.13334955,47.385371750000004,-54.646923967363705
40.0,cfl,5.831103600758055,2.12016593,46.803085499999995,-54.88761625681421
40.0,cfl,5.870902716361339,2.10690049,46.22085575,-55.12806516370376
40.0,cfl,5.9107024636765635,2.09353007,45.63774625,-55.36866334141629
40.0,cfl,5.950501579279849,2.08005916,45.054034,-55.60930778968329
40.0,cfl,5.990300694883134,2.06649007,44.469899,-55.84992134875816
40.0,cfl,6.030100442198358,2.05284801,43.8864915,-56.09004215030481
40.0,cfl,6.069899557801643,2.03911247,43.30300525,-56.32999887399139
40.0,cfl,6.109699305116867,2.02530828,42.72055725,-56.569342860623834
40.0,cfl,6.149498420720152,2.0113921,42.13740275,-56.80879353086507
40.0,cfl,6.189297536323437,1.99741487,41.555738500000004,-57.04744752276626
40.0,cfl,6.22909728363866,1.98335109,40.97456975,-57.28572430825282
40.0,cfl,6.268896399241946,1.9692058,40.394174750000005,-57.52351068927355
40.0,cfl,6.308695514845231,1.95500566,39.8157,-57.76033315802665
40.0,cfl,6.348496525584333,1.94072639,39.2382185,-57.99658223163009
40.0,cfl,6.3882943777637395,1.92637323,38.662006000000005,-58.23214126841884
40.0,cfl,6.428092229943147,1.91197231,38.088159250000004,-58.466567061281886
40.0,cfl,6.467890082122553,1.89750023,37.515802,-58.700221174550514
40.0,cfl,6.507694251421352,1.88296242,36.94520625,-58.93299280793011
40.0,cfl,6.547492103600758,1.86838119,36.377292,-59.164504500966146
40.0,cfl,6.587289955780164,1.85376039,35.81224575,-59.394684503975704
40.0,cfl,6.62708780795957,1.83908218,35.249421999999996,-59.62379571797643
40.0,cfl,6.666891977258371,1.82434557,34.68883425,-59.85183907884349
40.0,cfl,6.706689829437776,1.80957674,34.1315155,-60.07838855263806
40.0,cfl,6.746487681617182,1.79478024,33.5776625,-60.30336139496638
40.0,cfl,6.786285533796589,1.7799335,33.026468,-60.527096887736256
40.0,cfl,6.826089703095389,1.76506547,32.479035499999995,-60.74913590009697
40.0,cfl,6.865887555274795,1.75017445,31.935322000000003,-60.969502112398025
40.0,cfl,6.905685407454201,1.73524509,31.394796250000002,-61.188410535982946
40.0,cfl,6.9454832596336065,1.72029934,30.858275,-61.405529749910535
40.0,cfl,6.985287428932407,1.70534245,30.32595875,-61.62077500736722
40.0,cfl,7.025085281111814,1.69037523,29.79788575,-61.834132503398706
40.0,cfl,7.064883133291219,1.67540122,29.2741885,-62.04554604207881
40.0,cfl,7.104680985470625,1.66040324,28.75428075,-62.255257449677465
40.0,cfl,7.1444788376500314,1.64542369,28.239632,-62.46266838759014
40.0,cfl,7.1842830069488315,1.63042824,27.729064,-62.66825507604744
40.0,cfl,7.224080859128238,1.61545687,27.22393125,-62.871468042922615
40.0,cfl,7.263878711307644,1.60047475,26.723055,-63.07278603834087
40.0,cfl,7.30367656348705,1.58550412,26.227177,-63.271908276447206
40.0,cfl,7.34348073278585,1.57056614,25.736977000000003,-63.46855860634462
40.0,cfl,7.3832785849652565,1.55562675,25.251324750000002,-63.66319277149018
40.0,cfl,7.423076437144663,1.54070902,24.770960275,-63.85551157012948
40.0,cfl,7.462874289324068,1.52583296,24.2964979,-64.04526541075386
40.0,cfl,7.502678458622867,1.5109832,23.827417975,-64.23266790550876
40.0,cfl,7.542476310802275,1.49614547,23.363252499999998,-64.41790448911755
40.0,cfl,7.5822741629816806,1.48135799,22.9051683,-64.6005029823431
40.0,cfl,7.622072015161087,1.46660511,22.45264255,-64.78067690972604
40.0,cfl,7.661869867340493,1.4518915,22.005785275,-64.95838066437864
40.0,cfl,7.701674036639292,1.43723664,21.565144325,-65.13339390000888
40.0,cfl,7.741471888818699,1.42260776,21.12969695,-65.30612839093203
40.0,cfl,7.7812697409981055,1.40804385,20.700562525000002,-65.47613384044071
40.0,cfl,7.821067593177512,1.39352835,20.2772035,-65.64362648099419
40.0,cfl,7.860871762476311,1.37906653,19.859728175,-65.80856383675992
40.0,cfl,7.900669614655716,1.36465983,19.4481307,-65.97094759362744
40.0,cfl,7.940467466835124,1.35032547,19.042846474999997,-66.13060440903888
40.0,cfl,7.98026531901453,1.33605277,18.6435151,-66.28767821852705
40.0,cfl,8.020069488313329,1.32184199,18.25009025,-66.44219104302228
40.0,cfl,8.059867340492735,1.30769677,17.862617725,-66.59412295337148
40.0,cfl,8.099665192672141,1.29362012,17.4811221,-66.74346517476329
40.0,cfl,8.13946304485155,1.27962745,17.1059548,-66.89007925793439
40.0,cfl,8.179267214150348,1.26570736,16.7367438,-67.03411439575692
40.0,cfl,8.219065066329753,1.25186243,16.373494725,-67.1755703066396
40.0,cfl,8.258862918509159,1.2380936,16.016168175,-67.31446220919399
40.0,cfl,8.298660770688565,1.22441777,15.665131575,-67.45064808306037
40.0,cfl,8.338458622867973,1.2108232,15.320010300000002,-67.58427735907134
40.0,cfl,8.378262792166772,1.19731138,14.980774450000002,-67.71536280990208
40.0,cfl,8.418060644346179,1.18388434,14.647405424999999,-67.84391415538597
40.0,cfl,8.457858496525585,1.17055719,14.320202225,-67.96981628686292
40.0,cfl,8.49765634870499,1.15731848,13.99880715,-68.09321032772786
40.0,cfl,8.53746051800379,1.14416975,13.68318505,-68.2141149982456
40.0,cfl,8.577258370183197,1.13111254,13.373299424999999,-68.33254506430342
40.0,cfl,8.617056222362603,1.11814857,13.069117575000002,-68.44851586367487
40.0,cfl,8.656854074542009,1.10529203,12.770891675,-68.56193258280757
40.0,cfl,8.696658243840808,1.09253166,12.478281025,-68.6729299910333
40.0,cfl,8.736456096020214,1.07985698,12.1909734,-68.78163314353894
40.0,cfl,8.77625394819962,1.06730454,11.909716375,-68.88775416035875
40.0,cfl,8.816051800379027,1.05484103,11.633681825,-68.9916175367146
40.0,cfl,8.855855969677828,1.04247887,11.363072325000001,-69.09314846578364
40.0,cfl,8.895653821857234,1.03022986,11.0980639,-69.19228253148603
40.0,cfl,8.93545167403664,1.01808478,10.838375375,-69.28913200529284
40.0,cfl,8.975249526216045,1.00603346,10.58371545,-69.38381105430017
40.0,cfl,9.015047378395451,0.99409809,10.33447465,-69.4761743791804
40.0,cfl,9.054851547694252,0.982269165,10.0903729,-69.56633446526031
40.0,cfl,9.094649399873658,0.970547137,9.8513415,-69.65432059059182
40.0,cfl,9.134447252053064,0.958933545,9.61733385,-69.74015419828581
40.0,cfl,9.17424510423247,0.947437672,9.3884558,-69.82380126925406
40.0,cfl,9.21404927353127,0.936042068,9.16428255,-69.90542632637859
40.0,cfl,9.253847125710676,0.924755833,8.9449192,-69.98499333199952
40.0,cfl,9.293644977890082,0.913580538,8.7303193,-70.06252539816681
40.0,cfl,9.333442830069488,0.902516442,8.520411075,-70.13805361584133
40.0,cfl,9.373246999368288,0.891554948,8.314958149999999,-70.21167236394204
40.0,cfl,9.413044851547696,0.880714432,8.114228975,-70.28328618583707
40.0,cfl,9.452842703727102,0.869986264,7.917985400000001,-70.35299011994042
40.0,cfl,9.492640555906506,0.859362708,7.72601375,-70.42086639752247
40.0,cfl,9.532438408085913,0.848852267,7.5383960000000005,-70.48689287931583
40.0,cfl,9.572242577384712,0.838455194,7.355062775,-70.55110092858159
40.0,cfl,9.61204042956412,0.828164587,7.175821449999999,-70.61356425520516
40.0,cfl,9.651838281743526,0.817995599,7.000863075,-70.67422370886383
40.0,cfl,9.691636133922932,0.807925942,6.829734500000001,-70.733245676526
40.0,cfl,9.731440303221731,0.797971365,6.6626362,-70.79056718212563
40.0,cfl,9.771238155401138,0.788132086,6.4995006250000005,-70.8462195880032
40.0,cfl,9.811036007580544,0.778401125,6.340143599999999,-70.90027434028345
40.0,cfl,9.85083385975995,0.768779091,6.18450945,-70.95275964773981
40.0,cfl,9.89063802905875,0.759273367,6.03265015,-71.00366705928616
40.0,cfl,9.930435881238155,0.74987148,5.884301325,-71.0530933617464
40.0,cfl,9.970233733417562,0.740580483,5.73951145,-71.10103374989828
40.0,cfl,10.010031585596968,0.731401505,5.598233675,-71.14751307295589
40.0,cfl,10.049835754895767,0.722336258,5.46042975,-71.1925551508393
40.0,cfl,10.089633607075173,0.713379415,5.3259561,-71.23622051993567
40.0,cfl,10.12943145925458,0.704533032,5.194782425,-71.27853158209771
40.0,cfl,10.169229311433986,0.695800157,5.06689225,-71.31950966417564
40.0,cfl,10.209027163613394,0.687178265,4.9421874500000005,-71.35920355838931
40.0,cfl,10.248831332912193,0.678667134,4.8206052999999995,-71.39765627364771
40.0,cfl,10.288629185091597,0.670274731,4.702198675,-71.43487686544651
40.0,cfl,10.328427037271004,0.661997019,4.58684955,-71.47094377483984
40.0,cfl,10.36822488945041,0.65384663,4.4746716499999994,-71.5058833067887
40.0,cfl,10.40802905874921,0.645838477,4.365801875,-71.53977898155902
40.0,cfl,10.447826910928617,0.633391914,4.199216125,-71.58103994621831
40.0,cfl,10.487624763108023,0.62542144,4.094255925000001,-71.61228903020353
40.0,cfl,10.52742261528743,0.617550721,3.9919105000000004,-71.64261034033936
40.0,cfl,10.567226784586229,0.609791568,3.892281525,-71.67215020408527
40.0,cfl,10.607024636765635,0.60214054,3.7952715249999995,-71.70210807399107
40.0,cfl,10.646822488945041,0.591961157,3.6681017500000004,-71.72383055601429
40.0,cfl,10.686620341124447,0.584413114,3.5751993499999997,-71.7491936572533
40.0,cfl,10.726424510423248,0.576960125,3.4846342249999998,-71.77357169434057
40.0,cfl,10.766222362602655,0.569601424,3.39635295,-71.79698744584452
40.0,cfl,10.806020214782059,0.562331788,3.3102507,-71.81947915675227
40.0,cfl,10.845818066961465,0.555155028,3.2263312749999997,-71.84105334360045
40.0,cfl,10.885615919140871,0.548070286,3.1445431249999998,-71.86173242267445
40.0,cfl,10.925420088439672,0.541076735,3.06483615,-71.88153877448362
40.0,cfl,10.965217940619079,0.534169319,2.9871138999999998,-71.90050515790963
40.0,cfl,11.005015792798485,0.527351468,2.911377025,-71.91864056741056
40.0,cfl,11.044813644977891,0.520623062,2.837586025,-71.93596218421516
40.0,cfl,11.08461781427669,0.513981012,2.7656699750000002,-71.95250015624588
40.0,cfl,11.124415666456096,0.507423019,2.6955685750000002,-71.96827328422957
40.0,cfl,11.164213518635503,0.50094697,2.6272252000000003,-71.98330603989953
40.0,cfl,11.204011370814909,0.494560717,2.56068785,-71.99759443795107
40.0,cfl,11.243815540113708,0.488250902,2.495784175,-72.01118903906905
40.0,cfl,11.283613392293114,0.482028792,2.4325976000000002,-72.02407714473229
40.0,cfl,11.32341124447252,0.475886158,2.371011995,-72.03629437444056
40.0,cfl,11.363209096651927,0.469822228,2.310989205,-72.04785711324622
40.0,cfl,11.403006948831333,0.463838366,2.25251257,-72.05877904848815
40.0,cfl,11.442811118130132,0.457932482,2.1955320449999998,-72.06907722891384
40.0,cfl,11.482608970309538,0.452105831,2.1400306650000003,-72.07876446311765
40.0,cfl,11.522406822488946,0.44635428,2.08594089,-72.0878630995812
40.0,cfl,11.562204674668353,0.440680081,2.0332564225,-72.09638285799566
40.0,cfl,11.602008843967152,0.435080151,1.98192168,-72.10434288226747
40.0,cfl,11.641806696146556,0.429553639,1.931902955,-72.1117559032621
40.0,cfl,11.681604548325963,0.424101674,1.883184825,-72.11863598783125
40.0,cfl,11.72140240050537,0.418720419,1.8357081999999998,-72.12500084805579
40.0,cfl,11.76120656980417,0.413410795,1.7894571825,-72.13086096625362
40.0,cfl,11.801004421983576,0.408173819,1.74441664,-72.13622716140239
40.0,cfl,11.840802274162982,0.403002249,1.7005016125,-72.14112169043996
40.0,cfl,11.880600126342388,0.397902382,1.6577433375,-72.14554749142295
40.0,cfl,11.920404295641188,0.392872405,1.616103985,-72.14952009837464
40.0,cfl,11.960202147820594,0.387906972,1.5755180975,-72.15305418878997
40.0,cfl,12.0,0.383007123,1.535973915,-72.15616107963628
40.0,unpCFL,0.1,9.39972682,925.01036,inf
40.0,unpCFL,0.13979930511686672,7.99763546,669.612875,218.50062008496513
40.0,unpCFL,0.17959867340492736,7.20451498,543.3611149999999,163.51253227314106
40.0,unpCFL,0.21939797852179407,6.67814061,466.83705,130.14562489647625
40.0,unpCFL,0.25919734680985473,6.29429721,414.68811500000004,107.38240066327356
40.0,unpCFL,0.2989966519267214,5.99652435,376.354875,90.63254013430735
40.0,unpCFL,0.33879595704358817,5.75531573,346.6623075,77.6455991788366
40.0,unpCFL,0.3785953253316488,5.55368641,322.7750575,67.18811174579702
40.0,unpCFL,0.4183946304485155,5.38111156,303.00471,58.525285138727455
40.0,unpCFL,0.4581939987365761,5.23069134,286.28001,51.19072865238844
40.0,unpCFL,0.49799330385344287,5.09769232,271.886085,44.8730895404618
40.0,unpCFL,0.5377926721415035,4.97873366,259.3247625,39.35531562044054
40.0,unpCFL,0.5775919772583702,4.87131227,248.235691,34.48035343640815
40.0,unpCFL,0.6173912823752369,4.77351794,238.35002325,30.130993767523357
40.0,unpCFL,0.6571907770056854,4.68386602,229.46295025,26.217922604814877
40.0,unpCFL,0.6969898926089704,4.60117614,221.41486675000002,22.671521171990292
40.0,unpCFL,0.7367890082122552,4.52449007,214.07879425000002,19.4363920863992
40.0,unpCFL,0.7765887555274795,3.43621881,208.59014699999997,17.172224077568984
40.0,unpCFL,0.8163878711307644,3.43621881,205.26439025,15.677729249613494
40.0,unpCFL,0.8561869867340492,3.43621881,202.0769535,14.245029693379495
40.0,unpCFL,0.8959867340492736,3.43621881,199.01960524999998,12.870384261496357
40.0,unpCFL,0.9357858496525585,3.43621881,196.084441,11.550219745375498
40.0,unpCFL,0.9755855969677827,3.43621881,193.2639855,10.281166682011236
40.0,unpCFL,1.0153847125710675,3.43621881,190.55172775,9.060290303634448
40.0,unpCFL,1.0551838281743526,3.43621881,187.94102800000002,7.884614741425759
40.0,unpCFL,1.0949835754895767,3.43621881,185.42659125,6.751755889248421
40.0,unpCFL,1.1347826910928616,3.43621881,183.00271949999998,5.65916835241759
40.0,unpCFL,1.1745818066961466,3.43621881,180.66466250000002,4.604723783612849
40.0,unpCFL,1.214381554011371,3.43621881,178.40798850000002,3.586439119718637
40.0,unpCFL,1.2541806696146558,3.43621881,176.228485,2.6024338729824286
40.0,unpCFL,1.2939797852179407,3.43621881,174.12269925,1.6511608763481418
40.0,unpCFL,1.333779532533165,3.43621881,172.08733175,0.7311433342326722
40.0,unpCFL,1.3735786481364498,3.43621881,170.11927325,-0.15900615723625577
40.0,unpCFL,1.413377763739735,3.43621881,168.2161275,-1.020365885637712
40.0,unpCFL,1.453177511054959,3.43621881,166.3753955,-1.8540534908156008
40.0,unpCFL,1.4929766266582438,3.43621881,164.59489625,-2.6610455267441555
40.0,unpCFL,1.532775742261529,3.43621881,162.87268875,-3.442213049781446
40.0,unpCFL,1.5725754895767532,3.43621881,161.20724775000002,-4.198245122751193
40.0,unpCFL,1.6123746051800378,3.43621881,159.59714400000001,-4.929786573457976
40.0,unpCFL,1.652173720783323,3.43621881,158.0407155,-5.63758007833766
40.0,unpCFL,1.6919734680985472,3.43621881,156.53691925,-6.3221006018999875
40.0,unpCFL,1.7317725837018318,3.43621881,155.0845795,-6.983876922215897
40.0,unpCFL,1.771571699305117,3.43621881,153.68256449999998,-7.623417612471649
40.0,unpCFL,1.8113714466203412,3.43621881,152.32998175,-8.24112722310483
40.0,unpCFL,1.8511705622236259,3.43621881,151.025666,-8.837525585988438
40.0,unpCFL,1.890969677826911,3.43621881,149.76896075,-9.412911819690486
40.0,unpCFL,1.9307694251421352,3.43621881,148.55881625,-9.967754022149364
40.0,unpCFL,1.9705685407454203,3.43621881,147.394231,-10.502496986075286
40.0,unpCFL,2.010367656348705,3.43621881,146.2747475,-11.017350705403548
40.0,unpCFL,2.050167403663929,3.43621881,145.19893325,-11.51294414123984
40.0,unpCFL,2.089966519267214,3.43621881,144.16632175,-11.98948875366911
40.0,unpCFL,2.129765634870499,3.43621881,143.17600050000001,-12.447386087474548
40.0,unpCFL,2.169565382185723,3.43621881,142.22665875,-12.887210529514014
40.0,unpCFL,2.209364497789008,3.43621881,141.31714675,-13.309462821692236
40.0,unpCFL,2.249163613392293,3.43621881,140.448885,-13.713539975520074
40.0,unpCFL,2.2889633607075175,3.43621881,139.61668075,-14.10168135911484
40.0,unpCFL,2.328762476310802,3.43621881,138.82376775,-14.472501162430364
40.0,unpCFL,2.368561591914087,3.43621881,138.06484325,-14.828283776515054
40.0,unpCFL,2.4083613392293115,3.43621881,137.34311075,-15.167656063030076
40.0,unpCFL,2.448160454832596,3.43621881,136.65319225000002,-15.492931152732112
40.0,unpCFL,2.4879595704358817,3.43621881,135.9983755,-15.802699310378998
40.0,unpCFL,2.5277593177511055,3.43621881,135.37308425,-16.099357494690935
40.0,unpCFL,2.56755843335439,3.43621881,134.780669,-16.381467492529783
40.0,unpCFL,2.6073575489576757,3.43621881,134.21534225,-16.651514780553537
40.0,unpCFL,2.6471572962728995,3.43621881,133.68051350000002,-16.90803477223561
40.0,unpCFL,2.686956411876184,3.43621881,133.17016225,-17.15361181982144
40.0,unpCFL,2.726756159191409,3.43621881,132.6876805,-17.386787769518275
40.0,unpCFL,2.7665552747946935,3.43621881,132.22685274999998,-17.61022880325258
40.0,unpCFL,2.8063543903979786,3.43621881,131.79096175,-17.82252348302159
40.0,unpCFL,2.846154137713203,3.43621881,131.3760365,-18.02537329478693
40.0,unpCFL,2.8859532533164876,3.43621881,130.98043475,-18.21947957269417
40.0,unpCFL,2.9257523689197726,3.43621881,130.602431,-18.405578363919027
40.0,unpCFL,2.965552116234997,3.43621881,130.24489799999998,-18.58243550889436
40.0,unpCFL,3.0053512318382816,3.43621881,129.9011935,-18.75289484752154
40.0,unpCFL,3.0451503474415667,3.43621881,129.57165125,-18.916809363656526
40.0,unpCFL,3.084950094756791,3.43621881,129.25672075,-19.073983489133777
40.0,unpCFL,3.124749210360076,3.43621881,128.951664,-19.22644393183339
40.0,unpCFL,3.1645483259633607,3.43621881,128.65914725,-19.37304437459311
40.0,unpCFL,3.204348073278585,3.43621881,128.37433625,-19.515853684542403
40.0,unpCFL,3.2441471888818696,3.43621881,128.09724275000002,-19.654863641431184
40.0,unpCFL,3.283946304485155,3.43621881,127.827889,-19.790062049233207
40.0,unpCFL,3.323746051800379,3.43621881,127.561058,-19.92368083098868
40.0,unpCFL,3.3635451674036636,3.43621881,127.29913375000001,-20.054698368678945
40.0,unpCFL,3.403344283006949,3.43621881,127.03944349999999,-20.184257004848554
40.0,unpCFL,3.443144030322173,3.43621881,126.779042,-20.31361684357062
40.0,unpCFL,3.4829431459254576,3.43621881,126.52032025000001,-20.44175463071365
40.0,unpCFL,3.522742261528743,3.43621881,126.25758900000001,-20.5711067300273
40.0,unpCFL,3.562542008843967,3.43621881,125.99336825,-20.700594017261878
40.0,unpCFL,3.6023411244472525,3.43621881,125.7272955,-20.830374733915605
40.0,unpCFL,3.642140240050537,3.43621881,125.45072150000001,-20.964152863298352
40.0,unpCFL,3.681939987365761,3.43621881,125.17175875000001,-21.098459176483235
40.0,unpCFL,3.7217391029690465,3.43621881,124.88451549999999,-21.235818760755183
40.0,unpCFL,3.761538218572331,3.43621881,124.58591175,-21.377553466816014
40.0,unpCFL,3.801337965887555,3.43621881,124.28176699999999,-21.521177820635394
40.0,unpCFL,3.8411370814908405,3.43621881,123.962491,-21.67080338902326
40.0,unpCFL,3.880936197094125,3.43621881,123.63499625,-21.823474481243576
40.0,unpCFL,3.92073594440935,3.43621881,123.2923925,-21.982150261700404
40.0,unpCFL,3.9605350600126346,3.43621881,122.93543525,-22.14651033126636
40.0,unpCFL,4.00033417561592,3.43621881,122.56721250000001,-22.315243185131354
40.0,unpCFL,4.040133922931144,3.43621881,122.18224000000001,-22.490701642275063
40.0,unpCFL,4.079933038534429,3.43621881,121.7772055,-22.6743147732323
40.0,unpCFL,4.119732154137713,3.43621881,121.35981875,-22.862787000281102
40.0,unpCFL,4.1595319014529375,3.43621881,120.920782,-23.060109181747745
40.0,unpCFL,4.199331017056222,3.43621881,120.46763475,-23.263063389691887
40.0,unpCFL,4.239130132659508,3.43621881,119.99182725,-23.475316387031903
40.0,unpCFL,4.278929879974732,3.43385558,119.49457875,-23.69597719375165
40.0,unpCFL,4.318728995578017,3.42582362,118.98329625,-23.921342303772647
40.0,unpCFL,4.358528742893241,3.41753401,118.4543765,-24.153821899070948
40.0,unpCFL,4.3983278584965255,3.40896136,117.90621300000001,-24.39410849100303
40.0,unpCFL,4.43812697409981,3.40009268,117.33805299999999,-24.642527766731487
40.0,unpCFL,4.477926721415035,3.39101303,116.75571849999999,-24.896607672054735
40.0,unpCFL,4.51772583701832,3.38160842,116.15170825,-25.15954823428211
40.0,unpCFL,4.557524952621605,3.37196598,115.53199275,-25.428815656087526
40.0,unpCFL,4.597324699936829,3.36207457,114.89596375,-25.704675405204036
40.0,unpCFL,4.6371238155401135,3.35183353,114.23709325,-25.989908525055885
40.0,unpCFL,4.676922931143398,3.34138631,113.56507724999999,-26.280396971144288
40.0,unpCFL,4.716722678458623,3.33057669,112.86974975000001,-26.580471645684856
40.0,unpCFL,4.756521794061908,3.31955509,112.16123574999999,-26.885830228834152
40.0,unpCFL,4.796320909665193,3.30817178,111.42987025,-27.200589432065357
40.0,unpCFL,4.836120656980417,3.29652829,110.68254775,-27.521821478095323
40.0,unpCFL,4.875919772583702,3.28462295,109.91935699999999,-27.849495527086784
40.0,unpCFL,4.915718888186986,3.27241597,109.13791925000001,-28.184626057976104
40.0,unpCFL,4.955518635502211,3.25990512,108.33832875,-28.527180595706522
40.0,unpCFL,4.995317751105496,3.2471002,107.52146175,-28.876789638663116
40.0,unpCFL,5.035116866708781,3.2340109,106.6881885,-29.233087431462884
40.0,unpCFL,5.074916614024005,3.22058621,105.83549250000002,-29.59736489985708
40.0,unpCFL,5.11471572962729,3.20693458,104.97058575000001,-29.966558487057274
40.0,unpCFL,5.154514845230575,3.1929717,104.08832075000001,-30.342860351697944
40.0,unpCFL,5.194314592545799,3.1786964,103.18890575,-30.72619062933447
40.0,unpCFL,5.234113708149084,3.16412434,102.27363125000001,-31.11600305069976
40.0,unpCFL,5.273912823752369,3.14930853,101.346108,-31.510768859971993
40.0,unpCFL,5.313712571067593,3.13416474,100.40131099999999,-31.91262849907442
40.0,unpCFL,5.353511686670878,3.11875242,99.44327475,-32.319870371923976
40.0,unpCFL,5.393310802274163,3.1030209,98.4691205,-32.733729465568935
40.0,unpCFL,5.433110549589387,3.08703964,97.48347125000001,-33.15223916555851
40.0,unpCFL,5.472909665192672,3.07076319,96.48380025,-33.57648022180273
40.0,unpCFL,5.512708780795958,3.05424628,95.4737715,-34.004901037280284
40.0,unpCFL,5.552508528111181,3.0374044,94.44850325,-34.43958549844605
40.0,unpCFL,5.592307643714466,3.02034566,93.4148955,-34.877599643118764
40.0,unpCFL,5.632106759317751,3.00297703,92.36759175,-35.321226511019745
40.0,unpCFL,5.6719065066329755,2.98535729,91.3104565,-35.76882765126858
40.0,unpCFL,5.711705622236261,2.96744343,90.24122224999999,-36.221376535293636
40.0,unpCFL,5.751504737839546,2.94929334,89.1636505,-36.67727357593444
40.0,unpCFL,5.791304485154769,2.9309121,88.07831525,-37.13628407961839
40.0,unpCFL,5.831103600758055,2.91226215,86.98330150000001,-37.59922500921219
40.0,unpCFL,5.870902716361339,2.89339706,85.88204075,-38.06463809550033
40.0,unpCFL,5.9107024636765635,2.87427553,84.77241000000001,-38.53342978344754
40.0,unpCFL,5.950501579279849,2.85490817,83.65532950000001,-39.005218885926645
40.0,unpCFL,5.990300694883134,2.8353014,82.5314665,-39.47971753253169
40.0,unpCFL,6.030100442198358,2.81550423,81.40390099999999,-39.95562941614416
40.0,unpCFL,6.069899557801643,2.79548061,80.27083925,-40.43371014469984
40.0,unpCFL,6.109699305116867,2.77527883,79.13527074999999,-40.912701236499785
40.0,unpCFL,6.149498420720152,2.75482049,77.99307300000001,-41.394350216716525
40.0,unpCFL,6.189297536323437,2.73420258,76.849921,-41.87624948631668
40.0,unpCFL,6.22909728363866,2.71337966,75.703535,-42.35937398591708
40.0,unpCFL,6.268896399241946,2.69236352,74.55482425,-42.8433374865594
40.0,unpCFL,6.308695514845231,2.67120574,73.40682675000001,-43.326848365935284
40.0,unpCFL,6.348496525584333,2.64986344,72.25743750000001,-43.81080603405417
40.0,unpCFL,6.3882943777637395,2.62834875,71.10754975,-44.29482684402559
40.0,unpCFL,6.428092229943147,2.60671215,69.960053,-44.777692150280004
40.0,unpCFL,6.467890082122553,2.58491264,68.8129735,-45.26023745091008
40.0,unpCFL,6.507694251421352,2.56296266,67.66717725,-45.74209509911775
40.0,unpCFL,6.547492103600758,2.54090529,66.5250905,-46.22223609438328
40.0,unpCFL,6.587289955780164,2.51874975,65.38733475000001,-46.70040011034742
40.0,unpCFL,6.62708780795957,2.49646586,64.2525215,-47.1771710422843
40.0,unpCFL,6.666891977258371,2.47405394,63.12084599999999,-47.65247073509892
40.0,unpCFL,6.706689829437776,2.45156395,61.99497675,-48.125166144665144
40.0,unpCFL,6.746487681617182,2.4290064,60.8755455,-48.59498590568302
40.0,unpCFL,6.786285533796589,2.40634239,59.760749999999994,-49.06269905815402
40.0,unpCFL,6.826089703095389,2.38362672,58.6533985,-49.527109431428
40.0,unpCFL,6.865887555274795,2.36085813,57.55351125,-49.988212979082675
40.0,unpCFL,6.905685407454201,2.33801134,56.45996625,-50.446479600468614
40.0,unpCFL,6.9454832596336065,2.31512772,55.374829250000005,-50.901037940557245
40.0,unpCFL,6.985287428932407,2.29221879,54.298699250000006,-51.35163081427907
40.0,unpCFL,7.025085281111814,2.26928779,53.23176825,-51.79817757646265
40.0,unpCFL,7.064883133291219,2.24634298,52.1744555,-52.24049787442306
40.0,unpCFL,7.104680985470625,2.22335575,51.1254925,-52.67912813840283
40.0,unpCFL,7.1444788376500314,2.20040299,50.088401,-53.112583072648924
40.0,unpCFL,7.1842830069488315,2.17742592,49.0605295,-53.54197519849884
40.0,unpCFL,7.224080859128238,2.15449653,48.04509025,-53.96595236235639
40.0,unpCFL,7.263878711307644,2.13155532,47.039435,-54.385627837536525
40.0,unpCFL,7.30367656348705,2.10864291,46.04534375,-54.80025228861798
40.0,unpCFL,7.34348073278585,2.0857976,45.064422,-55.20914958362928
40.0,unpCFL,7.3832785849652565,2.06296158,44.09414625,-55.6133770882625
40.0,unpCFL,7.423076437144663,2.04017644,43.1362525,-56.01220532799731
40.0,unpCFL,7.462874289324068,2.01747794,42.19216025,-56.40503705201395
40.0,unpCFL,7.502678458622867,1.99484064,41.26072325,-56.79235639486448
40.0,unpCFL,7.542476310802275,1.97224133,40.34092975,-57.17458355107226
40.0,unpCFL,7.5822741629816806,1.94974663,39.43540475,-57.55061682896747
40.0,unpCFL,7.622072015161087,1.92733065,38.54299375,-57.92094242243569
40.0,unpCFL,7.661869867340493,1.90500238,37.663953750000005,-58.28545137494292
40.0,unpCFL,7.701674036639292,1.88279562,36.799485499999996,-58.64364173822553
40.0,unpCFL,7.741471888818699,1.86065564,35.94734525,-58.99645207061202
40.0,unpCFL,7.7812697409981055,1.83864907,35.1099735,-59.34286242233318
40.0,unpCFL,7.821067593177512,1.81674851,34.28618175,-59.68337000088663
40.0,unpCFL,7.860871762476311,1.79496347,33.47619075,-60.01788384682329
40.0,unpCFL,7.900669614655716,1.77329683,32.6799665,-60.34641804046836
40.0,unpCFL,7.940467466835124,1.75177755,31.898409500000003,-60.66859890974068
40.0,unpCFL,7.98026531901453,1.73038826,31.130720000000004,-60.98476012808952
40.0,unpCFL,8.020069488313329,1.70912961,30.37676325,-61.29496203940663
40.0,unpCFL,8.059867340492735,1.68800795,29.63660325,-61.59917733971112
40.0,unpCFL,8.099665192672141,1.6670284,28.910251249999998,-61.897402980905326
40.0,unpCFL,8.13946304485155,1.64621607,28.1983905,-62.189358152748014
40.0,unpCFL,8.179267214150348,1.62555242,27.5001985,-62.47538643454766
40.0,unpCFL,8.219065066329753,1.60504165,26.815637249999998,-62.755506787944256
40.0,unpCFL,8.258862918509159,1.58468517,26.14457275,-63.029775452551206
40.0,unpCFL,8.298660770688565,1.56451006,25.48770025,-63.297909724360174
40.0,unpCFL,8.338458622867973,1.54449715,24.8441942,-63.56025365375108
40.0,unpCFL,8.378262792166772,1.52464864,24.213935525,-63.81685892022317
40.0,unpCFL,8.418060644346179,1.50496748,23.596826575,-64.06776970328842
40.0,unpCFL,8.457858496525585,1.48547727,22.99340215,-64.31276999958105
40.0,unpCFL,8.49765634870499,1.46615943,22.402879125000002,-64.5521844964783
40.0,unpCFL,8.53746051800379,1.44701596,21.8251229,-64.7860752382095
40.0,unpCFL,8.577258370183197,1.42804883,21.25999635,-65.01450080272578
40.0,unpCFL,8.617056222362603,1.40926029,20.707368199999998,-65.23751952572613
40.0,unpCFL,8.656854074542009,1.39067184,20.16766165,-65.45496369921499
40.0,unpCFL,8.696658243840808,1.37226534,19.64014,-65.66713892273054
40.0,unpCFL,8.736456096020214,1.35402397,19.124132875,-65.87432472770742
40.0,unpCFL,8.77625394819962,1.33600356,18.621011250000002,-66.07596614569799
40.0,unpCFL,8.816051800379027,1.31815201,18.129111375,-66.27274722412422
40.0,unpCFL,8.855855969677828,1.30048782,17.648755,-66.46454265136303
40.0,unpCFL,8.895653821857234,1.28302819,17.180203575,-66.65125205938985
40.0,unpCFL,8.93545167403664,1.26575829,16.72285325,-66.83312692749045
40.0,unpCFL,8.975249526216045,1.24866197,16.27608995,-67.01042060214156
40.0,unpCFL,9.015047378395451,1.23177201,15.840576024999999,-67.18287191535875
40.0,unpCFL,9.054851547694252,1.21507322,15.415718575,-67.35072829775054
40.0,unpCFL,9.094649399873658,1.19856544,15.0013221,-67.51407410160216
40.0,unpCFL,9.134447252053064,1.18225014,14.5972337,-67.67297712698411
40.0,unpCFL,9.17424510423247,1.16614024,14.203577775,-67.82739621070915
40.0,unpCFL,9.21404927353127,1.15020892,13.8195131,-67.97767498505176
40.0,unpCFL,9.253847125710676,1.13446885,13.445166825000001,-68.12376875712575
40.0,unpCFL,9.293644977890082,1.11892146,13.080391474999999,-68.26574469782052
40.0,unpCFL,9.333442830069488,1.10356623,12.724993600000001,-68.40368675193305
40.0,unpCFL,9.373246999368288,1.08838967,12.3784887,-68.53779620210362
40.0,unpCFL,9.413044851547696,1.07341776,12.0412938,-68.66791496928707
40.0,unpCFL,9.452842703727102,1.05863691,11.712922875,-68.79424484843771
40.0,unpCFL,9.492640555906506,1.044035,11.392940625,-68.91696356878924
40.0,unpCFL,9.532438408085913,1.02962346,11.081433749999999,-69.03604781951915
40.0,unpCFL,9.572242577384712,1.01540169,10.778222575,-69.1515768902834
40.0,unpCFL,9.61204042956412,1.00135889,10.4829168,-69.26370968893237
40.0,unpCFL,9.651838281743526,0.987515801,10.195790875,-69.3723523777116
40.0,unpCFL,9.691636133922932,0.973839655,9.916009800000001,-69.47783491712948
40.0,unpCFL,9.731440303221731,0.960352035,9.643866724999999,-69.58005572661376
40.0,unpCFL,9.771238155401138,0.947052276,9.379192974999999,-69.6790901041975
40.0,unpCFL,9.811036007580544,0.933929549,9.121624525,-69.77508692898842
40.0,unpCFL,9.85083385975995,0.920983822,8.871018175,-69.86811245462108
40.0,unpCFL,9.89063802905875,0.908224544,8.627413,-69.95816462728656
40.0,unpCFL,9.930435881238155,0.895633301,8.39031885,-70.04543699094928
40.0,unpCFL,9.970233733417562,0.883219053,8.1597698,-70.12993167702766
40.0,unpCFL,10.010031585596968,0.870982439,7.935643600000001,-70.21170640954027
40.0,unpCFL,10.049835754895767,0.85892488,7.717831725000001,-70.29081566115659
40.0,unpCFL,10.089633607075173,0.847038008,7.506054000000001,-70.36737868481174
40.0,unpCFL,10.12943145925458,0.835323695,7.300216924999999,-70.44144544655968
40.0,unpCFL,10.169229311433986,0.823785127,7.100251849999999,-70.51306012548241
40.0,unpCFL,10.209027163613394,0.812417737,6.905956399999999,-70.58231631654685
40.0,unpCFL,10.248831332912193,0.801220078,6.717186750000001,-70.64929191012786
40.0,unpCFL,10.288629185091597,0.790201701,6.533983474999999,-70.71400165381488
40.0,unpCFL,10.328427037271004,0.779355453,6.356110774999999,-70.77657388404309
40.0,unpCFL,10.36822488945041,0.768696198,6.183693625,-70.8370297178537
40.0,unpCFL,10.40802905874921,0.758239888,6.0168701,-70.89544994103542
40.0,unpCFL,10.447826910928617,0.741848308,5.7588104,-70.97535552777835
40.0,unpCFL,10.487624763108023,0.731520168,5.599751025,-71.02947982045114
40.0,unpCFL,10.52742261528743,0.721343347,5.445191675,-71.08186354048522
40.0,unpCFL,10.567226784586229,0.711332955,5.295261875,-71.13264283754062
40.0,unpCFL,10.607024636765635,0.701483761,5.149781775,-71.18305662375127
40.0,unpCFL,10.646822488945041,0.688226912,4.957152,-71.23223899404447
40.0,unpCFL,10.686620341124447,0.678554043,4.818910775,-71.27668805642352
40.0,unpCFL,10.726424510423248,0.669022995,4.684602125,-71.31946431933845
40.0,unpCFL,10.766222362602655,0.659632104,4.55411915,-71.36061378755556
40.0,unpCFL,10.806020214782059,0.650373863,4.427277675,-71.4002086621362
40.0,unpCFL,10.845818066961465,0.641252668,4.304060625,-71.43826501597665
40.0,unpCFL,10.885615919140871,0.632266766,4.1843665,-71.47482692650206
40.0,unpCFL,10.925420088439672,0.623414463,4.068097975,-71.50993726446623
40.0,unpCFL,10.965217940619079,0.614688574,3.955088675,-71.54365868743419
40.0,unpCFL,11.005015792798485,0.606092994,3.8453196249999997,-71.57600913586458
40.0,unpCFL,11.044813644977891,0.597626999,3.7387114500000003,-71.60702319808522
40.0,unpCFL,11.08461781427669,0.589285963,3.635139025,-71.63675424524372
40.0,unpCFL,11.124415666456096,0.581066436,3.534495475,-71.66524118171124
40.0,unpCFL,11.164213518635503,0.572965141,3.43667915,-71.6925278147082
40.0,unpCFL,11.204011370814909,0.564991663,3.341743375,-71.71860883285109
40.0,unpCFL,11.243815540113708,0.557128316,3.2494185250000003,-71.74357559562793
40.0,unpCFL,11.283613392293114,0.549389045,3.159810925,-71.76740680712388
40.0,unpCFL,11.32341124447252,0.541762825,3.072735475,-71.79016717676161
40.0,unpCFL,11.363209096651927,0.534248197,2.9881220500000003,-71.81188698407212
40.0,unpCFL,11.403006948831333,0.526846396,2.9059317499999997,-71.83258974799077
40.0,unpCFL,11.442811118130132,0.519554351,2.8260793,-71.85230771070717
40.0,unpCFL,11.482608970309538,0.512373163,2.748526225,-71.87106320134292
40.0,unpCFL,11.522406822488946,0.505297164,2.6731628499999998,-71.88889645981877
40.0,unpCFL,11.562204674668353,0.498328752,2.599967825,-71.90582408577886
40.0,unpCFL,11.602008843967152,0.491463639,2.528849825,-71.92188047113794
40.0,unpCFL,11.641806696146556,0.48470034,2.4597497125,-71.93708936231452
40.0,unpCFL,11.681604548325963,0.478039835,2.3926340625,-71.95147281819658
40.0,unpCFL,11.72140240050537,0.471476927,2.3274086675,-71.96506342792978
40.0,unpCFL,11.76120656980417,0.465012415,2.264041385,-71.97787894002887
40.0,unpCFL,11.801004421983576,0.458647153,2.2025005575,-71.98993751127793
40.0,unpCFL,11.840802274162982,0.452371758,2.1426577300000003,-72.00127951395454
40.0,unpCFL,11.880600126342388,0.446193708,2.0845475,-72.01190723459882
40.0,unpCFL,11.920404295641188,0.440110367,2.028107895,-72.02184653392085
40.0,unpCFL,11.960202147820594,0.4341148,1.9732397124999999,-72.03112620916339
40.0,unpCFL,12.0,0.42820794,1.9199184800000002,-72.03976326511832
50.0,unpaired,0.1,18.068616,2696.4040000000005,inf
50.0,unpaired,0.13979930511686672,12.9459526,1373.120038,inf
50.0,unpaired,0.17959867340492736,10.6350799,921.479022,inf
50.0,unpaired,0.21939797852179407,9.28002324,698.798748,231.10122314801723
50.0,unpaired,0.25919734680985473,8.37019568,566.775504,173.67586878187035
50.0,unpaired,0.2989966519267214,7.70651227,479.325538,135.61678562384157
50.0,unpaired,0.33879595704358817,7.19473662,416.98706400000003,108.47048807191676
50.0,unpaired,0.3785953253316488,6.78420867,370.18589,88.07781544131078
50.0,unpaired,0.4183946304485155,6.44520592,333.68835400000006,72.16487733327607
50.0,unpaired,0.4581939987365761,6.15903889,304.392688,59.38382919498867
50.0,unpaired,0.49799330385344287,5.91331314,280.343164,48.884686876435026
50.0,unpaired,0.5377926721415035,5.69945657,260.24485400000003,40.104557343888565
50.0,unpaired,0.5775919772583702,5.51129568,243.202306,32.65412960087066
50.0,unpaired,0.6173912823752369,5.34427149,228.57711200000003,26.255795324526183
50.0,unpaired,0.6571907770056854,5.19490177,215.89873200000002,20.704911225097945
50.0,unpaired,0.6969898926089704,5.06047644,204.812678,15.84728011326804
50.0,unpaired,0.7367890082122552,4.93882924,195.045121,11.563776398956165
50.0,unpaired,0.7765887555274795,4.82822747,186.38282660000002,7.7616189933415285
50.0,unpaired,0.8163878711307644,4.72722564,178.65427179999998,4.366175028539453
50.0,unpaired,0.8561869867340492,4.63464101,171.7224052,1.317798194517095
50.0,unpaired,0.8959867340492736,4.54946743,165.47444080000002,-1.4325984795716535
50.0,unpaired,0.9357858496525585,4.47085507,159.817579,-3.925404140449577
50.0,unpaired,0.9755855969677827,4.39807601,154.6745042,-6.1942741485959
50.0,unpaired,1.0153847125710675,4.33050049,149.9801418,-8.267532900465852
50.0,unpaired,1.0551838281743526,4.26759559,145.68034260000002,-10.168755822845634
50.0,unpaired,1.0949835754895767,4.20888035,141.72795480000002,-11.918467029583438
50.0,unpaired,1.1347826910928616,4.15395196,138.0838146,-13.533719190558617
50.0,unpaired,1.1745818066961466,4.10244652,134.7136084,-15.029450928646819
50.0,unpaired,1.214381554011371,4.05404816,131.5880164,-16.418428814626886
50.0,unpaired,1.2541806696146558,4.00847864,128.6816694,-17.7116992950216
50.0,unpaired,1.2939797852179407,3.96548903,125.97235420000001,-18.91893481954819
50.0,unpaired,1.333779532533165,3.9248665,123.4411658,-20.048371408606418
50.0,unpaired,1.3735786481364498,3.88641808,121.071333,-21.107313013477324
50.0,unpaired,1.413377763739735,3.84996775,118.84788619999999,-22.10227960589053
50.0,unpaired,1.453177511054959,3.81536951,116.7582942,-23.038733517131202
50.0,unpaired,1.4929766266582438,3.78248084,114.79080679999998,-23.921791493180862
50.0,unpaired,1.532775742261529,3.75118549,112.93564839999999,-24.755716672914524
50.0,unpaired,1.5725754895767532,3.7213724,111.1837912,-25.544443582372768
50.0,unpaired,1.6123746051800378,3.69294629,109.5274428,-26.291370202624346
50.0,unpaired,1.652173720783323,3.66581471,107.95928099999999,-26.999686990846172
50.0,unpaired,1.6919734680985472,3.63989733,106.4729366,-27.6721720765182
50.0,unpaired,1.7317725837018318,3.6151314,105.0632454,-28.31108144587336
50.0,unpaired,1.771571699305117,3.59144022,103.72446359999999,-28.918915591936717
50.0,unpaired,1.8113714466203412,3.56877335,102.4524778,-29.497473584061993
50.0,unpaired,1.8511705622236259,3.5470721,101.242871,-30.048680191938722
50.0,unpaired,1.890969677826911,3.52628719,100.09187320000001,-30.57418132827866
50.0,unpaired,1.9307694251421352,3.50637159,98.99595479999999,-31.075516141180042
50.0,unpaired,1.9705685407454203,3.48728358,97.9519852,-31.554050559351502
50.0,unpaired,2.010367656348705,3.46898308,96.9570054,-32.01107471287203
50.0,unpaired,2.050167403663929,3.45143425,96.0083708,-32.447743670848524
50.0,unpaired,2.089966519267214,3.43460344,95.103627,-32.86512646904601
50.0,unpaired,2.129765634870499,3.41845317,94.2401836,-33.2643498318308
50.0,unpaired,2.169565382185723,3.40296046,93.4162746,-33.64618685079314
50.0,unpaired,2.209364497789008,3.38809049,92.6295624,-34.01165182072192
50.0,unpaired,2.249163613392293,3.37382029,91.8783852,-34.36146960482665
50.0,unpaired,2.2889633607075175,3.3601195,91.16073060000001,-34.69651360035722
50.0,unpaired,2.328762476310802,3.34696469,90.47499680000001,-35.01747894939925
50.0,unpaired,2.368561591914087,3.33433021,89.8194936,-35.32509864068099
50.0,unpaired,2.4083613392293115,3.32219686,89.1929048,-35.61994493875827
50.0,unpaired,2.448160454832596,3.31054124,88.5937224,-35.90266944270398
50.0,unpaired,2.4879595704358817,3.29933798,88.02036679999999,-36.17395332558387
50.0,unpaired,2.5277593177511055,3.28856564,87.4714854,-36.43438140767886
50.0,unpaired,2.56755843335439,3.27822177,86.9467198,-36.68411243434437
50.0,unpaired,2.6073575489576757,3.26825698,86.4433296,-36.92431779700845
50.0,unpaired,2.6471572962728995,3.25865096,85.9600884,-37.155524475073534
50.0,unpaired,2.686956411876184,3.24944668,85.499002,-37.376885648280116
50.0,unpaired,2.726756159191409,3.24053345,85.054275,-37.59086604586682
50.0,unpaired,2.7665552747946935,3.23195306,84.627881,-37.796630760284806
50.0,unpaired,2.8063543903979786,3.22368645,84.2187102,-37.99465413946615
50.0,unpaired,2.846154137713203,3.21568425,83.82413679999999,-38.1860524901723
50.0,unpaired,2.8859532533164876,3.20795732,83.44458979999999,-38.37064449329875
50.0,unpaired,2.9257523689197726,3.20048709,83.0790228,-38.54887536083746
50.0,unpaired,2.965552116234997,3.19322206,82.7247474,-38.72188472537227
50.0,unpaired,3.0053512318382816,3.1862047,82.3837958,-38.88881171603143
50.0,unpaired,3.0451503474415667,3.17935162,82.05190699999999,-39.05146081714565
50.0,unpaired,3.084950094756791,3.17270494,81.731106,-39.20897374152939
50.0,unpaired,3.124749210360076,3.16624381,81.42027200000001,-39.361824633715834
50.0,unpaired,3.1645483259633607,3.15991465,81.11666559999999,-39.51117103642197
50.0,unpaired,3.204348073278585,3.1537268,80.820688,-39.656842469448414
50.0,unpaired,3.2441471888818696,3.14765802,80.5311756,-39.79932866618997
50.0,unpaired,3.283946304485155,3.14168586,80.246962,-39.93912053413678
50.0,unpaired,3.323746051800379,3.13585062,79.9699926,-40.07539664283789
50.0,unpaired,3.3635451674036636,3.13006464,79.6958778,-40.21000773647679
50.0,unpaired,3.403344283006949,3.12433557,79.42496,-40.34280873820784
50.0,unpaired,3.443144030322173,3.11870449,79.1592268,-40.47295829745365
50.0,unpaired,3.4829431459254576,3.11308174,78.8942228,-40.6023365738312
50.0,unpaired,3.522742261528743,3.1074744,78.6302668,-40.73080650577042
50.0,unpaired,3.562542008843967,3.10192389,78.369371,-40.857519178945026
50.0,unpaired,3.6023411244472525,3.09633832,78.1069962,-40.9843875553751
50.0,unpaired,3.642140240050537,3.09079298,77.8468178,-41.109862139029524
50.0,unpaired,3.681939987365761,3.0851954,77.58428479999999,-41.23586062796994
50.0,unpaired,3.7217391029690465,3.07958739,77.3214354,-41.36152404364233
50.0,unpaired,3.761538218572331,3.07390876,77.055318,-41.48809681827328
50.0,unpaired,3.801337965887555,3.06820592,76.7881936,-41.614625891144506
50.0,unpaired,3.8411370814908405,3.06245195,76.51874579999999,-41.74166736173372
50.0,unpaired,3.880936197094125,3.05662473,76.2458994,-41.86967443813974
50.0,unpaired,3.92073594440935,3.0506926,75.9681228,-41.999296773730244
50.0,unpaired,3.9605350600126346,3.04467495,75.6863704,-42.130130820210006
50.0,unpaired,4.00033417561592,3.0385813,75.4011142,-42.2619814460784
50.0,unpaired,4.040133922931144,3.03238736,75.11119219999999,-42.39534132643328
50.0,unpaired,4.079933038534429,3.026074,74.8157024,-42.53059154530053
50.0,unpaired,4.119732154137713,3.01965315,74.51524260000001,-42.66748506654953
50.0,unpaired,4.1595319014529375,3.01306685,74.2070554,-42.80718611127021
50.0,unpaired,4.199331017056222,3.00637288,73.89395,-42.94851473088259
50.0,unpaired,4.239130132659508,2.99954097,73.57450899999999,-43.092075108622936
50.0,unpaired,4.278929879974732,2.99256355,73.2484082,-43.23800588488356
50.0,unpaired,4.318728995578017,2.98541999,72.91470580000001,-43.38670754023191
50.0,unpaired,4.358528742893241,2.97812179,72.57400200000001,-43.53793604308712
50.0,unpaired,4.3983278584965255,2.97066352,72.2260898,-43.69178165744823
50.0,unpaired,4.43812697409981,2.96302552,71.8700904,-43.84861981507668
50.0,unpaired,4.477926721415035,2.95523024,71.50712779999999,-44.007984664686674
50.0,unpaired,4.51772583701832,2.94722743,71.1348912,-44.17085323981386
50.0,unpaired,4.557524952621605,2.9390409,70.7545786,-44.33672940979778
50.0,unpaired,4.597324699936829,2.93069421,70.3673658,-44.50512604483678
50.0,unpaired,4.6371238155401135,2.92213801,69.9710092,-44.67699396794938
50.0,unpaired,4.676922931143398,2.91340215,69.5669892,-44.851715894231276
50.0,unpaired,4.716722678458623,2.90444205,69.1533066,-45.030139619515325
50.0,unpaired,4.756521794061908,2.89527889,68.73104140000001,-45.21182015274341
50.0,unpaired,4.796320909665193,2.88590599,68.2999762,-45.39685596745094
50.0,unpaired,4.836120656980417,2.87635964,67.8618854,-45.58450817683585
50.0,unpaired,4.875919772583702,2.86658708,67.4144228,-45.7757720010737
50.0,unpaired,4.915718888186986,2.85658721,66.9576472,-45.97062883327317
50.0,unpaired,4.955518635502211,2.84635427,66.49140680000001,-46.169150599402094
50.0,unpaired,4.995317751105496,2.83591725,66.01714299999999,-46.37073996055738
50.0,unpaired,5.035116866708781,2.82527063,65.53470999999999,-46.57546772559511
50.0,unpaired,5.074916614024005,2.81441841,65.0444012,-46.78321451257374
50.0,unpaired,5.11471572962729,2.80331109,64.5440972,-46.99488171365049
50.0,unpaired,5.154514845230575,2.79201922,64.0371072,-47.20908735597451
50.0,unpaired,5.194314592545799,2.78047667,63.5205768,-47.42703390722598
50.0,unpaired,5.234113708149084,2.76870513,62.9956162,-47.64826773887403
50.0,unpaired,5.273912823752369,2.75671363,62.462760200000005,-47.87256781840708
50.0,unpaired,5.313712571067593,2.74449147,61.9216674,-48.100088673340494
50.0,unpaired,5.353511686670878,2.73204739,61.372862,-48.330610552749995
50.0,unpaired,5.393310802274163,2.71937188,60.8160654,-48.56426519256695
50.0,unpaired,5.433110549589387,2.70650764,60.253287799999995,-48.800209263599854
50.0,unpaired,5.472909665192672,2.69337413,59.681149,-49.03987415259793
50.0,unpaired,5.512708780795958,2.68005238,59.103328600000005,-49.28171561071375
50.0,unpaired,5.552508528111181,2.66650366,58.5182852,-49.52639170135698
50.0,unpaired,5.592307643714466,2.65273068,57.9262868,-49.773790870108385
50.0,unpaired,5.632106759317751,2.63872863,57.3272782,-50.02394773718453
50.0,unpaired,5.6719065066329755,2.62450489,56.7217328,-50.27666733035447
50.0,unpaired,5.711705622236261,2.61009266,56.111207400000005,-50.53129909694775
50.0,unpaired,5.751504737839546,2.59546506,55.4947068,-50.78826654530596
50.0,unpaired,5.791304485154769,2.58061543,54.8721076,-51.047628783763514
50.0,unpaired,5.831103600758055,2.56558842,54.2454282,-51.3085416816825
50.0,unpaired,5.870902716361339,2.55031464,53.6119314,-51.57215281547475
50.0,unpaired,5.9107024636765635,2.53486473,52.974703399999996,-51.83718076964858
50.0,unpaired,5.950501579279849,2.51924305,52.3340572,-52.1034898362712
50.0,unpaired,5.990300694883134,2.50338558,51.6875244,-52.37212325687894
50.0,unpaired,6.030100442198358,2.48736284,51.038134,-52.64181242906169
50.0,unpaired,6.069899557801643,2.47117656,50.386085599999994,-52.91247336494772
50.0,unpaired,6.109699305116867,2.45476689,49.729123200000004,-53.18506100856609
50.0,unpaired,6.149498420720152,2.438202,49.070125399999995,-53.45836369500479
50.0,unpaired,6.189297536323437,2.4214894,48.409513800000006,-53.73221497162033
50.0,unpaired,6.22909728363866,2.40459728,47.7461676,-54.007076786343795
50.0,unpaired,6.268896399241946,2.3875285,47.080344999999994,-54.28285160554752
50.0,unpaired,6.308695514845231,2.37029297,46.412575399999994,-54.55931119256004
50.0,unpaired,6.348496525584333,2.35292832,45.7444408,-54.83579782294288
50.0,unpaired,6.3882943777637395,2.33543684,45.076138,-55.11222961140407
50.0,unpaired,6.428092229943147,2.31778932,44.4066752,-55.38902266019156
50.0,unpaired,6.467890082122553,2.29999558,43.7365546,-55.665965219331866
50.0,unpaired,6.507694251421352,2.28209211,43.067261200000004,-55.94244064601451
50.0,unpaired,6.547492103600758,2.26405042,42.3978402,-56.2188433254969
50.0,unpaired,6.587289955780164,2.24591083,41.7298926,-56.49450454486514
50.0,unpaired,6.62708780795957,2.22764432,41.062451,-56.76983050670619
50.0,unpaired,6.666891977258371,2.20929376,40.397177,-57.04412632824669
50.0,unpaired,6.706689829437776,2.19082591,39.732957999999996,-57.31785560350975
50.0,unpaired,6.746487681617182,2.17225349,39.070352400000004,-57.59078056246575
50.0,unpaired,6.786285533796589,2.15364221,38.411771800000004,-57.86190023582852
50.0,unpaired,6.826089703095389,2.13490473,37.754203600000004,-58.132467429415755
50.0,unpaired,6.865887555274795,2.11613994,37.1011906,-58.401003043492885
50.0,unpaired,6.905685407454201,2.09729248,36.450859799999996,-58.66828875963153
50.0,unpaired,6.9454832596336065,2.07837102,35.8035858,-58.93416640364809
50.0,unpaired,6.985287428932407,2.05941203,35.1606696,-59.19809120087728
50.0,unpaired,7.025085281111814,2.04038756,34.5212158,-59.460436172527174
50.0,unpaired,7.064883133291219,2.02136709,33.887590599999996,-59.720217431314964
50.0,unpaired,7.104680985470625,2.00226882,33.257109799999995,-59.978544816260055
50.0,unpaired,7.1444788376500314,1.98318361,32.6328046,-60.2341621302196
50.0,unpaired,7.1842830069488315,1.96403412,32.0121752,-60.488105612090145
50.0,unpaired,7.224080859128238,1.94490956,31.3981346,-60.73916208857229
50.0,unpaired,7.263878711307644,1.92576055,30.789102,-60.98798783679138
50.0,unpaired,7.30367656348705,1.90659383,30.185317599999998,-61.234481679754225
50.0,unpaired,7.34348073278585,1.88747068,29.5887026,-61.47784676170874
50.0,unpaired,7.3832785849652565,1.86834295,28.997743999999997,-61.71870686138298
50.0,unpaired,7.423076437144663,1.84921405,28.4125546,-61.957016607713214
50.0,unpaired,7.462874289324068,1.83011986,27.834221,-62.19232438136589
50.0,unpaired,7.502678458622867,1.81106361,27.2628136,-62.42460160563597
50.0,unpaired,7.542476310802275,1.79202585,26.6977288,-62.65409260935172
50.0,unpaired,7.5822741629816806,1.77303947,26.1399154,-62.880408596064214
50.0,unpaired,7.622072015161087,1.75408185,25.5886782,-63.103835853917005
50.0,unpaired,7.661869867340493,1.73518404,25.0448846,-63.324014273595054
50.0,unpaired,7.701674036639292,1.71635385,24.508707,-63.540874039704796
50.0,unpaired,7.741471888818699,1.69756804,23.9794378,-63.75470488677264
50.0,unpaired,7.7812697409981055,1.67885878,23.4579338,-63.96515571696452
50.0,unpaired,7.821067593177512,1.66022842,22.944196,-64.17222526971587
50.0,unpaired,7.860871762476311,1.64166057,22.437713600000002,-64.37612524053354
50.0,unpaired,7.900669614655716,1.62318179,21.9391484,-64.57658072968839
50.0,unpaired,7.940467466835124,1.60477464,21.4479632,-64.77381315701528
50.0,unpaired,7.98026531901453,1.58646422,20.964758000000003,-64.96758081067877
50.0,unpaired,8.020069488313329,1.56823582,20.4890702,-65.1580696856013
50.0,unpaired,8.059867340492735,1.55011301,20.0214374,-65.34506184033275
50.0,unpaired,8.099665192672141,1.53209847,19.561839239999998,-65.52856861823514
50.0,unpaired,8.13946304485155,1.51417878,19.10984956,-65.70876282779051
50.0,unpaired,8.179267214150348,1.49637521,18.66591794,-65.88546447014772
50.0,unpaired,8.219065066329753,1.47867205,18.22956366,-66.05886771090121
50.0,unpaired,8.258862918509159,1.46109357,17.80129254,-66.22877078196376
50.0,unpaired,8.298660770688565,1.44362271,17.3805942,-66.3953813687843
50.0,unpaired,8.338458622867973,1.42628087,16.96788766,-66.55853362894287
50.0,unpaired,8.378262792166772,1.40905349,16.562727680000002,-66.71840860921446
50.0,unpaired,8.418060644346179,1.39196297,16.16554022,-66.8748355074053
50.0,unpaired,8.457858496525585,1.37499199,15.77581936,-67.02802170267869
50.0,unpaired,8.49765634870499,1.35816086,15.393928599999999,-67.17782392615518
50.0,unpaired,8.53746051800379,1.34145591,15.01945212,-67.32441210980632
50.0,unpaired,8.577258370183197,1.32489714,14.652730779999999,-67.46765139953355
50.0,unpaired,8.617056222362603,1.30846751,14.2932794,-67.60774033938218
50.0,unpaired,8.656854074542009,1.2921877,13.94144172,-67.74454444457638
50.0,unpaired,8.696658243840808,1.2760429,13.59678784,-67.87823928773106
50.0,unpaired,8.736456096020214,1.26004967,13.259560980000002,-68.00873105756936
50.0,unpaired,8.77625394819962,1.2441956,12.92938886,-68.13617125192373
50.0,unpaired,8.816051800379027,1.22848263,12.60620594,-68.26058902553066
50.0,unpaired,8.855855969677828,1.21291163,12.289923819999998,-68.38202542771835
50.0,unpaired,8.895653821857234,1.19749901,11.980764039999999,-68.50039626181659
50.0,unpaired,8.93545167403664,1.18224586,11.67863088,-68.61574496300132
50.0,unpaired,8.975249526216045,1.16712491,11.38287732,-68.72832801741848
50.0,unpaired,9.015047378395451,1.15216515,11.093964000000001,-68.83797216798173
50.0,unpaired,9.054851547694252,1.13735442,10.81154396,-68.9448170724574
50.0,unpaired,9.094649399873658,1.12270651,10.53576926,-69.04880868476695
50.0,unpaired,9.134447252053064,1.10819632,10.26606078,-69.15017697760867
50.0,unpaired,9.17424510423247,1.09385083,10.002813979999999,-69.24877478575688
50.0,unpaired,9.21404927353127,1.07965686,9.745677460000001,-69.34474388828922
50.0,unpaired,9.253847125710676,1.06561629,9.494580079999999,-69.4381172531432
50.0,unpaired,9.293644977890082,1.05172875,9.24941116,-69.5289424822834
50.0,unpaired,9.333442830069488,1.03800686,9.01028596,-69.6171838559654
50.0,unpaired,9.373246999368288,1.02442774,8.7767028,-69.70303775522437
50.0,unpaired,9.413044851547696,1.0110039,8.54877822,-69.78646578528122
50.0,unpaired,9.452842703727102,0.997745519,8.32658052,-69.86745049000557
50.0,unpaired,9.492640555906506,0.984631411,8.10965416,-69.94616969835619
50.0,unpaired,9.532438408085913,0.971673214,7.89809572,-70.02259384602549
50.0,unpaired,9.572242577384712,0.958870618,7.6918015,-70.09677046187073
50.0,unpaired,9.61204042956412,0.946223777,7.49067644,-70.16874184092012
50.0,unpaired,9.651838281743526,0.933732037,7.294613900000001,-70.23855506110934
50.0,unpaired,9.691636133922932,0.921387024,7.103390020000001,-70.30630086087979
50.0,unpaired,9.731440303221731,0.909197517,6.91704936,-70.37197176177182
50.0,unpaired,9.771238155401138,0.897164036,6.73550664,-70.43560663757889
50.0,unpaired,9.811036007580544,0.885277462,6.5585347,-70.4972966609844
50.0,unpaired,9.85083385975995,0.873546627,6.38617666,-70.55703707515929
50.0,unpaired,9.89063802905875,0.861962651,6.21821468,-70.61491436424609
50.0,unpaired,9.930435881238155,0.850526581,6.05457988,-70.67096271844765
50.0,unpaired,9.970233733417562,0.839238748,5.8951936,-70.7252209604071
50.0,unpaired,10.010031585596968,0.828107719,5.74009196,-70.77768694168074
50.0,unpaired,10.049835754895767,0.817117297,5.58896754,-70.82848130577725
50.0,unpaired,10.089633607075173,0.806277235,5.44187556,-70.87759481059989
50.0,unpaired,10.12943145925458,0.79558046,5.29864148,-70.92510117551073
50.0,unpaired,10.169229311433986,0.785036563,5.1593155,-70.97099906532972
50.0,unpaired,10.209027163613394,0.774632174,5.02364474,-71.01538961429245
50.0,unpaired,10.248831332912193,0.764377589,4.89168912,-71.0582713621491
50.0,unpaired,10.288629185091597,0.754270054,4.76333804,-71.09970135542274
50.0,unpaired,10.328427037271004,0.74431496,4.6385852199999995,-71.13970780942074
50.0,unpaired,10.36822488945041,0.734506184,4.51728056,-71.17837349832526
50.0,unpaired,10.40802905874921,0.724849889,4.39942832,-71.21574170346331
50.0,unpaired,10.447826910928617,0.715347378,4.28497222,-71.25189459374454
50.0,unpaired,10.487624763108023,0.706019777,4.1740918,-71.28689156048506
50.0,unpaired,10.52742261528743,0.69688362,4.06690546,-71.32095049506496
50.0,unpaired,10.567226784586229,0.678809506,3.85804574,-71.37143026532502
50.0,unpaired,10.607024636765635,0.669735022,3.75567188,-71.402325894319
50.0,unpaired,10.646822488945041,0.660808483,3.65630582,-71.43346027030123
50.0,unpaired,10.686620341124447,0.646427302,3.49901094,-71.45998972502275
50.0,unpaired,10.726424510423248,0.637627909,3.4044696599999997,-71.48594486648763
50.0,unpaired,10.766222362602655,0.628950479,3.3125031799999998,-71.51080922883246
50.0,unpaired,10.806020214782059,0.620393922,3.22304744,-71.53461191473968
50.0,unpaired,10.845818066961465,0.611956983,3.13603808,-71.55738110965886
50.0,unpaired,10.885615919140871,0.603637976,3.0514077200000003,-71.57914625537293
50.0,unpaired,10.925420088439672,0.595431103,2.96904968,-71.59994612064365
50.0,unpaired,10.965217940619079,0.587345258,2.8890054800000002,-71.61977822496539
50.0,unpaired,11.005015792798485,0.579367294,2.8110988,-71.63870214136541
50.0,unpaired,11.044813644977891,0.571504014,2.73535178,-71.65671931835494
50.0,unpaired,11.08461781427669,0.563752386,2.6616907800000003,-71.67386119367697
50.0,unpaired,11.124415666456096,0.556110874,2.59005826,-71.69015118841614
50.0,unpaired,11.164213518635503,0.54857513,2.52037228,-71.70561895461425
50.0,unpaired,11.204011370814909,0.541146803,2.45260798,-71.72028190162904
50.0,unpaired,11.243815540113708,0.533825867,2.3867252199999998,-71.7341597540643
50.0,unpaired,11.283613392293114,0.526605262,2.32262246,-71.74728582958281
50.0,unpaired,11.32341124447252,0.519489332,2.2603012799999997,-71.75966983365434
50.0,unpaired,11.363209096651927,0.5124752,2.1996997400000002,-71.77133660832642
50.0,unpaired,11.403006948831333,0.505564144,2.14079294,-71.78230035712546
50.0,unpaired,11.442811118130132,0.498745619,2.0834572,-71.79259795208817
50.0,unpaired,11.482608970309538,0.492028804,2.0277365599999997,-71.80223138997856
50.0,unpaired,11.522406822488946,0.485407064,1.9735429,-71.81122647316614
50.0,unpaired,11.562204674668353,0.478881627,1.92085457,-71.81959916637204
50.0,unpaired,11.602008843967152,0.472448655,1.8696097280000001,-71.82737024142737
50.0,unpaired,11.641806696146556,0.466105852,1.8197606819999999,-71.83455887590647
50.0,unpaired,11.681604548325963,0.459856527,1.771304284,-71.84117500143356
50.0,unpaired,11.72140240050537,0.453698196,1.7241923879999999,-71.84723803445894
50.0,unpaired,11.76120656980417,0.447625053,1.678353404,-71.85276824675735
50.0,unpaired,11.801004421983576,0.441640436,1.6337861079999998,-71.85777651114202
50.0,unpaired,11.840802274162982,0.435744006,1.5904614760000002,-71.86227769528944
50.0,unpaired,11.880600126342388,0.429932299,1.548328508,-71.86628741495545
50.0,unpaired,11.920404295641188,0.424202268,1.5073408739999998,-71.86982402809423
50.0,unpaired,11.960202147820594,0.418554579,1.467479794,-71.87289716568782
50.0,unpaired,12.0,0.412990988,1.4287341040000001,-71.87551920878923
50.0,cfl,0.1,13.2976931,1480.357272,inf
50.0,cfl,0.13979930511686672,10.2514931,879.8714100000001,inf
50.0,cfl,0.17959867340492736,8.74561468,640.361282,205.84307418804332
50.0,cfl,0.21939797852179407,7.82327926,512.4004,150.15945283902923
50.0,cfl,0.25919734680985473,7.18806583,432.55097199999994,115.38246036604768
50.0,cfl,0.2989966519267214,6.71696382,377.69141199999996,91.46815796628395
50.0,cfl,0.33879595704358817,6.34941247,337.468914,73.91853102614834
50.0,cfl,0.3785953253316488,6.05193747,306.569934,60.424522556898516
50.0,cfl,0.4183946304485155,5.80448681,281.994852,49.68231856989925
50.0,cfl,0.4581939987365761,5.59423986,261.919366,40.8987784961898
50.0,cfl,0.49799330385344287,5.41257784,245.168666,33.56300955948315
50.0,cfl,0.5377926721415035,5.25347455,230.95137599999998,27.330774639801493
50.0,cfl,0.5775919772583702,5.11254948,218.71194400000002,21.960359386456364
50.0,cfl,0.6173912823752369,4.98654681,208.049668,17.277376645216332
50.0,cfl,0.6571907770056854,4.87296646,198.6659902,13.151865606875809
50.0,cfl,0.6969898926089704,4.76985739,190.334127,9.48508622945049
50.0,cfl,0.7367890082122552,4.6756572,182.8774654,6.200129408520826
50.0,cfl,0.7765887555274795,4.58911968,176.1580402,3.2368990211659674
50.0,cfl,0.8163878711307644,4.50920541,170.0640324,0.5466877084169517
50.0,cfl,0.8561869867340492,4.43507017,164.50613280000002,-1.9094206703764132
50.0,cfl,0.8959867340492736,4.36599874,159.4105164,-4.1635975974242845
50.0,cfl,0.9357858496525585,4.30139215,154.716456,-6.242308657997643
50.0,cfl,0.9755855969677827,4.24074175,150.37333280000001,-8.1676213281052
50.0,cfl,1.0153847125710675,4.18361125,146.33852100000001,-9.958117501681789
50.0,cfl,1.0551838281743526,4.12963776,142.5768144,-11.629153098279174
50.0,cfl,1.0949835754895767,4.07849413,139.0573068,-13.194204516923964
50.0,cfl,1.1347826910928616,4.02991303,135.7546792,-14.664319883653276
50.0,cfl,1.1745818066961466,3.98365365,132.646609,-16.04923848634392
50.0,cfl,1.214381554011371,3.93951035,129.7141288,-17.357239028068474
50.0,cfl,1.2541806696146558,3.89730403,126.940849,-18.595476783248284
50.0,cfl,1.2939797852179407,3.85687579,124.312396,-19.770227697191157
50.0,cfl,1.333779532533165,3.81809279,121.816654,-20.88678708346009
50.0,cfl,1.3735786481364498,3.78083497,119.4428114,-21.94987875101356
50.0,cfl,1.413377763739735,3.74499244,117.18111479999999,-22.96376454283682
50.0,cfl,1.453177511054959,3.7104775,115.0235548,-23.931950594971017
50.0,cfl,1.4929766266582438,3.67720059,112.9623104,-24.857853487585007
50.0,cfl,1.532775742261529,3.6450946,110.9912032,-25.744181303022717
50.0,cfl,1.5725754895767532,3.614091,109.1041912,-26.593577999508618
50.0,cfl,1.6123746051800378,3.58413264,107.296117,-27.40830267946139
50.0,cfl,1.652173720783323,3.55516226,105.56199140000001,-28.19053796884193
50.0,cfl,1.6919734680985472,3.52713109,103.8974898,-28.942179482798128
50.0,cfl,1.7317725837018318,3.50000285,102.2991504,-29.664748176294285
50.0,cfl,1.771571699305117,3.47372769,100.76284,-30.36004969193079
50.0,cfl,1.8113714466203412,3.44827643,99.28573560000001,-31.02932675462877
50.0,cfl,1.8511705622236259,3.42361125,97.8646118,-31.673990468012235
50.0,cfl,1.890969677826911,3.39970085,96.49670459999999,-32.295253160971555
50.0,cfl,1.9307694251421352,3.37651486,95.1793828,-32.894267302281506
50.0,cfl,1.9705685407454203,3.35402627,93.91028200000001,-33.47206898101414
50.0,cfl,2.010367656348705,3.33220838,92.68711660000001,-34.02965848831636
50.0,cfl,2.050167403663929,3.31103739,91.5078268,-34.56793968613373
50.0,cfl,2.089966519267214,3.29049046,90.37046120000001,-35.087765513361305
50.0,cfl,2.129765634870499,3.27054086,89.2729092,-35.59005630502197
50.0,cfl,2.169565382185723,3.25117385,88.2137616,-36.07543243086569
50.0,cfl,2.209364497789008,3.23236373,87.1910596,-36.54474534416257
50.0,cfl,2.249163613392293,3.21409472,86.2034224,-36.99859970588054
50.0,cfl,2.2889633607075175,3.19634419,85.24914000000001,-37.437738958001496
50.0,cfl,2.328762476310802,3.17909528,84.3268496,-37.86275589745129
50.0,cfl,2.368561591914087,3.16232879,83.43509780000001,-38.27428179345202
50.0,cfl,2.4083613392293115,3.14603086,82.5727436,-38.67281410460961
50.0,cfl,2.448160454832596,3.13018368,81.73846859999999,-39.05892302939943
50.0,cfl,2.4879595704358817,3.11476802,80.9309116,-39.433195739862704
50.0,cfl,2.5277593177511055,3.09976732,80.148877,-39.79614943404541
50.0,cfl,2.56755843335439,3.0851813,79.39202879999999,-40.14793436902776
50.0,cfl,2.6073575489576757,3.0709697,78.6580046,-40.4895569818874
50.0,cfl,2.6471572962728995,3.05711706,77.9457458,-40.82147178410154
50.0,cfl,2.686956411876184,3.04366077,77.2568802,-41.14299876976781
50.0,cfl,2.726756159191409,3.03050913,76.58652740000001,-41.45620137498949
50.0,cfl,2.7665552747946935,3.01769843,75.9362932,-41.76040691942172
50.0,cfl,2.8063543903979786,3.00521367,75.3052032,-42.05603043688475
50.0,cfl,2.846154137713203,2.9930148,74.69106219999999,-42.34399964222897
50.0,cfl,2.8859532533164876,2.98111182,74.0941802,-42.624185045698304
50.0,cfl,2.9257523689197726,2.96949012,73.5136574,-42.89696778189805
50.0,cfl,2.965552116234997,2.95810798,72.9472788,-43.16327873080784
50.0,cfl,3.0053512318382816,2.94700115,72.396646,-43.42244614529364
50.0,cfl,3.0451503474415667,2.93610166,71.8582968,-43.67592265834104
50.0,cfl,3.084950094756791,2.92544481,71.3338212,-43.9230403525494
50.0,cfl,3.124749210360076,2.91501397,70.82228140000001,-44.16419234138202
50.0,cfl,3.1645483259633607,2.90476568,70.3214648,-44.40030259576389
50.0,cfl,3.204348073278585,2.89470814,69.8316654,-44.631247078038434
50.0,cfl,3.2441471888818696,2.88482356,69.3519344,-44.85741917358195
50.0,cfl,3.283946304485155,2.87509402,68.8813282,-45.079209857441946
50.0,cfl,3.323746051800379,2.8655524,68.4213266,-45.29600207607101
50.0,cfl,3.3635451674036636,2.85612782,67.9684862,-45.50922655277452
50.0,cfl,3.403344283006949,2.84682655,67.5230432,-45.718783310499965
50.0,cfl,3.443144030322173,2.83768185,67.0864972,-45.92404448673717
50.0,cfl,3.4829431459254576,2.82862128,66.6553858,-46.126449371408
50.0,cfl,3.522742261528743,2.81965057,66.229933,-46.325900189760816
50.0,cfl,3.562542008843967,2.81080265,65.8116272,-46.521777404090884
50.0,cfl,3.6023411244472525,2.80200366,65.3969894,-46.71552257016478
50.0,cfl,3.642140240050537,2.79331344,64.9887576,-46.90599837272387
50.0,cfl,3.681939987365761,2.78465779,64.5834678,-47.09463906667561
50.0,cfl,3.7217391029690465,2.77606953,64.1826082,-47.280826249585196
50.0,cfl,3.761538218572331,2.76750027,63.783935,-47.46548864929749
50.0,cfl,3.801337965887555,2.75898627,63.3890896,-47.64794451133351
50.0,cfl,3.8411370814908405,2.75050548,62.99704620000001,-47.82861889362808
50.0,cfl,3.880936197094125,2.74203965,62.606962,-48.00785944287547
50.0,cfl,3.92073594440935,2.73356319,62.2176732,-48.186151225707015
50.0,cfl,3.9605350600126346,2.72509053,61.8298326,-48.36322098021443
50.0,cfl,4.00033417561592,2.71662823,61.4437314,-48.538951746088614
50.0,cfl,4.040133922931144,2.7081563,61.0584702,-48.71371816117123
50.0,cfl,4.079933038534429,2.69965882,60.673341799999996,-48.887812500450416
50.0,cfl,4.119732154137713,2.69114416,60.288728199999994,-49.06108224426044
50.0,cfl,4.1595319014529375,2.68256611,59.9025908,-49.23437126211157
50.0,cfl,4.199331017056222,2.67396865,59.5168948,-49.406871947418914
50.0,cfl,4.239130132659508,2.66532735,59.1305746,-49.579032762926516
50.0,cfl,4.278929879974732,2.65663502,58.743332,-49.75097885133271
50.0,cfl,4.318728995578017,2.64787469,58.354447799999996,-49.923011615816804
50.0,cfl,4.358528742893241,2.63905434,57.964298799999995,-50.0949866562507
50.0,cfl,4.3983278584965255,2.63016855,57.5726748,-50.26699460377845
50.0,cfl,4.43812697409981,2.62120106,57.178902,-50.439320517578
50.0,cfl,4.477926721415035,2.61216819,56.783719,-50.61167004200271
50.0,cfl,4.51772583701832,2.60303006,56.3854426,-50.784742490211464
50.0,cfl,4.557524952621605,2.59380408,55.9848654,-50.958222676622086
50.0,cfl,4.597324699936829,2.5845073,55.5827532,-51.13180655751777
50.0,cfl,4.6371238155401135,2.57510071,55.177482,-51.30617222733836
50.0,cfl,4.676922931143398,2.56560622,54.770029400000006,-51.480926186542106
50.0,cfl,4.716722678458623,2.55598856,54.358951,-51.65667254707534
50.0,cfl,4.756521794061908,2.54626313,53.944950399999996,-51.833135734740694
50.0,cfl,4.796320909665193,2.53642379,53.5278224,-52.010411133356975
50.0,cfl,4.836120656980417,2.52649732,53.1087378,-52.18802906056567
50.0,cfl,4.875919772583702,2.51644248,52.686027800000005,-52.366688296454335
50.0,cfl,4.915718888186986,2.50625746,52.2596814,-52.54640348099062
50.0,cfl,4.955518635502211,2.495937,51.8295464,-52.72724990847054
50.0,cfl,4.995317751105496,2.48550242,51.396566199999995,-52.90885394892143
50.0,cfl,5.035116866708781,2.47494861,50.9605884,-53.09129244774591
50.0,cfl,5.074916614024005,2.46427767,50.521760400000005,-53.27451289062791
50.0,cfl,5.11471572962729,2.45345121,50.078591800000005,-53.45914327021612
50.0,cfl,5.154514845230575,2.44252213,49.633292600000004,-53.644290200323724
50.0,cfl,5.194314592545799,2.43143915,49.1838636,-53.83078061459693
50.0,cfl,5.234113708149084,2.42021821,48.7310228,-54.018339246573724
50.0,cfl,5.273912823752369,2.40886525,48.2750814,-54.20684567852239
50.0,cfl,5.313712571067593,2.39737152,47.815766599999996,-54.39642872651216
50.0,cfl,5.353511686670878,2.38574278,47.3533828,-54.586966692750295
50.0,cfl,5.393310802274163,2.3739712,46.8877004,-54.778575260965795
50.0,cfl,5.433110549589387,2.3620884,46.420030399999995,-54.97072049391874
50.0,cfl,5.472909665192672,2.35003262,45.9480454,-55.16437441079746
50.0,cfl,5.512708780795958,2.33786455,45.474184199999996,-55.358540735085214
50.0,cfl,5.552508528111181,2.32555414,44.997361,-55.55368083480752
50.0,cfl,5.592307643714466,2.31310274,44.517712,-55.7497425835694
50.0,cfl,5.632106759317751,2.30050606,44.0351582,-55.94677515861751
50.0,cfl,5.6719065066329755,2.28776897,43.5499718,-56.144673969625856
50.0,cfl,5.711705622236261,2.274916,43.063158800000004,-56.343032561853875
50.0,cfl,5.751504737839546,2.26192598,42.5740008,-56.5421549911123
50.0,cfl,5.791304485154769,2.24879329,42.082375,-56.74210283087676
50.0,cfl,5.831103600758055,2.23555102,41.589591399999996,-56.94234454822469
50.0,cfl,5.870902716361339,2.22214587,41.0937654,-57.143653752043
50.0,cfl,5.9107024636765635,2.20863076,40.5969298,-57.34521571816276
50.0,cfl,5.950501579279849,2.19500828,40.0992496,-57.54695908226883
50.0,cfl,5.990300694883134,2.18122913,39.5990204,-57.74959432476561
50.0,cfl,6.030100442198358,2.16734616,39.0982352,-57.95230818032252
50.0,cfl,6.069899557801643,2.15335999,38.5969854,-58.15506461076761
50.0,cfl,6.109699305116867,2.13922441,38.093707800000004,-58.3585170331517
50.0,cfl,6.149498420720152,2.12499054,37.590297,-58.56188469109438
50.0,cfl,6.189297536323437,2.11066332,37.0869914,-58.76508398896264
50.0,cfl,6.22909728363866,2.09621791,36.5829948,-58.96843284324196
50.0,cfl,6.268896399241946,2.08165575,36.0784386,-59.17189195831197
50.0,cfl,6.308695514845231,2.06698358,35.573634,-59.375327457117415
50.0,cfl,6.348496525584333,2.05222934,35.0696052,-59.57832726100217
50.0,cfl,6.3882943777637395,2.03739405,34.5664438,-59.78085569633448
50.0,cfl,6.428092229943147,2.02245479,34.063440799999995,-59.98320474438051
50.0,cfl,6.467890082122553,2.00741821,33.5608926,-60.18525310486775
50.0,cfl,6.507694251421352,1.99231144,33.0597606,-60.38661357855713
50.0,cfl,6.547492103600758,1.97711203,32.559361800000005,-60.587561038466255
50.0,cfl,6.587289955780164,1.96185001,32.0607384,-60.78767109170147
50.0,cfl,6.62708780795957,1.9465025,31.5631986,-60.98722962805863
50.0,cfl,6.666891977258371,1.93110153,31.0678284,-61.18579308397953
50.0,cfl,6.706689829437776,1.91562099,30.5738396,-61.38368309504882
50.0,cfl,6.746487681617182,1.9000698,30.081571399999998,-61.58075645722714
50.0,cfl,6.786285533796589,1.88449774,29.592628599999998,-61.776365958218996
50.0,cfl,6.826089703095389,1.86883702,29.10493,-61.971355781391644
50.0,cfl,6.865887555274795,1.85316297,28.6208524,-62.16475644670084
50.0,cfl,6.905685407454201,1.83743231,28.1390894,-62.35710153866302
50.0,cfl,6.9454832596336065,1.82165101,27.659863799999997,-62.54829861472185
50.0,cfl,6.985287428932407,1.80584649,27.1840338,-62.73799551386047
50.0,cfl,7.025085281111814,1.7899966,26.710960399999998,-62.926453077708786
50.0,cfl,7.064883133291219,1.77415431,26.242234600000003,-63.113025746814266
50.0,cfl,7.104680985470625,1.75825579,25.7759914,-63.298463938920314
50.0,cfl,7.1444788376500314,1.74237073,25.314285799999997,-63.481938245974234
50.0,cfl,7.1842830069488315,1.72643862,24.855376200000002,-63.66415288513628
50.0,cfl,7.224080859128238,1.71052806,24.401244000000002,-63.84430049781947
50.0,cfl,7.263878711307644,1.69460018,23.950779999999998,-64.0228311211724
50.0,cfl,7.30367656348705,1.67865964,23.5041284,-64.19968477499975
50.0,cfl,7.34348073278585,1.66275361,23.0625988,-64.3743309811982
50.0,cfl,7.3832785849652565,1.64684411,22.6251282,-64.54719630093682
50.0,cfl,7.423076437144663,1.63093331,22.1917774,-64.71825777674913
50.0,cfl,7.462874289324068,1.6150487,21.763285,-64.88721494432849
50.0,cfl,7.502678458622867,1.59919244,21.3396882,-65.05405302093513
50.0,cfl,7.542476310802275,1.58334886,20.9205532,-65.21894133353672
50.0,cfl,7.5822741629816806,1.56754331,20.5065308,-65.38162085640393
50.0,cfl,7.622072015161087,1.55175768,20.0971256,-65.54229021179889
50.0,cfl,7.661869867340493,1.53601602,19.692935419999998,-65.70070588695516
50.0,cfl,7.701674036639292,1.52032414,19.294074639999998,-65.85682302572678
50.0,cfl,7.741471888818699,1.50466343,18.90003996,-66.01084162094467
50.0,cfl,7.7812697409981055,1.48905897,18.5114284,-66.16252337100421
50.0,cfl,7.821067593177512,1.4735124,18.12823814,-66.31186754104803
50.0,cfl,7.860871762476311,1.45801045,17.7501042,-66.4590219335087
50.0,cfl,7.900669614655716,1.44257399,17.377493440000002,-66.60379581639064
50.0,cfl,7.940467466835124,1.42718892,17.01002286,-66.74634288368497
50.0,cfl,7.98026531901453,1.41187505,16.64811924,-66.88649673741318
50.0,cfl,8.020069488313329,1.39662045,16.291453,-67.02438454857422
50.0,cfl,8.059867340492735,1.38144382,15.94040978,-67.15985410666248
50.0,cfl,8.099665192672141,1.36634721,15.594978860000001,-67.29291234436818
50.0,cfl,8.13946304485155,1.35131972,15.254857079999999,-67.42367779718866
50.0,cfl,8.179267214150348,1.33637837,14.92037214,-67.55202314515937
50.0,cfl,8.219065066329753,1.32151046,14.5911823,-67.67808147973615
50.0,cfl,8.258862918509159,1.30673545,14.26765792,-67.80170968113272
50.0,cfl,8.298660770688565,1.29203958,13.94943624,-67.92305065822318
50.0,cfl,8.338458622867973,1.2774401,13.63682786,-68.04198548972805
50.0,cfl,8.378262792166772,1.26292526,13.32951658,-68.15863851076885
50.0,cfl,8.418060644346179,1.24851318,13.02782014,-68.27288558355224
50.0,cfl,8.457858496525585,1.2341899,12.731378580000001,-68.38487025834071
50.0,cfl,8.49765634870499,1.21997195,12.44046638,-68.49448758456529
50.0,cfl,8.53746051800379,1.20584829,12.15478828,-68.60185465854104
50.0,cfl,8.577258370183197,1.19183528,11.874604260000002,-68.70687141510982
50.0,cfl,8.617056222362603,1.17791915,11.59956818,-68.80967562885971
50.0,cfl,8.656854074542009,1.16411688,11.329943579999998,-68.91016726994391
50.0,cfl,8.696658243840808,1.1504165,11.065424,-69.00846788380247
50.0,cfl,8.736456096020214,1.13683173,10.806200920000002,-69.10450587807232
50.0,cfl,8.77625394819962,1.12335252,10.55200926,-69.19838571027815
50.0,cfl,8.816051800379027,1.10998061,10.302811380000001,-69.29012406389195
50.0,cfl,8.855855969677828,1.09671688,10.058552839999999,-69.37974705222531
50.0,cfl,8.895653821857234,1.08357502,9.81941112,-69.46718928864317
50.0,cfl,8.93545167403664,1.07055618,9.58532748,-69.55247782739386
50.0,cfl,8.975249526216045,1.05763798,9.35582858,-69.63579327488533
50.0,cfl,9.015047378395451,1.04484463,9.13127242,-69.71700683150841
50.0,cfl,9.054851547694252,1.03216625,8.91141024,-69.79621510706038
50.0,cfl,9.094649399873658,1.01961456,8.69636954,-69.87337450904936
50.0,cfl,9.134447252053064,1.00716887,8.4857244,-69.94864817247367
50.0,cfl,9.17424510423247,0.994851885,8.279786679999999,-70.02192498285429
50.0,cfl,9.21404927353127,0.982652888,8.0783024,-70.0933041555129
50.0,cfl,9.253847125710676,0.970573661,7.88122938,-70.16280589201156
50.0,cfl,9.293644977890082,0.958614166,7.68849556,-70.23046069456639
50.0,cfl,9.333442830069488,0.946785241,7.5002016000000005,-70.29623905347603
50.0,cfl,9.373246999368288,0.935067948,7.3159753599999995,-70.36028080319902
50.0,cfl,9.413044851547696,0.923473029,7.135917859999999,-70.42255411946586
50.0,cfl,9.452842703727102,0.912009366,6.96009424,-70.48304271802449
50.0,cfl,9.492640555906506,0.900659364,6.78816524,-70.54187376257985
50.0,cfl,9.532438408085913,0.889433107,6.62021684,-70.59902205750535
50.0,cfl,9.572242577384712,0.878330622,6.45618066,-70.6545196833232
50.0,cfl,9.61204042956412,0.86735233,6.29599464,-70.70839447027188
50.0,cfl,9.651838281743526,0.856497976,6.13958756,-70.76067790060208
50.0,cfl,9.691636133922932,0.845760724,5.9867960600000005,-70.81143437816925
50.0,cfl,9.731440303221731,0.835148337,5.8376661,-70.86065567667825
50.0,cfl,9.771238155401138,0.824661562,5.692142239999999,-70.90836762557826
50.0,cfl,9.811036007580544,0.814292929,5.5500573399999995,-70.95463522922732
50.0,cfl,9.85083385975995,0.804050288,5.4114561000000005,-70.99945307701923
50.0,cfl,9.89063802905875,0.793926366,5.27617782,-71.04288269960831
50.0,cfl,9.930435881238155,0.783922364,5.144178500000001,-71.08494755986112
50.0,cfl,9.970233733417562,0.774038889,5.01540638,-71.12567483894323
50.0,cfl,10.010031585596968,0.764283648,4.8899007,-71.16506106184443
50.0,cfl,10.049835754895767,0.754643073,4.76742796,-71.20319497131918
50.0,cfl,10.089633607075173,0.745125911,4.64804214,-71.24006799730513
50.0,cfl,10.12943145925458,0.735726455,4.5316145599999995,-71.27573419385644
50.0,cfl,10.169229311433986,0.726453398,4.41819576,-71.31019254717047
50.0,cfl,10.209027163613394,0.717295642,4.30759416,-71.34351804455122
50.0,cfl,10.248831332912193,0.7082626,4.19986868,-71.37571040774922
50.0,cfl,10.288629185091597,0.699352476,4.09494218,-71.40681314958
50.0,cfl,10.328427037271004,0.690570669,3.99282244,-71.43684981758742
50.0,cfl,10.36822488945041,0.681912781,3.8934031,-71.46588639623008
50.0,cfl,10.40802905874921,0.673385434,3.79670528,-71.49396218144624
50.0,cfl,10.447826910928617,0.664991714,3.70270786,-71.52114967391027
50.0,cfl,10.487624763108023,0.656753612,3.61159668,-71.54751649379797
50.0,cfl,10.52742261528743,0.64869427,3.52355938,-71.57327743014945
50.0,cfl,10.567226784586229,0.632456011,3.34942958,-71.6072702772052
50.0,cfl,10.607024636765635,0.624371134,3.26439214,-71.63052804932505
50.0,cfl,10.646822488945041,0.616410327,3.18172598,-71.65438278575394
50.0,cfl,10.686620341124447,0.603691053,3.0518487199999997,-71.66787306719283
50.0,cfl,10.726424510423248,0.595826235,2.9728888999999996,-71.6868997923513
50.0,cfl,10.766222362602655,0.588063352,2.8959655800000004,-71.70507356420048
50.0,cfl,10.806020214782059,0.580401659,2.8210319800000003,-71.7224159021648
50.0,cfl,10.845818066961465,0.572840265,2.7480407600000003,-71.73894747585514
50.0,cfl,10.885615919140871,0.565377896,2.6769419799999996,-71.75469011361282
50.0,cfl,10.925420088439672,0.558009622,2.60765262,-71.7696721870267
50.0,cfl,10.965217940619079,0.550743525,2.5402125,-71.78389179539036
50.0,cfl,11.005015792798485,0.543568169,2.47448042,-71.79739331976751
50.0,cfl,11.044813644977891,0.536489759,2.41047954,-71.81017751492048
50.0,cfl,11.08461781427669,0.529505817,2.34815354,-71.82226830188151
50.0,cfl,11.124415666456096,0.522615171,2.28745914,-71.83368280852012
50.0,cfl,11.164213518635503,0.515814127,2.22833228,-71.84444281718031
50.0,cfl,11.204011370814909,0.509104349,2.17075664,-71.8545619701718
50.0,cfl,11.243815540113708,0.502485992,2.11470284,-71.86405523004866
50.0,cfl,11.283613392293114,0.495952939,2.06008978,-71.87294700892662
50.0,cfl,11.32341124447252,0.489509237,2.00692274,-71.88124528058471
50.0,cfl,11.363209096651927,0.483152499,1.95515357,-71.88896886692233
50.0,cfl,11.403006948831333,0.476884027,1.90476497,-71.89612853780793
50.0,cfl,11.442811118130132,0.470694537,1.855656048,-71.90275124436047
50.0,cfl,11.482608970309538,0.464592441,1.8078677440000002,-71.90884029909164
50.0,cfl,11.522406822488946,0.458571925,1.7613287020000001,-71.91441408420299
50.0,cfl,11.562204674668353,0.452634262,1.7160239519999998,-71.91948564334213
50.0,cfl,11.602008843967152,0.446776143,1.671904084,-71.92407025450348
50.0,cfl,11.641806696146556,0.440995659,1.628931632,-71.92818267426395
50.0,cfl,11.681604548325963,0.435295936,1.587106904,-71.93183118000671
50.0,cfl,11.72140240050537,0.429674891,1.546391822,-71.93503081019605
50.0,cfl,11.76120656980417,0.424127403,1.50672785,-71.93779609922002
50.0,cfl,11.801004421983576,0.418656647,1.46811678,-71.94013657576134
50.0,cfl,11.840802274162982,0.413262451,1.430536374,-71.94206409745541
50.0,cfl,11.880600126342388,0.407941808,1.3939453739999998,-71.94358995851414
50.0,cfl,11.920404295641188,0.402692097,1.3583064820000001,-71.94472862298699
50.0,cfl,11.960202147820594,0.397514039,1.323605824,-71.94548749204117
50.0,cfl,12.0,0.392409362,1.289836138,-71.94587717820207
50.0,unpCFL,0.1,13.2976931,1480.35728,inf
50.0,unpCFL,0.13979930511686672,10.2514931,879.8714,inf
50.0,unpCFL,0.17959867340492736,8.74561468,640.361288,205.84307695556933
50.0,unpCFL,0.21939797852179407,7.82327926,512.400392,150.15944974340385
50.0,unpCFL,0.25919734680985473,7.18806583,432.550974,115.38246096371805
50.0,unpCFL,0.2989966519267214,6.71696382,377.69141199999996,91.46815819534852
50.0,unpCFL,0.33879595704358817,6.34941247,337.46891600000004,73.91853159563368
50.0,unpCFL,0.3785953253316488,5.00781784,308.73499400000003,61.53002068202329
50.0,unpCFL,0.4183946304485155,5.00781784,292.37181400000003,54.338359949969
50.0,unpCFL,0.4581939987365761,5.00781784,277.24987799999997,47.69236307924981
50.0,unpCFL,0.49799330385344287,5.00781784,263.18292,41.51003030361575
50.0,unpCFL,0.5377926721415035,5.00781784,250.032314,35.730299667088076
50.0,unpCFL,0.5775919772583702,5.00781784,237.69053599999998,30.305797002069955
50.0,unpCFL,0.6173912823752369,5.00781784,226.073538,25.199477795502915
50.0,unpCFL,0.6571907770056854,5.00781784,215.11230200000003,20.380922942812216
50.0,unpCFL,0.6969898926089704,5.00781784,204.749444,15.824847370864097
50.0,unpCFL,0.7367890082122552,4.93882924,195.045121,11.563776427415132
50.0,unpCFL,0.7765887555274795,4.82822747,186.38282660000002,7.761618959505619
50.0,unpCFL,0.8163878711307644,4.72722564,178.65427179999998,4.366175006111453
50.0,unpCFL,0.8561869867340492,4.63464101,171.72240539999999,1.3177982195878464
50.0,unpCFL,0.8959867340492736,4.54946743,165.4744412,-1.4325983243484492
50.0,unpCFL,0.9357858496525585,4.47085507,159.817579,-3.925404206285206
50.0,unpCFL,0.9755855969677827,4.39807601,154.6745038,-6.194274325212652
50.0,unpCFL,1.0153847125710675,4.33050049,149.9801418,-8.267532931826269
50.0,unpCFL,1.0551838281743526,4.26759559,145.6803428,-10.168755742779272
50.0,unpCFL,1.0949835754895767,4.20888035,141.727955,-11.918466950392773
50.0,unpCFL,1.1347826910928616,4.15395196,138.0838148,-13.533719097051643
50.0,unpCFL,1.1745818066961466,4.10244652,134.71360860000001,-15.029450864044216
50.0,unpCFL,1.214381554011371,4.05404816,131.5880166,-16.418428693979216
50.0,unpCFL,1.2541806696146558,4.00847864,128.6816692,-17.711699337506754
50.0,unpCFL,1.2939797852179407,3.96548903,125.972354,-18.918934880806937
50.0,unpCFL,1.333779532533165,3.9248665,123.441166,-20.04837139015884
50.0,unpCFL,1.3735786481364498,3.88641808,121.07133320000001,-21.10731298345177
50.0,unpCFL,1.413377763739735,3.84996775,118.847886,-22.102279653158003
50.0,unpCFL,1.453177511054959,3.81536951,116.7582944,-23.038733486268697
50.0,unpCFL,1.4929766266582438,3.78248084,114.79080679999998,-23.921791507689804
50.0,unpCFL,1.532775742261529,3.75118549,112.93564839999999,-24.755716672914524
50.0,unpCFL,1.5725754895767532,3.7213724,111.1837912,-25.544443583894115
50.0,unpCFL,1.6123746051800378,3.69294629,109.5274428,-26.29137025529227
50.0,unpCFL,1.652173720783323,3.66581471,107.95928099999999,-26.999686999525807
50.0,unpCFL,1.6919734680985472,3.63989733,106.4729366,-27.672172113265795
50.0,unpCFL,1.7317725837018318,3.6151314,105.06324559999999,-28.31108138720423
50.0,unpCFL,1.771571699305117,3.59144022,103.72446359999999,-28.91891561715979
50.0,unpCFL,1.8113714466203412,3.56877335,102.45247799999999,-29.497473507599953
50.0,unpCFL,1.8511705622236259,3.5470721,101.242871,-30.048680264809903
50.0,unpCFL,1.890969677826911,3.52628719,100.09187320000001,-30.574181303841154
50.0,unpCFL,1.9307694251421352,3.50637159,98.99595479999999,-31.075516129294243
50.0,unpCFL,1.9705685407454203,3.48728358,97.95198500000001,-31.554050671338455
50.0,unpCFL,2.010367656348705,3.46898308,96.95700559999999,-32.01107466342024
50.0,unpCFL,2.050167403663929,3.45143425,96.0083708,-32.44774366841319
50.0,unpCFL,2.089966519267214,3.43460344,95.10362719999999,-32.8651263799068
50.0,unpCFL,2.129765634870499,3.41845317,94.2401836,-33.26434978633105
50.0,unpCFL,2.169565382185723,3.40296046,93.4162746,-33.64618689309835
50.0,unpCFL,2.209364497789008,3.38809049,92.6295624,-34.01165183588946
50.0,unpCFL,2.249163613392293,3.37382029,91.8783852,-34.36146960582494
50.0,unpCFL,2.2889633607075175,3.3601195,91.16073060000001,-34.696513598197996
50.0,unpCFL,2.328762476310802,3.34696469,90.47499680000001,-35.01747893447896
50.0,unpCFL,2.368561591914087,3.33433021,89.81949300000001,-35.32509892436939
50.0,unpCFL,2.4083613392293115,3.32219686,89.1929048,-35.61994491522553
50.0,unpCFL,2.448160454832596,3.31054124,88.5937212,-35.902669928643284
50.0,unpCFL,2.4879595704358817,3.29933798,88.020366,-36.17395370739899
50.0,unpCFL,2.5277593177511055,3.28856564,87.4714846,-36.43438169932943
50.0,unpCFL,2.56755843335439,3.27822177,86.9467212,-36.68411183628912
50.0,unpCFL,2.6073575489576757,3.26825698,86.44332899999999,-36.924318066989926
50.0,unpCFL,2.6471572962728995,3.25865096,85.960087,-37.15552508830756
50.0,unpCFL,2.686956411876184,3.24944668,85.499002,-37.376885661726746
50.0,unpCFL,2.726756159191409,3.24053345,85.05427460000001,-37.59086621685725
50.0,unpCFL,2.7665552747946935,3.23195306,84.62788119999999,-37.7966306406472
50.0,unpCFL,2.8063543903979786,3.22368645,84.218709,-37.99465466711358
50.0,unpCFL,2.846154137713203,3.21568425,83.8241382,-38.18605191826742
50.0,unpCFL,2.8859532533164876,3.20795732,83.4445908,-38.370644050793615
50.0,unpCFL,2.9257523689197726,3.20048709,83.07902179999999,-38.5488758357552
50.0,unpCFL,2.965552116234997,3.19322206,82.7247474,-38.721884739107004
50.0,unpCFL,3.0053512318382816,3.1862047,82.38379619999999,-38.8888115277602
50.0,unpCFL,3.0451503474415667,3.17935162,82.0519086,-39.05146019522937
50.0,unpCFL,3.084950094756791,3.17270494,81.7311058,-39.208973787906324
50.0,unpCFL,3.124749210360076,3.16624381,81.4202732,-39.36182412817154
50.0,unpCFL,3.1645483259633607,3.15991465,81.116666,-39.51117091100818
50.0,unpCFL,3.204348073278585,3.1537268,80.820688,-39.65684245959477
50.0,unpCFL,3.2441471888818696,3.14765802,80.5311766,-39.799328179185736
50.0,unpCFL,3.283946304485155,3.14168586,80.2469622,-39.939120492612936
50.0,unpCFL,3.323746051800379,3.13585062,79.9699936,-40.07539615410468
50.0,unpCFL,3.3635451674036636,3.13006464,79.6958776,-40.21000787593925
50.0,unpCFL,3.403344283006949,3.12433557,79.4249602,-40.342808601457314
50.0,unpCFL,3.443144030322173,3.11870449,79.159228,-40.47295777740091
50.0,unpCFL,3.4829431459254576,3.11308174,78.8942216,-40.602337060551164
50.0,unpCFL,3.522742261528743,3.1074744,78.63026740000001,-40.730806232384246
50.0,unpCFL,3.562542008843967,3.10192389,78.36937,-40.85751962315884
50.0,unpCFL,3.6023411244472525,3.09633832,78.1069962,-40.98438758051266
50.0,unpCFL,3.642140240050537,3.09079298,77.846818,-41.10986205793073
50.0,unpCFL,3.681939987365761,3.0851954,77.5842846,-41.23586073487076
50.0,unpCFL,3.7217391029690465,3.07958739,77.3214344,-41.36152446596942
50.0,unpCFL,3.761538218572331,3.07390876,77.05531839999999,-41.48809670602999
50.0,unpCFL,3.801337965887555,3.06820592,76.788194,-41.61462578027762
50.0,unpCFL,3.8411370814908405,3.06245195,76.5187454,-41.74166754860664
50.0,unpCFL,3.880936197094125,3.05662473,76.2458988,-41.86967469228731
50.0,unpCFL,3.92073594440935,3.0506926,75.9681228,-41.99929682576126
50.0,unpCFL,3.9605350600126346,3.04467495,75.6863712,-42.130130513719756
50.0,unpCFL,4.00033417561592,3.0385813,75.40111399999999,-42.2619815072087
50.0,unpCFL,4.040133922931144,3.03238736,75.1111932,-42.395340931424705
50.0,unpCFL,4.079933038534429,3.026074,74.8157024,-42.53059158656098
50.0,unpCFL,4.119732154137713,3.01965315,74.5152432,-42.66748486862694
50.0,unpCFL,4.1595319014529375,3.01306685,74.2070544,-42.80718652916013
50.0,unpCFL,4.199331017056222,3.00637288,73.8939494,-42.94851497775875
50.0,unpCFL,4.239130132659508,2.99954097,73.5745082,-43.09207543234842
50.0,unpCFL,4.278929879974732,2.99256355,73.2484084,-43.238005737636655
50.0,unpCFL,4.318728995578017,2.98541999,72.9147068,-43.38670710750396
50.0,unpCFL,4.358528742893241,2.97812179,72.5740016,-43.53793623192582
50.0,unpCFL,4.3983278584965255,2.97066352,72.22609059999999,-43.6917812794071
50.0,unpCFL,4.43812697409981,2.96302552,71.8700902,-43.84861986411371
50.0,unpCFL,4.477926721415035,2.95523024,71.50712779999999,-44.00798471378786
50.0,unpCFL,4.51772583701832,2.94722743,71.1348916,-44.17085312782193
50.0,unpCFL,4.557524952621605,2.9390409,70.7545788,-44.336729252316076
50.0,unpCFL,4.597324699936829,2.93069421,70.3673656,-44.50512615601005
50.0,unpCFL,4.6371238155401135,2.92213801,69.97100879999999,-44.67699414135279
50.0,unpCFL,4.676922931143398,2.91340215,69.5669884,-44.85171623994642
50.0,unpCFL,4.716722678458623,2.90444205,69.153307,-45.030139412365855
50.0,unpCFL,4.756521794061908,2.89527889,68.7310404,-45.211820611074906
50.0,unpCFL,4.796320909665193,2.88590599,68.29997680000001,-45.396855775754766
50.0,unpCFL,4.836120656980417,2.87635964,67.8618848,-45.584508428759854
50.0,unpCFL,4.875919772583702,2.86658708,67.414422,-45.775772374254245
50.0,unpCFL,4.915718888186986,2.85658721,66.9576478,-45.97062858973655
50.0,unpCFL,4.955518635502211,2.84635427,66.4914064,-46.169150735318176
50.0,unpCFL,4.995317751105496,2.83591725,66.0171426,-46.37074016860107
50.0,unpCFL,5.035116866708781,2.82527063,65.5347092,-46.575468078539245
50.0,unpCFL,5.074916614024005,2.81441841,65.0444006,-46.78321477884257
50.0,unpCFL,5.11471572962729,2.80331109,64.5440978,-46.994881456126826
50.0,unpCFL,5.154514845230575,2.79201922,64.03710740000001,-47.209087275145095
50.0,unpCFL,5.194314592545799,2.78047667,63.520577599999996,-47.427033539201005
50.0,unpCFL,5.234113708149084,2.76870513,62.995615799999996,-47.64826792050086
50.0,unpCFL,5.273912823752369,2.75671363,62.4627606,-47.872567656479035
50.0,unpCFL,5.313712571067593,2.74449147,61.921667,-48.10008886528699
50.0,unpCFL,5.353511686670878,2.73204739,61.3728628,-48.33061026543837
50.0,unpCFL,5.393310802274163,2.71937188,60.8160658,-48.56426499192583
50.0,unpCFL,5.433110549589387,2.70650764,60.253288000000005,-48.80020916764619
50.0,unpCFL,5.472909665192672,2.69337413,59.6811492,-49.0398739978796
50.0,unpCFL,5.512708780795958,2.68005238,59.1033284,-49.281715731180725
50.0,unpCFL,5.552508528111181,2.66650366,58.5182852,-49.52639171741044
50.0,unpCFL,5.592307643714466,2.65273068,57.926286600000005,-49.77379096555861
50.0,unpCFL,5.632106759317751,2.63872863,57.3272788,-50.02394751690549
50.0,unpCFL,5.6719065066329755,2.62450489,56.721733199999996,-50.27666713080167
50.0,unpCFL,5.711705622236261,2.61009266,56.111206599999996,-50.53129940985774
50.0,unpCFL,5.751504737839546,2.59546506,55.4947066,-50.788266649325635
50.0,unpCFL,5.791304485154769,2.58061543,54.872108,-51.04762865291259
50.0,unpCFL,5.831103600758055,2.56558842,54.245427799999995,-51.30854184429124
50.0,unpCFL,5.870902716361339,2.55031464,53.611931000000006,-51.572153001955954
50.0,unpCFL,5.9107024636765635,2.53486473,52.974703,-51.837180954727465
50.0,unpCFL,5.950501579279849,2.51924305,52.3340574,-52.10348971832394
50.0,unpCFL,5.990300694883134,2.50338558,51.687524999999994,-52.372123057379326
50.0,unpCFL,6.030100442198358,2.48736284,51.0381336,-52.64181258897187
50.0,unpCFL,6.069899557801643,2.47117656,50.3860852,-52.91247352825878
50.0,unpCFL,6.109699305116867,2.45476689,49.729123200000004,-53.185060988615
50.0,unpCFL,6.149498420720152,2.438202,49.070126200000004,-53.45836340301766
50.0,unpCFL,6.189297536323437,2.4214894,48.409513399999994,-53.73221518728908
50.0,unpCFL,6.22909728363866,2.40459728,47.7461682,-54.00707656562923
50.0,unpCFL,6.268896399241946,2.3875285,47.080344999999994,-54.28285165635946
50.0,unpCFL,6.308695514845231,2.37029297,46.4125752,-54.55931132008071
50.0,unpCFL,6.348496525584333,2.35292832,45.744440999999995,-54.83579776045419
50.0,unpCFL,6.3882943777637395,2.33543684,45.076138199999995,-55.11222956191644
50.0,unpCFL,6.428092229943147,2.31778932,44.4066752,-55.38902258998933
50.0,unpCFL,6.467890082122553,2.29999558,43.7365548,-55.66596514486704
50.0,unpCFL,6.507694251421352,2.28209211,43.06726080000001,-55.94244080958069
50.0,unpCFL,6.547492103600758,2.26405042,42.3978406,-56.21884315010183
50.0,unpCFL,6.587289955780164,2.24591083,41.7298926,-56.49450453130422
50.0,unpCFL,6.62708780795957,2.22764432,41.062450600000005,-56.76983063963473
50.0,unpCFL,6.666891977258371,2.20929376,40.397176800000004,-57.04412638785851
50.0,unpCFL,6.706689829437776,2.19082591,39.7329578,-57.31785568838241
50.0,unpCFL,6.746487681617182,2.17225349,39.070352,-57.590780697877065
50.0,unpCFL,6.786285533796589,2.15364221,38.4117722,-57.861900087309415
50.0,unpCFL,6.826089703095389,2.13490473,37.754203600000004,-58.132467465356044
50.0,unpCFL,6.865887555274795,2.11613994,37.1011902,-58.4010032053192
50.0,unpCFL,6.905685407454201,2.09729248,36.45086,-58.66828869083731
50.0,unpCFL,6.9454832596336065,2.07837102,35.803586,-58.93416635513108
50.0,unpCFL,6.985287428932407,2.05941203,35.1606696,-59.19809123651245
50.0,unpCFL,7.025085281111814,2.04038756,34.5212156,-59.46043629163605
50.0,unpCFL,7.064883133291219,2.02136709,33.887590599999996,-59.72021744955777
50.0,unpCFL,7.104680985470625,2.00226882,33.25711,-59.97854473358793
50.0,unpCFL,7.1444788376500314,1.98318361,32.6328044,-60.234162202449696
50.0,unpCFL,7.1842830069488315,1.96403412,32.012175400000004,-60.4881055519586
50.0,unpCFL,7.224080859128238,1.94490956,31.3981346,-60.73916211477457
50.0,unpCFL,7.263878711307644,1.92576055,30.789102200000002,-60.9879877396286
50.0,unpCFL,7.30367656348705,1.90659383,30.1853174,-61.23448169167724
50.0,unpCFL,7.34348073278585,1.88747068,29.5887028,-61.47784666121899
50.0,unpCFL,7.3832785849652565,1.86834295,28.997744200000003,-61.71870676594078
50.0,unpCFL,7.423076437144663,1.84921405,28.412554399999998,-61.95701667458607
50.0,unpCFL,7.462874289324068,1.83011986,27.834220799999997,-62.19232441653101
50.0,unpCFL,7.502678458622867,1.81106361,27.2628136,-62.42460163680689
50.0,unpCFL,7.542476310802275,1.79202585,26.697729199999998,-62.65409248793778
50.0,unpCFL,7.5822741629816806,1.77303947,26.1399154,-62.88040861255202
50.0,unpCFL,7.622072015161087,1.75408185,25.5886784,-63.103835794344775
50.0,unpCFL,7.661869867340493,1.73518404,25.0448846,-63.32401424612118
50.0,unpCFL,7.701674036639292,1.71635385,24.5087072,-63.54087401405362
50.0,unpCFL,7.741471888818699,1.69756804,23.9794378,-63.75470492874256
50.0,unpCFL,7.7812697409981055,1.67885878,23.4579338,-63.96515574902943
50.0,unpCFL,7.821067593177512,1.66022842,22.944195800000003,-64.17222534525908
50.0,unpCFL,7.860871762476311,1.64166057,22.437713600000002,-64.3761251992317
50.0,unpCFL,7.900669614655716,1.62318179,21.9391486,-64.57658066743707
50.0,unpCFL,7.940467466835124,1.60477464,21.4479632,-64.77381316991462
50.0,unpCFL,7.98026531901453,1.58646422,20.9647578,-64.9675808550149
50.0,unpCFL,8.020069488313329,1.56823582,20.4890702,-65.15806973372342
50.0,unpCFL,8.059867340492735,1.55011301,20.0214372,-65.34506190569923
50.0,unpCFL,8.099665192672141,1.53209847,19.5618391,-65.52856867543797
50.0,unpCFL,8.13946304485155,1.51417878,19.1098494,-65.70876289664129
50.0,unpCFL,8.179267214150348,1.49637521,18.66591794,-65.88546446681154
50.0,unpCFL,8.219065066329753,1.47867205,18.2295636,-66.05886773129208
50.0,unpCFL,8.258862918509159,1.46109357,17.80129252,-66.22877079152465
50.0,unpCFL,8.298660770688565,1.44362271,17.3805941,-66.39538141195864
50.0,unpCFL,8.338458622867973,1.42628087,16.967887559999998,-66.55853367137371
50.0,unpCFL,8.378262792166772,1.40905349,16.56272774,-66.71840859104748
50.0,unpCFL,8.418060644346179,1.39196297,16.16554012,-66.87483555298253
50.0,unpCFL,8.457858496525585,1.37499199,15.77581932,-67.02802172815689
50.0,unpCFL,8.49765634870499,1.35816086,15.393928599999999,-67.17782393138755
50.0,unpCFL,8.53746051800379,1.34145591,15.01945206,-67.32441213272219
50.0,unpCFL,8.577258370183197,1.32489714,14.652730799999999,-67.46765139315964
50.0,unpCFL,8.617056222362603,1.30846751,14.29327938,-67.60774034818242
50.0,unpCFL,8.656854074542009,1.2921877,13.94144172,-67.74454444457638
50.0,unpCFL,8.696658243840808,1.2760429,13.59678774,-67.87823932382351
50.0,unpCFL,8.736456096020214,1.26004967,13.259560959999998,-68.00873107041966
50.0,unpCFL,8.77625394819962,1.2441956,12.92938892,-68.13617122874871
50.0,unpCFL,8.816051800379027,1.22848263,12.60620602,-68.2605889922936
50.0,unpCFL,8.855855969677828,1.21291163,12.289923859999998,-68.38202540364495
50.0,unpCFL,8.895653821857234,1.19749901,11.980764099999998,-68.5003962315751
50.0,unpCFL,8.93545167403664,1.18224586,11.6786309,-68.61574495403737
50.0,unpCFL,8.975249526216045,1.16712491,11.38287734,-68.72832800812513
50.0,unpCFL,9.015047378395451,1.15216515,11.093963940000002,-68.83797219190643
50.0,unpCFL,9.054851547694252,1.13735442,10.811543919999998,-68.9448170839316
50.0,unpCFL,9.094649399873658,1.12270651,10.535769219999999,-69.04880870371906
50.0,unpCFL,9.134447252053064,1.10819632,10.2660608,-69.1501769720853
50.0,unpCFL,9.17424510423247,1.09385083,10.00281394,-69.24877480192943
50.0,unpCFL,9.21404927353127,1.07965686,9.745677500000001,-69.34474387195957
50.0,unpCFL,9.253847125710676,1.06561629,9.4945801,-69.43811724718834
50.0,unpCFL,9.293644977890082,1.05172875,9.24941116,-69.5289424837514
50.0,unpCFL,9.333442830069488,1.03800686,9.010286,-69.6171838469717
50.0,unpCFL,9.373246999368288,1.02442774,8.77670278,-69.703037763992
50.0,unpCFL,9.413044851547696,1.0110039,8.54877822,-69.78646578262509
50.0,unpCFL,9.452842703727102,0.997745519,8.3265805,-69.86745049960744
50.0,unpCFL,9.492640555906506,0.984631411,8.10965414,-69.94616970602951
50.0,unpCFL,9.532438408085913,0.971673214,7.8980957,-70.02259385883511
50.0,unpCFL,9.572242577384712,0.958870618,7.691801460000001,-70.09677047163922
50.0,unpCFL,9.61204042956412,0.946223777,7.4906764599999995,-70.16874183515553
50.0,unpCFL,9.651838281743526,0.933732037,7.294613920000001,-70.23855504832177
50.0,unpCFL,9.691636133922932,0.921387024,7.103390020000001,-70.30630085208784
50.0,unpCFL,9.731440303221731,0.909197517,6.9170492999999995,-70.37197178529435
50.0,unpCFL,9.771238155401138,0.897164036,6.735506480000001,-70.43560671099353
50.0,unpCFL,9.811036007580544,0.885277462,6.5585349399999995,-70.49729656135126
50.0,unpCFL,9.85083385975995,0.873546627,6.38617658,-70.55703710961365
50.0,unpCFL,9.89063802905875,0.861962651,6.21821458,-70.61491441076956
50.0,unpCFL,9.930435881238155,0.850526581,6.05457982,-70.67096274491378
50.0,unpCFL,9.970233733417562,0.839238748,5.89519376,-70.72522088889707
50.0,unpCFL,10.010031585596968,0.828107719,5.740092,-70.77768692866582
50.0,unpCFL,10.049835754895767,0.817117297,5.588967380000001,-70.8284813730739
50.0,unpCFL,10.089633607075173,0.806277235,5.4418755,-70.87759484008629
50.0,unpCFL,10.12943145925458,0.79558046,5.29864138,-70.92510121937053
50.0,unpCFL,10.169229311433986,0.785036563,5.15931556,-70.97099904501768
50.0,unpCFL,10.209027163613394,0.774632174,5.02364464,-71.01538965388892
50.0,unpCFL,10.248831332912193,0.764377589,4.89168896,-71.05827142969432
50.0,unpCFL,10.288629185091597,0.754270054,4.76333818,-71.09970129149762
50.0,unpCFL,10.328427037271004,0.74431496,4.6385850799999995,-71.13970786573522
50.0,unpCFL,10.36822488945041,0.734506184,4.51728052,-71.17837351207761
50.0,unpCFL,10.40802905874921,0.724849889,4.39942832,-71.21574170346331
50.0,unpCFL,10.447826910928617,0.715347378,4.28497218,-71.25189461003367
50.0,unpCFL,10.487624763108023,0.706019777,4.17409184,-71.28689154030664
50.0,unpCFL,10.52742261528743,0.69688362,4.06690556,-71.3209504532345
50.0,unpCFL,10.567226784586229,0.678809506,3.8580457,-71.37143027758235
50.0,unpCFL,10.607024636765635,0.669735022,3.7556718399999998,-71.40232590638333
50.0,unpCFL,10.646822488945041,0.660808483,3.65630584,-71.43346026676642
50.0,unpCFL,10.686620341124447,0.646427302,3.499011,-71.45998970373043
50.0,unpCFL,10.726424510423248,0.637627909,3.4044697200000003,-71.48594484787287
50.0,unpCFL,10.766222362602655,0.628950479,3.31250328,-71.51080919081726
50.0,unpCFL,10.806020214782059,0.620393922,3.22304746,-71.5346119117651
50.0,unpCFL,10.845818066961465,0.611956983,3.1360379999999997,-71.55738114414052
50.0,unpCFL,10.885615919140871,0.603637976,3.0514076799999996,-71.57914626690823
50.0,unpCFL,10.925420088439672,0.595431103,2.96904964,-71.59994613793108
50.0,unpCFL,10.965217940619079,0.587345258,2.88900544,-71.61977824125104
50.0,unpCFL,11.005015792798485,0.579367294,2.8110988,-71.63870214514563
50.0,unpCFL,11.044813644977891,0.571504014,2.7353517199999997,-71.65671934593732
50.0,unpCFL,11.08461781427669,0.563752386,2.66169072,-71.67386121212236
50.0,unpCFL,11.124415666456096,0.556110874,2.59005828,-71.69015117777701
50.0,unpCFL,11.164213518635503,0.54857513,2.52037236,-71.70561893035955
50.0,unpCFL,11.204011370814909,0.541146803,2.45260798,-71.72028189706765
50.0,unpCFL,11.243815540113708,0.533825867,2.3867252,-71.73415975641905
50.0,unpCFL,11.283613392293114,0.526605262,2.32262244,-71.74728583929081
50.0,unpCFL,11.32341124447252,0.519489332,2.2603013,-71.75966982865992
50.0,unpCFL,11.363209096651927,0.5124752,2.1996997400000002,-71.77133660576123
50.0,unpCFL,11.403006948831333,0.505564144,2.14079294,-71.78230036238702
50.0,unpCFL,11.442811118130132,0.498745619,2.0834571399999997,-71.79259797094551
50.0,unpCFL,11.482608970309538,0.492028804,2.02773654,-71.80223139548721
50.0,unpCFL,11.522406822488946,0.485407064,1.973542852,-71.81122649284994
50.0,unpCFL,11.562204674668353,0.478881627,1.9208545620000002,-71.81959916637204
50.0,unpCFL,11.602008843967152,0.472448655,1.869609748,-71.82737023267197
50.0,unpCFL,11.641806696146556,0.466105852,1.819760722,-71.83455886403776
50.0,unpCFL,11.681604548325963,0.459856527,1.7713042799999998,-71.84117500143356
50.0,unpCFL,11.72140240050537,0.453698196,1.7241923980000002,-71.84723803140386
50.0,unpCFL,11.76120656980417,0.447625053,1.678353378,-71.85276825604004
50.0,unpCFL,11.801004421983576,0.441640436,1.633786078,-71.8577765236625
50.0,unpCFL,11.840802274162982,0.435744006,1.590461506,-71.86227768263852
50.0,unpCFL,11.880600126342388,0.429932299,1.548328516,-71.86628741176338
50.0,unpCFL,11.920404295641188,0.424202268,1.507340858,-71.86982403453055
50.0,unpCFL,11.960202147820594,0.418554579,1.4674797860000002,-71.87289717216984
50.0,unpCFL,12.0,0.412990988,1.4287341219999998,-71.87551920226794
60.0,unpaired,0.1,16.3784248,1859.3764333333334,inf
60.0,unpaired,0.13979930511686672,11.5965859,927.5076516666667,inf
60.0,unpaired,0.17959867340492736,9.45413369,614.1891716666667,194.80696488940006
60.0,unpaired,0.21939797852179407,8.20447234,461.2895466666667,128.3129677173457
60.0,unpaired,0.25919734680985473,7.36965718,371.4138633333333,89.19827033498697
60.0,unpaired,0.2989966519267214,6.7638544,312.34534666666667,63.47036362463241
60.0,unpaired,0.33879595704358817,6.29916082,270.54119333333335,45.246570779944705
60.0,unpaired,0.3785953253316488,5.92837162,239.36728499999998,31.644738606937644
60.0,unpaired,0.4183946304485155,5.62375675,215.20622666666668,21.093024046676398
60.0,unpaired,0.4581939987365761,5.36787308,195.92067666666665,12.662512248979764
60.0,unpaired,0.49799330385344287,5.14916166,180.16800666666668,5.769547223111919
60.0,unpaired,0.5377926721415035,4.9596182,167.06141333333335,0.028535194180939697
60.0,unpaired,0.5775919772583702,4.79349664,155.99082916666666,-4.825851797764282
60.0,unpaired,0.6173912823752369,4.64654163,146.5219075,-8.982564385535468
60.0,unpaired,0.6571907770056854,4.51553195,138.33723683333335,-12.579717395379856
60.0,unpaired,0.6969898926089704,4.397953,131.19786866666666,-15.721303985741729
60.0,unpaired,0.7367890082122552,4.29182254,124.92123933333333,-18.486797188843504
60.0,unpaired,0.7765887555274795,4.19554181,119.36476066666667,-20.9382801690518
60.0,unpaired,0.8163878711307644,4.10779901,114.415116,-23.12509592348437
60.0,unpaired,0.8561869867340492,4.02751467,109.981585,-25.08675724150387
60.0,unpaired,0.8959867340492736,3.95377936,105.99006166666666,-26.855543335542873
60.0,unpaired,0.9357858496525585,3.88582889,102.37984666666667,-28.45789637139793
60.0,unpaired,0.9755855969677827,3.82300877,99.10040583333333,-29.915833435303576
60.0,unpaired,1.0153847125710675,3.76476047,96.10962066666666,-31.247705283269685
60.0,unpaired,1.0551838281743526,3.71059919,93.37186733333333,-32.46903482624298
60.0,unpaired,1.0949835754895767,3.66010709,90.85708383333333,-33.592923381759434
60.0,unpaired,1.1347826910928616,3.6129163,88.53945033333333,-34.63062149079318
60.0,unpaired,1.1745818066961466,3.56870597,86.396892,-35.59175069236789
60.0,unpaired,1.214381554011371,3.52719981,84.41065166666667,-36.48448841359583
60.0,unpaired,1.2541806696146558,3.48814679,82.5641515,-37.31605891974109
60.0,unpaired,1.2939797852179407,3.45132694,80.8430805,-38.092701102731986
60.0,unpaired,1.333779532533165,3.41654763,79.2350695,-38.819808698739735
60.0,unpaired,1.3735786481364498,3.38363768,77.72929533333333,-39.50210036041987
60.0,unpaired,1.413377763739735,3.35244518,76.3162825,-40.143709720804154
60.0,unpaired,1.453177511054959,3.32283113,74.98753566666666,-40.748340931484044
60.0,unpaired,1.4929766266582438,3.29467693,73.73580483333333,-41.31915778926494
60.0,unpaired,1.532775742261529,3.2678698,72.5543895,-41.85908215061268
60.0,unpaired,1.5725754895767532,3.24231474,71.43761066666666,-42.37059465720795
60.0,unpaired,1.6123746051800378,3.21792255,70.380254,-42.85596927437485
60.0,unpaired,1.652173720783323,3.19461769,69.37786933333334,-43.317151835772286
60.0,unpaired,1.6919734680985472,3.17232436,68.4261585,-43.756016601164326
60.0,unpaired,1.7317725837018318,3.15098108,67.52156366666667,-44.17411910445243
60.0,unpaired,1.771571699305117,3.13052939,66.6607715,-44.57290626880455
60.0,unpaired,1.8113714466203412,3.11091437,65.84072233333333,-44.95371548249685
60.0,unpaired,1.8511705622236259,3.09208745,65.05871066666667,-45.31772745117255
60.0,unpaired,1.890969677826911,3.07400819,64.312444,-45.66594666389542
60.0,unpaired,1.9307694251421352,3.05663103,63.59949066666666,-45.999433602175024
60.0,unpaired,1.9705685407454203,3.03992156,62.9179375,-46.319025687832735
60.0,unpaired,2.010367656348705,3.02384637,62.26596366666667,-46.62551898128238
60.0,unpaired,2.050167403663929,3.00836953,61.641699,-46.91972882036885
60.0,unpaired,2.089966519267214,2.99346564,61.0437375,-47.20227086874006
60.0,unpaired,2.129765634870499,2.97910466,60.4705275,-47.47382201152612
60.0,unpaired,2.169565382185723,2.96526057,59.920711833333336,-47.73497416435272
60.0,unpaired,2.209364497789008,2.9519101,59.39307599999999,-47.986257431350424
60.0,unpaired,2.249163613392293,2.93903005,58.88643416666666,-48.22818791101628
60.0,unpaired,2.2889633607075175,2.92660006,58.3997385,-48.46122348067926
60.0,unpaired,2.328762476310802,2.91459789,57.93189066666666,-48.68584002259457
60.0,unpaired,2.368561591914087,2.90300661,57.4820215,-48.90241637345182
60.0,unpaired,2.4083613392293115,2.89180453,57.049094833333335,-49.11140122557831
60.0,unpaired,2.448160454832596,2.8809738,56.63224366666667,-49.31316940777855
60.0,unpaired,2.4879595704358817,2.87050135,56.230797833333334,-49.508012264001025
60.0,unpaired,2.5277593177511055,2.86036731,55.843843,-49.69632387183431
60.0,unpaired,2.56755843335439,2.85055962,55.470777500000004,-49.87836432995441
60.0,unpaired,2.6073575489576757,2.84105895,55.11073233333333,-50.05450647861159
60.0,unpaired,2.6471572962728995,2.83185163,54.76306966666667,-50.22502403713634
60.0,unpaired,2.686956411876184,2.82292344,54.427138,-50.39019617368207
60.0,unpaired,2.726756159191409,2.8142634,54.102419166666664,-50.55024515045732
60.0,unpaired,2.7665552747946935,2.8058486,53.787957,-50.705576105283875
60.0,unpaired,2.8063543903979786,2.79768133,53.483747,-50.85619494705964
60.0,unpaired,2.846154137713203,2.78974399,53.18904666666666,-51.0024157067443
60.0,unpaired,2.8859532533164876,2.78200232,52.902504,-51.144806828030404
60.0,unpaired,2.9257523689197726,2.77449074,52.625327500000004,-51.282865411620165
60.0,unpaired,2.965552116234997,2.76715265,52.3553495,-51.41749962481301
60.0,unpaired,3.0053512318382816,2.75997509,52.092033,-51.54893503240035
60.0,unpaired,3.0451503474415667,2.75299478,51.836679333333336,-51.67662841410521
60.0,unpaired,3.084950094756791,2.74615155,51.58701416666667,-51.8015314570128
60.0,unpaired,3.124749210360076,2.73945854,51.34347866666667,-51.923459204307065
60.0,unpaired,3.1645483259633607,2.73290216,51.105526166666664,-52.042640536426674
60.0,unpaired,3.204348073278585,2.72644721,50.87183133333333,-52.15962760276989
60.0,unpaired,3.2441471888818696,2.72012768,50.64359916666667,-52.27391810458554
60.0,unpaired,3.283946304485155,2.71390789,50.41949316666667,-52.386067787708214
60.0,unpaired,3.323746051800379,2.7077736,50.198964833333335,-52.496305474122856
60.0,unpaired,3.3635451674036636,2.70173629,49.98240333333333,-52.604468294473435
60.0,unpaired,3.403344283006949,2.69575746,49.76838883333333,-52.71114578458377
60.0,unpaired,3.443144030322173,2.68984758,49.55727733333333,-52.81619023543504
60.0,unpaired,3.4829431459254576,2.68399274,49.34854816666667,-52.919816408996496
60.0,unpaired,3.522742261528743,2.67817803,49.14164616666667,-53.02225508143243
60.0,unpaired,3.562542008843967,2.67241334,48.936911499999994,-53.12336434623746
60.0,unpaired,3.6023411244472525,2.66665997,48.73294333333333,-53.22372522793995
60.0,unpaired,3.642140240050537,2.6609502,48.530886499999994,-53.32286339463979
60.0,unpaired,3.681939987365761,2.65522626,48.32866666666666,-53.42163695045327
60.0,unpaired,3.7217391029690465,2.64953593,48.1279835,-53.519345100162205
60.0,unpaired,3.761538218572331,2.64382642,47.92694983333333,-53.6167665943229
60.0,unpaired,3.801337965887555,2.63809841,47.725591333333334,-53.7138945366411
60.0,unpaired,3.8411370814908405,2.63236638,47.524418999999995,-53.81051580352326
60.0,unpaired,3.880936197094125,2.62661443,47.322871166666665,-53.90686508938774
60.0,unpaired,3.92073594440935,2.62082539,47.12034283333333,-54.00319511958822
60.0,unpaired,3.9605350600126346,2.61498731,46.91642,-54.09967725796147
60.0,unpaired,4.00033417561592,2.60910595,46.71131366666667,-54.19622822091224
60.0,unpaired,4.040133922931144,2.60319833,46.50562783333333,-54.292598501717535
60.0,unpaired,4.079933038534429,2.59719498,46.296938833333336,-54.389793660466985
60.0,unpaired,4.119732154137713,2.59116096,46.087536500000006,-54.48686939276657
60.0,unpaired,4.1595319014529375,2.58504982,45.875811,-54.58449703893757
60.0,unpaired,4.199331017056222,2.5788575,45.6616385,-54.68272662348676
60.0,unpaired,4.239130132659508,2.57258865,45.44519833333333,-54.78149187667965
60.0,unpaired,4.278929879974732,2.56623365,45.226177666666665,-54.88092370023621
60.0,unpaired,4.318728995578017,2.55977882,45.00412433333334,-54.981214036096965
60.0,unpaired,4.358528742893241,2.55323431,44.7794145,-55.08221377173678
60.0,unpaired,4.3983278584965255,2.54659467,44.55188416666667,-55.18399219837183
60.0,unpaired,4.43812697409981,2.5398701,44.32190833333333,-55.28640181057803
60.0,unpaired,4.477926721415035,2.53302184,44.08818433333333,-55.38998578722467
60.0,unpaired,4.51772583701832,2.52603835,43.85035366666667,-55.49489749401862
60.0,unpaired,4.557524952621605,2.51896189,43.60989166666666,-55.60053521749592
60.0,unpaired,4.597324699936829,2.51176087,43.365754,-55.707332195561
60.0,unpaired,4.6371238155401135,2.5044173,43.1173675,-55.815534997810836
60.0,unpaired,4.676922931143398,2.49698203,42.86649316666667,-55.924421015132026
60.0,unpaired,4.716722678458623,2.48938346,42.610747833333335,-56.034983023511884
60.0,unpaired,4.756521794061908,2.48164857,42.351088,-56.14682968183413
60.0,unpaired,4.796320909665193,2.47379158,42.08803283333334,-56.25975521772089
60.0,unpaired,4.836120656980417,2.46580256,41.82128983333334,-56.373888046361934
60.0,unpaired,4.875919772583702,2.4576522,41.54992966666667,-56.48961597130516
60.0,unpaired,4.915718888186986,2.44938271,41.27540483333333,-56.60634943782249
60.0,unpaired,4.955518635502211,2.44093038,40.99564983333333,-56.72494730854873
60.0,unpaired,4.995317751105496,2.43235126,40.712574499999995,-56.844626806131544
60.0,unpaired,5.035116866708781,2.42360374,40.42485833333333,-56.96594150866941
60.0,unpaired,5.074916614024005,2.41471348,40.13340016666667,-57.08852769296263
60.0,unpaired,5.11471572962729,2.4056727,39.837998500000005,-57.21247552029266
60.0,unpaired,5.154514845230575,2.39645002,39.537690500000004,-57.33818790771508
60.0,unpaired,5.194314592545799,2.38709607,39.234182000000004,-57.464970714455774
60.0,unpaired,5.234113708149084,2.37755219,38.92563333333333,-57.59358230277082
60.0,unpaired,5.273912823752369,2.36786698,38.613678,-57.72336672931683
60.0,unpaired,5.313712571067593,2.35803404,38.298168000000004,-57.85438499839467
60.0,unpaired,5.353511686670878,2.34800112,37.97749733333333,-57.98730546657903
60.0,unpaired,5.393310802274163,2.33784248,37.6541045,-58.12113324057356
60.0,unpaired,5.433110549589387,2.32750586,37.32638933333333,-58.25653040388124
60.0,unpaired,5.472909665192672,2.31700789,36.99495066666667,-58.393256110571954
60.0,unpaired,5.512708780795958,2.30632449,36.659102,-58.53160323373588
60.0,unpaired,5.552508528111181,2.29550943,36.32060116666666,-58.67084719695646
60.0,unpaired,5.592307643714466,2.28450205,35.977622,-58.811748925252026
60.0,unpaired,5.632106759317751,2.27335997,35.632031500000004,-58.9535445951355
60.0,unpaired,5.6719065066329755,2.26205063,35.282888666666665,-59.09662730550561
60.0,unpaired,5.711705622236261,2.25054879,34.92949733333333,-59.24128964656906
60.0,unpaired,5.751504737839546,2.2389359,34.574428166666664,-59.38647324569929
60.0,unpaired,5.791304485154769,2.22712899,34.215218166666666,-59.53320093391948
60.0,unpaired,5.831103600758055,2.21518025,33.8535345,-59.680789337267655
60.0,unpaired,5.870902716361339,2.2030667,33.488754666666665,-59.82949605986262
60.0,unpaired,5.9107024636765635,2.19081344,33.1217095,-59.978984536231515
60.0,unpaired,5.950501579279849,2.17839377,32.75167583333334,-60.12955786151578
60.0,unpaired,5.990300694883134,2.16583731,32.37961033333333,-60.280825326790136
60.0,unpaired,6.030100442198358,2.15314498,32.00561033333334,-60.43274719124708
60.0,unpaired,6.069899557801643,2.14029023,31.628969833333333,-60.58561846728416
60.0,unpaired,6.109699305116867,2.12730128,31.250592333333334,-60.73906813021429
60.0,unpaired,6.149498420720152,2.11415523,30.869887666666667,-60.893344941445676
60.0,unpaired,6.189297536323437,2.10087743,30.48766583333333,-61.04811403924468
60.0,unpaired,6.22909728363866,2.08747436,30.104181999999998,-61.20327638533618
60.0,unpaired,6.268896399241946,2.07394693,29.719530000000002,-61.35878985614924
60.0,unpaired,6.308695514845231,2.06029519,29.3337795,-61.51463324878665
60.0,unpaired,6.348496525584333,2.04649801,28.946409000000003,-61.67101800970516
60.0,unpaired,6.3882943777637395,2.0325826,28.558253833333332,-61.827604771335835
60.0,unpaired,6.428092229943147,2.01858167,28.170284666666664,-61.98399386601337
60.0,unpaired,6.467890082122553,2.00444419,27.781151333333334,-62.140741284075446
60.0,unpaired,6.507694251421352,1.99019878,27.391711333333333,-62.29749746194722
60.0,unpaired,6.547492103600758,1.97584955,27.00213816666667,-62.45418705193046
60.0,unpaired,6.587289955780164,1.96139977,26.612580166666664,-62.61075493971784
60.0,unpaired,6.62708780795957,1.94682947,26.222564666666663,-62.767390896466836
60.0,unpaired,6.666891977258371,1.93219338,25.833611333333334,-62.9234747160597
60.0,unpaired,6.706689829437776,1.9174677,25.445134333333332,-63.079244234780504
60.0,unpaired,6.746487681617182,1.90265764,25.057324333333334,-63.23462367101017
60.0,unpaired,6.786285533796589,1.88776663,24.670321166666668,-63.3895553398166
60.0,unpaired,6.826089703095389,1.87280147,24.2843495,-63.54394458937197
60.0,unpaired,6.865887555274795,1.85776451,23.899515166666667,-63.69775070080247
60.0,unpaired,6.905685407454201,1.84266024,23.515975833333336,-63.85090674933712
60.0,unpaired,6.9454832596336065,1.82749464,23.133924666666665,-64.00333270187616
60.0,unpaired,6.985287428932407,1.81226945,22.7534435,-64.15499569271053
60.0,unpaired,7.025085281111814,1.79699183,22.374747333333335,-64.30580668379852
60.0,unpaired,7.064883133291219,1.78166555,21.99796233333333,-64.45571396351801
60.0,unpaired,7.104680985470625,1.76631826,21.623791166666667,-64.60442963517775
60.0,unpaired,7.1444788376500314,1.75090887,21.25126016666667,-64.75235030539045
60.0,unpaired,7.1842830069488315,1.73546553,20.881080833333332,-64.8991849752028
60.0,unpaired,7.224080859128238,1.72001186,20.513835333333336,-65.04469828921076
60.0,unpaired,7.263878711307644,1.70451297,20.148713666666666,-65.18921330285833
60.0,unpaired,7.30367656348705,1.68901551,19.786830666666667,-65.3322808912222
60.0,unpaired,7.34348073278585,1.67347949,19.427266,-65.47427193082002
60.0,unpaired,7.3832785849652565,1.65795358,19.071157000000003,-65.61472636784507
60.0,unpaired,7.423076437144663,1.64242159,18.7181335,-65.75378929377472
60.0,unpaired,7.462874289324068,1.62686601,18.36780866666667,-65.89161975984504
60.0,unpaired,7.502678458622867,1.61133492,18.0212675,-66.0277774701925
60.0,unpaired,7.542476310802275,1.59580897,17.678070666666667,-66.16244030568798
60.0,unpaired,7.5822741629816806,1.58029595,17.3383875,-66.29553721412572
60.0,unpaired,7.622072015161087,1.56479889,17.002277333333335,-66.42704359324473
60.0,unpaired,7.661869867340493,1.54932158,16.669813166666668,-66.55693086538497
60.0,unpaired,7.701674036639292,1.5338502,16.340692933333333,-66.68531994697132
60.0,unpaired,7.741471888818699,1.51842638,16.01578695,-66.81185882811145
60.0,unpaired,7.7812697409981055,1.50303607,15.694776833333332,-66.93667828495096
60.0,unpaired,7.821067593177512,1.48768253,15.377710683333333,-67.05975588666439
60.0,unpaired,7.860871762476311,1.47237092,15.064673066666668,-67.18105892217423
60.0,unpaired,7.900669614655716,1.45710323,14.755680016666668,-67.30058098409113
60.0,unpaired,7.940467466835124,1.44188592,14.450835433333333,-67.41828022827889
60.0,unpaired,7.98026531901453,1.42670328,14.149800449999999,-67.53428907229407
60.0,unpaired,8.020069488313329,1.41159484,13.8533276,-67.64831468420725
60.0,unpaired,8.059867340492735,1.39654598,13.561091150000001,-67.760481744134
60.0,unpaired,8.099665192672141,1.38154396,13.272813183333334,-67.87090078251444
60.0,unpaired,8.13946304485155,1.36661008,12.988869916666665,-67.97942368293923
60.0,unpaired,8.179267214150348,1.3517615,12.709543566666667,-68.0859431711657
60.0,unpaired,8.219065066329753,1.3369715,12.434289616666666,-68.19067108767779
60.0,unpaired,8.258862918509159,1.32225821,12.163406766666666,-68.29349107222494
60.0,unpaired,8.298660770688565,1.30762375,11.896889733333333,-68.39440829450791
60.0,unpaired,8.338458622867973,1.29307295,11.634779566666667,-68.49340468431608
60.0,unpaired,8.378262792166772,1.27859206,11.3767852,-68.59059795304266
60.0,unpaired,8.418060644346179,1.26421477,11.123457416666668,-68.68577350321542
60.0,unpaired,8.457858496525585,1.2499138,10.87426435,-68.77913934339286
60.0,unpaired,8.49765634870499,1.23570594,10.629450916666666,-68.87060338457376
60.0,unpaired,8.53746051800379,1.2215938,10.389009,-68.96016985945369
60.0,unpaired,8.577258370183197,1.20756641,10.15270145,-69.04793107756934
60.0,unpaired,8.617056222362603,1.19363914,9.920735500000001,-69.13381046677327
60.0,unpaired,8.656854074542009,1.17981545,9.693112466666665,-69.21780990389044
60.0,unpaired,8.696658243840808,1.16609534,9.469775316666666,-69.2999543506018
60.0,unpaired,8.736456096020214,1.15246921,9.25051345,-69.3803243401186
60.0,unpaired,8.77625394819962,1.13895176,9.03550845,-69.4588551966218
60.0,unpaired,8.816051800379027,1.12553212,8.824531566666668,-69.53563501040492
60.0,unpaired,8.855855969677828,1.11223688,8.617941116666666,-69.61053473840357
60.0,unpaired,8.895653821857234,1.0990303,8.415124633333333,-69.68378331789833
60.0,unpaired,8.93545167403664,1.08595106,8.216619,-69.75518684778851
60.0,unpaired,8.975249526216045,1.0729647,8.02184295,-69.82496239175596
60.0,unpaired,9.015047378395451,1.06010738,7.83128115,-69.89293529561186
60.0,unpaired,9.054851547694252,1.04735807,7.6445601666666665,-69.95924881098883
60.0,unpaired,9.094649399873658,1.03471737,7.46163285,-70.02392138250816
60.0,unpaired,9.134447252053064,1.02219808,7.282625966666667,-70.08691214981823
60.0,unpaired,9.17424510423247,1.00979045,7.1073407,-70.14829745396776
60.0,unpaired,9.21404927353127,0.997505974,6.93588045,-70.20804521399418
60.0,unpaired,9.253847125710676,0.985335386,6.76805685,-70.26622700216998
60.0,unpaired,9.293644977890082,0.973279259,6.603821266666667,-70.32286534195332
60.0,unpaired,9.333442830069488,0.961348473,6.443263166666667,-70.37793397954317
60.0,unpaired,9.373246999368288,0.949524976,6.2860830666666665,-70.43154364509654
60.0,unpaired,9.413044851547696,0.937827994,6.1324803,-70.48362895403093
60.0,unpaired,9.452842703727102,0.926258609,5.982408433333333,-70.53421264889289
60.0,unpaired,9.492640555906506,0.914798814,5.835577766666666,-70.58340040978845
60.0,unpaired,9.532438408085913,0.903467586,5.6921758166666665,-70.63113463342266
60.0,unpaired,9.572242577384712,0.892246931,5.551919366666667,-70.67751925391163
60.0,unpaired,9.61204042956412,0.881155671,5.41498865,-70.72249656475284
60.0,unpaired,9.651838281743526,0.870177078,5.281122083333333,-70.76616381454208
60.0,unpaired,9.691636133922932,0.85932828,5.15047405,-70.80847465599581
60.0,unpaired,9.731440303221731,0.848592916,5.022793316666666,-70.849521803359
60.0,unpaired,9.771238155401138,0.83798004,4.898135616666666,-70.88929146076887
60.0,unpaired,9.811036007580544,0.827490124,4.776453,-70.92780869380422
60.0,unpaired,9.85083385975995,0.817115217,4.6576019,-70.96512801376652
60.0,unpaired,9.89063802905875,0.806864252,4.5416337,-71.00124094585831
60.0,unpaired,9.930435881238155,0.796737568,4.428499866666667,-71.03617017510435
60.0,unpaired,9.970233733417562,0.786727685,4.318066516666667,-71.0699684233151
60.0,unpaired,10.010031585596968,0.776835352,4.2102936,-71.10265751320632
60.0,unpaired,10.049835754895767,0.767068906,4.10522235,-71.13423446029996
60.0,unpaired,10.089633607075173,0.757414426,4.002655016666667,-71.16476948724456
60.0,unpaired,10.12943145925458,0.747887339,3.9027078833333335,-71.19423901076296
60.0,unpaired,10.169229311433986,0.738474488,3.8051953333333333,-71.22271136976781
60.0,unpaired,10.209027163613394,0.729177462,3.7100891166666665,-71.25020735576226
60.0,unpaired,10.248831332912193,0.720004867,3.6174312,-71.27672947374838
60.0,unpaired,10.288629185091597,0.710951952,3.5271272666666666,-71.30232065353488
60.0,unpaired,10.328427037271004,0.702020954,3.4391544499999998,-71.32700721688511
60.0,unpaired,10.36822488945041,0.693209597,3.353445733333333,-71.35083097508824
60.0,unpaired,10.40802905874921,0.684516024,3.2699398333333334,-71.3738371639311
60.0,unpaired,10.447826910928617,0.675952806,3.188713,-71.39604025863048
60.0,unpaired,10.487624763108023,0.667511008,3.109636016666667,-71.41752769131509
60.0,unpaired,10.52742261528743,0.659198731,3.03274125,-71.43836938959652
60.0,unpaired,10.567226784586229,0.651027411,2.9580886166666667,-71.45869029444518
60.0,unpaired,10.607024636765635,0.64300669,2.885718183333333,-71.47880411842445
60.0,unpaired,10.646822488945041,0.635180674,2.8159745000000003,-71.50037080747161
60.0,unpaired,10.686620341124447,0.615523994,2.6439056166666663,-71.52530953255842
60.0,unpaired,10.726424510423248,0.599947109,2.511860233333333,-71.53295669489495
60.0,unpaired,10.766222362602655,0.592112836,2.4467261333333337,-71.54674921023167
60.0,unpaired,10.806020214782059,0.584379599,2.3832692833333335,-71.55983366126733
60.0,unpaired,10.845818066961465,0.576741786,2.3214119833333333,-71.57223617568926
60.0,unpaired,10.885615919140871,0.569208057,2.2611927499999998,-71.58395680689068
60.0,unpaired,10.925420088439672,0.561772024,2.202528866666667,-71.59502370602233
60.0,unpaired,10.965217940619079,0.554435251,2.1454022,-71.60544566969409
60.0,unpaired,11.005015792798485,0.547193663,2.08975135,-71.61524773077068
60.0,unpaired,11.044813644977891,0.540043529,2.035519483333333,-71.62444759977971
60.0,unpaired,11.08461781427669,0.53299233,1.9827350333333333,-71.63305006561224
60.0,unpaired,11.124415666456096,0.526032044,1.9313100333333333,-71.64107792454143
60.0,unpaired,11.164213518635503,0.519168376,1.8812594833333334,-71.648539272706
60.0,unpaired,11.204011370814909,0.512392211,1.8324905333333334,-71.65545937622272
60.0,unpaired,11.243815540113708,0.505707933,1.78500945,-71.66184510509751
60.0,unpaired,11.283613392293114,0.499113051,1.7387732833333334,-71.66771251698599
60.0,unpaired,11.32341124447252,0.492607871,1.6937595333333335,-71.67307360934744
60.0,unpaired,11.363209096651927,0.486187593,1.6499113116666666,-71.67794588852682
60.0,unpaired,11.403006948831333,0.479854864,1.6072236166666667,-71.68233909581642
60.0,unpaired,11.442811118130132,0.4736075,1.5656588733333334,-71.68626843140238
60.0,unpaired,11.482608970309538,0.467443243,1.5251801066666668,-71.68974440092016
60.0,unpaired,11.522406822488946,0.461366741,1.4857958716666666,-71.69277740764842
60.0,unpaired,11.562204674668353,0.455366928,1.447413585,-71.69538565993936
60.0,unpaired,11.602008843967152,0.449453709,1.4100761816666667,-71.6975742621465
60.0,unpaired,11.641806696146556,0.443618538,1.3737093566666667,-71.69935867850742
60.0,unpaired,11.681604548325963,0.437860491,1.3382884616666668,-71.70075073535104
60.0,unpaired,11.72140240050537,0.432183641,1.3038195166666666,-71.70175663380145
60.0,unpaired,11.76120656980417,0.426585018,1.2702655950000001,-71.70239132597534
60.0,unpaired,11.801004421983576,0.421061518,1.2375901616666667,-71.70266330011691
60.0,unpaired,11.840802274162982,0.415612234,1.20577062,-71.70258323388316
60.0,unpaired,11.880600126342388,0.410239097,1.174801135,-71.70216068418289
60.0,unpaired,11.920404295641188,0.404939119,1.1446477183333335,-71.7014051851611
60.0,unpaired,11.960202147820594,0.399713248,1.11529947,-71.70032593634816
60.0,unpaired,12.0,0.394557758,1.0867196700000001,-71.69893302356394
60.0,cfl,0.1,16.6865684,1941.7250999999999,inf
60.0,cfl,0.13979930511686672,11.7941263,970.2321049999999,inf
60.0,cfl,0.17959867340492736,9.63400836,647.4229866666667,209.22962990813642
60.0,cfl,0.21939797852179407,8.38716234,490.69402833333334,141.0696429115405
60.0,cfl,0.25919734680985473,7.56123699,398.8062516666667,101.07777512251131
60.0,cfl,0.2989966519267214,6.96612907,338.49232166666667,74.80546112757126
60.0,cfl,0.33879595704358817,6.51238016,295.822435,56.20205145436014
60.0,cfl,0.3785953253316488,6.15214317,263.9902333333333,42.3106549440759
60.0,cfl,0.4183946304485155,5.85740149,239.29113999999998,31.521608189722574
60.0,cfl,0.4581939987365761,5.61057992,219.53941166666667,22.88500693612281
60.0,cfl,0.49799330385344287,5.40006153,203.363855,15.804818753662358
60.0,cfl,0.5377926721415035,5.21782244,189.86001666666667,9.887804569139394
60.0,cfl,0.5775919772583702,5.05811884,178.40659833333333,4.863776813310378
60.0,cfl,0.6173912823752369,4.91671103,168.56197666666668,0.540641691608664
60.0,cfl,0.6571907770056854,4.79040271,160.00414733333335,-3.2216979663120533
60.0,cfl,0.6969898926089704,4.67670984,152.4911385,-6.528537968865453
60.0,cfl,0.7367890082122552,4.57368572,145.83865,-9.46009723071983
60.0,cfl,0.7765887555274795,4.47977023,139.90313616666666,-12.078868822942926
60.0,cfl,0.8163878711307644,4.39369196,134.57082966666667,-14.434387259619916
60.0,cfl,0.8561869867340492,4.31441388,129.75105183333332,-16.566144940746682
60.0,cfl,0.8959867340492736,4.24106948,125.36995449999999,-18.50630855369969
60.0,cfl,0.9357858496525585,4.17293791,121.36734249999999,-20.28110206496085
60.0,cfl,0.9755855969677827,4.10940778,117.69328883333333,-21.912280750359812
60.0,cfl,1.0153847125710675,4.049963,114.30638933333333,-23.417888213679447
60.0,cfl,1.0551838281743526,3.99416013,111.17176216666667,-24.81312911713293
60.0,cfl,1.0949835754895767,3.94162202,108.2601565,-26.110757030967726
60.0,cfl,1.1347826910928616,3.89201915,105.54649450000001,-27.321705437701286
60.0,cfl,1.1745818066961466,3.84506803,103.00947066666666,-28.455267442802914
60.0,cfl,1.214381554011371,3.80052776,100.63109533333333,-29.519292909142383
60.0,cfl,1.2541806696146558,3.75818059,98.3954535,-30.520724250459587
60.0,cfl,1.2939797852179407,3.71783768,96.288859,-31.46553518103107
60.0,cfl,1.333779532533165,3.6793358,94.29954366666666,-32.35886461260271
60.0,cfl,1.3735786481364498,3.64253097,92.41722,-33.205204379627915
60.0,cfl,1.413377763739735,3.6072965,90.63289333333334,-34.008485336692665
60.0,cfl,1.453177511054959,3.57351647,88.93846483333333,-34.77224518417595
60.0,cfl,1.4929766266582438,3.54109344,87.32705866666667,-35.49949064229183
60.0,cfl,1.532775742261529,3.50993384,85.792248,-36.193029952535646
60.0,cfl,1.5725754895767532,3.47996035,84.3286265,-36.855230487851856
60.0,cfl,1.6123746051800378,3.45109939,82.93115966666666,-37.48829267620741
60.0,cfl,1.652173720783323,3.42329003,81.59558783333334,-38.09408413659601
60.0,cfl,1.6919734680985472,3.39646881,80.3176775,-38.67445520129817
60.0,cfl,1.7317725837018318,3.37058595,79.09397333333332,-39.230920787909795
60.0,cfl,1.771571699305117,3.345593,77.92119299999999,-39.76491798722598
60.0,cfl,1.8113714466203412,3.32144394,76.79627,-40.27779051483693
60.0,cfl,1.8511705622236259,3.29809812,75.71647783333333,-40.77073152015183
60.0,cfl,1.890969677826911,3.27552228,74.679506,-41.24475612186848
60.0,cfl,1.9307694251421352,3.2536766,73.68281783333333,-41.70097302238071
60.0,cfl,1.9705685407454203,3.23253217,72.72443750000001,-42.140249478272224
60.0,cfl,2.010367656348705,3.21206034,71.802457,-42.56342171574243
60.0,cfl,2.050167403663929,3.19222886,70.91486283333333,-42.971369613275
60.0,cfl,2.089966519267214,3.17301606,70.06015933333333,-43.36474960438414
60.0,cfl,2.129765634870499,3.15439481,69.2366535,-43.74430214533457
60.0,cfl,2.169565382185723,3.13634145,68.44284566666667,-44.1106824776947
60.0,cfl,2.209364497789008,3.11883509,67.677397,-44.46447669879248
60.0,cfl,2.249163613392293,3.10185437,66.93897866666667,-44.80626446463903
60.0,cfl,2.2889633607075175,3.08538045,66.22640516666667,-45.13656498323744
60.0,cfl,2.328762476310802,3.06939249,65.53843216666667,-45.45591899649573
60.0,cfl,2.368561591914087,3.05387469,64.87406016666667,-45.7647633126419
60.0,cfl,2.4083613392293115,3.0388061,64.23209416666667,-46.063617028497866
60.0,cfl,2.448160454832596,3.02416983,63.61153766666666,-46.35291250637946
60.0,cfl,2.4879595704358817,3.00995355,63.011605333333335,-46.63299237925578
60.0,cfl,2.5277593177511055,2.99613781,62.43123383333333,-46.90431665399782
60.0,cfl,2.56755843335439,2.98271117,61.869715,-47.167193050252145
60.0,cfl,2.6073575489576757,2.9696544,61.326032833333336,-47.422059454310165
60.0,cfl,2.6471572962728995,2.95695442,60.79944533333333,-47.66923620056702
60.0,cfl,2.686956411876184,2.94459703,60.289178666666665,-47.90905650408107
60.0,cfl,2.726756159191409,2.93257163,59.794621,-48.14178491512239
60.0,cfl,2.7665552747946935,2.9208552,59.31467033333333,-48.367890841709446
60.0,cfl,2.8063543903979786,2.90945064,58.849287333333336,-48.58739691648911
60.0,cfl,2.846154137713203,2.89834016,58.397605,-48.800672289439525
60.0,cfl,2.8859532533164876,2.88748894,57.95809366666666,-49.00836389222655
60.0,cfl,2.9257523689197726,2.87693282,57.53205483333333,-49.209929712845835
60.0,cfl,2.965552116234997,2.86661381,57.11705883333333,-49.40639310456646
60.0,cfl,3.0053512318382816,2.85651881,56.71248066666667,-49.59801905762903
60.0,cfl,3.0451503474415667,2.84668588,56.3197195,-49.78422321503142
60.0,cfl,3.084950094756791,2.83705329,55.936244333333335,-49.96607005172766
60.0,cfl,3.124749210360076,2.82763466,55.56250383333334,-50.14337261289695
60.0,cfl,3.1645483259633607,2.81841612,55.19786883333334,-50.31639710983861
60.0,cfl,3.204348073278585,2.80936163,54.840863166666665,-50.485762365938385
60.0,cfl,3.2441471888818696,2.80050586,54.49276,-50.65093776495223
60.0,cfl,3.283946304485155,2.79181222,54.152074666666664,-50.812544896428214
60.0,cfl,3.323746051800379,2.78326599,53.818177999999996,-50.970848668586754
60.0,cfl,3.3635451674036636,2.77487863,53.491454999999995,-51.125689395331406
60.0,cfl,3.403344283006949,2.7666106,53.170338,-51.27772201739657
60.0,cfl,3.443144030322173,2.75847224,52.8551755,-51.426803329300334
60.0,cfl,3.4829431459254576,2.75044891,52.5453675,-51.5731837676914
60.0,cfl,3.522742261528743,2.74252502,52.2402825,-51.7171284082437
60.0,cfl,3.562542008843967,2.73471007,51.940244,-51.858503582427836
60.0,cfl,3.6023411244472525,2.7269642,51.643716166666664,-51.99795022373392
60.0,cfl,3.642140240050537,2.71931947,51.3518765,-52.13498067837341
60.0,cfl,3.681939987365761,2.71171671,51.06247966666667,-52.27052841915005
60.0,cfl,3.7217391029690465,2.70420348,50.7772825,-52.40386857249172
60.0,cfl,3.761538218572331,2.69672558,50.494242166666666,-52.535848552879045
60.0,cfl,3.801337965887555,2.68928296,50.2133445,-52.66647964724649
60.0,cfl,3.8411370814908405,2.68188927,49.935081,-52.795557743867164
60.0,cfl,3.880936197094125,2.67452757,49.658812,-52.92335230116056
60.0,cfl,3.92073594440935,2.66717955,49.383853333333334,-53.05015097009398
60.0,cfl,3.9605350600126346,2.65983225,49.1097265,-53.17615394378186
60.0,cfl,4.00033417561592,2.65249045,48.836604333333334,-53.301294913564995
60.0,cfl,4.040133922931144,2.64517019,48.56506816666667,-53.42533452109357
60.0,cfl,4.079933038534429,2.6378006,48.29253816666667,-53.54934687316692
60.0,cfl,4.119732154137713,2.63044596,48.021355166666666,-53.67236563450877
60.0,cfl,4.1595319014529375,2.62305851,47.74979183333333,-53.79511374868891
60.0,cfl,4.199331017056222,2.61563309,47.4776705,-53.91766462312335
60.0,cfl,4.239130132659508,2.60817324,47.205130000000004,-54.03996983763313
60.0,cfl,4.278929879974732,2.6006682,46.931796166666665,-54.16218723843457
60.0,cfl,4.318728995578017,2.59310314,46.65715333333333,-54.284536246540306
60.0,cfl,4.358528742893241,2.58548711,46.381542833333334,-54.40688300060812
60.0,cfl,4.3983278584965255,2.57781358,46.10474916666667,-54.52931899283923
60.0,cfl,4.43812697409981,2.57009163,45.827110833333336,-54.65171248375993
60.0,cfl,4.477926721415035,2.56228131,45.54723583333334,-54.77464570650077
60.0,cfl,4.51772583701832,2.55436999,45.264709333333336,-54.89829622709719
60.0,cfl,4.557524952621605,2.54639892,44.98100933333333,-55.02206079176942
60.0,cfl,4.597324699936829,2.53833545,44.6950155,-55.14640553677895
60.0,cfl,4.6371238155401135,2.53016047,44.406094,-55.271603270407546
60.0,cfl,4.676922931143398,2.52192388,44.11601316666667,-55.39692756268374
60.0,cfl,4.716722678458623,2.51355301,43.82228283333333,-55.52341781187053
60.0,cfl,4.756521794061908,2.5050739,43.52584649999999,-55.65068773813515
60.0,cfl,4.796320909665193,2.49649979,43.227196000000006,-55.778543028639795
60.0,cfl,4.836120656980417,2.48781976,42.925991833333335,-55.90713217617811
60.0,cfl,4.875919772583702,2.47900361,42.62124333333334,-56.03686935640887
60.0,cfl,4.915718888186986,2.47009266,42.314402666666666,-56.16716445720327
60.0,cfl,4.955518635502211,2.46102225,42.003317333333335,-56.29891408938957
60.0,cfl,4.995317751105496,2.45184762,41.6899085,-56.43132972314645
60.0,cfl,5.035116866708781,2.44252632,41.372791,-56.564992933516535
60.0,cfl,5.074916614024005,2.4330832,41.05285066666667,-56.699544778053664
60.0,cfl,5.11471572962729,2.42350967,40.729849666666674,-56.83509109176922
60.0,cfl,5.154514845230575,2.41377361,40.402773333333336,-56.972056764824565
60.0,cfl,5.194314592545799,2.40392486,40.07333283333333,-57.109744691403286
60.0,cfl,5.234113708149084,2.39390408,39.73962166666667,-57.24894206673753
60.0,cfl,5.273912823752369,2.38375916,39.403278500000006,-57.38898993761221
60.0,cfl,5.313712571067593,2.37348299,39.064122,-57.529963223302474
60.0,cfl,5.353511686670878,2.36302272,38.72049266666667,-57.672553684136524
60.0,cfl,5.393310802274163,2.35245193,38.37484583333333,-57.8157578563182
60.0,cfl,5.433110549589387,2.34171777,38.025529,-57.96026071403435
60.0,cfl,5.472909665192672,2.33083626,37.67312566666667,-58.10582717840376
60.0,cfl,5.512708780795958,2.31978277,37.31691583333334,-58.252764542149855
60.0,cfl,5.552508528111181,2.3086105,36.958664500000005,-58.40034449455676
60.0,cfl,5.592307643714466,2.29725826,36.59649283333333,-58.54935057048491
60.0,cfl,5.632106759317751,2.28578314,36.23227716666667,-58.69901414392721
60.0,cfl,5.6719065066329755,2.27415211,35.865041166666664,-58.849743495138696
60.0,cfl,5.711705622236261,2.26233945,35.494059,-59.0018439234403
60.0,cfl,5.751504737839546,2.25042613,35.12192066666667,-59.154247558899904
60.0,cfl,5.791304485154769,2.23832874,34.74610866666667,-59.30800133868796
60.0,cfl,5.831103600758055,2.22609907,34.368296666666666,-59.462418037794436
60.0,cfl,5.870902716361339,2.21371371,33.98783683333333,-59.617766329150164
60.0,cfl,5.9107024636765635,2.20119736,33.60555466666667,-59.773711367357706
60.0,cfl,5.950501579279849,2.18852296,33.22070166666666,-59.93056707395394
60.0,cfl,5.990300694883134,2.17571975,32.8342315,-60.087943551271906
60.0,cfl,6.030100442198358,2.16278832,32.446229,-60.245806202747424
60.0,cfl,6.069899557801643,2.14970177,32.05596416666667,-60.404460269337726
60.0,cfl,6.109699305116867,2.13648801,31.6643385,-60.56353527180588
60.0,cfl,6.149498420720152,2.12312382,31.270741666666666,-60.723288435736315
60.0,cfl,6.189297536323437,2.10963428,30.875980833333333,-60.88338579808754
60.0,cfl,6.22909728363866,2.09602555,30.480302,-61.04373209865571
60.0,cfl,6.268896399241946,2.08229831,30.083788166666668,-61.204289482299345
60.0,cfl,6.308695514845231,2.06845234,29.686498500000003,-61.36504127857198
60.0,cfl,6.348496525584333,2.05446627,29.287894666666666,-61.526205961665454
60.0,cfl,6.3882943777637395,2.04036705,28.888811333333333,-61.6874443731916
60.0,cfl,6.428092229943147,2.0261872,28.490218833333333,-61.84835633020879
60.0,cfl,6.467890082122553,2.01187547,28.090743,-62.009508398557465
60.0,cfl,6.507694251421352,1.99746026,27.691240999999998,-62.17055097641851
60.0,cfl,6.547492103600758,1.98294551,27.291879166666668,-62.33141148559918
60.0,cfl,6.587289955780164,1.96833428,26.892798333333335,-62.492037954933934
60.0,cfl,6.62708780795957,1.95360644,26.493512833333334,-62.652625722083606
60.0,cfl,6.666891977258371,1.93881659,26.0955495,-62.81255107623185
60.0,cfl,6.706689829437776,1.92394072,25.698308666666666,-62.97205793765209
60.0,cfl,6.746487681617182,1.90898393,25.301975000000002,-63.13107280983822
60.0,cfl,6.786285533796589,1.89394949,24.90668283333333,-63.28954045001395
60.0,cfl,6.826089703095389,1.87884408,24.512650833333332,-63.44736841093358
60.0,cfl,6.865887555274795,1.86366993,24.119980166666668,-63.60451809094249
60.0,cfl,6.905685407454201,1.84843138,23.728822333333333,-63.760925055336024
60.0,cfl,6.9454832596336065,1.83313435,23.339366666666667,-63.91651087862466
60.0,cfl,6.985287428932407,1.81778045,22.951689,-64.0712451341265
60.0,cfl,7.025085281111814,1.80237673,22.566000166666665,-64.22504041383239
60.0,cfl,7.064883133291219,1.78692689,22.182421833333333,-64.37784701472675
60.0,cfl,7.104680985470625,1.77145853,21.801657166666665,-64.52937658638935
60.0,cfl,7.1444788376500314,1.7559304,21.422718166666666,-64.68003198783838
60.0,cfl,7.1842830069488315,1.74037062,21.046317833333333,-64.8295215817161
60.0,cfl,7.224080859128238,1.72480277,20.673037166666667,-64.97761010661797
60.0,cfl,7.263878711307644,1.70919184,20.302055166666666,-65.12462569244663
60.0,cfl,7.30367656348705,1.69358448,19.934490333333333,-65.27011728568513
60.0,cfl,7.34348073278585,1.67794057,19.569410666666666,-65.41446099511954
60.0,cfl,7.3832785849652565,1.66230881,19.20795766666667,-65.55719470422547
60.0,cfl,7.423076437144663,1.64667293,18.849753500000002,-65.69846681402066
60.0,cfl,7.462874289324068,1.63101534,18.494404666666664,-65.83843936948783
60.0,cfl,7.502678458622867,1.61538416,18.14299983333333,-65.97667033749126
60.0,cfl,7.542476310802275,1.59975995,17.795092,-66.1133407967399
60.0,cfl,7.5822741629816806,1.58415049,17.450848,-66.24838087493461
60.0,cfl,7.622072015161087,1.56855877,17.1103235,-66.38176747927137
60.0,cfl,7.661869867340493,1.55298856,16.773588333333333,-66.513473342299
60.0,cfl,7.701674036639292,1.53742597,16.44033455,-66.64362201155467
60.0,cfl,7.741471888818699,1.52191269,16.1114348,-66.77186032700995
60.0,cfl,7.7812697409981055,1.50643461,15.786565033333334,-66.89832153557026
60.0,cfl,7.821067593177512,1.49099498,15.465770016666665,-67.0229846424179
60.0,cfl,7.860871762476311,1.47559894,15.149131483333333,-67.14581813740236
60.0,cfl,7.900669614655716,1.46024847,14.836662283333334,-67.2668169817522
60.0,cfl,7.940467466835124,1.44495001,14.528463666666665,-67.38594047681002
60.0,cfl,7.98026531901453,1.42968781,14.224191533333334,-67.5033233094486
60.0,cfl,8.020069488313329,1.41450147,13.924599833333334,-67.61867199023253
60.0,cfl,8.059867340492735,1.39937631,13.629357816666667,-67.73211339182438
60.0,cfl,8.099665192672141,1.38429956,13.338182916666666,-67.84376006797368
60.0,cfl,8.13946304485155,1.36929255,13.051450666666666,-67.95346418635556
60.0,cfl,8.179267214150348,1.35437246,12.769441916666667,-68.06111903655429
60.0,cfl,8.219065066329753,1.33951251,12.491606233333332,-68.16693906550874
60.0,cfl,8.258862918509159,1.32473083,12.218241233333334,-68.2708083691449
60.0,cfl,8.298660770688565,1.31002958,11.949338916666667,-68.37273330087868
60.0,cfl,8.338458622867973,1.29541355,11.684937866666667,-68.4726968681841
60.0,cfl,8.378262792166772,1.28086897,11.4247429,-68.57081858845797
60.0,cfl,8.418060644346179,1.2664296,11.169305066666668,-68.6668837174926
60.0,cfl,8.457858496525585,1.25206808,10.9180873,-68.7611025657275
60.0,cfl,8.49765634870499,1.23780122,10.671333266666666,-68.85338358948107
60.0,cfl,8.53746051800379,1.22363165,10.429032433333333,-68.94373206260234
60.0,cfl,8.577258370183197,1.20954835,10.19094415,-69.03224185645747
60.0,cfl,8.617056222362603,1.19556672,9.957274333333334,-69.11883695614814
60.0,cfl,8.656854074542009,1.18169022,9.728022116666667,-69.2035202221584
60.0,cfl,8.696658243840808,1.16791885,9.50312795,-69.28631770488843
60.0,cfl,8.736456096020214,1.15424296,9.282378099999999,-69.36731132796034
60.0,cfl,8.77625394819962,1.14067729,9.065952900000001,-69.44643696729769
60.0,cfl,8.816051800379027,1.12721094,8.853620583333333,-69.52378404709646
60.0,cfl,8.855855969677828,1.11387055,8.645738983333333,-69.59922374587357
60.0,cfl,8.895653821857234,1.10062028,8.44169105,-69.67298701622285
60.0,cfl,8.93545167403664,1.08749891,8.242014083333334,-69.7448797876537
60.0,cfl,8.975249526216045,1.07447186,8.046122533333333,-69.81512102852705
60.0,cfl,9.015047378395451,1.0615754,7.854501266666667,-69.88353599208894
60.0,cfl,9.054851547694252,1.04878842,7.666773583333334,-69.95026938205
60.0,cfl,9.094649399873658,1.03611152,7.4828904666666665,-70.01534048818647
60.0,cfl,9.134447252053064,1.02355753,7.30297755,-70.0787089571942
60.0,cfl,9.17424510423247,1.01111666,7.126833633333334,-70.1404521915534
60.0,cfl,9.21404927353127,0.99880042,6.954561016666667,-70.20053862870633
60.0,cfl,9.253847125710676,0.986599528,6.785969083333333,-70.25904082913434
60.0,cfl,9.293644977890082,0.974514544,6.621007616666666,-70.31598204725812
60.0,cfl,9.333442830069488,0.96255637,6.4597650333333325,-70.37133651403249
60.0,cfl,9.373246999368288,0.950706906,6.3019394166666665,-70.42521604726508
60.0,cfl,9.413044851547696,0.93898542,6.147729583333333,-70.47755553695671
60.0,cfl,9.452842703727102,0.927392994,5.9970876833333335,-70.52837836515651
60.0,cfl,9.492640555906506,0.915911573,5.8497218,-70.57779121140638
60.0,cfl,9.532438408085913,0.904560184,5.705819066666667,-70.62573670368221
60.0,cfl,9.572242577384712,0.893320786,5.565094149999999,-70.67231971464804
60.0,cfl,9.61204042956412,0.882212253,5.427726983333333,-70.71748274440296
60.0,cfl,9.651838281743526,0.871217818,5.2934541,-70.76132389151006
60.0,cfl,9.691636133922932,0.860354665,5.162429583333333,-70.80379701171779
60.0,cfl,9.731440303221731,0.849606399,5.0344005,-70.8449956167906
60.0,cfl,9.771238155401138,0.838982113,4.909422066666666,-70.88490620667868
60.0,cfl,9.811036007580544,0.828482298,4.787445483333333,-70.92355428986568
60.0,cfl,9.85083385975995,0.818099008,4.6683261,-70.96099493290187
60.0,cfl,9.89063802905875,0.807841228,4.552115,-70.9972198955447
60.0,cfl,9.930435881238155,0.797709337,4.438763066666667,-71.03225221660315
60.0,cfl,9.970233733417562,0.787695878,4.328135633333333,-71.06614507807524
60.0,cfl,10.010031585596968,0.777801657,4.2201923,-71.098920584599
60.0,cfl,10.049835754895767,0.768035104,4.114974416666667,-71.13057587527318
60.0,cfl,10.089633607075173,0.758382338,4.01228355,-71.16118161874482
60.0,cfl,10.12943145925458,0.748858934,3.91223675,-71.19071414891637
60.0,cfl,10.169229311433986,0.739451823,3.8146481666666667,-71.21924213273867
60.0,cfl,10.209027163613394,0.73016275,3.7194901833333334,-71.24678638178351
60.0,cfl,10.248831332912193,0.721000545,3.6268060666666666,-71.27334921804524
60.0,cfl,10.288629185091597,0.711960691,3.536502683333333,-71.2989734945117
60.0,cfl,10.328427037271004,0.70304575,3.4485592166666668,-71.32368519723265
60.0,cfl,10.36822488945041,0.694253863,3.362911433333333,-71.34752566782039
60.0,cfl,10.40802905874921,0.685583736,3.279502,-71.37053936919666
60.0,cfl,10.447826910928617,0.677048781,3.1984136666666667,-71.39273929679486
60.0,cfl,10.487624763108023,0.668641197,3.11952575,-71.41421103747412
60.0,cfl,10.52742261528743,0.660370926,3.0428853,-71.43502105824307
60.0,cfl,10.567226784586229,0.652252526,2.96857755,-71.45528817579039
60.0,cfl,10.607024636765635,0.644301701,2.89669245,-71.47531389847224
60.0,cfl,10.646822488945041,0.636578156,2.8277049499999998,-71.4967260193936
60.0,cfl,10.686620341124447,0.616051584,2.648348916666667,-71.52373884369874
60.0,cfl,10.726424510423248,0.600451508,2.5159972666666666,-71.53151145082616
60.0,cfl,10.766222362602655,0.592608296,2.4507308166666664,-71.54535940395249
60.0,cfl,10.806020214782059,0.584866563,2.3871485000000003,-71.55849677695828
60.0,cfl,10.845818066961465,0.577220672,2.3251721833333336,-71.5709498989578
60.0,cfl,10.885615919140871,0.569679284,2.2648401833333334,-71.58271889676787
60.0,cfl,10.925420088439672,0.562235987,2.2060693666666666,-71.59383210814704
60.0,cfl,10.965217940619079,0.554892333,2.1488413,-71.60429844770447
60.0,cfl,11.005015792798485,0.547644229,2.0930942333333333,-71.61414310000872
60.0,cfl,11.044813644977891,0.540487922,2.0387709666666667,-71.62338391988226
60.0,cfl,11.08461781427669,0.533430896,1.9858998166666666,-71.63202574851088
60.0,cfl,11.124415666456096,0.526465102,1.9343924666666665,-71.64009154714591
60.0,cfl,11.164213518635503,0.519596244,1.8842637166666667,-71.64758946573608
60.0,cfl,11.204011370814909,0.512815179,1.8354204166666668,-71.65454492380164
60.0,cfl,11.243815540113708,0.506126288,1.7878686333333333,-71.66096484803595
60.0,cfl,11.283613392293114,0.499527067,1.7415652,-71.66686539503188
60.0,cfl,11.32341124447252,0.493017809,1.6964874333333335,-71.67225863593195
60.0,cfl,11.363209096651927,0.486593697,1.6525782066666668,-71.67716217909462
60.0,cfl,11.403006948831333,0.480257375,1.609832385,-71.6815858154227
60.0,cfl,11.442811118130132,0.474006644,1.56821221,-71.68554482052062
60.0,cfl,11.482608970309538,0.467839234,1.5276805216666667,-71.68904977600701
60.0,cfl,11.522406822488946,0.461759792,1.4882458133333332,-71.6921111054599
60.0,cfl,11.562204674668353,0.455757224,1.449815195,-71.69474714057341
60.0,cfl,11.602008843967152,0.449841448,1.4124316433333335,-71.69696297316875
60.0,cfl,11.641806696146556,0.44400389,1.3760206016666667,-71.69877415780394
60.0,cfl,11.681604548325963,0.438243621,1.3405573033333333,-71.70019257526849
60.0,cfl,11.72140240050537,0.432564712,1.3060477333333333,-71.70122443352136
60.0,cfl,11.76120656980417,0.426964183,1.27245483,-71.70188474412555
60.0,cfl,11.801004421983576,0.421438917,1.2397419216666667,-71.70218203674455
60.0,cfl,11.840802274162982,0.415987999,1.2078863183333333,-71.70212703541154
60.0,cfl,11.880600126342388,0.410613359,1.17688214,-71.7017293034193
60.0,cfl,11.920404295641188,0.405311996,1.1466952816666667,-71.70099842681502
60.0,cfl,11.960202147820594,0.400084858,1.1173147983333334,-71.69994361482745
60.0,cfl,12.0,0.394928203,1.0887038516666665,-71.69857500210207
60.0,unpCFL,0.1,16.3784248,1859.37645,inf
60.0,unpCFL,0.13979930511686672,11.5965859,927.50765,inf
60.0,unpCFL,0.17959867340492736,9.45413369,614.1891733333334,194.80696532968372
60.0,unpCFL,0.21939797852179407,8.20447234,461.2895483333333,128.3129681208515
60.0,unpCFL,0.25919734680985473,7.36965718,371.4138633333333,89.19827019742954
60.0,unpCFL,0.2989966519267214,6.7638544,312.34534666666667,63.47036338790602
60.0,unpCFL,0.33879595704358817,6.29916082,270.54119333333335,45.24657089317726
60.0,unpCFL,0.3785953253316488,5.92837162,239.36728499999998,31.644738428812854
60.0,unpCFL,0.4183946304485155,5.62375675,215.20622666666668,21.093023878408378
60.0,unpCFL,0.4581939987365761,5.36787308,195.92067833333334,12.662512379341784
60.0,unpCFL,0.49799330385344287,5.14916166,180.16800666666668,5.769547138944894
60.0,unpCFL,0.5377926721415035,4.9596182,167.06141333333335,0.028535308050355174
60.0,unpCFL,0.5775919772583702,4.79349664,155.99082916666666,-4.8258518181222385
60.0,unpCFL,0.6173912823752369,4.64654163,146.52190783333333,-8.98256426454626
60.0,unpCFL,0.6571907770056854,4.51553195,138.33723666666668,-12.57971751418473
60.0,unpCFL,0.6969898926089704,4.397953,131.1978685,-15.721304045179386
60.0,unpCFL,0.7367890082122552,4.29182254,124.92123933333333,-18.48679718617903
60.0,unpCFL,0.7765887555274795,4.19554181,119.36476066666667,-20.93828014267862
60.0,unpCFL,0.8163878711307644,4.10779901,114.41511616666666,-23.12509585281357
60.0,unpCFL,0.8561869867340492,4.02751467,109.98158516666668,-25.086757181577227
60.0,unpCFL,0.8959867340492736,3.95377936,105.99006183333333,-26.85554329506003
60.0,unpCFL,0.9357858496525585,3.88582889,102.37984683333335,-28.457896351454462
60.0,unpCFL,0.9755855969677827,3.82300877,99.100406,-29.915833395947622
60.0,unpCFL,1.0153847125710675,3.76476047,96.10962066666666,-31.247705238712516
60.0,unpCFL,1.0551838281743526,3.71059919,93.37186733333333,-32.46903479043522
60.0,unpCFL,1.0949835754895767,3.66010709,90.85708383333333,-33.59292340727463
60.0,unpCFL,1.1347826910928616,3.6129163,88.53945016666667,-34.630621513056354
60.0,unpCFL,1.1745818066961466,3.56870597,86.39689216666667,-35.59175065843936
60.0,unpCFL,1.214381554011371,3.52719981,84.41065166666667,-36.484488397693745
60.0,unpCFL,1.2541806696146558,3.48814679,82.56415133333333,-37.316058945817105
60.0,unpCFL,1.2939797852179407,3.45132694,80.8430805,-38.09270109412987
60.0,unpCFL,1.333779532533165,3.41654763,79.2350695,-38.819808681531185
60.0,unpCFL,1.3735786481364498,3.38363768,77.72929533333333,-39.50210036179988
60.0,unpCFL,1.413377763739735,3.35244518,76.3162825,-40.14370971959488
60.0,unpCFL,1.453177511054959,3.32283113,74.98753549999999,-40.74834100203831
60.0,unpCFL,1.4929766266582438,3.29467693,73.73580483333333,-41.319157770247095
60.0,unpCFL,1.532775742261529,3.2678698,72.55438933333333,-41.85908218200811
60.0,unpCFL,1.5725754895767532,3.24231474,71.43761066666666,-42.370594678617046
60.0,unpCFL,1.6123746051800378,3.21792255,70.380254,-42.855969299311816
60.0,unpCFL,1.652173720783323,3.19461769,69.37786933333334,-43.31715184027948
60.0,unpCFL,1.6919734680985472,3.17232436,68.4261585,-43.75601662345091
60.0,unpCFL,1.7317725837018318,3.15098108,67.52156366666667,-44.174119060355096
60.0,unpCFL,1.771571699305117,3.13052939,66.6607715,-44.57290630616554
60.0,unpCFL,1.8113714466203412,3.11091437,65.84072233333333,-44.9537154629773
60.0,unpCFL,1.8511705622236259,3.09208745,65.05871066666667,-45.317727461101526
60.0,unpCFL,1.890969677826911,3.07400819,64.31244416666667,-45.66594661358349
60.0,unpCFL,1.9307694251421352,3.05663103,63.599490833333334,-45.99943357615132
60.0,unpCFL,1.9705685407454203,3.03992156,62.9179375,-46.31902568330605
60.0,unpCFL,2.010367656348705,3.02384637,62.26596366666667,-46.625518973948004
60.0,unpCFL,2.050167403663929,3.00836953,61.6416985,-46.91972905863217
60.0,unpCFL,2.089966519267214,2.99346564,61.04373816666667,-47.202270529008025
60.0,unpCFL,2.129765634870499,2.97910466,60.470527999999995,-47.47382184860522
60.0,unpCFL,2.169565382185723,2.96526057,59.9207115,-47.73497434600853
60.0,unpCFL,2.209364497789008,2.9519101,59.39307683333333,-47.9862570947369
60.0,unpCFL,2.249163613392293,2.93903005,58.88643366666667,-48.22818816220403
60.0,unpCFL,2.2889633607075175,2.92660006,58.3997385,-48.46122347188689
60.0,unpCFL,2.328762476310802,2.91459789,57.931891,-48.68583989197268
60.0,unpCFL,2.368561591914087,2.90300661,57.482021,-48.90241659199706
60.0,unpCFL,2.4083613392293115,2.89180453,57.049094833333335,-49.11140123680406
60.0,unpCFL,2.448160454832596,2.8809738,56.632244,-49.31316925950567
60.0,unpCFL,2.4879595704358817,2.87050135,56.230798166666666,-49.50801212410786
60.0,unpCFL,2.5277593177511055,2.86036731,55.843843666666665,-49.69632354377558
60.0,unpCFL,2.56755843335439,2.85055962,55.47077783333334,-49.87836418882516
60.0,unpCFL,2.6073575489576757,2.84105895,55.110732666666664,-50.05450629495795
60.0,unpCFL,2.6471572962728995,2.83185163,54.76306966666667,-50.22502405244819
60.0,unpCFL,2.686956411876184,2.82292344,54.4271375,-50.39019635392876
60.0,unpCFL,2.726756159191409,2.8142634,54.10241866666667,-50.55024537556091
60.0,unpCFL,2.7665552747946935,2.8058486,53.787956333333334,-50.705576352216546
60.0,unpCFL,2.8063543903979786,2.79768133,53.483747,-50.85619492522846
60.0,unpCFL,2.846154137713203,2.78974399,53.189046833333336,-51.002415687965474
60.0,unpCFL,2.8859532533164876,2.78200232,52.90250366666667,-51.144807014123224
60.0,unpCFL,2.9257523689197726,2.77449074,52.62532783333334,-51.282865247517414
60.0,unpCFL,2.965552116234997,2.76715265,52.355349333333336,-51.41749971567327
60.0,unpCFL,3.0053512318382816,2.75997509,52.09203283333333,-51.54893511079556
60.0,unpCFL,3.0451503474415667,2.75299478,51.836679333333336,-51.67662846154476
60.0,unpCFL,3.084950094756791,2.74615155,51.58701433333333,-51.801531440513436
60.0,unpCFL,3.124749210360076,2.73945854,51.343478499999996,-51.923459222513024
60.0,unpCFL,3.1645483259633607,2.73290216,51.1055255,-52.04264084496624
60.0,unpCFL,3.204348073278585,2.72644721,50.871831,-52.1596277137858
60.0,unpCFL,3.2441471888818696,2.72012768,50.643599,-52.27391813722647
60.0,unpCFL,3.283946304485155,2.71390789,50.41949316666667,-52.386067787708214
60.0,unpCFL,3.323746051800379,2.7077736,50.198964333333336,-52.49630567974356
60.0,unpCFL,3.3635451674036636,2.70173629,49.982403500000004,-52.6044682280936
60.0,unpCFL,3.403344283006949,2.69575746,49.76838883333333,-52.711145806915894
60.0,unpCFL,3.443144030322173,2.68984758,49.55727666666667,-52.8161904942659
60.0,unpCFL,3.4829431459254576,2.68399274,49.34854816666667,-52.919816427050385
60.0,unpCFL,3.522742261528743,2.67817803,49.141646333333334,-53.0222550192628
60.0,unpCFL,3.562542008843967,2.67241334,48.93691166666667,-53.123364253346274
60.0,unpCFL,3.6023411244472525,2.66665997,48.732943666666664,-53.22372508691005
60.0,unpCFL,3.642140240050537,2.6609502,48.53088616666666,-53.32286352159852
60.0,unpCFL,3.681939987365761,2.65522626,48.32866666666666,-53.42163694242689
60.0,unpCFL,3.7217391029690465,2.64953593,48.12798383333333,-53.51934493790359
60.0,unpCFL,3.761538218572331,2.64382642,47.92694933333333,-53.61676680816735
60.0,unpCFL,3.801337965887555,2.63809841,47.72559083333333,-53.71389473890643
60.0,unpCFL,3.8411370814908405,2.63236638,47.5244185,-53.81051602530578
60.0,unpCFL,3.880936197094125,2.62661443,47.32287083333333,-53.906865243594055
60.0,unpCFL,3.92073594440935,2.62082539,47.12034266666667,-54.00319517383839
60.0,unpCFL,3.9605350600126346,2.61498731,46.91641966666667,-54.09967736231207
60.0,unpCFL,4.00033417561592,2.60910595,46.71131366666667,-54.19622821340629
60.0,unpCFL,4.040133922931144,2.60319833,46.50562783333333,-54.2925985119402
60.0,unpCFL,4.079933038534429,2.59719498,46.2969385,-54.38979378939978
60.0,unpCFL,4.119732154137713,2.59116096,46.08753683333334,-54.48686926751549
60.0,unpCFL,4.1595319014529375,2.58504982,45.875811,-54.584496995561054
60.0,unpCFL,4.199331017056222,2.5788575,45.661638,-54.682726845212905
60.0,unpCFL,4.239130132659508,2.57258865,45.44519866666667,-54.781491671860444
60.0,unpCFL,4.278929879974732,2.56623365,45.22617783333333,-54.88092366061851
60.0,unpCFL,4.318728995578017,2.55977882,45.00412433333334,-54.98121404441514
60.0,unpCFL,4.358528742893241,2.55323431,44.779414833333334,-55.08221369249121
60.0,unpCFL,4.3983278584965255,2.54659467,44.551884333333334,-55.18399209355439
60.0,unpCFL,4.43812697409981,2.5398701,44.32190883333333,-55.28640159306475
60.0,unpCFL,4.477926721415035,2.53302184,44.08818466666666,-55.38998565716883
60.0,unpCFL,4.51772583701832,2.52603835,43.85035383333333,-55.494897356929464
60.0,unpCFL,4.557524952621605,2.51896189,43.6098915,-55.60053529193277
60.0,unpCFL,4.597324699936829,2.51176087,43.3657545,-55.707331983046956
60.0,unpCFL,4.6371238155401135,2.5044173,43.11736716666667,-55.81553508585104
60.0,unpCFL,4.676922931143398,2.49698203,42.86649366666666,-55.92442081442253
60.0,unpCFL,4.716722678458623,2.48938346,42.610747999999994,-56.03498289924048
60.0,unpCFL,4.756521794061908,2.48164857,42.35108783333333,-56.14682971959184
60.0,unpCFL,4.796320909665193,2.47379158,42.08803266666666,-56.25975524299579
60.0,unpCFL,4.836120656980417,2.46580256,41.8212895,-56.37388817168536
60.0,unpCFL,4.875919772583702,2.4576522,41.54992933333333,-56.489616089305436
60.0,unpCFL,4.915718888186986,2.44938271,41.27540533333333,-56.60634923255531
60.0,unpCFL,4.955518635502211,2.44093038,40.99564983333333,-56.724947333907274
60.0,unpCFL,4.995317751105496,2.43235126,40.712574499999995,-56.844626800058016
60.0,unpCFL,5.035116866708781,2.42360374,40.42485833333333,-56.96594157291537
60.0,unpCFL,5.074916614024005,2.41471348,40.1334,-57.0885277403543
60.0,unpCFL,5.11471572962729,2.4056727,39.83799883333334,-57.21247542324605
60.0,unpCFL,5.154514845230575,2.39645002,39.53769,-57.33818811682017
60.0,unpCFL,5.194314592545799,2.38709607,39.23418216666666,-57.46497060930001
60.0,unpCFL,5.234113708149084,2.37755219,38.92563366666666,-57.59358214263282
60.0,unpCFL,5.273912823752369,2.36786698,38.61367766666667,-57.72336688091538
60.0,unpCFL,5.313712571067593,2.35803404,38.29816816666666,-57.85438490832735
60.0,unpCFL,5.353511686670878,2.34800112,37.977497166666666,-57.987305576242804
60.0,unpCFL,5.393310802274163,2.33784248,37.65410416666667,-58.12113338751951
60.0,unpCFL,5.433110549589387,2.32750586,37.32638983333333,-58.256530236105796
60.0,unpCFL,5.472909665192672,2.31700789,36.99495116666667,-58.39325591293955
60.0,unpCFL,5.512708780795958,2.30632449,36.65910216666667,-58.53160309046458
60.0,unpCFL,5.552508528111181,2.29550943,36.32060116666666,-58.6708472030624
60.0,unpCFL,5.592307643714466,2.28450205,35.977622,-58.811748913990606
60.0,unpCFL,5.632106759317751,2.27335997,35.632031500000004,-58.953544622452114
60.0,unpCFL,5.6719065066329755,2.26205063,35.2828885,-59.09662734782177
60.0,unpCFL,5.711705622236261,2.25054879,34.929497500000004,-59.24128960493616
60.0,unpCFL,5.751504737839546,2.2389359,34.574428499999996,-59.3864730881401
60.0,unpCFL,5.791304485154769,2.22712899,34.215218166666666,-59.53320095022662
60.0,unpCFL,5.831103600758055,2.21518025,33.85353416666667,-59.680789462214406
60.0,unpCFL,5.870902716361339,2.2030667,33.488754666666665,-59.82949603053476
60.0,unpCFL,5.9107024636765635,2.19081344,33.12170916666667,-59.97898468105433
60.0,unpCFL,5.950501579279849,2.17839377,32.7516755,-60.12955794930343
60.0,unpCFL,5.990300694883134,2.16583731,32.379610166666666,-60.280825430428294
60.0,unpCFL,6.030100442198358,2.15314498,32.0056105,-60.43274710890355
60.0,unpCFL,6.069899557801643,2.14029023,31.62897,-60.585618400378515
60.0,unpCFL,6.109699305116867,2.12730128,31.250592666666666,-60.73906802780936
60.0,unpCFL,6.149498420720152,2.11415523,30.869887666666667,-60.893344958431996
60.0,unpCFL,6.189297536323437,2.10087743,30.48766583333333,-61.048114000430694
60.0,unpCFL,6.22909728363866,2.08747436,30.10418233333333,-61.20327627437256
60.0,unpCFL,6.268896399241946,2.07394693,29.719530000000002,-61.35878983332996
60.0,unpCFL,6.308695514845231,2.06029519,29.3337795,-61.51463320191271
60.0,unpCFL,6.348496525584333,2.04649801,28.94640916666667,-61.671017932332795
60.0,unpCFL,6.3882943777637395,2.0325826,28.558253999999998,-61.827604736295335
60.0,unpCFL,6.428092229943147,2.01858167,28.170285,-61.98399376136845
60.0,unpCFL,6.467890082122553,2.00444419,27.7811515,-62.1407412204206
60.0,unpCFL,6.507694251421352,1.99019878,27.3917115,-62.297497430069775
60.0,unpCFL,6.547492103600758,1.97584955,27.002138333333335,-62.454186934523214
60.0,unpCFL,6.587289955780164,1.96139977,26.612580333333334,-62.610754863508596
60.0,unpCFL,6.62708780795957,1.94682947,26.222564499999997,-62.767390970184785
60.0,unpCFL,6.666891977258371,1.93219338,25.8336115,-62.92347462138535
60.0,unpCFL,6.706689829437776,1.9174677,25.445134166666666,-63.07924431400731
60.0,unpCFL,6.746487681617182,1.90265764,25.0573245,-63.23462359721242
60.0,unpCFL,6.786285533796589,1.88776663,24.670321333333334,-63.38955529721758
60.0,unpCFL,6.826089703095389,1.87280147,24.284349333333335,-63.54394466535191
60.0,unpCFL,6.865887555274795,1.85776451,23.899515,-63.697750770094785
60.0,unpCFL,6.905685407454201,1.84266024,23.51597566666667,-63.850906814038034
60.0,unpCFL,6.9454832596336065,1.82749464,23.1339245,-64.0033327898418
60.0,unpCFL,6.985287428932407,1.81226945,22.753443333333333,-64.1549957764854
60.0,unpCFL,7.025085281111814,1.79699183,22.3747475,-64.30580661529932
60.0,unpCFL,7.064883133291219,1.78166555,21.99796233333333,-64.45571398460173
60.0,unpCFL,7.104680985470625,1.76631826,21.623791166666667,-64.6044296299377
60.0,unpCFL,7.1444788376500314,1.75090887,21.25126016666667,-64.75235031275686
60.0,unpCFL,7.1842830069488315,1.73546553,20.881080666666666,-64.89918505439769
60.0,unpCFL,7.224080859128238,1.72001186,20.51383516666667,-65.04469830317059
60.0,unpCFL,7.263878711307644,1.70451297,20.148713833333332,-65.18921324847291
60.0,unpCFL,7.30367656348705,1.68901551,19.786830833333333,-65.33228081188368
60.0,unpCFL,7.34348073278585,1.67347949,19.427266166666666,-65.47427191269894
60.0,unpCFL,7.3832785849652565,1.65795358,19.071157000000003,-65.61472638394237
60.0,unpCFL,7.423076437144663,1.64242159,18.7181335,-65.75378930362919
60.0,unpCFL,7.462874289324068,1.62686601,18.36780866666667,-65.8916197869154
60.0,unpCFL,7.502678458622867,1.61133492,18.021267666666667,-66.02777741648688
60.0,unpCFL,7.542476310802275,1.59580897,17.678070666666667,-66.16244033472702
60.0,unpCFL,7.5822741629816806,1.58029595,17.338387666666666,-66.2955371772458
60.0,unpCFL,7.622072015161087,1.56479889,17.0022775,-66.42704356770298
60.0,unpCFL,7.661869867340493,1.54932158,16.669812999999998,-66.556930893568
60.0,unpCFL,7.701674036639292,1.5338502,16.340693033333334,-66.68531990278137
60.0,unpCFL,7.741471888818699,1.51842638,16.015787066666668,-66.81185876897403
60.0,unpCFL,7.7812697409981055,1.50303607,15.694776816666666,-66.93667828495096
60.0,unpCFL,7.821067593177512,1.48768253,15.377710716666666,-67.05975588217919
60.0,unpCFL,7.860871762476311,1.47237092,15.064673183333333,-67.18105886945935
60.0,unpCFL,7.900669614655716,1.45710323,14.75567995,-67.30058100578341
60.0,unpCFL,7.940467466835124,1.44188592,14.450835416666667,-67.4182802271411
60.0,unpCFL,7.98026531901453,1.42670328,14.149800366666666,-67.53428910944874
60.0,unpCFL,8.020069488313329,1.41159484,13.85332765,-67.64831465522111
60.0,unpCFL,8.059867340492735,1.39654598,13.5610912,-67.76048171911522
60.0,unpCFL,8.099665192672141,1.38154396,13.272813133333333,-67.87090080509752
60.0,unpCFL,8.13946304485155,1.36661008,12.988869916666665,-67.97942368708121
60.0,unpCFL,8.179267214150348,1.3517615,12.709543550000001,-68.08594317645901
60.0,unpCFL,8.219065066329753,1.3369715,12.434289533333333,-68.19067111731982
60.0,unpCFL,8.258862918509159,1.32225821,12.16340675,-68.29349107649314
60.0,unpCFL,8.298660770688565,1.30762375,11.896889700000001,-68.39440830527734
60.0,unpCFL,8.338458622867973,1.29307295,11.634779516666667,-68.49340471001663
60.0,unpCFL,8.378262792166772,1.27859206,11.376785216666667,-68.59059794627494
60.0,unpCFL,8.418060644346179,1.26421477,11.123457400000001,-68.68577350742838
60.0,unpCFL,8.457858496525585,1.2499138,10.874264333333334,-68.77913934861625
60.0,unpCFL,8.49765634870499,1.23570594,10.629450916666666,-68.8706033877977
60.0,unpCFL,8.53746051800379,1.2215938,10.38900905,-68.96016984360423
60.0,unpCFL,8.577258370183197,1.20756641,10.15270145,-69.04793107126473
60.0,unpCFL,8.617056222362603,1.19363914,9.920735500000001,-69.13381046440924
60.0,unpCFL,8.656854074542009,1.17981545,9.69311245,-69.21780991608155
60.0,unpCFL,8.696658243840808,1.16609534,9.469775283333332,-69.2999543635984
60.0,unpCFL,8.736456096020214,1.15246921,9.250513466666666,-69.38032433907603
60.0,unpCFL,8.77625394819962,1.13895176,9.035508416666666,-69.45885522160623
60.0,unpCFL,8.816051800379027,1.12553212,8.824531566666668,-69.53563501040492
60.0,unpCFL,8.855855969677828,1.11223688,8.6179411,-69.61053475434626
60.0,unpCFL,8.895653821857234,1.0990303,8.415124666666667,-69.68378330741407
60.0,unpCFL,8.93545167403664,1.08595106,8.216618983333333,-69.75518684778851
60.0,unpCFL,8.975249526216045,1.0729647,8.021842983333334,-69.82496238014664
60.0,unpCFL,9.015047378395451,1.06010738,7.831281116666667,-69.8929353091881
60.0,unpCFL,9.054851547694252,1.04735807,7.64456015,-69.95924881098883
60.0,unpCFL,9.094649399873658,1.03471737,7.46163285,-70.0239213848026
60.0,unpCFL,9.134447252053064,1.02219808,7.282625966666667,-70.08691214769618
60.0,unpCFL,9.17424510423247,1.00979045,7.107340666666667,-70.14829746068938
60.0,unpCFL,9.21404927353127,0.997505974,6.935880433333334,-70.20804522521307
60.0,unpCFL,9.253847125710676,0.985335386,6.768056883333333,-70.2662269877394
60.0,unpCFL,9.293644977890082,0.973279259,6.603821233333333,-70.32286534926033
60.0,unpCFL,9.333442830069488,0.961348473,6.443263150000001,-70.37793398058002
60.0,unpCFL,9.373246999368288,0.949524976,6.286083033333333,-70.43154365565427
60.0,unpCFL,9.413044851547696,0.937827994,6.132480283333334,-70.48362895667604
60.0,unpCFL,9.452842703727102,0.926258609,5.982408433333333,-70.53421264592104
60.0,unpCFL,9.492640555906506,0.914798814,5.83557775,-70.5834004214373
60.0,unpCFL,9.532438408085913,0.903467586,5.6921758,-70.63113464456741
60.0,unpCFL,9.572242577384712,0.892246931,5.551919383333333,-70.67751924771116
60.0,unpCFL,9.61204042956412,0.881155671,5.414988433333334,-70.7224966541545
60.0,unpCFL,9.651838281743526,0.870177078,5.281121866666667,-70.76616390579582
60.0,unpCFL,9.691636133922932,0.85932828,5.150474066666666,-70.80847464202476
60.0,unpCFL,9.731440303221731,0.848592916,5.022793483333333,-70.8495217357929
60.0,unpCFL,9.771238155401138,0.83798004,4.898135683333334,-70.88929143384325
60.0,unpCFL,9.811036007580544,0.827490124,4.776453016666666,-70.9278086827707
60.0,unpCFL,9.85083385975995,0.817115217,4.657602033333333,-70.96512794964079
60.0,unpCFL,9.89063802905875,0.806864252,4.5416338,-71.00124090665997
60.0,unpCFL,9.930435881238155,0.796737568,4.428499700000001,-71.03617024071423
60.0,unpCFL,9.970233733417562,0.786727685,4.3180664,-71.06996847076505
60.0,unpCFL,10.010031585596968,0.776835352,4.210293733333334,-71.1026574581963
60.0,unpCFL,10.049835754895767,0.767068906,4.10522245,-71.13423442066362
60.0,unpCFL,10.089633607075173,0.757414426,4.002654983333334,-71.16476949676473
60.0,unpCFL,10.12943145925458,0.747887339,3.9027077666666665,-71.19423905491357
60.0,unpCFL,10.169229311433986,0.738474488,3.805195283333333,-71.2227113878994
60.0,unpCFL,10.209027163613394,0.729177462,3.71008905,-71.2502073843509
60.0,unpCFL,10.248831332912193,0.720004867,3.6174311500000003,-71.27672949428144
60.0,unpCFL,10.288629185091597,0.710951952,3.5271273166666663,-71.3023206326267
60.0,unpCFL,10.328427037271004,0.702020954,3.4391545,-71.32700719198763
60.0,unpCFL,10.36822488945041,0.693209597,3.353445616666667,-71.3508310218463
60.0,unpCFL,10.40802905874921,0.684516024,3.2699397666666665,-71.37383718960912
60.0,unpCFL,10.447826910928617,0.675952806,3.1887131,-71.3960402132286
60.0,unpCFL,10.487624763108023,0.667511008,3.109636016666667,-71.41752769245092
60.0,unpCFL,10.52742261528743,0.659198731,3.0327411833333335,-71.43836942415477
60.0,unpCFL,10.567226784586229,0.651027411,2.958088666666667,-71.45869027571396
60.0,unpCFL,10.607024636765635,0.64300669,2.885718183333333,-71.47880412104033
60.0,unpCFL,10.646822488945041,0.635180674,2.8159744833333336,-71.50037081159522
60.0,unpCFL,10.686620341124447,0.615523994,2.6439055833333334,-71.52530954566038
60.0,unpCFL,10.726424510423248,0.599947109,2.51186025,-71.53295668452351
60.0,unpCFL,10.766222362602655,0.592112836,2.4467261166666665,-71.54674921482
60.0,unpCFL,10.806020214782059,0.584379599,2.38326935,-71.5598336328953
60.0,unpCFL,10.845818066961465,0.576741786,2.321412033333333,-71.57223615947039
60.0,unpCFL,10.885615919140871,0.569208057,2.2611928000000003,-71.58395678522939
60.0,unpCFL,10.925420088439672,0.561772024,2.2025289166666666,-71.59502368551122
60.0,unpCFL,10.965217940619079,0.554435251,2.1454022,-71.60544566969409
60.0,unpCFL,11.005015792798485,0.547193663,2.0897513666666665,-71.61524772360772
60.0,unpCFL,11.044813644977891,0.540043529,2.0355194666666665,-71.62444760709602
60.0,unpCFL,11.08461781427669,0.53299233,1.9827350333333333,-71.63305006001524
60.0,unpCFL,11.124415666456096,0.526032044,1.9313100833333332,-71.64107790743716
60.0,unpCFL,11.164213518635503,0.519168376,1.8812594500000002,-71.64853928043965
60.0,unpCFL,11.204011370814909,0.512392211,1.83249055,-71.6554593722938
60.0,unpCFL,11.243815540113708,0.505707933,1.7850094333333333,-71.66184511506532
60.0,unpCFL,11.283613392293114,0.499113051,1.7387732999999999,-71.66771250890328
60.0,unpCFL,11.32341124447252,0.492607871,1.6937595333333335,-71.67307360934744
60.0,unpCFL,11.363209096651927,0.486187593,1.6499113283333335,-71.67794588438912
60.0,unpCFL,11.403006948831333,0.479854864,1.6072236366666668,-71.68233908745687
60.0,unpCFL,11.442811118130132,0.4736075,1.5656588450000002,-71.68626844194681
60.0,unpCFL,11.482608970309538,0.467443243,1.5251800816666665,-71.68974441154933
60.0,unpCFL,11.522406822488946,0.461366741,1.4857958683333334,-71.69277740978914
60.0,unpCFL,11.562204674668353,0.455366928,1.4474135650000002,-71.69538567070748
60.0,unpCFL,11.602008843967152,0.449453709,1.4100761766666667,-71.69757426431102
60.0,unpCFL,11.641806696146556,0.443618538,1.3737093566666667,-71.699358676334
60.0,unpCFL,11.681604548325963,0.437860491,1.3382884633333334,-71.70075073317064
60.0,unpCFL,11.72140240050537,0.432183641,1.303819495,-71.7017566403578
60.0,unpCFL,11.76120656980417,0.426585018,1.2702656016666665,-71.70239132597534
60.0,unpCFL,11.801004421983576,0.421061518,1.2375901800000002,-71.70266329135684
60.0,unpCFL,11.840802274162982,0.415612234,1.20577062,-71.70258323607277
60.0,unpCFL,11.880600126342388,0.410239097,1.1748011200000001,-71.70216068855785
60.0,unpCFL,11.920404295641188,0.404939119,1.14464771,-71.70140518952846
60.0,unpCFL,11.960202147820594,0.399713248,1.1152994533333334,-71.70032594288296
60.0,unpCFL,12.0,0.394557758,1.0867196766666667,-71.69893302139265
