set,quark_tag,snapshot,sigma,phase,nBH_over_n0,T_nuc_MeV
Set A,B4145_D80_a0.16_ms100,$t_0$,50.0,unpaired,0.1,67.96794417542887
Set A,B4145_D80_a0.16_ms100,$t_0$,50.0,unpaired,0.13979930511686672,55.397437022208564
Set A,B4145_D80_a0.16_ms100,$t_0$,50.0,unpaired,0.17959867340492736,44.893854541675296
Set A,B4145_D80_a0.16_ms100,$t_0$,50.0,unpaired,0.21939797852179407,38.724007986263274
Set A,B4145_D80_a0.16_ms100,$t_0$,50.0,unpaired,0.25919734680985473,35.028902107385115
Set A,B4145_D80_a0.16_ms100,$t_0$,50.0,unpaired,0.2989966519267214,32.51514994419555
Set A,B4145_D80_a0.16_ms100,$t_0$,50.0,unpaired,0.33879595704358817,30.645637586739568
Set A,B4145_D80_a0.16_ms100,$t_0$,50.0,unpaired,0.3785953253316488,29.167585133362085
Set A,B4145_D80_a0.16_ms100,$t_0$,50.0,unpaired,0.4183946304485155,27.945913897011405
Set A,B4145_D80_a0.16_ms100,$t_0$,50.0,unpaired,0.4581939987365761,26.901757546861496
Set A,B4145_D80_a0.16_ms100,$t_0$,50.0,unpaired,0.49799330385344287,25.985599266004854
Set A,B4145_D80_a0.16_ms100,$t_0$,50.0,unpaired,0.5377926721415035,25.16537868151032
Set A,B4145_D80_a0.16_ms100,$t_0$,50.0,unpaired,0.5775919772583702,24.41973289325749
Set A,B4145_D80_a0.16_ms100,$t_0$,50.0,unpaired,0.6173912823752369,23.7324027791683
Set A,B4145_D80_a0.16_ms100,$t_0$,50.0,unpaired,0.6571907770056854,23.091615215687906
Set A,B4145_D80_a0.16_ms100,$t_0$,50.0,unpaired,0.6969898926089704,22.49045216034379
Set A,B4145_D80_a0.16_ms100,$t_0$,50.0,unpaired,0.7367890082122552,21.92200784780286
Set A,B4145_D80_a0.16_ms100,$t_0$,50.0,unpaired,0.7765887555274795,21.380394218629423
Set A,B4145_D80_a0.16_ms100,$t_0$,50.0,unpaired,0.8163878711307644,20.86104494136756
Set A,B4145_D80_a0.16_ms100,$t_0$,50.0,unpaired,0.8561869867340492,20.361245262498723
Set A,B4145_D80_a0.16_ms100,$t_0$,50.0,unpaired,0.8959867340492736,19.8794886967043
Set A,B4145_D80_a0.16_ms100,$t_0$,50.0,unpaired,0.9357858496525585,19.41343534395099
Set A,B4145_D80_a0.16_ms100,$t_0$,50.0,unpaired,0.9755855969677827,18.959469435198297
Set A,B4145_D80_a0.16_ms100,$t_0$,50.0,unpaired,1.0153847125710675,18.51606998269753
Set A,B4145_D80_a0.16_ms100,$t_0$,50.0,unpaired,1.0551838281743526,18.08245155512358
Set A,B4145_D80_a0.16_ms100,$t_0$,50.0,unpaired,1.0949835754895767,17.65870404867427
Set A,B4145_D80_a0.16_ms100,$t_0$,50.0,unpaired,1.1347826910928616,17.245197275000507
Set A,B4145_D80_a0.16_ms100,$t_0$,50.0,unpaired,1.1745818066961466,16.840866872294676
Set A,B4145_D80_a0.16_ms100,$t_0$,50.0,unpaired,1.214381554011371,16.442300533896148
Set A,B4145_D80_a0.16_ms100,$t_0$,50.0,unpaired,1.2541806696146558,16.047695298859402
Set A,B4145_D80_a0.16_ms100,$t_0$,50.0,unpaired,1.2939797852179407,15.65931050466815
Set A,B4145_D80_a0.16_ms100,$t_0$,50.0,unpaired,1.333779532533165,15.279049031355116
Set A,B4145_D80_a0.16_ms100,$t_0$,50.0,unpaired,1.3735786481364498,14.907717584545251
Set A,B4145_D80_a0.16_ms100,$t_0$,50.0,unpaired,1.413377763739735,14.544618493022186
Set A,B4145_D80_a0.16_ms100,$t_0$,50.0,unpaired,1.453177511054959,14.18787764490289
Set A,B4145_D80_a0.16_ms100,$t_0$,50.0,unpaired,1.4929766266582438,13.834897039475038
Set A,B4145_D80_a0.16_ms100,$t_0$,50.0,unpaired,1.532775742261529,13.48378218857668
Set A,B4145_D80_a0.16_ms100,$t_0$,50.0,unpaired,1.5725754895767532,13.136541802621325
Set A,B4145_D80_a0.16_ms100,$t_0$,50.0,unpaired,1.6123746051800378,12.804224073433769
Set A,B4145_D80_a0.16_ms100,$t_0$,50.0,unpaired,1.652173720783323,12.482655591864344
Set A,B4145_D80_a0.16_ms100,$t_0$,50.0,unpaired,1.6919734680985472,12.170727161783821
Set A,B4145_D80_a0.16_ms100,$t_0$,50.0,unpaired,1.7317725837018318,11.866755931023183
Set A,B4145_D80_a0.16_ms100,$t_0$,50.0,unpaired,1.771571699305117,11.567954003380422
Set A,B4145_D80_a0.16_ms100,$t_0$,50.0,unpaired,1.8113714466203412,11.271991274594694
Set A,B4145_D80_a0.16_ms100,$t_0$,50.0,unpaired,1.8511705622236259,10.978632989766476
Set A,B4145_D80_a0.16_ms100,$t_0$,50.0,unpaired,1.890969677826911,10.689368274482433
Set A,B4145_D80_a0.16_ms100,$t_0$,50.0,unpaired,1.9307694251421352,10.407066502653485
Set A,B4145_D80_a0.16_ms100,$t_0$,50.0,unpaired,1.9705685407454203,10.135049373181756
Set A,B4145_D80_a0.16_ms100,$t_0$,50.0,unpaired,2.010367656348705,9.876751673233274
Set A,B4145_D80_a0.16_ms100,$t_0$,50.0,unpaired,2.050167403663929,9.633908895222858
Set A,B4145_D80_a0.16_ms100,$t_0$,50.0,unpaired,2.089966519267214,9.404463916047108
Set A,B4145_D80_a0.16_ms100,$t_0$,50.0,unpaired,2.129765634870499,9.177011924197485
Set A,B4145_D80_a0.16_ms100,$t_0$,50.0,unpaired,2.169565382185723,8.941179329059517
Set A,B4145_D80_a0.16_ms100,$t_0$,50.0,unpaired,2.209364497789008,8.703130768993443
Set A,B4145_D80_a0.16_ms100,$t_0$,50.0,unpaired,2.249163613392293,8.462496595336969
Set A,B4145_D80_a0.16_ms100,$t_0$,50.0,unpaired,2.2889633607075175,8.220185723961412
Set A,B4145_D80_a0.16_ms100,$t_0$,50.0,unpaired,2.328762476310802,7.9781549153402285
Set A,B4145_D80_a0.16_ms100,$t_0$,50.0,unpaired,2.368561591914087,7.740934414474881
Set A,B4145_D80_a0.16_ms100,$t_0$,50.0,unpaired,2.4083613392293115,7.517087699721413
Set A,B4145_D80_a0.16_ms100,$t_0$,50.0,unpaired,2.448160454832596,7.310199733536481
Set A,B4145_D80_a0.16_ms100,$t_0$,50.0,unpaired,2.4879595704358817,7.119427687708291
Set A,B4145_D80_a0.16_ms100,$t_0$,50.0,unpaired,2.5277593177511055,6.942931998452419
Set A,B4145_D80_a0.16_ms100,$t_0$,50.0,unpaired,2.56755843335439,6.7784881196511355
Set A,B4145_D80_a0.16_ms100,$t_0$,50.0,unpaired,2.6073575489576757,6.6250515497175755
Set A,B4145_D80_a0.16_ms100,$t_0$,50.0,unpaired,2.6471572962728995,6.4823930952866915
Set A,B4145_D80_a0.16_ms100,$t_0$,50.0,unpaired,2.686956411876184,6.350913706901634
Set A,B4145_D80_a0.16_ms100,$t_0$,50.0,unpaired,2.726756159191409,6.232312082656349
Set A,B4145_D80_a0.16_ms100,$t_0$,50.0,unpaired,2.7665552747946935,6.128133646488423
Set A,B4145_D80_a0.16_ms100,$t_0$,50.0,unpaired,2.8063543903979786,6.040647593309848
Set A,B4145_D80_a0.16_ms100,$t_0$,50.0,unpaired,2.846154137713203,5.971866594159802
Set A,B4145_D80_a0.16_ms100,$t_0$,50.0,unpaired,2.8859532533164876,5.921509102068803
Set A,B4145_D80_a0.16_ms100,$t_0$,50.0,unpaired,2.9257523689197726,5.888258268223673
Set A,B4145_D80_a0.16_ms100,$t_0$,50.0,unpaired,2.965552116234997,5.869257239355137
Set A,B4145_D80_a0.16_ms100,$t_0$,50.0,unpaired,3.0053512318382816,5.861407483865961
Set A,B4145_D80_a0.16_ms100,$t_0$,50.0,unpaired,3.0451503474415667,5.862192987774273
Set A,B4145_D80_a0.16_ms100,$t_0$,50.0,unpaired,3.084950094756791,5.86932279209497
Set A,B4145_D80_a0.16_ms100,$t_0$,50.0,unpaired,3.124749210360076,5.881227830909204
Set A,B4145_D80_a0.16_ms100,$t_0$,50.0,unpaired,3.1645483259633607,5.896454245438244
Set A,B4145_D80_a0.16_ms100,$t_0$,50.0,unpaired,3.204348073278585,5.913900356197181
Set A,B4145_D80_a0.16_ms100,$t_0$,50.0,unpaired,3.2441471888818696,5.932581141600795
Set A,B4145_D80_a0.16_ms100,$t_0$,50.0,unpaired,3.283946304485155,5.952196890754021
Set A,B4145_D80_a0.16_ms100,$t_0$,50.0,unpaired,3.323746051800379,5.971777578951398
Set A,B4145_D80_a0.16_ms100,$t_0$,50.0,unpaired,3.3635451674036636,5.991360872510761
Set A,B4145_D80_a0.16_ms100,$t_0$,50.0,unpaired,3.403344283006949,6.010034116176152
Set A,B4145_D80_a0.16_ms100,$t_0$,50.0,unpaired,3.443144030322173,6.028112467072291
Set A,B4145_D80_a0.16_ms100,$t_0$,50.0,unpaired,3.4829431459254576,6.045091336730811
Set A,B4145_D80_a0.16_ms100,$t_0$,50.0,unpaired,3.522742261528743,6.060934168128613
Set A,B4145_D80_a0.16_ms100,$t_0$,50.0,unpaired,3.562542008843967,6.075687768541695
Set A,B4145_D80_a0.16_ms100,$t_0$,50.0,unpaired,3.6023411244472525,6.088988444038821
Set A,B4145_D80_a0.16_ms100,$t_0$,50.0,unpaired,3.642140240050537,6.101258598728293
Set A,B4145_D80_a0.16_ms100,$t_0$,50.0,unpaired,3.681939987365761,6.111993753359567
Set A,B4145_D80_a0.16_ms100,$t_0$,50.0,unpaired,3.7217391029690465,6.121233103630053
Set A,B4145_D80_a0.16_ms100,$t_0$,50.0,unpaired,3.761538218572331,6.129373919540598
Set A,B4145_D80_a0.16_ms100,$t_0$,50.0,unpaired,3.801337965887555,6.1358209490637865
Set A,B4145_D80_a0.16_ms100,$t_0$,50.0,unpaired,3.8411370814908405,6.140842726739502
Set A,B4145_D80_a0.16_ms100,$t_0$,50.0,unpaired,3.880936197094125,6.144471897418421
Set A,B4145_D80_a0.16_ms100,$t_0$,50.0,unpaired,3.92073594440935,6.146392408023868
Set A,B4145_D80_a0.16_ms100,$t_0$,50.0,unpaired,3.9605350600126346,6.146813406409366
Set A,B4145_D80_a0.16_ms100,$t_0$,50.0,unpaired,4.00033417561592,6.1456137891497775
Set A,B4145_D80_a0.16_ms100,$t_0$,50.0,unpaired,4.040133922931144,6.142911765718435
Set A,B4145_D80_a0.16_ms100,$t_0$,50.0,unpaired,4.079933038534429,6.13872791255547
Set A,B4145_D80_a0.16_ms100,$t_0$,50.0,unpaired,4.119732154137713,6.133332858769694
Set A,B4145_D80_a0.16_ms100,$t_0$,50.0,unpaired,4.1595319014529375,6.126288562384142
Set A,B4145_D80_a0.16_ms100,$t_0$,50.0,unpaired,4.199331017056222,6.117855267175122
Set A,B4145_D80_a0.16_ms100,$t_0$,50.0,unpaired,4.239130132659508,6.107968560721963
Set A,B4145_D80_a0.16_ms100,$t_0$,50.0,unpaired,4.278929879974732,6.09700323705928
Set A,B4145_D80_a0.16_ms100,$t_0$,50.0,unpaired,4.318728995578017,6.084492635994224
Set A,B4145_D80_a0.16_ms100,$t_0$,50.0,unpaired,4.358528742893241,6.070522395119631
Set A,B4145_D80_a0.16_ms100,$t_0$,50.0,unpaired,4.3983278584965255,6.055302489340538
Set A,B4145_D80_a0.16_ms100,$t_0$,50.0,unpaired,4.43812697409981,6.038316850057122
Set A,B4145_D80_a0.16_ms100,$t_0$,50.0,unpaired,4.477926721415035,6.019677808070697
Set A,B4145_D80_a0.16_ms100,$t_0$,50.0,unpaired,4.51772583701832,5.999481395519691
Set A,B4145_D80_a0.16_ms100,$t_0$,50.0,unpaired,4.557524952621605,5.977212293812161
Set A,B4145_D80_a0.16_ms100,$t_0$,50.0,unpaired,4.597324699936829,5.953338528431999
Set A,B4145_D80_a0.16_ms100,$t_0$,50.0,unpaired,4.6371238155401135,5.927308391863183
Set A,B4145_D80_a0.16_ms100,$t_0$,50.0,unpaired,4.676922931143398,5.899436157978298
Set A,B4145_D80_a0.16_ms100,$t_0$,50.0,unpaired,4.716722678458623,5.8696778743062765
Set A,B4145_D80_a0.16_ms100,$t_0$,50.0,unpaired,4.756521794061908,5.838001161230813
Set A,B4145_D80_a0.16_ms100,$t_0$,50.0,unpaired,4.796320909665193,5.804888159929251
Set A,B4145_D80_a0.16_ms100,$t_0$,50.0,unpaired,4.836120656980417,5.770240650683968
Set A,B4145_D80_a0.16_ms100,$t_0$,50.0,unpaired,4.875919772583702,5.7343888850130025
Set A,B4145_D80_a0.16_ms100,$t_0$,50.0,unpaired,4.915718888186986,5.696839343687272
Set A,B4145_D80_a0.16_ms100,$t_0$,50.0,unpaired,4.955518635502211,5.658114116715173
Set A,B4145_D80_a0.16_ms100,$t_0$,50.0,unpaired,4.995317751105496,5.61736125384251
Set A,B4145_D80_a0.16_ms100,$t_0$,50.0,unpaired,5.035116866708781,5.574959597778419
Set A,B4145_D80_a0.16_ms100,$t_0$,50.0,unpaired,5.074916614024005,5.530018188456459
Set A,B4145_D80_a0.16_ms100,$t_0$,50.0,unpaired,5.11471572962729,5.4825258115138435
Set A,B4145_D80_a0.16_ms100,$t_0$,50.0,unpaired,5.154514845230575,5.432414771849049
Set A,B4145_D80_a0.16_ms100,$t_0$,50.0,unpaired,5.194314592545799,5.379440626260361
Set A,B4145_D80_a0.16_ms100,$t_0$,50.0,unpaired,5.234113708149084,5.32368947396797
Set A,B4145_D80_a0.16_ms100,$t_0$,50.0,unpaired,5.273912823752369,5.265061491115287
Set A,B4145_D80_a0.16_ms100,$t_0$,50.0,unpaired,5.313712571067593,5.204409788210328
Set A,B4145_D80_a0.16_ms100,$t_0$,50.0,unpaired,5.353511686670878,5.14172751844225
Set A,B4145_D80_a0.16_ms100,$t_0$,50.0,unpaired,5.393310802274163,5.077333108348135
Set A,B4145_D80_a0.16_ms100,$t_0$,50.0,unpaired,5.433110549589387,5.012185639550508
Set A,B4145_D80_a0.16_ms100,$t_0$,50.0,unpaired,5.472909665192672,4.946583485744359
Set A,B4145_D80_a0.16_ms100,$t_0$,50.0,unpaired,5.512708780795958,4.881215271558342
Set A,B4145_D80_a0.16_ms100,$t_0$,50.0,unpaired,5.552508528111181,4.81624676012817
Set A,B4145_D80_a0.16_ms100,$t_0$,50.0,unpaired,5.592307643714466,4.75211181638182
Set A,B4145_D80_a0.16_ms100,$t_0$,50.0,unpaired,5.632106759317751,4.689318625968992
Set A,B4145_D80_a0.16_ms100,$t_0$,50.0,unpaired,5.6719065066329755,4.627938296389183
Set A,B4145_D80_a0.16_ms100,$t_0$,50.0,unpaired,5.711705622236261,4.568348767845242
Set A,B4145_D80_a0.16_ms100,$t_0$,50.0,unpaired,5.751504737839546,4.5106433885240795
Set A,B4145_D80_a0.16_ms100,$t_0$,50.0,unpaired,5.791304485154769,4.460239499220215
Set A,B4145_D80_a0.16_ms100,$t_0$,50.0,unpaired,5.831103600758055,4.4184452931111124
Set A,B4145_D80_a0.16_ms100,$t_0$,50.0,unpaired,5.870902716361339,4.376095785110143
Set A,B4145_D80_a0.16_ms100,$t_0$,50.0,unpaired,5.9107024636765635,4.333318211392874
Set A,B4145_D80_a0.16_ms100,$t_0$,50.0,unpaired,5.950501579279849,4.289723758981496
Set A,B4145_D80_a0.16_ms100,$t_0$,50.0,unpaired,5.990300694883134,4.245446839085849
Set A,B4145_D80_a0.16_ms100,$t_0$,50.0,unpaired,6.030100442198358,4.200348570914275
Set A,B4145_D80_a0.16_ms100,$t_0$,50.0,unpaired,6.069899557801643,4.1541068004901724
Set A,B4145_D80_a0.16_ms100,$t_0$,50.0,unpaired,6.109699305116867,4.1067904620825075
Set A,B4145_D80_a0.16_ms100,$t_0$,50.0,unpaired,6.149498420720152,4.058253969604688
Set A,B4145_D80_a0.16_ms100,$t_0$,50.0,unpaired,6.189297536323437,4.008150257208582
Set A,B4145_D80_a0.16_ms100,$t_0$,50.0,unpaired,6.22909728363866,3.956418151881991
Set A,B4145_D80_a0.16_ms100,$t_0$,50.0,unpaired,6.268896399241946,3.902761305294582
Set A,B4145_D80_a0.16_ms100,$t_0$,50.0,unpaired,6.308695514845231,3.846710032049064
Set A,B4145_D80_a0.16_ms100,$t_0$,50.0,unpaired,6.348496525584333,3.7878191865636675
Set A,B4145_D80_a0.16_ms100,$t_0$,50.0,unpaired,6.3882943777637395,3.725732864983288
Set A,B4145_D80_a0.16_ms100,$t_0$,50.0,unpaired,6.428092229943147,3.659947486107132
Set A,B4145_D80_a0.16_ms100,$t_0$,50.0,unpaired,6.467890082122553,3.5900078457144895
Set A,B4145_D80_a0.16_ms100,$t_0$,50.0,unpaired,6.507694251421352,3.515576914356646
Set A,B4145_D80_a0.16_ms100,$t_0$,50.0,unpaired,6.547492103600758,3.4362626305806807
Set A,B4145_D80_a0.16_ms100,$t_0$,50.0,unpaired,6.587289955780164,3.3518840917840995
Set A,B4145_D80_a0.16_ms100,$t_0$,50.0,unpaired,6.62708780795957,3.262522193476907
Set A,B4145_D80_a0.16_ms100,$t_0$,50.0,unpaired,6.666891977258371,3.16839158970156
Set A,B4145_D80_a0.16_ms100,$t_0$,50.0,unpaired,6.706689829437776,3.0703339055833427
Set A,B4145_D80_a0.16_ms100,$t_0$,50.0,unpaired,6.746487681617182,2.970043842755195
Set A,B4145_D80_a0.16_ms100,$t_0$,50.0,unpaired,6.786285533796589,2.8699817562269563
Set A,B4145_D80_a0.16_ms100,$t_0$,50.0,unpaired,6.826089703095389,2.77315135628795
Set A,B4145_D80_a0.16_ms100,$t_0$,50.0,unpaired,6.865887555274795,2.6813649014053835
Set A,B4145_D80_a0.16_ms100,$t_0$,50.0,unpaired,6.905685407454201,2.5952432105389724
Set A,B4145_D80_a0.16_ms100,$t_0$,50.0,unpaired,6.9454832596336065,2.515163849980294
Set A,B4145_D80_a0.16_ms100,$t_0$,50.0,unpaired,6.985287428932407,2.4410101460826246
Set A,B4145_D80_a0.16_ms100,$t_0$,50.0,unpaired,7.025085281111814,2.3724740129597577
Set A,B4145_D80_a0.16_ms100,$t_0$,50.0,unpaired,7.064883133291219,2.309260903858511
Set A,B4145_D80_a0.16_ms100,$t_0$,50.0,unpaired,7.104680985470625,2.251216660582675
Set A,B4145_D80_a0.16_ms100,$t_0$,50.0,unpaired,7.1444788376500314,2.197751333074663
Set A,B4145_D80_a0.16_ms100,$t_0$,50.0,unpaired,7.1842830069488315,2.148540714455972
Set A,B4145_D80_a0.16_ms100,$t_0$,50.0,unpaired,7.224080859128238,2.103209097260161
Set A,B4145_D80_a0.16_ms100,$t_0$,50.0,unpaired,7.263878711307644,2.061344479300584
Set A,B4145_D80_a0.16_ms100,$t_0$,50.0,unpaired,7.30367656348705,2.0227468745146195
Set A,B4145_D80_a0.16_ms100,$t_0$,50.0,unpaired,7.34348073278585,1.9870848606674725
Set A,B4145_D80_a0.16_ms100,$t_0$,50.0,unpaired,7.3832785849652565,1.9540287577459134
Set A,B4145_D80_a0.16_ms100,$t_0$,50.0,unpaired,7.423076437144663,1.9233001361074213
Set A,B4145_D80_a0.16_ms100,$t_0$,50.0,unpaired,7.462874289324068,1.8946474460373062
Set A,B4145_D80_a0.16_ms100,$t_0$,50.0,unpaired,7.502678458622867,1.8678416145281729
Set A,B4145_D80_a0.16_ms100,$t_0$,50.0,unpaired,7.542476310802275,1.8426906763325468
Set A,B4145_D80_a0.16_ms100,$t_0$,50.0,unpaired,7.5822741629816806,1.8190288608133196
Set A,B4145_D80_a0.16_ms100,$t_0$,50.0,unpaired,7.622072015161087,1.796735400738098
Set A,B4145_D80_a0.16_ms100,$t_0$,50.0,unpaired,7.661869867340493,1.7757082675163072
Set A,B4145_D80_a0.16_ms100,$t_0$,50.0,unpaired,7.701674036639292,1.7558240144379376
Set A,B4145_D80_a0.16_ms100,$t_0$,50.0,unpaired,7.741471888818699,1.737021486859181
Set A,B4145_D80_a0.16_ms100,$t_0$,50.0,unpaired,7.7812697409981055,1.719178712962914
Set A,B4145_D80_a0.16_ms100,$t_0$,50.0,unpaired,7.821067593177512,1.7022528668760113
Set A,B4145_D80_a0.16_ms100,$t_0$,50.0,unpaired,7.860871762476311,1.685628299976649
Set A,B4145_D80_a0.16_ms100,$t_0$,50.0,unpaired,7.900669614655716,1.669616482090746
Set A,B4145_D80_a0.16_ms100,$t_0$,50.0,unpaired,7.940467466835124,1.6543360831446556
Set A,B4145_D80_a0.16_ms100,$t_0$,50.0,unpaired,7.98026531901453,1.63974707251487
Set A,B4145_D80_a0.16_ms100,$t_0$,50.0,unpaired,8.020069488313329,1.6258289897030704
Set A,B4145_D80_a0.16_ms100,$t_0$,50.0,unpaired,8.059867340492735,1.6125283337953866
Set A,B4145_D80_a0.16_ms100,$t_0$,50.0,unpaired,8.099665192672141,1.599812006816533
Set A,B4145_D80_a0.16_ms100,$t_0$,50.0,unpaired,8.13946304485155,1.5876652449553246
Set A,B4145_D80_a0.16_ms100,$t_0$,50.0,unpaired,8.179267214150348,1.5760406041244674
Set A,B4145_D80_a0.16_ms100,$t_0$,50.0,unpaired,8.219065066329753,1.564925464742863
Set A,B4145_D80_a0.16_ms100,$t_0$,50.0,unpaired,8.258862918509159,1.5542810839785541
Set A,B4145_D80_a0.16_ms100,$t_0$,50.0,unpaired,8.298660770688565,1.544082844908286
Set A,B4145_D80_a0.16_ms100,$t_0$,50.0,unpaired,8.338458622867973,1.5343085292633816
Set A,B4145_D80_a0.16_ms100,$t_0$,50.0,unpaired,8.378262792166772,1.5249477962528073
Set A,B4145_D80_a0.16_ms100,$t_0$,50.0,unpaired,8.418060644346179,1.5159701534566377
Set A,B4145_D80_a0.16_ms100,$t_0$,50.0,unpaired,8.457858496525585,1.5073566292629819
Set A,B4145_D80_a0.16_ms100,$t_0$,50.0,unpaired,8.49765634870499,1.499099030820504
Set A,B4145_D80_a0.16_ms100,$t_0$,50.0,unpaired,8.53746051800379,1.4911716247877953
Set A,B4145_D80_a0.16_ms100,$t_0$,50.0,unpaired,8.577258370183197,1.4835669851830704
Set A,B4145_D80_a0.16_ms100,$t_0$,50.0,unpaired,8.617056222362603,1.4762622180806815
Set A,B4145_D80_a0.16_ms100,$t_0$,50.0,unpaired,8.656854074542009,1.4692504544969736
Set A,B4145_D80_a0.16_ms100,$t_0$,50.0,unpaired,8.696658243840808,1.462511290312201
Set A,B4145_D80_a0.16_ms100,$t_0$,50.0,unpaired,8.736456096020214,1.4560328385559624
Set A,B4145_D80_a0.16_ms100,$t_0$,50.0,unpaired,8.77625394819962,1.4501158033513286
Set A,B4145_D80_a0.16_ms100,$t_0$,50.0,unpaired,8.816051800379027,1.4501158033513286
Set A,B4145_D80_a0.16_ms100,$t_0$,50.0,unpaired,8.855855969677828,1.4501158033513286
Set A,B4145_D80_a0.16_ms100,$t_0$,50.0,unpaired,8.895653821857234,1.4501158033513286
Set A,B4145_D80_a0.16_ms100,$t_0$,50.0,unpaired,8.93545167403664,1.4501158033513286
Set A,B4145_D80_a0.16_ms100,$t_0$,50.0,unpaired,8.975249526216045,1.4501158033513286
Set A,B4145_D80_a0.16_ms100,$t_0$,50.0,unpaired,9.015047378395451,1.4501158033513286
Set A,B4145_D80_a0.16_ms100,$t_0$,50.0,unpaired,9.054851547694252,1.4501158033513286
Set A,B4145_D80_a0.16_ms100,$t_0$,50.0,unpaired,9.094649399873658,1.4501158033513286
Set A,B4145_D80_a0.16_ms100,$t_0$,50.0,unpaired,9.134447252053064,1.4501158033513286
Set A,B4145_D80_a0.16_ms100,$t_0$,50.0,unpaired,9.17424510423247,1.4501158033513286
Set A,B4145_D80_a0.16_ms100,$t_0$,50.0,unpaired,9.21404927353127,1.4501158033513286
Set A,B4145_D80_a0.16_ms100,$t_0$,50.0,unpaired,9.253847125710676,1.4501158033513286
Set A,B4145_D80_a0.16_ms100,$t_0$,50.0,unpaired,9.293644977890082,1.4501158033513286
Set A,B4145_D80_a0.16_ms100,$t_0$,50.0,unpaired,9.333442830069488,1.4501158033513286
Set A,B4145_D80_a0.16_ms100,$t_0$,50.0,unpaired,9.373246999368288,1.4501158033513286
Set A,B4145_D80_a0.16_ms100,$t_0$,50.0,unpaired,9.413044851547696,1.4501158033513286
Set A,B4145_D80_a0.16_ms100,$t_0$,50.0,unpaired,9.452842703727102,1.4501158033513286
Set A,B4145_D80_a0.16_ms100,$t_0$,50.0,unpaired,9.492640555906506,1.4501158033513286
Set A,B4145_D80_a0.16_ms100,$t_0$,50.0,unpaired,9.532438408085913,1.4501158033513286
Set A,B4145_D80_a0.16_ms100,$t_0$,50.0,unpaired,9.572242577384712,1.4501158033513286
Set A,B4145_D80_a0.16_ms100,$t_0$,50.0,unpaired,9.61204042956412,1.4501158033513286
Set A,B4145_D80_a0.16_ms100,$t_0$,50.0,unpaired,9.651838281743526,1.4501158033513286
Set A,B4145_D80_a0.16_ms100,$t_0$,50.0,unpaired,9.691636133922932,1.4501158033513286
Set A,B4145_D80_a0.16_ms100,$t_0$,50.0,unpaired,9.731440303221731,1.4501158033513286
Set A,B4145_D80_a0.16_ms100,$t_0$,50.0,unpaired,9.771238155401138,1.4501158033513286
Set A,B4145_D80_a0.16_ms100,$t_0$,50.0,unpaired,9.811036007580544,1.4501158033513286
Set A,B4145_D80_a0.16_ms100,$t_0$,50.0,unpaired,9.85083385975995,1.4501158033513286
Set A,B4145_D80_a0.16_ms100,$t_0$,50.0,unpaired,9.89063802905875,1.4501158033513286
Set A,B4145_D80_a0.16_ms100,$t_0$,50.0,unpaired,9.930435881238155,1.4501158033513286
Set A,B4145_D80_a0.16_ms100,$t_0$,50.0,unpaired,9.970233733417562,1.4501158033513286
Set A,B4145_D80_a0.16_ms100,$t_0$,50.0,unpaired,10.010031585596968,1.4501158033513286
Set A,B4145_D80_a0.16_ms100,$t_0$,50.0,unpaired,10.049835754895767,1.4501158033513286
Set A,B4145_D80_a0.16_ms100,$t_0$,50.0,unpaired,10.089633607075173,1.4501158033513286
Set A,B4145_D80_a0.16_ms100,$t_0$,50.0,unpaired,10.12943145925458,1.4501158033513286
Set A,B4145_D80_a0.16_ms100,$t_0$,50.0,unpaired,10.169229311433986,1.4501158033513286
Set A,B4145_D80_a0.16_ms100,$t_0$,50.0,unpaired,10.209027163613394,1.4501158033513286
Set A,B4145_D80_a0.16_ms100,$t_0$,50.0,unpaired,10.248831332912193,1.4501158033513286
Set A,B4145_D80_a0.16_ms100,$t_0$,50.0,unpaired,10.288629185091597,1.2985242662580878
Set A,B4145_D80_a0.16_ms100,$t_0$,50.0,unpaired,10.328427037271004,1.0743713021947463
Set A,B4145_D80_a0.16_ms100,$t_0$,50.0,unpaired,10.36822488945041,0.8114421963742752
Set A,B4145_D80_a0.16_ms100,$t_0$,50.0,unpaired,10.40802905874921,0.6032831127968047
Set A,B4145_D80_a0.16_ms100,$t_0$,50.0,unpaired,10.447826910928617,0.4690484752681586
Set A,B4145_D80_a0.16_ms100,$t_0$,50.0,unpaired,10.487624763108023,0.382474999996233
Set A,B4145_D80_a0.16_ms100,$t_0$,50.0,unpaired,10.52742261528743,0.3235926539967577
Set A,B4145_D80_a0.16_ms100,$t_0$,50.0,unpaired,10.567226784586229,0.28145886685561305
Set A,B4145_D80_a0.16_ms100,$t_0$,50.0,unpaired,10.607024636765635,0.24994268472103762
Set A,B4145_D80_a0.16_ms100,$t_0$,50.0,unpaired,10.646822488945041,0.2255790196390267
Set A,B4145_D80_a0.16_ms100,$t_0$,50.0,unpaired,10.686620341124447,0.20620424357577682
Set A,B4145_D80_a0.16_ms100,$t_0$,50.0,unpaired,10.726424510423248,0.19043885913672354
Set A,B4145_D80_a0.16_ms100,$t_0$,50.0,unpaired,10.766222362602655,0.17738948637498927
Set A,B4145_D80_a0.16_ms100,$t_0$,50.0,unpaired,10.806020214782059,0.1664046487084544
Set A,B4145_D80_a0.16_ms100,$t_0$,50.0,unpaired,10.845818066961465,0.1570429695114744
Set A,B4145_D80_a0.16_ms100,$t_0$,50.0,unpaired,10.885615919140871,0.1489794803593793
Set A,B4145_D80_a0.16_ms100,$t_0$,50.0,unpaired,10.925420088439672,0.14195698913039376
Set A,B4145_D80_a0.16_ms100,$t_0$,50.0,unpaired,10.965217940619079,0.13579356054362096
Set A,B4145_D80_a0.16_ms100,$t_0$,50.0,unpaired,11.005015792798485,0.1303433320851748
Set A,B4145_D80_a0.16_ms100,$t_0$,50.0,unpaired,11.044813644977891,0.1254924608030979
Set A,B4145_D80_a0.16_ms100,$t_0$,50.0,unpaired,11.08461781427669,0.12114869533565656
Set A,B4145_D80_a0.16_ms100,$t_0$,50.0,unpaired,11.124415666456096,0.11723829790942364
Set A,B4145_D80_a0.16_ms100,$t_0$,50.0,unpaired,11.164213518635503,0.11370193374490763
Set A,B4145_D80_a0.16_ms100,$t_0$,50.0,unpaired,11.204011370814909,0.11048920850010338
Set A,B4145_D80_a0.16_ms100,$t_0$,50.0,unpaired,11.243815540113708,0.10755792520503461
Set A,B4145_D80_a0.16_ms100,$t_0$,50.0,unpaired,11.283613392293114,0.1048754130880399
Set A,B4145_D80_a0.16_ms100,$t_0$,50.0,unpaired,11.32341124447252,0.10241388234262581
Set A,B4145_D80_a0.16_ms100,$t_0$,50.0,unpaired,11.363209096651927,0.10014505446800424
Set A,B4145_D80_a0.16_ms100,$t_0$,50.0,unpaired,11.403006948831333,0.09805010345419844
Set A,B4145_D80_a0.16_ms100,$t_0$,50.0,unpaired,11.442811118130132,0.09610883208363395
Set A,B4145_D80_a0.16_ms100,$t_0$,50.0,unpaired,11.482608970309538,0.09430847014961517
Set A,B4145_D80_a0.16_ms100,$t_0$,50.0,unpaired,11.522406822488946,0.09264594551560933
Set A,B4145_D80_a0.16_ms100,$t_0$,50.0,unpaired,11.562204674668353,0.09109849364547287
Set A,B4145_D80_a0.16_ms100,$t_0$,50.0,unpaired,11.602008843967152,0.08966844263660484
Set A,B4145_D80_a0.16_ms100,$t_0$,50.0,unpaired,11.641806696146556,0.08833031285336715
Set A,B4145_D80_a0.16_ms100,$t_0$,50.0,unpaired,11.681604548325963,0.08707284733361079
Set A,B4145_D80_a0.16_ms100,$t_0$,50.0,unpaired,11.72140240050537,0.08589079058152836
Set A,B4145_D80_a0.16_ms100,$t_0$,50.0,unpaired,11.76120656980417,0.08477674865669652
Set A,B4145_D80_a0.16_ms100,$t_0$,50.0,unpaired,11.801004421983576,0.08372664710292449
Set A,B4145_D80_a0.16_ms100,$t_0$,50.0,unpaired,11.840802274162982,0.08273497738046284
Set A,B4145_D80_a0.16_ms100,$t_0$,50.0,unpaired,11.880600126342388,0.08179789090313255
Set A,B4145_D80_a0.16_ms100,$t_0$,50.0,unpaired,11.920404295641188,0.08091088007971678
Set A,B4145_D80_a0.16_ms100,$t_0$,50.0,unpaired,11.960202147820594,0.08007024626001398
Set A,B4145_D80_a0.16_ms100,$t_0$,50.0,unpaired,12.0,0.07927346779226674
Set A,B4145_D80_a0.16_ms100,$t_0$,50.0,cfl,0.1,7.299757891308377
Set A,B4145_D80_a0.16_ms100,$t_0$,50.0,cfl,0.13979930511686672,7.228442469590191
Set A,B4145_D80_a0.16_ms100,$t_0$,50.0,cfl,0.17959867340492736,7.205752042288123
Set A,B4145_D80_a0.16_ms100,$t_0$,50.0,cfl,0.21939797852179407,7.194915183585099
Set A,B4145_D80_a0.16_ms100,$t_0$,50.0,cfl,0.25919734680985473,7.182232662540197
Set A,B4145_D80_a0.16_ms100,$t_0$,50.0,cfl,0.2989966519267214,7.162291076230944
Set A,B4145_D80_a0.16_ms100,$t_0$,50.0,cfl,0.33879595704358817,7.1332685286581485
Set A,B4145_D80_a0.16_ms100,$t_0$,50.0,cfl,0.3785953253316488,7.094968676577079
Set A,B4145_D80_a0.16_ms100,$t_0$,50.0,cfl,0.4183946304485155,7.048006828177472
Set A,B4145_D80_a0.16_ms100,$t_0$,50.0,cfl,0.4581939987365761,6.993339307438355
Set A,B4145_D80_a0.16_ms100,$t_0$,50.0,cfl,0.49799330385344287,6.93195439017997
Set A,B4145_D80_a0.16_ms100,$t_0$,50.0,cfl,0.5377926721415035,6.864785024050471
Set A,B4145_D80_a0.16_ms100,$t_0$,50.0,cfl,0.5775919772583702,6.792616612008225
Set A,B4145_D80_a0.16_ms100,$t_0$,50.0,cfl,0.6173912823752369,6.716053747806098
Set A,B4145_D80_a0.16_ms100,$t_0$,50.0,cfl,0.6571907770056854,6.635496957502709
Set A,B4145_D80_a0.16_ms100,$t_0$,50.0,cfl,0.6969898926089704,6.551166911993477
Set A,B4145_D80_a0.16_ms100,$t_0$,50.0,cfl,0.7367890082122552,6.46305436668538
Set A,B4145_D80_a0.16_ms100,$t_0$,50.0,cfl,0.7765887555274795,6.370978636982728
Set A,B4145_D80_a0.16_ms100,$t_0$,50.0,cfl,0.8163878711307644,6.274492041445953
Set A,B4145_D80_a0.16_ms100,$t_0$,50.0,cfl,0.8561869867340492,6.172891666613717
Set A,B4145_D80_a0.16_ms100,$t_0$,50.0,cfl,0.8959867340492736,6.065117817860887
Set A,B4145_D80_a0.16_ms100,$t_0$,50.0,cfl,0.9357858496525585,5.949597607180967
Set A,B4145_D80_a0.16_ms100,$t_0$,50.0,cfl,0.9755855969677827,5.824960069104681
Set A,B4145_D80_a0.16_ms100,$t_0$,50.0,cfl,1.0153847125710675,5.691156798890958
Set A,B4145_D80_a0.16_ms100,$t_0$,50.0,cfl,1.0551838281743526,5.549600687449761
Set A,B4145_D80_a0.16_ms100,$t_0$,50.0,cfl,1.0949835754895767,5.403373947173179
Set A,B4145_D80_a0.16_ms100,$t_0$,50.0,cfl,1.1347826910928616,5.256948260307018
Set A,B4145_D80_a0.16_ms100,$t_0$,50.0,cfl,1.1745818066961466,5.11492726815809
Set A,B4145_D80_a0.16_ms100,$t_0$,50.0,cfl,1.214381554011371,4.9809400693253805
Set A,B4145_D80_a0.16_ms100,$t_0$,50.0,cfl,1.2541806696146558,4.857057042343295
Set A,B4145_D80_a0.16_ms100,$t_0$,50.0,cfl,1.2939797852179407,4.743987756284895
Set A,B4145_D80_a0.16_ms100,$t_0$,50.0,cfl,1.333779532533165,4.641494302937905
Set A,B4145_D80_a0.16_ms100,$t_0$,50.0,cfl,1.3735786481364498,4.548866191059053
Set A,B4145_D80_a0.16_ms100,$t_0$,50.0,cfl,1.413377763739735,4.483200183134766
Set A,B4145_D80_a0.16_ms100,$t_0$,50.0,cfl,1.453177511054959,4.422326990540629
Set A,B4145_D80_a0.16_ms100,$t_0$,50.0,cfl,1.4929766266582438,4.363166833100415
Set A,B4145_D80_a0.16_ms100,$t_0$,50.0,cfl,1.532775742261529,4.305357042686822
Set A,B4145_D80_a0.16_ms100,$t_0$,50.0,cfl,1.5725754895767532,4.248570331961144
Set A,B4145_D80_a0.16_ms100,$t_0$,50.0,cfl,1.6123746051800378,4.192543277584533
Set A,B4145_D80_a0.16_ms100,$t_0$,50.0,cfl,1.652173720783323,4.137028646232605
Set A,B4145_D80_a0.16_ms100,$t_0$,50.0,cfl,1.6919734680985472,4.081796513226479
Set A,B4145_D80_a0.16_ms100,$t_0$,50.0,cfl,1.7317725837018318,4.0266406074770265
Set A,B4145_D80_a0.16_ms100,$t_0$,50.0,cfl,1.771571699305117,3.97136554386714
Set A,B4145_D80_a0.16_ms100,$t_0$,50.0,cfl,1.8113714466203412,3.915673090696767
Set A,B4145_D80_a0.16_ms100,$t_0$,50.0,cfl,1.8511705622236259,3.8592091133241135
Set A,B4145_D80_a0.16_ms100,$t_0$,50.0,cfl,1.890969677826911,3.801666066888713
Set A,B4145_D80_a0.16_ms100,$t_0$,50.0,cfl,1.9307694251421352,3.7427466634246853
Set A,B4145_D80_a0.16_ms100,$t_0$,50.0,cfl,1.9705685407454203,3.682248021942144
Set A,B4145_D80_a0.16_ms100,$t_0$,50.0,cfl,2.010367656348705,3.6198750281762715
Set A,B4145_D80_a0.16_ms100,$t_0$,50.0,cfl,2.050167403663929,3.5553675880011215
Set A,B4145_D80_a0.16_ms100,$t_0$,50.0,cfl,2.089966519267214,3.488630778494222
Set A,B4145_D80_a0.16_ms100,$t_0$,50.0,cfl,2.129765634870499,3.4196108839864015
Set A,B4145_D80_a0.16_ms100,$t_0$,50.0,cfl,2.169565382185723,3.3482823824445713
Set A,B4145_D80_a0.16_ms100,$t_0$,50.0,cfl,2.209364497789008,3.274790896901581
Set A,B4145_D80_a0.16_ms100,$t_0$,50.0,cfl,2.249163613392293,3.1993092452559058
Set A,B4145_D80_a0.16_ms100,$t_0$,50.0,cfl,2.2889633607075175,3.122208074278556
Set A,B4145_D80_a0.16_ms100,$t_0$,50.0,cfl,2.328762476310802,3.0439169814483322
Set A,B4145_D80_a0.16_ms100,$t_0$,50.0,cfl,2.368561591914087,2.965103475167758
Set A,B4145_D80_a0.16_ms100,$t_0$,50.0,cfl,2.4083613392293115,2.8864040733840484
Set A,B4145_D80_a0.16_ms100,$t_0$,50.0,cfl,2.448160454832596,2.808845916641929
Set A,B4145_D80_a0.16_ms100,$t_0$,50.0,cfl,2.4879595704358817,2.733058347609609
Set A,B4145_D80_a0.16_ms100,$t_0$,50.0,cfl,2.5277593177511055,2.659357688843762
Set A,B4145_D80_a0.16_ms100,$t_0$,50.0,cfl,2.56755843335439,2.58826209863095
Set A,B4145_D80_a0.16_ms100,$t_0$,50.0,cfl,2.6073575489576757,2.5203072713082535
Set A,B4145_D80_a0.16_ms100,$t_0$,50.0,cfl,2.6471572962728995,2.455777094050489
Set A,B4145_D80_a0.16_ms100,$t_0$,50.0,cfl,2.686956411876184,2.3948676785384904
Set A,B4145_D80_a0.16_ms100,$t_0$,50.0,cfl,2.726756159191409,2.3379691416334456
Set A,B4145_D80_a0.16_ms100,$t_0$,50.0,cfl,2.7665552747946935,2.2864186849885773
Set A,B4145_D80_a0.16_ms100,$t_0$,50.0,cfl,2.8063543903979786,2.2437854735742717
Set A,B4145_D80_a0.16_ms100,$t_0$,50.0,cfl,2.846154137713203,2.211640013596832
Set A,B4145_D80_a0.16_ms100,$t_0$,50.0,cfl,2.8859532533164876,2.186597565338997
Set A,B4145_D80_a0.16_ms100,$t_0$,50.0,cfl,2.9257523689197726,2.1655435141207784
Set A,B4145_D80_a0.16_ms100,$t_0$,50.0,cfl,2.965552116234997,2.1468767576862406
Set A,B4145_D80_a0.16_ms100,$t_0$,50.0,cfl,3.0053512318382816,2.1297342005186897
Set A,B4145_D80_a0.16_ms100,$t_0$,50.0,cfl,3.0451503474415667,2.113638879613298
Set A,B4145_D80_a0.16_ms100,$t_0$,50.0,cfl,3.084950094756791,2.0983560407117796
Set A,B4145_D80_a0.16_ms100,$t_0$,50.0,cfl,3.124749210360076,2.0836879857696986
Set A,B4145_D80_a0.16_ms100,$t_0$,50.0,cfl,3.1645483259633607,2.0694938676779118
Set A,B4145_D80_a0.16_ms100,$t_0$,50.0,cfl,3.204348073278585,2.0557031131755608
Set A,B4145_D80_a0.16_ms100,$t_0$,50.0,cfl,3.2441471888818696,2.0422431918529367
Set A,B4145_D80_a0.16_ms100,$t_0$,50.0,cfl,3.283946304485155,2.0290889581152407
Set A,B4145_D80_a0.16_ms100,$t_0$,50.0,cfl,3.323746051800379,2.0161568440771163
Set A,B4145_D80_a0.16_ms100,$t_0$,50.0,cfl,3.3635451674036636,2.0034631402503416
Set A,B4145_D80_a0.16_ms100,$t_0$,50.0,cfl,3.403344283006949,1.990917513974814
Set A,B4145_D80_a0.16_ms100,$t_0$,50.0,cfl,3.443144030322173,1.9785188799915638
Set A,B4145_D80_a0.16_ms100,$t_0$,50.0,cfl,3.4829431459254576,1.9662843247914952
Set A,B4145_D80_a0.16_ms100,$t_0$,50.0,cfl,3.522742261528743,1.954141713884147
Set A,B4145_D80_a0.16_ms100,$t_0$,50.0,cfl,3.562542008843967,1.9421988066819873
Set A,B4145_D80_a0.16_ms100,$t_0$,50.0,cfl,3.6023411244472525,1.930539606212481
Set A,B4145_D80_a0.16_ms100,$t_0$,50.0,cfl,3.642140240050537,1.9192839213383894
Set A,B4145_D80_a0.16_ms100,$t_0$,50.0,cfl,3.681939987365761,1.9085041349336165
Set A,B4145_D80_a0.16_ms100,$t_0$,50.0,cfl,3.7217391029690465,1.8981644390641954
Set A,B4145_D80_a0.16_ms100,$t_0$,50.0,cfl,3.761538218572331,1.8882001737265461
Set A,B4145_D80_a0.16_ms100,$t_0$,50.0,cfl,3.801337965887555,1.8785166423180328
Set A,B4145_D80_a0.16_ms100,$t_0$,50.0,cfl,3.8411370814908405,1.8690633324468318
Set A,B4145_D80_a0.16_ms100,$t_0$,50.0,cfl,3.880936197094125,1.8597964133920546
Set A,B4145_D80_a0.16_ms100,$t_0$,50.0,cfl,3.92073594440935,1.8506984348963667
Set A,B4145_D80_a0.16_ms100,$t_0$,50.0,cfl,3.9605350600126346,1.8417439840358287
Set A,B4145_D80_a0.16_ms100,$t_0$,50.0,cfl,4.00033417561592,1.8329243276467992
Set A,B4145_D80_a0.16_ms100,$t_0$,50.0,cfl,4.040133922931144,1.824228717969583
Set A,B4145_D80_a0.16_ms100,$t_0$,50.0,cfl,4.079933038534429,1.8156632123833074
Set A,B4145_D80_a0.16_ms100,$t_0$,50.0,cfl,4.119732154137713,1.8072674990710018
Set A,B4145_D80_a0.16_ms100,$t_0$,50.0,cfl,4.1595319014529375,1.7990619574730469
Set A,B4145_D80_a0.16_ms100,$t_0$,50.0,cfl,4.199331017056222,1.7911170935195064
Set A,B4145_D80_a0.16_ms100,$t_0$,50.0,cfl,4.239130132659508,1.7834681761689166
Set A,B4145_D80_a0.16_ms100,$t_0$,50.0,cfl,4.278929879974732,1.7761302278102709
Set A,B4145_D80_a0.16_ms100,$t_0$,50.0,cfl,4.318728995578017,1.7690772687179033
Set A,B4145_D80_a0.16_ms100,$t_0$,50.0,cfl,4.358528742893241,1.7622813431203064
Set A,B4145_D80_a0.16_ms100,$t_0$,50.0,cfl,4.3983278584965255,1.7556764145315689
Set A,B4145_D80_a0.16_ms100,$t_0$,50.0,cfl,4.43812697409981,1.749232951701708
Set A,B4145_D80_a0.16_ms100,$t_0$,50.0,cfl,4.477926721415035,1.7429153716213237
Set A,B4145_D80_a0.16_ms100,$t_0$,50.0,cfl,4.51772583701832,1.736707198736885
Set A,B4145_D80_a0.16_ms100,$t_0$,50.0,cfl,4.557524952621605,1.7305723656212877
Set A,B4145_D80_a0.16_ms100,$t_0$,50.0,cfl,4.597324699936829,1.7245229576334689
Set A,B4145_D80_a0.16_ms100,$t_0$,50.0,cfl,4.6371238155401135,1.7185213875874226
Set A,B4145_D80_a0.16_ms100,$t_0$,50.0,cfl,4.676922931143398,1.7125868954075127
Set A,B4145_D80_a0.16_ms100,$t_0$,50.0,cfl,4.716722678458623,1.7067281333820994
Set A,B4145_D80_a0.16_ms100,$t_0$,50.0,cfl,4.756521794061908,1.7010018576488533
Set A,B4145_D80_a0.16_ms100,$t_0$,50.0,cfl,4.796320909665193,1.6953783317105728
Set A,B4145_D80_a0.16_ms100,$t_0$,50.0,cfl,4.836120656980417,1.6899580458250663
Set A,B4145_D80_a0.16_ms100,$t_0$,50.0,cfl,4.875919772583702,1.6848482141348418
Set A,B4145_D80_a0.16_ms100,$t_0$,50.0,cfl,4.915718888186986,1.6799851122192568
Set A,B4145_D80_a0.16_ms100,$t_0$,50.0,cfl,4.955518635502211,1.6752850544800186
Set A,B4145_D80_a0.16_ms100,$t_0$,50.0,cfl,4.995317751105496,1.6707229892075435
Set A,B4145_D80_a0.16_ms100,$t_0$,50.0,cfl,5.035116866708781,1.666259320266478
Set A,B4145_D80_a0.16_ms100,$t_0$,50.0,cfl,5.074916614024005,1.6619314568270278
Set A,B4145_D80_a0.16_ms100,$t_0$,50.0,cfl,5.11471572962729,1.6577466998363395
Set A,B4145_D80_a0.16_ms100,$t_0$,50.0,cfl,5.154514845230575,1.6536488654399437
Set A,B4145_D80_a0.16_ms100,$t_0$,50.0,cfl,5.194314592545799,1.6495738918213558
Set A,B4145_D80_a0.16_ms100,$t_0$,50.0,cfl,5.234113708149084,1.6454745327747855
Set A,B4145_D80_a0.16_ms100,$t_0$,50.0,cfl,5.273912823752369,1.6413192200992397
Set A,B4145_D80_a0.16_ms100,$t_0$,50.0,cfl,5.313712571067593,1.637116872426093
Set A,B4145_D80_a0.16_ms100,$t_0$,50.0,cfl,5.353511686670878,1.6328299086673301
Set A,B4145_D80_a0.16_ms100,$t_0$,50.0,cfl,5.393310802274163,1.6284704784855757
Set A,B4145_D80_a0.16_ms100,$t_0$,50.0,cfl,5.433110549589387,1.6240382649943257
Set A,B4145_D80_a0.16_ms100,$t_0$,50.0,cfl,5.472909665192672,1.6195375410162025
Set A,B4145_D80_a0.16_ms100,$t_0$,50.0,cfl,5.512708780795958,1.6149752082672704
Set A,B4145_D80_a0.16_ms100,$t_0$,50.0,cfl,5.552508528111181,1.6103405578950791
Set A,B4145_D80_a0.16_ms100,$t_0$,50.0,cfl,5.592307643714466,1.6056541298948315
Set A,B4145_D80_a0.16_ms100,$t_0$,50.0,cfl,5.632106759317751,1.6009088668240365
Set A,B4145_D80_a0.16_ms100,$t_0$,50.0,cfl,5.6719065066329755,1.596106592498121
Set A,B4145_D80_a0.16_ms100,$t_0$,50.0,cfl,5.711705622236261,1.5912707367671703
Set A,B4145_D80_a0.16_ms100,$t_0$,50.0,cfl,5.751504737839546,1.5863949783871536
Set A,B4145_D80_a0.16_ms100,$t_0$,50.0,cfl,5.791304485154769,1.5814802001904604
Set A,B4145_D80_a0.16_ms100,$t_0$,50.0,cfl,5.831103600758055,1.576545076617968
Set A,B4145_D80_a0.16_ms100,$t_0$,50.0,cfl,5.870902716361339,1.57157822594565
Set A,B4145_D80_a0.16_ms100,$t_0$,50.0,cfl,5.9107024636765635,1.5665869236793617
Set A,B4145_D80_a0.16_ms100,$t_0$,50.0,cfl,5.950501579279849,1.5615860986833934
Set A,B4145_D80_a0.16_ms100,$t_0$,50.0,cfl,5.990300694883134,1.5565640059605432
Set A,B4145_D80_a0.16_ms100,$t_0$,50.0,cfl,6.030100442198358,1.5515355906692052
Set A,B4145_D80_a0.16_ms100,$t_0$,50.0,cfl,6.069899557801643,1.5465061938404097
Set A,B4145_D80_a0.16_ms100,$t_0$,50.0,cfl,6.109699305116867,1.5414733966068686
Set A,B4145_D80_a0.16_ms100,$t_0$,50.0,cfl,6.149498420720152,1.536450372845611
Set A,B4145_D80_a0.16_ms100,$t_0$,50.0,cfl,6.189297536323437,1.531420155258866
Set A,B4145_D80_a0.16_ms100,$t_0$,50.0,cfl,6.22909728363866,1.5264126029842253
Set A,B4145_D80_a0.16_ms100,$t_0$,50.0,cfl,6.268896399241946,1.521410897376091
Set A,B4145_D80_a0.16_ms100,$t_0$,50.0,cfl,6.308695514845231,1.5164223775694188
Set A,B4145_D80_a0.16_ms100,$t_0$,50.0,cfl,6.348496525584333,1.51146085939009
Set A,B4145_D80_a0.16_ms100,$t_0$,50.0,cfl,6.3882943777637395,1.5065197659928864
Set A,B4145_D80_a0.16_ms100,$t_0$,50.0,cfl,6.428092229943147,1.5016060539604712
Set A,B4145_D80_a0.16_ms100,$t_0$,50.0,cfl,6.467890082122553,1.4967269334416802
Set A,B4145_D80_a0.16_ms100,$t_0$,50.0,cfl,6.507694251421352,1.4918712365401579
Set A,B4145_D80_a0.16_ms100,$t_0$,50.0,cfl,6.547492103600758,1.4870586211280978
Set A,B4145_D80_a0.16_ms100,$t_0$,50.0,cfl,6.587289955780164,1.4822826590176008
Set A,B4145_D80_a0.16_ms100,$t_0$,50.0,cfl,6.62708780795957,1.4775539572602847
Set A,B4145_D80_a0.16_ms100,$t_0$,50.0,cfl,6.666891977258371,1.4728752121685058
Set A,B4145_D80_a0.16_ms100,$t_0$,50.0,cfl,6.706689829437776,1.4682548317157968
Set A,B4145_D80_a0.16_ms100,$t_0$,50.0,cfl,6.746487681617182,1.4637221499973496
Set A,B4145_D80_a0.16_ms100,$t_0$,50.0,cfl,6.786285533796589,1.459316839506506
Set A,B4145_D80_a0.16_ms100,$t_0$,50.0,cfl,6.826089703095389,1.4550855722627671
Set A,B4145_D80_a0.16_ms100,$t_0$,50.0,cfl,6.865887555274795,1.4510567917438864
Set A,B4145_D80_a0.16_ms100,$t_0$,50.0,cfl,6.905685407454201,1.4501158033513286
Set A,B4145_D80_a0.16_ms100,$t_0$,50.0,cfl,6.9454832596336065,1.4501158033513286
Set A,B4145_D80_a0.16_ms100,$t_0$,50.0,cfl,6.985287428932407,1.4501158033513286
Set A,B4145_D80_a0.16_ms100,$t_0$,50.0,cfl,7.025085281111814,1.4501158033513286
Set A,B4145_D80_a0.16_ms100,$t_0$,50.0,cfl,7.064883133291219,1.4501158033513286
Set A,B4145_D80_a0.16_ms100,$t_0$,50.0,cfl,7.104680985470625,1.4501158033513286
Set A,B4145_D80_a0.16_ms100,$t_0$,50.0,cfl,7.1444788376500314,1.4501158033513286
Set A,B4145_D80_a0.16_ms100,$t_0$,50.0,cfl,7.1842830069488315,1.4501158033513286
Set A,B4145_D80_a0.16_ms100,$t_0$,50.0,cfl,7.224080859128238,1.4501158033513286
Set A,B4145_D80_a0.16_ms100,$t_0$,50.0,cfl,7.263878711307644,1.4501158033513286
Set A,B4145_D80_a0.16_ms100,$t_0$,50.0,cfl,7.30367656348705,1.4501158033513286
Set A,B4145_D80_a0.16_ms100,$t_0$,50.0,cfl,7.34348073278585,1.4501158033513286
Set A,B4145_D80_a0.16_ms100,$t_0$,50.0,cfl,7.3832785849652565,1.4501158033513286
Set A,B4145_D80_a0.16_ms100,$t_0$,50.0,cfl,7.423076437144663,1.4501158033513286
Set A,B4145_D80_a0.16_ms100,$t_0$,50.0,cfl,7.462874289324068,1.4501158033513286
Set A,B4145_D80_a0.16_ms100,$t_0$,50.0,cfl,7.502678458622867,1.4501158033513286
Set A,B4145_D80_a0.16_ms100,$t_0$,50.0,cfl,7.542476310802275,1.4501158033513286
Set A,B4145_D80_a0.16_ms100,$t_0$,50.0,cfl,7.5822741629816806,1.4501158033513286
Set A,B4145_D80_a0.16_ms100,$t_0$,50.0,cfl,7.622072015161087,1.4501158033513286
Set A,B4145_D80_a0.16_ms100,$t_0$,50.0,cfl,7.661869867340493,1.4501158033513286
Set A,B4145_D80_a0.16_ms100,$t_0$,50.0,cfl,7.701674036639292,1.4501158033513286
Set A,B4145_D80_a0.16_ms100,$t_0$,50.0,cfl,7.741471888818699,1.4501158033513286
Set A,B4145_D80_a0.16_ms100,$t_0$,50.0,cfl,7.7812697409981055,1.4501158033513286
Set A,B4145_D80_a0.16_ms100,$t_0$,50.0,cfl,7.821067593177512,1.4501158033513286
Set A,B4145_D80_a0.16_ms100,$t_0$,50.0,cfl,7.860871762476311,1.4501158033513286
Set A,B4145_D80_a0.16_ms100,$t_0$,50.0,cfl,7.900669614655716,1.4501158033513286
Set A,B4145_D80_a0.16_ms100,$t_0$,50.0,cfl,7.940467466835124,1.4501158033513286
Set A,B4145_D80_a0.16_ms100,$t_0$,50.0,cfl,7.98026531901453,1.4501158033513286
Set A,B4145_D80_a0.16_ms100,$t_0$,50.0,cfl,8.020069488313329,1.4501158033513286
Set A,B4145_D80_a0.16_ms100,$t_0$,50.0,cfl,8.059867340492735,1.4501158033513286
Set A,B4145_D80_a0.16_ms100,$t_0$,50.0,cfl,8.099665192672141,1.4501158033513286
Set A,B4145_D80_a0.16_ms100,$t_0$,50.0,cfl,8.13946304485155,1.4501158033513286
Set A,B4145_D80_a0.16_ms100,$t_0$,50.0,cfl,8.179267214150348,1.4501158033513286
Set A,B4145_D80_a0.16_ms100,$t_0$,50.0,cfl,8.219065066329753,1.4501158033513286
Set A,B4145_D80_a0.16_ms100,$t_0$,50.0,cfl,8.258862918509159,1.4501158033513286
Set A,B4145_D80_a0.16_ms100,$t_0$,50.0,cfl,8.298660770688565,1.4501158033513286
Set A,B4145_D80_a0.16_ms100,$t_0$,50.0,cfl,8.338458622867973,1.4501158033513286
Set A,B4145_D80_a0.16_ms100,$t_0$,50.0,cfl,8.378262792166772,1.4501158033513286
Set A,B4145_D80_a0.16_ms100,$t_0$,50.0,cfl,8.418060644346179,1.4501158033513286
Set A,B4145_D80_a0.16_ms100,$t_0$,50.0,cfl,8.457858496525585,1.4501158033513286
Set A,B4145_D80_a0.16_ms100,$t_0$,50.0,cfl,8.49765634870499,1.4501158033513286
Set A,B4145_D80_a0.16_ms100,$t_0$,50.0,cfl,8.53746051800379,1.4501158033513286
Set A,B4145_D80_a0.16_ms100,$t_0$,50.0,cfl,8.577258370183197,1.4501158033513286
Set A,B4145_D80_a0.16_ms100,$t_0$,50.0,cfl,8.617056222362603,1.4501158033513286
Set A,B4145_D80_a0.16_ms100,$t_0$,50.0,cfl,8.656854074542009,1.4501158033513286
Set A,B4145_D80_a0.16_ms100,$t_0$,50.0,cfl,8.696658243840808,1.4501158033513286
Set A,B4145_D80_a0.16_ms100,$t_0$,50.0,cfl,8.736456096020214,1.4501158033513286
Set A,B4145_D80_a0.16_ms100,$t_0$,50.0,cfl,8.77625394819962,1.4501158033513286
Set A,B4145_D80_a0.16_ms100,$t_0$,50.0,cfl,8.816051800379027,1.4501158033513286
Set A,B4145_D80_a0.16_ms100,$t_0$,50.0,cfl,8.855855969677828,1.4501158033513286
Set A,B4145_D80_a0.16_ms100,$t_0$,50.0,cfl,8.895653821857234,1.4501158033513286
Set A,B4145_D80_a0.16_ms100,$t_0$,50.0,cfl,8.93545167403664,1.4501158033513286
Set A,B4145_D80_a0.16_ms100,$t_0$,50.0,cfl,8.975249526216045,1.4501158033513286
Set A,B4145_D80_a0.16_ms100,$t_0$,50.0,cfl,9.015047378395451,1.4501158033513286
Set A,B4145_D80_a0.16_ms100,$t_0$,50.0,cfl,9.054851547694252,1.4501158033513286
Set A,B4145_D80_a0.16_ms100,$t_0$,50.0,cfl,9.094649399873658,1.4501158033513286
Set A,B4145_D80_a0.16_ms100,$t_0$,50.0,cfl,9.134447252053064,1.3832690830555827
Set A,B4145_D80_a0.16_ms100,$t_0$,50.0,cfl,9.17424510423247,1.2501113983261158
Set A,B4145_D80_a0.16_ms100,$t_0$,50.0,cfl,9.21404927353127,1.0737571821289071
Set A,B4145_D80_a0.16_ms100,$t_0$,50.0,cfl,9.253847125710676,0.8724632905222035
Set A,B4145_D80_a0.16_ms100,$t_0$,50.0,cfl,9.293644977890082,0.6928701661504871
Set A,B4145_D80_a0.16_ms100,$t_0$,50.0,cfl,9.333442830069488,0.558882107034756
Set A,B4145_D80_a0.16_ms100,$t_0$,50.0,cfl,9.373246999368288,0.46391875004753674
Set A,B4145_D80_a0.16_ms100,$t_0$,50.0,cfl,9.413044851547696,0.3958281553403783
Set A,B4145_D80_a0.16_ms100,$t_0$,50.0,cfl,9.452842703727102,0.3453969566168836
Set A,B4145_D80_a0.16_ms100,$t_0$,50.0,cfl,9.492640555906506,0.30688748346606665
Set A,B4145_D80_a0.16_ms100,$t_0$,50.0,cfl,9.532438408085913,0.2766556535845582
Set A,B4145_D80_a0.16_ms100,$t_0$,50.0,cfl,9.572242577384712,0.25235630863626857
Set A,B4145_D80_a0.16_ms100,$t_0$,50.0,cfl,9.61204042956412,0.2324204517115389
Set A,B4145_D80_a0.16_ms100,$t_0$,50.0,cfl,9.651838281743526,0.21581358639135312
Set A,B4145_D80_a0.16_ms100,$t_0$,50.0,cfl,9.691636133922932,0.20176001584559497
Set A,B4145_D80_a0.16_ms100,$t_0$,50.0,cfl,9.731440303221731,0.18972965932494734
Set A,B4145_D80_a0.16_ms100,$t_0$,50.0,cfl,9.771238155401138,0.17932220033586424
Set A,B4145_D80_a0.16_ms100,$t_0$,50.0,cfl,9.811036007580544,0.1702346683558269
Set A,B4145_D80_a0.16_ms100,$t_0$,50.0,cfl,9.85083385975995,0.1622405814941911
Set A,B4145_D80_a0.16_ms100,$t_0$,50.0,cfl,9.89063802905875,0.15514203435302906
Set A,B4145_D80_a0.16_ms100,$t_0$,50.0,cfl,9.930435881238155,0.14881253254082738
Set A,B4145_D80_a0.16_ms100,$t_0$,50.0,cfl,9.970233733417562,0.1431321150503115
Set A,B4145_D80_a0.16_ms100,$t_0$,50.0,cfl,10.010031585596968,0.13800768173964423
Set A,B4145_D80_a0.16_ms100,$t_0$,50.0,cfl,10.049835754895767,0.13336322639990325
Set A,B4145_D80_a0.16_ms100,$t_0$,50.0,cfl,10.089633607075173,0.129135834324647
Set A,B4145_D80_a0.16_ms100,$t_0$,50.0,cfl,10.12943145925458,0.12527341243202947
Set A,B4145_D80_a0.16_ms100,$t_0$,50.0,cfl,10.169229311433986,0.12172943660115654
Set A,B4145_D80_a0.16_ms100,$t_0$,50.0,cfl,10.209027163613394,0.11847161558022813
Set A,B4145_D80_a0.16_ms100,$t_0$,50.0,cfl,10.248831332912193,0.11546586017215812
Set A,B4145_D80_a0.16_ms100,$t_0$,50.0,cfl,10.288629185091597,0.11268301809724648
Set A,B4145_D80_a0.16_ms100,$t_0$,50.0,cfl,10.328427037271004,0.11010361421117189
Set A,B4145_D80_a0.16_ms100,$t_0$,50.0,cfl,10.36822488945041,0.1077053381931448
Set A,B4145_D80_a0.16_ms100,$t_0$,50.0,cfl,10.40802905874921,0.1054691608696828
Set A,B4145_D80_a0.16_ms100,$t_0$,50.0,cfl,10.447826910928617,0.10338259221075144
Set A,B4145_D80_a0.16_ms100,$t_0$,50.0,cfl,10.487624763108023,0.10143054908092654
Set A,B4145_D80_a0.16_ms100,$t_0$,50.0,cfl,10.52742261528743,0.0995999156155596
Set A,B4145_D80_a0.16_ms100,$t_0$,50.0,cfl,10.567226784586229,0.09788250433322297
Set A,B4145_D80_a0.16_ms100,$t_0$,50.0,cfl,10.607024636765635,0.09626668170485624
Set A,B4145_D80_a0.16_ms100,$t_0$,50.0,cfl,10.646822488945041,0.09474609967189639
Set A,B4145_D80_a0.16_ms100,$t_0$,50.0,cfl,10.686620341124447,0.09331219010855775
Set A,B4145_D80_a0.16_ms100,$t_0$,50.0,cfl,10.726424510423248,0.09195740302477687
Set A,B4145_D80_a0.16_ms100,$t_0$,50.0,cfl,10.766222362602655,0.09067743599695233
Set A,B4145_D80_a0.16_ms100,$t_0$,50.0,cfl,10.806020214782059,0.08946513990136408
Set A,B4145_D80_a0.16_ms100,$t_0$,50.0,cfl,10.845818066961465,0.08831643015426469
Set A,B4145_D80_a0.16_ms100,$t_0$,50.0,cfl,10.885615919140871,0.08722747610563984
Set A,B4145_D80_a0.16_ms100,$t_0$,50.0,cfl,10.925420088439672,0.0861928275871531
Set A,B4145_D80_a0.16_ms100,$t_0$,50.0,cfl,10.965217940619079,0.08520949261387782
Set A,B4145_D80_a0.16_ms100,$t_0$,50.0,cfl,11.005015792798485,0.08427403996048555
Set A,B4145_D80_a0.16_ms100,$t_0$,50.0,cfl,11.044813644977891,0.08338348497655006
Set A,B4145_D80_a0.16_ms100,$t_0$,50.0,cfl,11.08461781427669,0.08253483476594708
Set A,B4145_D80_a0.16_ms100,$t_0$,50.0,cfl,11.124415666456096,0.08172546349625377
Set A,B4145_D80_a0.16_ms100,$t_0$,50.0,cfl,11.164213518635503,0.08095312250487931
Set A,B4145_D80_a0.16_ms100,$t_0$,50.0,cfl,11.204011370814909,0.08021542899531882
Set A,B4145_D80_a0.16_ms100,$t_0$,50.0,cfl,11.243815540113708,0.07951008460862212
Set A,B4145_D80_a0.16_ms100,$t_0$,50.0,cfl,11.283613392293114,0.07883560705580284
Set A,B4145_D80_a0.16_ms100,$t_0$,50.0,cfl,11.32341124447252,0.07819060336829355
Set A,B4145_D80_a0.16_ms100,$t_0$,50.0,cfl,11.363209096651927,0.07757258149043318
Set A,B4145_D80_a0.16_ms100,$t_0$,50.0,cfl,11.403006948831333,0.07698062387578615
Set A,B4145_D80_a0.16_ms100,$t_0$,50.0,cfl,11.442811118130132,0.07641279797563073
Set A,B4145_D80_a0.16_ms100,$t_0$,50.0,cfl,11.482608970309538,0.07586863548411228
Set A,B4145_D80_a0.16_ms100,$t_0$,50.0,cfl,11.522406822488946,0.07535036357631068
Set A,B4145_D80_a0.16_ms100,$t_0$,50.0,cfl,11.562204674668353,0.07485365578697656
Set A,B4145_D80_a0.16_ms100,$t_0$,50.0,cfl,11.602008843967152,0.07438180148777435
Set A,B4145_D80_a0.16_ms100,$t_0$,50.0,cfl,11.641806696146556,0.0739285862470654
Set A,B4145_D80_a0.16_ms100,$t_0$,50.0,cfl,11.681604548325963,0.07349197449685836
Set A,B4145_D80_a0.16_ms100,$t_0$,50.0,cfl,11.72140240050537,0.07307166328048398
Set A,B4145_D80_a0.16_ms100,$t_0$,50.0,cfl,11.76120656980417,0.07266643861568226
Set A,B4145_D80_a0.16_ms100,$t_0$,50.0,cfl,11.801004421983576,0.07227605791326164
Set A,B4145_D80_a0.16_ms100,$t_0$,50.0,cfl,11.840802274162982,0.07189963229592922
Set A,B4145_D80_a0.16_ms100,$t_0$,50.0,cfl,11.880600126342388,0.07153673425084532
Set A,B4145_D80_a0.16_ms100,$t_0$,50.0,cfl,11.920404295641188,0.0711865732659652
Set A,B4145_D80_a0.16_ms100,$t_0$,50.0,cfl,11.960202147820594,0.07084854784129532
Set A,B4145_D80_a0.16_ms100,$t_0$,50.0,cfl,12.0,0.07052241541329071
Set A,B4145_D80_a0.16_ms100,$t_0$,50.0,unpCFL,0.1,20.80786025746239
Set A,B4145_D80_a0.16_ms100,$t_0$,50.0,unpCFL,0.13979930511686672,19.620393394284005
Set A,B4145_D80_a0.16_ms100,$t_0$,50.0,unpCFL,0.17959867340492736,18.925211568166183
Set A,B4145_D80_a0.16_ms100,$t_0$,50.0,unpCFL,0.21939797852179407,18.443620113868487
Set A,B4145_D80_a0.16_ms100,$t_0$,50.0,unpCFL,0.25919734680985473,18.071149624826095
Set A,B4145_D80_a0.16_ms100,$t_0$,50.0,unpCFL,0.2989966519267214,17.76001450355655
Set A,B4145_D80_a0.16_ms100,$t_0$,50.0,unpCFL,0.33879595704358817,17.48570088840462
Set A,B4145_D80_a0.16_ms100,$t_0$,50.0,unpCFL,0.3785953253316488,17.234694324415603
Set A,B4145_D80_a0.16_ms100,$t_0$,50.0,unpCFL,0.4183946304485155,16.999107100672603
Set A,B4145_D80_a0.16_ms100,$t_0$,50.0,unpCFL,0.4581939987365761,16.77420609623219
Set A,B4145_D80_a0.16_ms100,$t_0$,50.0,unpCFL,0.49799330385344287,16.557050641798835
Set A,B4145_D80_a0.16_ms100,$t_0$,50.0,unpCFL,0.5377926721415035,16.345797704855862
Set A,B4145_D80_a0.16_ms100,$t_0$,50.0,unpCFL,0.5775919772583702,16.139245758665766
Set A,B4145_D80_a0.16_ms100,$t_0$,50.0,unpCFL,0.6173912823752369,15.936618710269236
Set A,B4145_D80_a0.16_ms100,$t_0$,50.0,unpCFL,0.6571907770056854,15.737358226343629
Set A,B4145_D80_a0.16_ms100,$t_0$,50.0,unpCFL,0.6969898926089704,15.541053610206577
Set A,B4145_D80_a0.16_ms100,$t_0$,50.0,unpCFL,0.7367890082122552,15.347285133354433
Set A,B4145_D80_a0.16_ms100,$t_0$,50.0,unpCFL,0.7765887555274795,15.155636957626443
Set A,B4145_D80_a0.16_ms100,$t_0$,50.0,unpCFL,0.8163878711307644,14.965695125833959
Set A,B4145_D80_a0.16_ms100,$t_0$,50.0,unpCFL,0.8561869867340492,14.77699305560023
Set A,B4145_D80_a0.16_ms100,$t_0$,50.0,unpCFL,0.8959867340492736,14.588363320797248
Set A,B4145_D80_a0.16_ms100,$t_0$,50.0,unpCFL,0.9357858496525585,14.399956686639548
Set A,B4145_D80_a0.16_ms100,$t_0$,50.0,unpCFL,0.9755855969677827,14.211884474272944
Set A,B4145_D80_a0.16_ms100,$t_0$,50.0,unpCFL,1.0153847125710675,14.023982862633627
Set A,B4145_D80_a0.16_ms100,$t_0$,50.0,unpCFL,1.0551838281743526,13.836228504081236
Set A,B4145_D80_a0.16_ms100,$t_0$,50.0,unpCFL,1.0949835754895767,13.648907432739229
Set A,B4145_D80_a0.16_ms100,$t_0$,50.0,unpCFL,1.1347826910928616,13.462379411878695
Set A,B4145_D80_a0.16_ms100,$t_0$,50.0,unpCFL,1.1745818066961466,13.276882072147565
Set A,B4145_D80_a0.16_ms100,$t_0$,50.0,unpCFL,1.214381554011371,13.092513689960683
Set A,B4145_D80_a0.16_ms100,$t_0$,50.0,unpCFL,1.2541806696146558,12.909316787201282
Set A,B4145_D80_a0.16_ms100,$t_0$,50.0,unpCFL,1.2939797852179407,12.727197946953313
Set A,B4145_D80_a0.16_ms100,$t_0$,50.0,unpCFL,1.333779532533165,12.546011432763688
Set A,B4145_D80_a0.16_ms100,$t_0$,50.0,unpCFL,1.3735786481364498,12.36555028549695
Set A,B4145_D80_a0.16_ms100,$t_0$,50.0,unpCFL,1.413377763739735,12.185524900117366
Set A,B4145_D80_a0.16_ms100,$t_0$,50.0,unpCFL,1.453177511054959,12.005594340498442
Set A,B4145_D80_a0.16_ms100,$t_0$,50.0,unpCFL,1.4929766266582438,11.825367539410657
Set A,B4145_D80_a0.16_ms100,$t_0$,50.0,unpCFL,1.532775742261529,11.644301836253835
Set A,B4145_D80_a0.16_ms100,$t_0$,50.0,unpCFL,1.5725754895767532,11.462032098092077
Set A,B4145_D80_a0.16_ms100,$t_0$,50.0,unpCFL,1.6123746051800378,11.278463108192081
Set A,B4145_D80_a0.16_ms100,$t_0$,50.0,unpCFL,1.652173720783323,11.093680136874674
Set A,B4145_D80_a0.16_ms100,$t_0$,50.0,unpCFL,1.6919734680985472,10.908062888718165
Set A,B4145_D80_a0.16_ms100,$t_0$,50.0,unpCFL,1.7317725837018318,10.722169364212354
Set A,B4145_D80_a0.16_ms100,$t_0$,50.0,unpCFL,1.771571699305117,10.536748884843346
Set A,B4145_D80_a0.16_ms100,$t_0$,50.0,unpCFL,1.8113714466203412,10.35273882265254
Set A,B4145_D80_a0.16_ms100,$t_0$,50.0,unpCFL,1.8511705622236259,10.171108342450466
Set A,B4145_D80_a0.16_ms100,$t_0$,50.0,unpCFL,1.890969677826911,9.9928966909316
Set A,B4145_D80_a0.16_ms100,$t_0$,50.0,unpCFL,1.9307694251421352,9.81891474779102
Set A,B4145_D80_a0.16_ms100,$t_0$,50.0,unpCFL,1.9705685407454203,9.648884167819556
Set A,B4145_D80_a0.16_ms100,$t_0$,50.0,unpCFL,2.010367656348705,9.481395884209254
Set A,B4145_D80_a0.16_ms100,$t_0$,50.0,unpCFL,2.050167403663929,9.30638910972868
Set A,B4145_D80_a0.16_ms100,$t_0$,50.0,unpCFL,2.089966519267214,9.127267733206443
Set A,B4145_D80_a0.16_ms100,$t_0$,50.0,unpCFL,2.129765634870499,8.942981022316213
Set A,B4145_D80_a0.16_ms100,$t_0$,50.0,unpCFL,2.169565382185723,8.753054308938207
Set A,B4145_D80_a0.16_ms100,$t_0$,50.0,unpCFL,2.209364497789008,8.557146291366474
Set A,B4145_D80_a0.16_ms100,$t_0$,50.0,unpCFL,2.249163613392293,8.354855740615728
Set A,B4145_D80_a0.16_ms100,$t_0$,50.0,unpCFL,2.2889633607075175,8.146580151255737
Set A,B4145_D80_a0.16_ms100,$t_0$,50.0,unpCFL,2.328762476310802,7.933419333461978
Set A,B4145_D80_a0.16_ms100,$t_0$,50.0,unpCFL,2.368561591914087,7.719150321538587
Set A,B4145_D80_a0.16_ms100,$t_0$,50.0,unpCFL,2.4083613392293115,7.510386226088452
Set A,B4145_D80_a0.16_ms100,$t_0$,50.0,unpCFL,2.448160454832596,7.310166726734917
Set A,B4145_D80_a0.16_ms100,$t_0$,50.0,unpCFL,2.4879595704358817,7.119992660381592
Set A,B4145_D80_a0.16_ms100,$t_0$,50.0,unpCFL,2.5277593177511055,6.94293201509786
Set A,B4145_D80_a0.16_ms100,$t_0$,50.0,unpCFL,2.56755843335439,6.77848810065075
Set A,B4145_D80_a0.16_ms100,$t_0$,50.0,unpCFL,2.6073575489576757,6.625051548564317
Set A,B4145_D80_a0.16_ms100,$t_0$,50.0,unpCFL,2.6471572962728995,6.482393072560235
Set A,B4145_D80_a0.16_ms100,$t_0$,50.0,unpCFL,2.686956411876184,6.3509137172754535
Set A,B4145_D80_a0.16_ms100,$t_0$,50.0,unpCFL,2.726756159191409,6.232312071774159
Set A,B4145_D80_a0.16_ms100,$t_0$,50.0,unpCFL,2.7665552747946935,6.128133645443107
Set A,B4145_D80_a0.16_ms100,$t_0$,50.0,unpCFL,2.8063543903979786,6.04064759504713
Set A,B4145_D80_a0.16_ms100,$t_0$,50.0,unpCFL,2.846154137713203,5.971866732174883
Set A,B4145_D80_a0.16_ms100,$t_0$,50.0,unpCFL,2.8859532533164876,5.921509074996557
Set A,B4145_D80_a0.16_ms100,$t_0$,50.0,unpCFL,2.9257523689197726,5.88825836540252
Set A,B4145_D80_a0.16_ms100,$t_0$,50.0,unpCFL,2.965552116234997,5.869257235988047
Set A,B4145_D80_a0.16_ms100,$t_0$,50.0,unpCFL,3.0053512318382816,5.861407498664794
Set A,B4145_D80_a0.16_ms100,$t_0$,50.0,unpCFL,3.0451503474415667,5.862193014418769
Set A,B4145_D80_a0.16_ms100,$t_0$,50.0,unpCFL,3.084950094756791,5.86932285225215
Set A,B4145_D80_a0.16_ms100,$t_0$,50.0,unpCFL,3.124749210360076,5.88122771209331
Set A,B4145_D80_a0.16_ms100,$t_0$,50.0,unpCFL,3.1645483259633607,5.8964543037792305
Set A,B4145_D80_a0.16_ms100,$t_0$,50.0,unpCFL,3.204348073278585,5.9139005114140595
Set A,B4145_D80_a0.16_ms100,$t_0$,50.0,unpCFL,3.2441471888818696,5.932581175959783
Set A,B4145_D80_a0.16_ms100,$t_0$,50.0,unpCFL,3.283946304485155,5.952196917880539
Set A,B4145_D80_a0.16_ms100,$t_0$,50.0,unpCFL,3.323746051800379,5.971777706627743
Set A,B4145_D80_a0.16_ms100,$t_0$,50.0,unpCFL,3.3635451674036636,5.99136087759949
Set A,B4145_D80_a0.16_ms100,$t_0$,50.0,unpCFL,3.403344283006949,6.010034237385464
Set A,B4145_D80_a0.16_ms100,$t_0$,50.0,unpCFL,3.443144030322173,6.028112400105717
Set A,B4145_D80_a0.16_ms100,$t_0$,50.0,unpCFL,3.4829431459254576,6.0450913785259655
Set A,B4145_D80_a0.16_ms100,$t_0$,50.0,unpCFL,3.522742261528743,6.0609343087043595
Set A,B4145_D80_a0.16_ms100,$t_0$,50.0,unpCFL,3.562542008843967,6.075687681115564
Set A,B4145_D80_a0.16_ms100,$t_0$,50.0,unpCFL,3.6023411244472525,6.088988535990218
Set A,B4145_D80_a0.16_ms100,$t_0$,50.0,unpCFL,3.642140240050537,6.101258699647531
Set A,B4145_D80_a0.16_ms100,$t_0$,50.0,unpCFL,3.681939987365761,6.111993858516599
Set A,B4145_D80_a0.16_ms100,$t_0$,50.0,unpCFL,3.7217391029690465,6.121233038186789
Set A,B4145_D80_a0.16_ms100,$t_0$,50.0,unpCFL,3.761538218572331,6.129373997759503
Set A,B4145_D80_a0.16_ms100,$t_0$,50.0,unpCFL,3.801337965887555,6.13582108927464
Set A,B4145_D80_a0.16_ms100,$t_0$,50.0,unpCFL,3.8411370814908405,6.140842784602631
Set A,B4145_D80_a0.16_ms100,$t_0$,50.0,unpCFL,3.880936197094125,6.14447173107539
Set A,B4145_D80_a0.16_ms100,$t_0$,50.0,unpCFL,3.92073594440935,6.14639235419446
Set A,B4145_D80_a0.16_ms100,$t_0$,50.0,unpCFL,3.9605350600126346,6.146813355041127
Set A,B4145_D80_a0.16_ms100,$t_0$,50.0,unpCFL,4.00033417561592,6.145613907387042
Set A,B4145_D80_a0.16_ms100,$t_0$,50.0,unpCFL,4.040133922931144,6.142911657961833
Set A,B4145_D80_a0.16_ms100,$t_0$,50.0,unpCFL,4.079933038534429,6.138727787529094
Set A,B4145_D80_a0.16_ms100,$t_0$,50.0,unpCFL,4.119732154137713,6.133332860979403
Set A,B4145_D80_a0.16_ms100,$t_0$,50.0,unpCFL,4.1595319014529375,6.126288568869582
Set A,B4145_D80_a0.16_ms100,$t_0$,50.0,unpCFL,4.199331017056222,6.117855306086978
Set A,B4145_D80_a0.16_ms100,$t_0$,50.0,unpCFL,4.239130132659508,6.107968447527255
Set A,B4145_D80_a0.16_ms100,$t_0$,50.0,unpCFL,4.278929879974732,6.097003145693421
Set A,B4145_D80_a0.16_ms100,$t_0$,50.0,unpCFL,4.318728995578017,6.084492742576119
Set A,B4145_D80_a0.16_ms100,$t_0$,50.0,unpCFL,4.358528742893241,6.070522394606377
Set A,B4145_D80_a0.16_ms100,$t_0$,50.0,unpCFL,4.3983278584965255,6.055302587781055
Set A,B4145_D80_a0.16_ms100,$t_0$,50.0,unpCFL,4.43812697409981,6.0383167441419685
Set A,B4145_D80_a0.16_ms100,$t_0$,50.0,unpCFL,4.477926721415035,6.019677814152395
Set A,B4145_D80_a0.16_ms100,$t_0$,50.0,unpCFL,4.51772583701832,5.999481447361984
Set A,B4145_D80_a0.16_ms100,$t_0$,50.0,unpCFL,4.557524952621605,5.977212133645203
Set A,B4145_D80_a0.16_ms100,$t_0$,50.0,unpCFL,4.597324699936829,5.953338580622151
Set A,B4145_D80_a0.16_ms100,$t_0$,50.0,unpCFL,4.6371238155401135,5.927308324550229
Set A,B4145_D80_a0.16_ms100,$t_0$,50.0,unpCFL,4.676922931143398,5.8994361911614615
Set A,B4145_D80_a0.16_ms100,$t_0$,50.0,unpCFL,4.716722678458623,5.869677849911722
Set A,B4145_D80_a0.16_ms100,$t_0$,50.0,unpCFL,4.756521794061908,5.838001147579821
Set A,B4145_D80_a0.16_ms100,$t_0$,50.0,unpCFL,4.796320909665193,5.804888154420338
Set A,B4145_D80_a0.16_ms100,$t_0$,50.0,unpCFL,4.836120656980417,5.770240787439712
Set A,B4145_D80_a0.16_ms100,$t_0$,50.0,unpCFL,4.875919772583702,5.734388786646379
Set A,B4145_D80_a0.16_ms100,$t_0$,50.0,unpCFL,4.915718888186986,5.696839390884287
Set A,B4145_D80_a0.16_ms100,$t_0$,50.0,unpCFL,4.955518635502211,5.658114274826763
Set A,B4145_D80_a0.16_ms100,$t_0$,50.0,unpCFL,4.995317751105496,5.617361157582212
Set A,B4145_D80_a0.16_ms100,$t_0$,50.0,unpCFL,5.035116866708781,5.574959544498895
Set A,B4145_D80_a0.16_ms100,$t_0$,50.0,unpCFL,5.074916614024005,5.530018096351335
Set A,B4145_D80_a0.16_ms100,$t_0$,50.0,unpCFL,5.11471572962729,5.4825257945434815
Set A,B4145_D80_a0.16_ms100,$t_0$,50.0,unpCFL,5.154514845230575,5.432414770625142
Set A,B4145_D80_a0.16_ms100,$t_0$,50.0,unpCFL,5.194314592545799,5.379440668522987
Set A,B4145_D80_a0.16_ms100,$t_0$,50.0,unpCFL,5.234113708149084,5.323689618355023
Set A,B4145_D80_a0.16_ms100,$t_0$,50.0,unpCFL,5.273912823752369,5.26506164460095
Set A,B4145_D80_a0.16_ms100,$t_0$,50.0,unpCFL,5.313712571067593,5.204409808292194
Set A,B4145_D80_a0.16_ms100,$t_0$,50.0,unpCFL,5.353511686670878,5.1417275108678115
Set A,B4145_D80_a0.16_ms100,$t_0$,50.0,unpCFL,5.393310802274163,5.077333067804369
Set A,B4145_D80_a0.16_ms100,$t_0$,50.0,unpCFL,5.433110549589387,5.012185757443813
Set A,B4145_D80_a0.16_ms100,$t_0$,50.0,unpCFL,5.472909665192672,4.946583400738609
Set A,B4145_D80_a0.16_ms100,$t_0$,50.0,unpCFL,5.512708780795958,4.881215222268186
Set A,B4145_D80_a0.16_ms100,$t_0$,50.0,unpCFL,5.552508528111181,4.816246847819375
Set A,B4145_D80_a0.16_ms100,$t_0$,50.0,unpCFL,5.592307643714466,4.752111726461563
Set A,B4145_D80_a0.16_ms100,$t_0$,50.0,unpCFL,5.632106759317751,4.689318682085555
Set A,B4145_D80_a0.16_ms100,$t_0$,50.0,unpCFL,5.6719065066329755,4.627938246888158
Set A,B4145_D80_a0.16_ms100,$t_0$,50.0,unpCFL,5.711705622236261,4.568348846902421
Set A,B4145_D80_a0.16_ms100,$t_0$,50.0,unpCFL,5.751504737839546,4.510643319939221
Set A,B4145_D80_a0.16_ms100,$t_0$,50.0,unpCFL,5.791304485154769,4.460239473651812
Set A,B4145_D80_a0.16_ms100,$t_0$,50.0,unpCFL,5.831103600758055,4.418445307834525
Set A,B4145_D80_a0.16_ms100,$t_0$,50.0,unpCFL,5.870902716361339,4.376095717431057
Set A,B4145_D80_a0.16_ms100,$t_0$,50.0,unpCFL,5.9107024636765635,4.3333181939315155
Set A,B4145_D80_a0.16_ms100,$t_0$,50.0,unpCFL,5.950501579279849,4.289723687256822
Set A,B4145_D80_a0.16_ms100,$t_0$,50.0,unpCFL,5.990300694883134,4.245446870063008
Set A,B4145_D80_a0.16_ms100,$t_0$,50.0,unpCFL,6.030100442198358,4.200348592909107
Set A,B4145_D80_a0.16_ms100,$t_0$,50.0,unpCFL,6.069899557801643,4.154106763875546
Set A,B4145_D80_a0.16_ms100,$t_0$,50.0,unpCFL,6.109699305116867,4.106790432150896
Set A,B4145_D80_a0.16_ms100,$t_0$,50.0,unpCFL,6.149498420720152,4.058253961724487
Set A,B4145_D80_a0.16_ms100,$t_0$,50.0,unpCFL,6.189297536323437,4.008150226175372
Set A,B4145_D80_a0.16_ms100,$t_0$,50.0,unpCFL,6.22909728363866,3.9564181930572246
Set A,B4145_D80_a0.16_ms100,$t_0$,50.0,unpCFL,6.268896399241946,3.902761294239416
Set A,B4145_D80_a0.16_ms100,$t_0$,50.0,unpCFL,6.308695514845231,3.8467100344077636
Set A,B4145_D80_a0.16_ms100,$t_0$,50.0,unpCFL,6.348496525584333,3.7878191408527426
Set A,B4145_D80_a0.16_ms100,$t_0$,50.0,unpCFL,6.3882943777637395,3.725732890298355
Set A,B4145_D80_a0.16_ms100,$t_0$,50.0,unpCFL,6.428092229943147,3.65994751760559
Set A,B4145_D80_a0.16_ms100,$t_0$,50.0,unpCFL,6.467890082122553,3.5900078723546263
Set A,B4145_D80_a0.16_ms100,$t_0$,50.0,unpCFL,6.507694251421352,3.515576929951399
Set A,B4145_D80_a0.16_ms100,$t_0$,50.0,unpCFL,6.547492103600758,3.4362626307607833
Set A,B4145_D80_a0.16_ms100,$t_0$,50.0,unpCFL,6.587289955780164,3.351884100447598
Set A,B4145_D80_a0.16_ms100,$t_0$,50.0,unpCFL,6.62708780795957,3.262522179232297
Set A,B4145_D80_a0.16_ms100,$t_0$,50.0,unpCFL,6.666891977258371,3.1683915657009485
Set A,B4145_D80_a0.16_ms100,$t_0$,50.0,unpCFL,6.706689829437776,3.070333880813816
Set A,B4145_D80_a0.16_ms100,$t_0$,50.0,unpCFL,6.746487681617182,2.970043850791968
Set A,B4145_D80_a0.16_ms100,$t_0$,50.0,unpCFL,6.786285533796589,2.869981796624994
Set A,B4145_D80_a0.16_ms100,$t_0$,50.0,unpCFL,6.826089703095389,2.7731513209556296
Set A,B4145_D80_a0.16_ms100,$t_0$,50.0,unpCFL,6.865887555274795,2.6813648932621175
Set A,B4145_D80_a0.16_ms100,$t_0$,50.0,unpCFL,6.905685407454201,2.5952432508669983
Set A,B4145_D80_a0.16_ms100,$t_0$,50.0,unpCFL,6.9454832596336065,2.515163891693911
Set A,B4145_D80_a0.16_ms100,$t_0$,50.0,unpCFL,6.985287428932407,2.4410101575453025
Set A,B4145_D80_a0.16_ms100,$t_0$,50.0,unpCFL,7.025085281111814,2.3724740540009623
Set A,B4145_D80_a0.16_ms100,$t_0$,50.0,unpCFL,7.064883133291219,2.3092609260870445
Set A,B4145_D80_a0.16_ms100,$t_0$,50.0,unpCFL,7.104680985470625,2.2512166350673852
Set A,B4145_D80_a0.16_ms100,$t_0$,50.0,unpCFL,7.1444788376500314,2.197751316955853
Set A,B4145_D80_a0.16_ms100,$t_0$,50.0,unpCFL,7.1842830069488315,2.1485407092497604
Set A,B4145_D80_a0.16_ms100,$t_0$,50.0,unpCFL,7.224080859128238,2.103209102835978
Set A,B4145_D80_a0.16_ms100,$t_0$,50.0,unpCFL,7.263878711307644,2.061344460600207
Set A,B4145_D80_a0.16_ms100,$t_0$,50.0,unpCFL,7.30367656348705,2.02274688762867
Set A,B4145_D80_a0.16_ms100,$t_0$,50.0,unpCFL,7.34348073278585,1.9870848649122705
Set A,B4145_D80_a0.16_ms100,$t_0$,50.0,unpCFL,7.3832785849652565,1.954028774670873
Set A,B4145_D80_a0.16_ms100,$t_0$,50.0,unpCFL,7.423076437144663,1.9233001385150363
Set A,B4145_D80_a0.16_ms100,$t_0$,50.0,unpCFL,7.462874289324068,1.894647446345976
Set A,B4145_D80_a0.16_ms100,$t_0$,50.0,unpCFL,7.502678458622867,1.8678416088016205
Set A,B4145_D80_a0.16_ms100,$t_0$,50.0,unpCFL,7.542476310802275,1.8426906866343038
Set A,B4145_D80_a0.16_ms100,$t_0$,50.0,unpCFL,7.5822741629816806,1.8190288641200758
Set A,B4145_D80_a0.16_ms100,$t_0$,50.0,unpCFL,7.622072015161087,1.7967354000357503
Set A,B4145_D80_a0.16_ms100,$t_0$,50.0,unpCFL,7.661869867340493,1.775708265534821
Set A,B4145_D80_a0.16_ms100,$t_0$,50.0,unpCFL,7.701674036639292,1.7558240139895704
Set A,B4145_D80_a0.16_ms100,$t_0$,50.0,unpCFL,7.741471888818699,1.737021489024181
Set A,B4145_D80_a0.16_ms100,$t_0$,50.0,unpCFL,7.7812697409981055,1.7191787133275438
Set A,B4145_D80_a0.16_ms100,$t_0$,50.0,unpCFL,7.821067593177512,1.7022528698814794
Set A,B4145_D80_a0.16_ms100,$t_0$,50.0,unpCFL,7.860871762476311,1.6856283039804787
Set A,B4145_D80_a0.16_ms100,$t_0$,50.0,unpCFL,7.900669614655716,1.669616483567924
Set A,B4145_D80_a0.16_ms100,$t_0$,50.0,unpCFL,7.940467466835124,1.654336087512394
Set A,B4145_D80_a0.16_ms100,$t_0$,50.0,unpCFL,7.98026531901453,1.639747072585671
Set A,B4145_D80_a0.16_ms100,$t_0$,50.0,unpCFL,8.020069488313329,1.6258289961742147
Set A,B4145_D80_a0.16_ms100,$t_0$,50.0,unpCFL,8.059867340492735,1.612528335488843
Set A,B4145_D80_a0.16_ms100,$t_0$,50.0,unpCFL,8.099665192672141,1.5998120093890362
Set A,B4145_D80_a0.16_ms100,$t_0$,50.0,unpCFL,8.13946304485155,1.587665242864431
Set A,B4145_D80_a0.16_ms100,$t_0$,50.0,unpCFL,8.179267214150348,1.5760406055791236
Set A,B4145_D80_a0.16_ms100,$t_0$,50.0,unpCFL,8.219065066329753,1.5649254649361248
Set A,B4145_D80_a0.16_ms100,$t_0$,50.0,unpCFL,8.258862918509159,1.5542810816980528
Set A,B4145_D80_a0.16_ms100,$t_0$,50.0,unpCFL,8.298660770688565,1.5440828449908632
Set A,B4145_D80_a0.16_ms100,$t_0$,50.0,unpCFL,8.338458622867973,1.534308527491565
Set A,B4145_D80_a0.16_ms100,$t_0$,50.0,unpCFL,8.378262792166772,1.5249477948207684
Set A,B4145_D80_a0.16_ms100,$t_0$,50.0,unpCFL,8.418060644346179,1.5159701560991437
Set A,B4145_D80_a0.16_ms100,$t_0$,50.0,unpCFL,8.457858496525585,1.507356631082509
Set A,B4145_D80_a0.16_ms100,$t_0$,50.0,unpCFL,8.49765634870499,1.499099032524801
Set A,B4145_D80_a0.16_ms100,$t_0$,50.0,unpCFL,8.53746051800379,1.4911716219382294
Set A,B4145_D80_a0.16_ms100,$t_0$,50.0,unpCFL,8.577258370183197,1.4835669859832854
Set A,B4145_D80_a0.16_ms100,$t_0$,50.0,unpCFL,8.617056222362603,1.4762622163714703
Set A,B4145_D80_a0.16_ms100,$t_0$,50.0,unpCFL,8.656854074542009,1.4692504542719467
Set A,B4145_D80_a0.16_ms100,$t_0$,50.0,unpCFL,8.696658243840808,1.4625112905140534
Set A,B4145_D80_a0.16_ms100,$t_0$,50.0,unpCFL,8.736456096020214,1.4560328395033035
Set A,B4145_D80_a0.16_ms100,$t_0$,50.0,unpCFL,8.77625394819962,1.4501158033513286
Set A,B4145_D80_a0.16_ms100,$t_0$,50.0,unpCFL,8.816051800379027,1.4501158033513286
Set A,B4145_D80_a0.16_ms100,$t_0$,50.0,unpCFL,8.855855969677828,1.4501158033513286
Set A,B4145_D80_a0.16_ms100,$t_0$,50.0,unpCFL,8.895653821857234,1.4501158033513286
Set A,B4145_D80_a0.16_ms100,$t_0$,50.0,unpCFL,8.93545167403664,1.4501158033513286
Set A,B4145_D80_a0.16_ms100,$t_0$,50.0,unpCFL,8.975249526216045,1.4501158033513286
Set A,B4145_D80_a0.16_ms100,$t_0$,50.0,unpCFL,9.015047378395451,1.4501158033513286
Set A,B4145_D80_a0.16_ms100,$t_0$,50.0,unpCFL,9.054851547694252,1.4501158033513286
Set A,B4145_D80_a0.16_ms100,$t_0$,50.0,unpCFL,9.094649399873658,1.4501158033513286
Set A,B4145_D80_a0.16_ms100,$t_0$,50.0,unpCFL,9.134447252053064,1.4501158033513286
Set A,B4145_D80_a0.16_ms100,$t_0$,50.0,unpCFL,9.17424510423247,1.4501158033513286
Set A,B4145_D80_a0.16_ms100,$t_0$,50.0,unpCFL,9.21404927353127,1.4501158033513286
Set A,B4145_D80_a0.16_ms100,$t_0$,50.0,unpCFL,9.253847125710676,1.4501158033513286
Set A,B4145_D80_a0.16_ms100,$t_0$,50.0,unpCFL,9.293644977890082,1.4501158033513286
Set A,B4145_D80_a0.16_ms100,$t_0$,50.0,unpCFL,9.333442830069488,1.4501158033513286
Set A,B4145_D80_a0.16_ms100,$t_0$,50.0,unpCFL,9.373246999368288,1.4501158033513286
Set A,B4145_D80_a0.16_ms100,$t_0$,50.0,unpCFL,9.413044851547696,1.4501158033513286
Set A,B4145_D80_a0.16_ms100,$t_0$,50.0,unpCFL,9.452842703727102,1.4501158033513286
Set A,B4145_D80_a0.16_ms100,$t_0$,50.0,unpCFL,9.492640555906506,1.4501158033513286
Set A,B4145_D80_a0.16_ms100,$t_0$,50.0,unpCFL,9.532438408085913,1.4501158033513286
Set A,B4145_D80_a0.16_ms100,$t_0$,50.0,unpCFL,9.572242577384712,1.4501158033513286
Set A,B4145_D80_a0.16_ms100,$t_0$,50.0,unpCFL,9.61204042956412,1.4501158033513286
Set A,B4145_D80_a0.16_ms100,$t_0$,50.0,unpCFL,9.651838281743526,1.4501158033513286
Set A,B4145_D80_a0.16_ms100,$t_0$,50.0,unpCFL,9.691636133922932,1.4501158033513286
Set A,B4145_D80_a0.16_ms100,$t_0$,50.0,unpCFL,9.731440303221731,1.4501158033513286
Set A,B4145_D80_a0.16_ms100,$t_0$,50.0,unpCFL,9.771238155401138,1.4501158033513286
Set A,B4145_D80_a0.16_ms100,$t_0$,50.0,unpCFL,9.811036007580544,1.4501158033513286
Set A,B4145_D80_a0.16_ms100,$t_0$,50.0,unpCFL,9.85083385975995,1.4501158033513286
Set A,B4145_D80_a0.16_ms100,$t_0$,50.0,unpCFL,9.89063802905875,1.4501158033513286
Set A,B4145_D80_a0.16_ms100,$t_0$,50.0,unpCFL,9.930435881238155,1.4501158033513286
Set A,B4145_D80_a0.16_ms100,$t_0$,50.0,unpCFL,9.970233733417562,1.4501158033513286
Set A,B4145_D80_a0.16_ms100,$t_0$,50.0,unpCFL,10.010031585596968,1.4501158033513286
Set A,B4145_D80_a0.16_ms100,$t_0$,50.0,unpCFL,10.049835754895767,1.4501158033513286
Set A,B4145_D80_a0.16_ms100,$t_0$,50.0,unpCFL,10.089633607075173,1.4501158033513286
Set A,B4145_D80_a0.16_ms100,$t_0$,50.0,unpCFL,10.12943145925458,1.4501158033513286
Set A,B4145_D80_a0.16_ms100,$t_0$,50.0,unpCFL,10.169229311433986,1.4501158033513286
Set A,B4145_D80_a0.16_ms100,$t_0$,50.0,unpCFL,10.209027163613394,1.4501158033513286
Set A,B4145_D80_a0.16_ms100,$t_0$,50.0,unpCFL,10.248831332912193,1.4501158033513286
Set A,B4145_D80_a0.16_ms100,$t_0$,50.0,unpCFL,10.288629185091597,1.2985244634082722
Set A,B4145_D80_a0.16_ms100,$t_0$,50.0,unpCFL,10.328427037271004,1.074371360582696
Set A,B4145_D80_a0.16_ms100,$t_0$,50.0,unpCFL,10.36822488945041,0.8114425183913908
Set A,B4145_D80_a0.16_ms100,$t_0$,50.0,unpCFL,10.40802905874921,0.6032832392328209
Set A,B4145_D80_a0.16_ms100,$t_0$,50.0,unpCFL,10.447826910928617,0.4690483976307164
Set A,B4145_D80_a0.16_ms100,$t_0$,50.0,unpCFL,10.487624763108023,0.38247506210306204
Set A,B4145_D80_a0.16_ms100,$t_0$,50.0,unpCFL,10.52742261528743,0.32359264072359656
Set A,B4145_D80_a0.16_ms100,$t_0$,50.0,unpCFL,10.567226784586229,0.2814589096452234
Set A,B4145_D80_a0.16_ms100,$t_0$,50.0,unpCFL,10.607024636765635,0.24994266533513315
Set A,B4145_D80_a0.16_ms100,$t_0$,50.0,unpCFL,10.646822488945041,0.2255790267521135
Set A,B4145_D80_a0.16_ms100,$t_0$,50.0,unpCFL,10.686620341124447,0.20620423116184003
Set A,B4145_D80_a0.16_ms100,$t_0$,50.0,unpCFL,10.726424510423248,0.19043885190603077
Set A,B4145_D80_a0.16_ms100,$t_0$,50.0,unpCFL,10.766222362602655,0.177389493426573
Set A,B4145_D80_a0.16_ms100,$t_0$,50.0,unpCFL,10.806020214782059,0.16640464519681292
Set A,B4145_D80_a0.16_ms100,$t_0$,50.0,unpCFL,10.845818066961465,0.15704296835864012
Set A,B4145_D80_a0.16_ms100,$t_0$,50.0,unpCFL,10.885615919140871,0.14897947360909686
Set A,B4145_D80_a0.16_ms100,$t_0$,50.0,unpCFL,10.925420088439672,0.1419569938304461
Set A,B4145_D80_a0.16_ms100,$t_0$,50.0,unpCFL,10.965217940619079,0.13579355686928324
Set A,B4145_D80_a0.16_ms100,$t_0$,50.0,unpCFL,11.005015792798485,0.13034333799623216
Set A,B4145_D80_a0.16_ms100,$t_0$,50.0,unpCFL,11.044813644977891,0.12549246579034512
Set A,B4145_D80_a0.16_ms100,$t_0$,50.0,unpCFL,11.08461781427669,0.12114869490669289
Set A,B4145_D80_a0.16_ms100,$t_0$,50.0,unpCFL,11.124415666456096,0.1172382959993265
Set A,B4145_D80_a0.16_ms100,$t_0$,50.0,unpCFL,11.164213518635503,0.11370193257912102
Set A,B4145_D80_a0.16_ms100,$t_0$,50.0,unpCFL,11.204011370814909,0.11048920759188316
Set A,B4145_D80_a0.16_ms100,$t_0$,50.0,unpCFL,11.243815540113708,0.10755792704900977
Set A,B4145_D80_a0.16_ms100,$t_0$,50.0,unpCFL,11.283613392293114,0.10487541261762326
Set A,B4145_D80_a0.16_ms100,$t_0$,50.0,unpCFL,11.32341124447252,0.10241388381045383
Set A,B4145_D80_a0.16_ms100,$t_0$,50.0,unpCFL,11.363209096651927,0.10014505592791424
Set A,B4145_D80_a0.16_ms100,$t_0$,50.0,unpCFL,11.403006948831333,0.09805010332365474
Set A,B4145_D80_a0.16_ms100,$t_0$,50.0,unpCFL,11.442811118130132,0.09610883166076685
Set A,B4145_D80_a0.16_ms100,$t_0$,50.0,unpCFL,11.482608970309538,0.0943084716684255
Set A,B4145_D80_a0.16_ms100,$t_0$,50.0,unpCFL,11.522406822488946,0.09264594440554616
Set A,B4145_D80_a0.16_ms100,$t_0$,50.0,unpCFL,11.562204674668353,0.09109849359584976
Set A,B4145_D80_a0.16_ms100,$t_0$,50.0,unpCFL,11.602008843967152,0.08966844151171319
Set A,B4145_D80_a0.16_ms100,$t_0$,50.0,unpCFL,11.641806696146556,0.08833031395962151
Set A,B4145_D80_a0.16_ms100,$t_0$,50.0,unpCFL,11.681604548325963,0.08707284628142427
Set A,B4145_D80_a0.16_ms100,$t_0$,50.0,unpCFL,11.72140240050537,0.08589079158986342
Set A,B4145_D80_a0.16_ms100,$t_0$,50.0,unpCFL,11.76120656980417,0.08477674832457151
Set A,B4145_D80_a0.16_ms100,$t_0$,50.0,unpCFL,11.801004421983576,0.08372664764174692
Set A,B4145_D80_a0.16_ms100,$t_0$,50.0,unpCFL,11.840802274162982,0.08273497768045503
Set A,B4145_D80_a0.16_ms100,$t_0$,50.0,unpCFL,11.880600126342388,0.08179789163496476
Set A,B4145_D80_a0.16_ms100,$t_0$,50.0,unpCFL,11.920404295641188,0.08091088070620919
Set A,B4145_D80_a0.16_ms100,$t_0$,50.0,unpCFL,11.960202147820594,0.08007024652871957
Set A,B4145_D80_a0.16_ms100,$t_0$,50.0,unpCFL,12.0,0.07927346762903668
Set A,B4145_D80_a0.16_ms100,$t_0$,100.0,unpaired,0.1,93.91073101389846
Set A,B4145_D80_a0.16_ms100,$t_0$,100.0,unpaired,0.13979930511686672,89.03253047268623
Set A,B4145_D80_a0.16_ms100,$t_0$,100.0,unpaired,0.17959867340492736,84.94305631852993
Set A,B4145_D80_a0.16_ms100,$t_0$,100.0,unpaired,0.21939797852179407,81.42772830047522
Set A,B4145_D80_a0.16_ms100,$t_0$,100.0,unpaired,0.25919734680985473,78.35379540440559
Set A,B4145_D80_a0.16_ms100,$t_0$,100.0,unpaired,0.2989966519267214,75.63405529877859
Set A,B4145_D80_a0.16_ms100,$t_0$,100.0,unpaired,0.33879595704358817,73.20805676718163
Set A,B4145_D80_a0.16_ms100,$t_0$,100.0,unpaired,0.3785953253316488,71.031804506684
Set A,B4145_D80_a0.16_ms100,$t_0$,100.0,unpaired,0.4183946304485155,69.07119750602597
Set A,B4145_D80_a0.16_ms100,$t_0$,100.0,unpaired,0.4581939987365761,67.29849202668491
Set A,B4145_D80_a0.16_ms100,$t_0$,100.0,unpaired,0.49799330385344287,65.69024484703927
Set A,B4145_D80_a0.16_ms100,$t_0$,100.0,unpaired,0.5377926721415035,64.22605155991056
Set A,B4145_D80_a0.16_ms100,$t_0$,100.0,unpaired,0.5775919772583702,62.888173950860285
Set A,B4145_D80_a0.16_ms100,$t_0$,100.0,unpaired,0.6173912823752369,61.66121194046074
Set A,B4145_D80_a0.16_ms100,$t_0$,100.0,unpaired,0.6571907770056854,60.53164605300545
Set A,B4145_D80_a0.16_ms100,$t_0$,100.0,unpaired,0.6969898926089704,59.487911257258645
Set A,B4145_D80_a0.16_ms100,$t_0$,100.0,unpaired,0.7367890082122552,58.5199129576689
Set A,B4145_D80_a0.16_ms100,$t_0$,100.0,unpaired,0.7765887555274795,57.61898619417422
Set A,B4145_D80_a0.16_ms100,$t_0$,100.0,unpaired,0.8163878711307644,56.77760778254131
Set A,B4145_D80_a0.16_ms100,$t_0$,100.0,unpaired,0.8561869867340492,55.98916462828552
Set A,B4145_D80_a0.16_ms100,$t_0$,100.0,unpaired,0.8959867340492736,55.24805615643268
Set A,B4145_D80_a0.16_ms100,$t_0$,100.0,unpaired,0.9357858496525585,54.54927158857531
Set A,B4145_D80_a0.16_ms100,$t_0$,100.0,unpaired,0.9755855969677827,53.88851106300579
Set A,B4145_D80_a0.16_ms100,$t_0$,100.0,unpaired,1.0153847125710675,53.261956016599456
Set A,B4145_D80_a0.16_ms100,$t_0$,100.0,unpaired,1.0551838281743526,52.66632830099367
Set A,B4145_D80_a0.16_ms100,$t_0$,100.0,unpaired,1.0949835754895767,52.09868960937329
Set A,B4145_D80_a0.16_ms100,$t_0$,100.0,unpaired,1.1347826910928616,51.556357630350696
Set A,B4145_D80_a0.16_ms100,$t_0$,100.0,unpaired,1.1745818066961466,51.037162975453256
Set A,B4145_D80_a0.16_ms100,$t_0$,100.0,unpaired,1.214381554011371,50.539142873435296
Set A,B4145_D80_a0.16_ms100,$t_0$,100.0,unpaired,1.2541806696146558,50.06049033823517
Set A,B4145_D80_a0.16_ms100,$t_0$,100.0,unpaired,1.2939797852179407,49.5996258565249
Set A,B4145_D80_a0.16_ms100,$t_0$,100.0,unpaired,1.333779532533165,49.155259048603426
Set A,B4145_D80_a0.16_ms100,$t_0$,100.0,unpaired,1.3735786481364498,48.72615932701163
Set A,B4145_D80_a0.16_ms100,$t_0$,100.0,unpaired,1.413377763739735,48.31132160929313
Set A,B4145_D80_a0.16_ms100,$t_0$,100.0,unpaired,1.453177511054959,47.909781327550036
Set A,B4145_D80_a0.16_ms100,$t_0$,100.0,unpaired,1.4929766266582438,47.52073459292898
Set A,B4145_D80_a0.16_ms100,$t_0$,100.0,unpaired,1.532775742261529,47.14348439524601
Set A,B4145_D80_a0.16_ms100,$t_0$,100.0,unpaired,1.5725754895767532,46.77750347185058
Set A,B4145_D80_a0.16_ms100,$t_0$,100.0,unpaired,1.6123746051800378,46.42222427960664
Set A,B4145_D80_a0.16_ms100,$t_0$,100.0,unpaired,1.652173720783323,46.07716543524895
Set A,B4145_D80_a0.16_ms100,$t_0$,100.0,unpaired,1.6919734680985472,45.74190141865218
Set A,B4145_D80_a0.16_ms100,$t_0$,100.0,unpaired,1.7317725837018318,45.416183409630094
Set A,B4145_D80_a0.16_ms100,$t_0$,100.0,unpaired,1.771571699305117,45.09972696226204
Set A,B4145_D80_a0.16_ms100,$t_0$,100.0,unpaired,1.8113714466203412,44.7922493275438
Set A,B4145_D80_a0.16_ms100,$t_0$,100.0,unpaired,1.8511705622236259,44.493565721398944
Set A,B4145_D80_a0.16_ms100,$t_0$,100.0,unpaired,1.890969677826911,44.20351468311813
Set A,B4145_D80_a0.16_ms100,$t_0$,100.0,unpaired,1.9307694251421352,43.92193312590632
Set A,B4145_D80_a0.16_ms100,$t_0$,100.0,unpaired,1.9705685407454203,43.64863839819157
Set A,B4145_D80_a0.16_ms100,$t_0$,100.0,unpaired,2.010367656348705,43.383636319827744
Set A,B4145_D80_a0.16_ms100,$t_0$,100.0,unpaired,2.050167403663929,43.12676998077482
Set A,B4145_D80_a0.16_ms100,$t_0$,100.0,unpaired,2.089966519267214,42.87802624170741
Set A,B4145_D80_a0.16_ms100,$t_0$,100.0,unpaired,2.129765634870499,42.63724697886819
Set A,B4145_D80_a0.16_ms100,$t_0$,100.0,unpaired,2.169565382185723,42.404429447003466
Set A,B4145_D80_a0.16_ms100,$t_0$,100.0,unpaired,2.209364497789008,42.179433557470105
Set A,B4145_D80_a0.16_ms100,$t_0$,100.0,unpaired,2.249163613392293,41.962274495762955
Set A,B4145_D80_a0.16_ms100,$t_0$,100.0,unpaired,2.2889633607075175,41.752731605465186
Set A,B4145_D80_a0.16_ms100,$t_0$,100.0,unpaired,2.328762476310802,41.55088810514889
Set A,B4145_D80_a0.16_ms100,$t_0$,100.0,unpaired,2.368561591914087,41.356765886569896
Set A,B4145_D80_a0.16_ms100,$t_0$,100.0,unpaired,2.4083613392293115,41.17026996422635
Set A,B4145_D80_a0.16_ms100,$t_0$,100.0,unpaired,2.448160454832596,40.99070804929178
Set A,B4145_D80_a0.16_ms100,$t_0$,100.0,unpaired,2.4879595704358817,40.81880709909203
Set A,B4145_D80_a0.16_ms100,$t_0$,100.0,unpaired,2.5277593177511055,40.65362430987335
Set A,B4145_D80_a0.16_ms100,$t_0$,100.0,unpaired,2.56755843335439,40.49578137489559
Set A,B4145_D80_a0.16_ms100,$t_0$,100.0,unpaired,2.6073575489576757,40.34464345304351
Set A,B4145_D80_a0.16_ms100,$t_0$,100.0,unpaired,2.6471572962728995,40.200176858347625
Set A,B4145_D80_a0.16_ms100,$t_0$,100.0,unpaired,2.686956411876184,40.06204025483026
Set A,B4145_D80_a0.16_ms100,$t_0$,100.0,unpaired,2.726756159191409,39.929997188028985
Set A,B4145_D80_a0.16_ms100,$t_0$,100.0,unpaired,2.7665552747946935,39.80462103346821
Set A,B4145_D80_a0.16_ms100,$t_0$,100.0,unpaired,2.8063543903979786,39.68468615223761
Set A,B4145_D80_a0.16_ms100,$t_0$,100.0,unpaired,2.846154137713203,39.570257129144885
Set A,B4145_D80_a0.16_ms100,$t_0$,100.0,unpaired,2.8859532533164876,39.46138024889348
Set A,B4145_D80_a0.16_ms100,$t_0$,100.0,unpaired,2.9257523689197726,39.35771163503901
Set A,B4145_D80_a0.16_ms100,$t_0$,100.0,unpaired,2.965552116234997,39.25888430951781
Set A,B4145_D80_a0.16_ms100,$t_0$,100.0,unpaired,3.0053512318382816,39.16467205136272
Set A,B4145_D80_a0.16_ms100,$t_0$,100.0,unpaired,3.0451503474415667,39.074225669854016
Set A,B4145_D80_a0.16_ms100,$t_0$,100.0,unpaired,3.084950094756791,38.988257542639275
Set A,B4145_D80_a0.16_ms100,$t_0$,100.0,unpaired,3.124749210360076,38.90587133407065
Set A,B4145_D80_a0.16_ms100,$t_0$,100.0,unpaired,3.1645483259633607,38.82718968627574
Set A,B4145_D80_a0.16_ms100,$t_0$,100.0,unpaired,3.204348073278585,38.75145018982876
Set A,B4145_D80_a0.16_ms100,$t_0$,100.0,unpaired,3.2441471888818696,38.67877177887122
Set A,B4145_D80_a0.16_ms100,$t_0$,100.0,unpaired,3.283946304485155,38.60829005140119
Set A,B4145_D80_a0.16_ms100,$t_0$,100.0,unpaired,3.323746051800379,38.54052768733163
Set A,B4145_D80_a0.16_ms100,$t_0$,100.0,unpaired,3.3635451674036636,38.47470026757136
Set A,B4145_D80_a0.16_ms100,$t_0$,100.0,unpaired,3.403344283006949,38.410307382226634
Set A,B4145_D80_a0.16_ms100,$t_0$,100.0,unpaired,3.443144030322173,38.34770133820211
Set A,B4145_D80_a0.16_ms100,$t_0$,100.0,unpaired,3.4829431459254576,38.28582401674949
Set A,B4145_D80_a0.16_ms100,$t_0$,100.0,unpaired,3.522742261528743,38.22501846195276
Set A,B4145_D80_a0.16_ms100,$t_0$,100.0,unpaired,3.562542008843967,38.16524120733229
Set A,B4145_D80_a0.16_ms100,$t_0$,100.0,unpaired,3.6023411244472525,38.105839789403625
Set A,B4145_D80_a0.16_ms100,$t_0$,100.0,unpaired,3.642140240050537,38.04625112093342
Set A,B4145_D80_a0.16_ms100,$t_0$,100.0,unpaired,3.681939987365761,37.98686987868992
Set A,B4145_D80_a0.16_ms100,$t_0$,100.0,unpaired,3.7217391029690465,37.92721819081998
Set A,B4145_D80_a0.16_ms100,$t_0$,100.0,unpaired,3.761538218572331,37.866527925126285
Set A,B4145_D80_a0.16_ms100,$t_0$,100.0,unpaired,3.801337965887555,37.806052237519026
Set A,B4145_D80_a0.16_ms100,$t_0$,100.0,unpaired,3.8411370814908405,37.74393972792768
Set A,B4145_D80_a0.16_ms100,$t_0$,100.0,unpaired,3.880936197094125,37.680985382819024
Set A,B4145_D80_a0.16_ms100,$t_0$,100.0,unpaired,3.92073594440935,37.616607114471805
Set A,B4145_D80_a0.16_ms100,$t_0$,100.0,unpaired,3.9605350600126346,37.550708482814564
Set A,B4145_D80_a0.16_ms100,$t_0$,100.0,unpaired,4.00033417561592,37.483023450000914
Set A,B4145_D80_a0.16_ms100,$t_0$,100.0,unpaired,4.040133922931144,37.41369745612934
Set A,B4145_D80_a0.16_ms100,$t_0$,100.0,unpaired,4.079933038534429,37.34268067027704
Set A,B4145_D80_a0.16_ms100,$t_0$,100.0,unpaired,4.119732154137713,37.26893096679122
Set A,B4145_D80_a0.16_ms100,$t_0$,100.0,unpaired,4.1595319014529375,37.19313038558622
Set A,B4145_D80_a0.16_ms100,$t_0$,100.0,unpaired,4.199331017056222,37.114472457757046
Set A,B4145_D80_a0.16_ms100,$t_0$,100.0,unpaired,4.239130132659508,37.033465379692835
Set A,B4145_D80_a0.16_ms100,$t_0$,100.0,unpaired,4.278929879974732,36.949909129370724
Set A,B4145_D80_a0.16_ms100,$t_0$,100.0,unpaired,4.318728995578017,36.86337301839233
Set A,B4145_D80_a0.16_ms100,$t_0$,100.0,unpaired,4.358528742893241,36.774069663893215
Set A,B4145_D80_a0.16_ms100,$t_0$,100.0,unpaired,4.3983278584965255,36.681671403921385
Set A,B4145_D80_a0.16_ms100,$t_0$,100.0,unpaired,4.43812697409981,36.58571063483373
Set A,B4145_D80_a0.16_ms100,$t_0$,100.0,unpaired,4.477926721415035,36.486700004819305
Set A,B4145_D80_a0.16_ms100,$t_0$,100.0,unpaired,4.51772583701832,36.3842218031825
Set A,B4145_D80_a0.16_ms100,$t_0$,100.0,unpaired,4.557524952621605,36.278178819251
Set A,B4145_D80_a0.16_ms100,$t_0$,100.0,unpaired,4.597324699936829,36.16861773638385
Set A,B4145_D80_a0.16_ms100,$t_0$,100.0,unpaired,4.6371238155401135,36.05505511214349
Set A,B4145_D80_a0.16_ms100,$t_0$,100.0,unpaired,4.676922931143398,35.93817154625464
Set A,B4145_D80_a0.16_ms100,$t_0$,100.0,unpaired,4.716722678458623,35.81662194768473
Set A,B4145_D80_a0.16_ms100,$t_0$,100.0,unpaired,4.756521794061908,35.6919126839712
Set A,B4145_D80_a0.16_ms100,$t_0$,100.0,unpaired,4.796320909665193,35.56231738795294
Set A,B4145_D80_a0.16_ms100,$t_0$,100.0,unpaired,4.836120656980417,35.429122901189935
Set A,B4145_D80_a0.16_ms100,$t_0$,100.0,unpaired,4.875919772583702,35.29103157072172
Set A,B4145_D80_a0.16_ms100,$t_0$,100.0,unpaired,4.915718888186986,35.14881579095894
Set A,B4145_D80_a0.16_ms100,$t_0$,100.0,unpaired,4.955518635502211,35.00233307741342
Set A,B4145_D80_a0.16_ms100,$t_0$,100.0,unpaired,4.995317751105496,34.85054853800084
Set A,B4145_D80_a0.16_ms100,$t_0$,100.0,unpaired,5.035116866708781,34.69480152969802
Set A,B4145_D80_a0.16_ms100,$t_0$,100.0,unpaired,5.074916614024005,34.533774121503974
Set A,B4145_D80_a0.16_ms100,$t_0$,100.0,unpaired,5.11471572962729,34.3681801323377
Set A,B4145_D80_a0.16_ms100,$t_0$,100.0,unpaired,5.154514845230575,34.19794363161823
Set A,B4145_D80_a0.16_ms100,$t_0$,100.0,unpaired,5.194314592545799,34.02234026024303
Set A,B4145_D80_a0.16_ms100,$t_0$,100.0,unpaired,5.234113708149084,33.84179605376841
Set A,B4145_D80_a0.16_ms100,$t_0$,100.0,unpaired,5.273912823752369,33.65584872370697
Set A,B4145_D80_a0.16_ms100,$t_0$,100.0,unpaired,5.313712571067593,33.46481671615452
Set A,B4145_D80_a0.16_ms100,$t_0$,100.0,unpaired,5.353511686670878,33.26815521385135
Set A,B4145_D80_a0.16_ms100,$t_0$,100.0,unpaired,5.393310802274163,33.066051819895385
Set A,B4145_D80_a0.16_ms100,$t_0$,100.0,unpaired,5.433110549589387,32.85907117693633
Set A,B4145_D80_a0.16_ms100,$t_0$,100.0,unpaired,5.472909665192672,32.645960615563425
Set A,B4145_D80_a0.16_ms100,$t_0$,100.0,unpaired,5.512708780795958,32.42723050882579
Set A,B4145_D80_a0.16_ms100,$t_0$,100.0,unpaired,5.552508528111181,32.202420902716575
Set A,B4145_D80_a0.16_ms100,$t_0$,100.0,unpaired,5.592307643714466,31.97161481711843
Set A,B4145_D80_a0.16_ms100,$t_0$,100.0,unpaired,5.632106759317751,31.73565427530946
Set A,B4145_D80_a0.16_ms100,$t_0$,100.0,unpaired,5.6719065066329755,31.493303875383713
Set A,B4145_D80_a0.16_ms100,$t_0$,100.0,unpaired,5.711705622236261,31.244710420334606
Set A,B4145_D80_a0.16_ms100,$t_0$,100.0,unpaired,5.751504737839546,30.99049836372507
Set A,B4145_D80_a0.16_ms100,$t_0$,100.0,unpaired,5.791304485154769,30.729607210045298
Set A,B4145_D80_a0.16_ms100,$t_0$,100.0,unpaired,5.831103600758055,30.462441356932167
Set A,B4145_D80_a0.16_ms100,$t_0$,100.0,unpaired,5.870902716361339,30.189489726872274
Set A,B4145_D80_a0.16_ms100,$t_0$,100.0,unpaired,5.9107024636765635,29.91055473485573
Set A,B4145_D80_a0.16_ms100,$t_0$,100.0,unpaired,5.950501579279849,29.62474441996156
Set A,B4145_D80_a0.16_ms100,$t_0$,100.0,unpaired,5.990300694883134,29.33211207039273
Set A,B4145_D80_a0.16_ms100,$t_0$,100.0,unpaired,6.030100442198358,29.033960256130452
Set A,B4145_D80_a0.16_ms100,$t_0$,100.0,unpaired,6.069899557801643,28.72914644002234
Set A,B4145_D80_a0.16_ms100,$t_0$,100.0,unpaired,6.109699305116867,28.41811857285952
Set A,B4145_D80_a0.16_ms100,$t_0$,100.0,unpaired,6.149498420720152,28.100860218855576
Set A,B4145_D80_a0.16_ms100,$t_0$,100.0,unpaired,6.189297536323437,27.777119118150132
Set A,B4145_D80_a0.16_ms100,$t_0$,100.0,unpaired,6.22909728363866,27.4473972459834
Set A,B4145_D80_a0.16_ms100,$t_0$,100.0,unpaired,6.268896399241946,27.111062055558158
Set A,B4145_D80_a0.16_ms100,$t_0$,100.0,unpaired,6.308695514845231,26.769032715283487
Set A,B4145_D80_a0.16_ms100,$t_0$,100.0,unpaired,6.348496525584333,26.42044915529596
Set A,B4145_D80_a0.16_ms100,$t_0$,100.0,unpaired,6.3882943777637395,26.066665722101266
Set A,B4145_D80_a0.16_ms100,$t_0$,100.0,unpaired,6.428092229943147,25.70690860164743
Set A,B4145_D80_a0.16_ms100,$t_0$,100.0,unpaired,6.467890082122553,25.341478681021627
Set A,B4145_D80_a0.16_ms100,$t_0$,100.0,unpaired,6.507694251421352,24.971468647378774
Set A,B4145_D80_a0.16_ms100,$t_0$,100.0,unpaired,6.547492103600758,24.59567383668976
Set A,B4145_D80_a0.16_ms100,$t_0$,100.0,unpaired,6.587289955780164,24.21514502235091
Set A,B4145_D80_a0.16_ms100,$t_0$,100.0,unpaired,6.62708780795957,23.829728837543982
Set A,B4145_D80_a0.16_ms100,$t_0$,100.0,unpaired,6.666891977258371,23.43937814980781
Set A,B4145_D80_a0.16_ms100,$t_0$,100.0,unpaired,6.706689829437776,23.046071246260347
Set A,B4145_D80_a0.16_ms100,$t_0$,100.0,unpaired,6.746487681617182,22.6485878819639
Set A,B4145_D80_a0.16_ms100,$t_0$,100.0,unpaired,6.786285533796589,22.247523915692927
Set A,B4145_D80_a0.16_ms100,$t_0$,100.0,unpaired,6.826089703095389,21.843455691208867
Set A,B4145_D80_a0.16_ms100,$t_0$,100.0,unpaired,6.865887555274795,21.43668158081673
Set A,B4145_D80_a0.16_ms100,$t_0$,100.0,unpaired,6.905685407454201,21.027652207825557
Set A,B4145_D80_a0.16_ms100,$t_0$,100.0,unpaired,6.9454832596336065,20.617123592928927
Set A,B4145_D80_a0.16_ms100,$t_0$,100.0,unpaired,6.985287428932407,20.205807570481646
Set A,B4145_D80_a0.16_ms100,$t_0$,100.0,unpaired,7.025085281111814,19.793105873003782
Set A,B4145_D80_a0.16_ms100,$t_0$,100.0,unpaired,7.064883133291219,19.379793032937336
Set A,B4145_D80_a0.16_ms100,$t_0$,100.0,unpaired,7.104680985470625,18.966466950239205
Set A,B4145_D80_a0.16_ms100,$t_0$,100.0,unpaired,7.1444788376500314,18.554307498247415
Set A,B4145_D80_a0.16_ms100,$t_0$,100.0,unpaired,7.1842830069488315,18.14428534406343
Set A,B4145_D80_a0.16_ms100,$t_0$,100.0,unpaired,7.224080859128238,17.73579987587718
Set A,B4145_D80_a0.16_ms100,$t_0$,100.0,unpaired,7.263878711307644,17.329856915205415
Set A,B4145_D80_a0.16_ms100,$t_0$,100.0,unpaired,7.30367656348705,16.92603179601885
Set A,B4145_D80_a0.16_ms100,$t_0$,100.0,unpaired,7.34348073278585,16.524109585787496
Set A,B4145_D80_a0.16_ms100,$t_0$,100.0,unpaired,7.3832785849652565,16.12614864388862
Set A,B4145_D80_a0.16_ms100,$t_0$,100.0,unpaired,7.423076437144663,15.731716594781293
Set A,B4145_D80_a0.16_ms100,$t_0$,100.0,unpaired,7.462874289324068,15.34391427660211
Set A,B4145_D80_a0.16_ms100,$t_0$,100.0,unpaired,7.502678458622867,14.961952282233993
Set A,B4145_D80_a0.16_ms100,$t_0$,100.0,unpaired,7.542476310802275,14.584927054225343
Set A,B4145_D80_a0.16_ms100,$t_0$,100.0,unpaired,7.5822741629816806,14.209669896969832
Set A,B4145_D80_a0.16_ms100,$t_0$,100.0,unpaired,7.622072015161087,13.837199868501475
Set A,B4145_D80_a0.16_ms100,$t_0$,100.0,unpaired,7.661869867340493,13.469967007749187
Set A,B4145_D80_a0.16_ms100,$t_0$,100.0,unpaired,7.701674036639292,13.112061214561047
Set A,B4145_D80_a0.16_ms100,$t_0$,100.0,unpaired,7.741471888818699,12.763864825133984
Set A,B4145_D80_a0.16_ms100,$t_0$,100.0,unpaired,7.7812697409981055,12.42549398507333
Set A,B4145_D80_a0.16_ms100,$t_0$,100.0,unpaired,7.821067593177512,12.09492650861384
Set A,B4145_D80_a0.16_ms100,$t_0$,100.0,unpaired,7.860871762476311,11.77102738566136
Set A,B4145_D80_a0.16_ms100,$t_0$,100.0,unpaired,7.900669614655716,11.450129908444358
Set A,B4145_D80_a0.16_ms100,$t_0$,100.0,unpaired,7.940467466835124,11.13236581238087
Set A,B4145_D80_a0.16_ms100,$t_0$,100.0,unpaired,7.98026531901453,10.819434046219422
Set A,B4145_D80_a0.16_ms100,$t_0$,100.0,unpaired,8.020069488313329,10.514202989527321
Set A,B4145_D80_a0.16_ms100,$t_0$,100.0,unpaired,8.059867340492735,10.221106414631707
Set A,B4145_D80_a0.16_ms100,$t_0$,100.0,unpaired,8.099665192672141,9.944782742047986
Set A,B4145_D80_a0.16_ms100,$t_0$,100.0,unpaired,8.13946304485155,9.685949976269816
Set A,B4145_D80_a0.16_ms100,$t_0$,100.0,unpaired,8.179267214150348,9.43180125534656
Set A,B4145_D80_a0.16_ms100,$t_0$,100.0,unpaired,8.219065066329753,9.176339162845556
Set A,B4145_D80_a0.16_ms100,$t_0$,100.0,unpaired,8.258862918509159,8.918703049959367
Set A,B4145_D80_a0.16_ms100,$t_0$,100.0,unpaired,8.298660770688565,8.658443980160305
Set A,B4145_D80_a0.16_ms100,$t_0$,100.0,unpaired,8.338458622867973,8.395645373724358
Set A,B4145_D80_a0.16_ms100,$t_0$,100.0,unpaired,8.378262792166772,8.131853796766372
Set A,B4145_D80_a0.16_ms100,$t_0$,100.0,unpaired,8.418060644346179,7.870569598155198
Set A,B4145_D80_a0.16_ms100,$t_0$,100.0,unpaired,8.457858496525585,7.619493018890032
Set A,B4145_D80_a0.16_ms100,$t_0$,100.0,unpaired,8.49765634870499,7.3860129647641735
Set A,B4145_D80_a0.16_ms100,$t_0$,100.0,unpaired,8.53746051800379,7.170249227128919
Set A,B4145_D80_a0.16_ms100,$t_0$,100.0,unpaired,8.577258370183197,6.969245013549662
Set A,B4145_D80_a0.16_ms100,$t_0$,100.0,unpaired,8.617056222362603,6.77862707831919
Set A,B4145_D80_a0.16_ms100,$t_0$,100.0,unpaired,8.656854074542009,6.59470618971747
Set A,B4145_D80_a0.16_ms100,$t_0$,100.0,unpaired,8.696658243840808,6.412728586168935
Set A,B4145_D80_a0.16_ms100,$t_0$,100.0,unpaired,8.736456096020214,6.228225663581341
Set A,B4145_D80_a0.16_ms100,$t_0$,100.0,unpaired,8.77625394819962,6.035473770489164
Set A,B4145_D80_a0.16_ms100,$t_0$,100.0,unpaired,8.816051800379027,5.8270007960195995
Set A,B4145_D80_a0.16_ms100,$t_0$,100.0,unpaired,8.855855969677828,5.6000657803351315
Set A,B4145_D80_a0.16_ms100,$t_0$,100.0,unpaired,8.895653821857234,5.362905203904719
Set A,B4145_D80_a0.16_ms100,$t_0$,100.0,unpaired,8.93545167403664,5.131830577113407
Set A,B4145_D80_a0.16_ms100,$t_0$,100.0,unpaired,8.975249526216045,4.9220450350957075
Set A,B4145_D80_a0.16_ms100,$t_0$,100.0,unpaired,9.015047378395451,4.740001294708814
Set A,B4145_D80_a0.16_ms100,$t_0$,100.0,unpaired,9.054851547694252,4.5853272361246615
Set A,B4145_D80_a0.16_ms100,$t_0$,100.0,unpaired,9.094649399873658,4.467582649861664
Set A,B4145_D80_a0.16_ms100,$t_0$,100.0,unpaired,9.134447252053064,4.376836465854836
Set A,B4145_D80_a0.16_ms100,$t_0$,100.0,unpaired,9.17424510423247,4.289844320451735
Set A,B4145_D80_a0.16_ms100,$t_0$,100.0,unpaired,9.21404927353127,4.2054701208617065
Set A,B4145_D80_a0.16_ms100,$t_0$,100.0,unpaired,9.253847125710676,4.122553511001319
Set A,B4145_D80_a0.16_ms100,$t_0$,100.0,unpaired,9.293644977890082,4.0403398453531
Set A,B4145_D80_a0.16_ms100,$t_0$,100.0,unpaired,9.333442830069488,3.958086687033283
Set A,B4145_D80_a0.16_ms100,$t_0$,100.0,unpaired,9.373246999368288,3.8747751628863107
Set A,B4145_D80_a0.16_ms100,$t_0$,100.0,unpaired,9.413044851547696,3.789288401007046
Set A,B4145_D80_a0.16_ms100,$t_0$,100.0,unpaired,9.452842703727102,3.7006226439363896
Set A,B4145_D80_a0.16_ms100,$t_0$,100.0,unpaired,9.492640555906506,3.608004522040305
Set A,B4145_D80_a0.16_ms100,$t_0$,100.0,unpaired,9.532438408085913,3.5106647377590794
Set A,B4145_D80_a0.16_ms100,$t_0$,100.0,unpaired,9.572242577384712,3.408377752592322
Set A,B4145_D80_a0.16_ms100,$t_0$,100.0,unpaired,9.61204042956412,3.301213292693785
Set A,B4145_D80_a0.16_ms100,$t_0$,100.0,unpaired,9.651838281743526,3.189715662161704
Set A,B4145_D80_a0.16_ms100,$t_0$,100.0,unpaired,9.691636133922932,3.0750659390854156
Set A,B4145_D80_a0.16_ms100,$t_0$,100.0,unpaired,9.731440303221731,2.959075936594087
Set A,B4145_D80_a0.16_ms100,$t_0$,100.0,unpaired,9.771238155401138,2.844211417679695
Set A,B4145_D80_a0.16_ms100,$t_0$,100.0,unpaired,9.811036007580544,2.733142478773527
Set A,B4145_D80_a0.16_ms100,$t_0$,100.0,unpaired,9.85083385975995,2.6272238872188725
Set A,B4145_D80_a0.16_ms100,$t_0$,100.0,unpaired,9.89063802905875,2.5279753209933546
Set A,B4145_D80_a0.16_ms100,$t_0$,100.0,unpaired,9.930435881238155,2.4364575800890687
Set A,B4145_D80_a0.16_ms100,$t_0$,100.0,unpaired,9.970233733417562,2.352937933624668
Set A,B4145_D80_a0.16_ms100,$t_0$,100.0,unpaired,10.010031585596968,2.2772023905862673
Set A,B4145_D80_a0.16_ms100,$t_0$,100.0,unpaired,10.049835754895767,2.208916619810323
Set A,B4145_D80_a0.16_ms100,$t_0$,100.0,unpaired,10.089633607075173,2.14738209965806
Set A,B4145_D80_a0.16_ms100,$t_0$,100.0,unpaired,10.12943145925458,2.0920018678558026
Set A,B4145_D80_a0.16_ms100,$t_0$,100.0,unpaired,10.169229311433986,2.0420118179754443
Set A,B4145_D80_a0.16_ms100,$t_0$,100.0,unpaired,10.209027163613394,1.997050843322662
Set A,B4145_D80_a0.16_ms100,$t_0$,100.0,unpaired,10.248831332912193,1.956401380751953
Set A,B4145_D80_a0.16_ms100,$t_0$,100.0,unpaired,10.288629185091597,1.919468397791552
Set A,B4145_D80_a0.16_ms100,$t_0$,100.0,unpaired,10.328427037271004,1.8857404017616686
Set A,B4145_D80_a0.16_ms100,$t_0$,100.0,unpaired,10.36822488945041,1.8547898014072584
Set A,B4145_D80_a0.16_ms100,$t_0$,100.0,unpaired,10.40802905874921,1.8261939648182903
Set A,B4145_D80_a0.16_ms100,$t_0$,100.0,unpaired,10.447826910928617,1.799814051965963
Set A,B4145_D80_a0.16_ms100,$t_0$,100.0,unpaired,10.487624763108023,1.7753278349432289
Set A,B4145_D80_a0.16_ms100,$t_0$,100.0,unpaired,10.52742261528743,1.752557400689784
Set A,B4145_D80_a0.16_ms100,$t_0$,100.0,unpaired,10.567226784586229,1.7313438026199623
Set A,B4145_D80_a0.16_ms100,$t_0$,100.0,unpaired,10.607024636765635,1.7115073390646236
Set A,B4145_D80_a0.16_ms100,$t_0$,100.0,unpaired,10.646822488945041,1.6927947114548905
Set A,B4145_D80_a0.16_ms100,$t_0$,100.0,unpaired,10.686620341124447,1.674550234528827
Set A,B4145_D80_a0.16_ms100,$t_0$,100.0,unpaired,10.726424510423248,1.6573664564467303
Set A,B4145_D80_a0.16_ms100,$t_0$,100.0,unpaired,10.766222362602655,1.641172191592466
Set A,B4145_D80_a0.16_ms100,$t_0$,100.0,unpaired,10.806020214782059,1.6258736015138782
Set A,B4145_D80_a0.16_ms100,$t_0$,100.0,unpaired,10.845818066961465,1.6114150010827868
Set A,B4145_D80_a0.16_ms100,$t_0$,100.0,unpaired,10.885615919140871,1.5977364253248831
Set A,B4145_D80_a0.16_ms100,$t_0$,100.0,unpaired,10.925420088439672,1.5847827878976821
Set A,B4145_D80_a0.16_ms100,$t_0$,100.0,unpaired,10.965217940619079,1.5725043149196167
Set A,B4145_D80_a0.16_ms100,$t_0$,100.0,unpaired,11.005015792798485,1.5608546937518244
Set A,B4145_D80_a0.16_ms100,$t_0$,100.0,unpaired,11.044813644977891,1.5497934214276774
Set A,B4145_D80_a0.16_ms100,$t_0$,100.0,unpaired,11.08461781427669,1.5392808361332608
Set A,B4145_D80_a0.16_ms100,$t_0$,100.0,unpaired,11.124415666456096,1.5292839637996667
Set A,B4145_D80_a0.16_ms100,$t_0$,100.0,unpaired,11.164213518635503,1.5197623900420993
Set A,B4145_D80_a0.16_ms100,$t_0$,100.0,unpaired,11.204011370814909,1.5107001204884214
Set A,B4145_D80_a0.16_ms100,$t_0$,100.0,unpaired,11.243815540113708,1.5020565319919768
Set A,B4145_D80_a0.16_ms100,$t_0$,100.0,unpaired,11.283613392293114,1.4938137352687082
Set A,B4145_D80_a0.16_ms100,$t_0$,100.0,unpaired,11.32341124447252,1.4859481597682855
Set A,B4145_D80_a0.16_ms100,$t_0$,100.0,unpaired,11.363209096651927,1.4784378713405522
Set A,B4145_D80_a0.16_ms100,$t_0$,100.0,unpaired,11.403006948831333,1.471262622137069
Set A,B4145_D80_a0.16_ms100,$t_0$,100.0,unpaired,11.442811118130132,1.4644036204325632
Set A,B4145_D80_a0.16_ms100,$t_0$,100.0,unpaired,11.482608970309538,1.457839682583147
Set A,B4145_D80_a0.16_ms100,$t_0$,100.0,unpaired,11.522406822488946,1.4516060842357887
Set A,B4145_D80_a0.16_ms100,$t_0$,100.0,unpaired,11.562204674668353,1.4501158033513286
Set A,B4145_D80_a0.16_ms100,$t_0$,100.0,unpaired,11.602008843967152,1.4501158033513286
Set A,B4145_D80_a0.16_ms100,$t_0$,100.0,unpaired,11.641806696146556,1.4501158033513286
Set A,B4145_D80_a0.16_ms100,$t_0$,100.0,unpaired,11.681604548325963,1.4501158033513286
Set A,B4145_D80_a0.16_ms100,$t_0$,100.0,unpaired,11.72140240050537,1.4501158033513286
Set A,B4145_D80_a0.16_ms100,$t_0$,100.0,unpaired,11.76120656980417,1.4501158033513286
Set A,B4145_D80_a0.16_ms100,$t_0$,100.0,unpaired,11.801004421983576,1.4501158033513286
Set A,B4145_D80_a0.16_ms100,$t_0$,100.0,unpaired,11.840802274162982,1.4501158033513286
Set A,B4145_D80_a0.16_ms100,$t_0$,100.0,unpaired,11.880600126342388,1.4501158033513286
Set A,B4145_D80_a0.16_ms100,$t_0$,100.0,unpaired,11.920404295641188,1.4501158033513286
Set A,B4145_D80_a0.16_ms100,$t_0$,100.0,unpaired,11.960202147820594,1.4501158033513286
Set A,B4145_D80_a0.16_ms100,$t_0$,100.0,unpaired,12.0,1.4501158033513286
Set A,B4145_D80_a0.16_ms100,$t_0$,100.0,cfl,0.1,94.00092745697437
Set A,B4145_D80_a0.16_ms100,$t_0$,100.0,cfl,0.13979930511686672,89.15165446359799
Set A,B4145_D80_a0.16_ms100,$t_0$,100.0,cfl,0.17959867340492736,85.10077991877989
Set A,B4145_D80_a0.16_ms100,$t_0$,100.0,cfl,0.21939797852179407,81.64136592581094
Set A,B4145_D80_a0.16_ms100,$t_0$,100.0,cfl,0.25919734680985473,78.64433664958945
Set A,B4145_D80_a0.16_ms100,$t_0$,100.0,cfl,0.2989966519267214,76.0218845995495
Set A,B4145_D80_a0.16_ms100,$t_0$,100.0,cfl,0.33879595704358817,73.70994422715015
Set A,B4145_D80_a0.16_ms100,$t_0$,100.0,cfl,0.3785953253316488,71.65924382820431
Set A,B4145_D80_a0.16_ms100,$t_0$,100.0,cfl,0.4183946304485155,69.82993328144671
Set A,B4145_D80_a0.16_ms100,$t_0$,100.0,cfl,0.4581939987365761,68.18934273561047
Set A,B4145_D80_a0.16_ms100,$t_0$,100.0,cfl,0.49799330385344287,66.71104852430004
Set A,B4145_D80_a0.16_ms100,$t_0$,100.0,cfl,0.5377926721415035,65.36783367376216
Set A,B4145_D80_a0.16_ms100,$t_0$,100.0,cfl,0.5775919772583702,64.14664362502874
Set A,B4145_D80_a0.16_ms100,$t_0$,100.0,cfl,0.6173912823752369,63.035721641069635
Set A,B4145_D80_a0.16_ms100,$t_0$,100.0,cfl,0.6571907770056854,61.997566342286845
Set A,B4145_D80_a0.16_ms100,$t_0$,100.0,cfl,0.6969898926089704,61.0192500456515
Set A,B4145_D80_a0.16_ms100,$t_0$,100.0,cfl,0.7367890082122552,60.14845499149596
Set A,B4145_D80_a0.16_ms100,$t_0$,100.0,cfl,0.7765887555274795,59.38696700548364
Set A,B4145_D80_a0.16_ms100,$t_0$,100.0,cfl,0.8163878711307644,58.640619367351796
Set A,B4145_D80_a0.16_ms100,$t_0$,100.0,cfl,0.8561869867340492,57.7567949896939
Set A,B4145_D80_a0.16_ms100,$t_0$,100.0,cfl,0.8959867340492736,56.34630362630329
Set A,B4145_D80_a0.16_ms100,$t_0$,100.0,cfl,0.9357858496525585,54.397990441486485
Set A,B4145_D80_a0.16_ms100,$t_0$,100.0,cfl,0.9755855969677827,52.534199600012656
Set A,B4145_D80_a0.16_ms100,$t_0$,100.0,cfl,1.0153847125710675,50.81756955357174
Set A,B4145_D80_a0.16_ms100,$t_0$,100.0,cfl,1.0551838281743526,49.224538549157316
Set A,B4145_D80_a0.16_ms100,$t_0$,100.0,cfl,1.0949835754895767,47.751463248083624
Set A,B4145_D80_a0.16_ms100,$t_0$,100.0,cfl,1.1347826910928616,46.384883054844224
Set A,B4145_D80_a0.16_ms100,$t_0$,100.0,cfl,1.1745818066961466,45.113335739748905
Set A,B4145_D80_a0.16_ms100,$t_0$,100.0,cfl,1.214381554011371,43.9258007681435
Set A,B4145_D80_a0.16_ms100,$t_0$,100.0,cfl,1.2541806696146558,42.81230021269001
Set A,B4145_D80_a0.16_ms100,$t_0$,100.0,cfl,1.2939797852179407,41.763882180469
Set A,B4145_D80_a0.16_ms100,$t_0$,100.0,cfl,1.333779532533165,40.773053867741055
Set A,B4145_D80_a0.16_ms100,$t_0$,100.0,cfl,1.3735786481364498,39.833212894589046
Set A,B4145_D80_a0.16_ms100,$t_0$,100.0,cfl,1.413377763739735,38.93874095813657
Set A,B4145_D80_a0.16_ms100,$t_0$,100.0,cfl,1.453177511054959,38.08494994157785
Set A,B4145_D80_a0.16_ms100,$t_0$,100.0,cfl,1.4929766266582438,37.26758454724748
Set A,B4145_D80_a0.16_ms100,$t_0$,100.0,cfl,1.532775742261529,36.48330601653576
Set A,B4145_D80_a0.16_ms100,$t_0$,100.0,cfl,1.5725754895767532,35.72906350467097
Set A,B4145_D80_a0.16_ms100,$t_0$,100.0,cfl,1.6123746051800378,35.002322903461156
Set A,B4145_D80_a0.16_ms100,$t_0$,100.0,cfl,1.652173720783323,34.30094443203564
Set A,B4145_D80_a0.16_ms100,$t_0$,100.0,cfl,1.6919734680985472,33.622933024094365
Set A,B4145_D80_a0.16_ms100,$t_0$,100.0,cfl,1.7317725837018318,32.96673426998851
Set A,B4145_D80_a0.16_ms100,$t_0$,100.0,cfl,1.771571699305117,32.33103367200707
Set A,B4145_D80_a0.16_ms100,$t_0$,100.0,cfl,1.8113714466203412,31.714397908203768
Set A,B4145_D80_a0.16_ms100,$t_0$,100.0,cfl,1.8511705622236259,31.115939277087573
Set A,B4145_D80_a0.16_ms100,$t_0$,100.0,cfl,1.890969677826911,30.5347609297425
Set A,B4145_D80_a0.16_ms100,$t_0$,100.0,cfl,1.9307694251421352,29.969980086970974
Set A,B4145_D80_a0.16_ms100,$t_0$,100.0,cfl,1.9705685407454203,29.420975264786257
Set A,B4145_D80_a0.16_ms100,$t_0$,100.0,cfl,2.010367656348705,28.887199099893856
Set A,B4145_D80_a0.16_ms100,$t_0$,100.0,cfl,2.050167403663929,28.36795704546621
Set A,B4145_D80_a0.16_ms100,$t_0$,100.0,cfl,2.089966519267214,27.8633286357904
Set A,B4145_D80_a0.16_ms100,$t_0$,100.0,cfl,2.129765634870499,27.372258938337865
Set A,B4145_D80_a0.16_ms100,$t_0$,100.0,cfl,2.169565382185723,26.894842621607506
Set A,B4145_D80_a0.16_ms100,$t_0$,100.0,cfl,2.209364497789008,26.43107873759188
Set A,B4145_D80_a0.16_ms100,$t_0$,100.0,cfl,2.249163613392293,25.980165598692437
Set A,B4145_D80_a0.16_ms100,$t_0$,100.0,cfl,2.2889633607075175,25.541827391905294
Set A,B4145_D80_a0.16_ms100,$t_0$,100.0,cfl,2.328762476310802,25.11679584606353
Set A,B4145_D80_a0.16_ms100,$t_0$,100.0,cfl,2.368561591914087,24.70430980740624
Set A,B4145_D80_a0.16_ms100,$t_0$,100.0,cfl,2.4083613392293115,24.304322912384244
Set A,B4145_D80_a0.16_ms100,$t_0$,100.0,cfl,2.448160454832596,23.916784143442257
Set A,B4145_D80_a0.16_ms100,$t_0$,100.0,cfl,2.4879595704358817,23.54160998445007
Set A,B4145_D80_a0.16_ms100,$t_0$,100.0,cfl,2.5277593177511055,23.17833753321918
Set A,B4145_D80_a0.16_ms100,$t_0$,100.0,cfl,2.56755843335439,22.82703742635005
Set A,B4145_D80_a0.16_ms100,$t_0$,100.0,cfl,2.6073575489576757,22.4875942232062
Set A,B4145_D80_a0.16_ms100,$t_0$,100.0,cfl,2.6471572962728995,22.159881382627532
Set A,B4145_D80_a0.16_ms100,$t_0$,100.0,cfl,2.686956411876184,21.843279958799027
Set A,B4145_D80_a0.16_ms100,$t_0$,100.0,cfl,2.726756159191409,21.53739898630081
Set A,B4145_D80_a0.16_ms100,$t_0$,100.0,cfl,2.7665552747946935,21.242646371174246
Set A,B4145_D80_a0.16_ms100,$t_0$,100.0,cfl,2.8063543903979786,20.95800190975799
Set A,B4145_D80_a0.16_ms100,$t_0$,100.0,cfl,2.846154137713203,20.683337961613017
Set A,B4145_D80_a0.16_ms100,$t_0$,100.0,cfl,2.8859532533164876,20.4178850414996
Set A,B4145_D80_a0.16_ms100,$t_0$,100.0,cfl,2.9257523689197726,20.16144602427428
Set A,B4145_D80_a0.16_ms100,$t_0$,100.0,cfl,2.965552116234997,19.913278640456728
Set A,B4145_D80_a0.16_ms100,$t_0$,100.0,cfl,3.0053512318382816,19.672853215710205
Set A,B4145_D80_a0.16_ms100,$t_0$,100.0,cfl,3.0451503474415667,19.44028076468355
Set A,B4145_D80_a0.16_ms100,$t_0$,100.0,cfl,3.084950094756791,19.214956307641067
Set A,B4145_D80_a0.16_ms100,$t_0$,100.0,cfl,3.124749210360076,18.996248903767746
Set A,B4145_D80_a0.16_ms100,$t_0$,100.0,cfl,3.1645483259633607,18.78377107701989
Set A,B4145_D80_a0.16_ms100,$t_0$,100.0,cfl,3.204348073278585,18.576996339888296
Set A,B4145_D80_a0.16_ms100,$t_0$,100.0,cfl,3.2441471888818696,18.375718264178833
Set A,B4145_D80_a0.16_ms100,$t_0$,100.0,cfl,3.283946304485155,18.179043207927783
Set A,B4145_D80_a0.16_ms100,$t_0$,100.0,cfl,3.323746051800379,17.986981618388008
Set A,B4145_D80_a0.16_ms100,$t_0$,100.0,cfl,3.3635451674036636,17.798896679652728
Set A,B4145_D80_a0.16_ms100,$t_0$,100.0,cfl,3.403344283006949,17.6145272701502
Set A,B4145_D80_a0.16_ms100,$t_0$,100.0,cfl,3.443144030322173,17.433211226102255
Set A,B4145_D80_a0.16_ms100,$t_0$,100.0,cfl,3.4829431459254576,17.2552313058222
Set A,B4145_D80_a0.16_ms100,$t_0$,100.0,cfl,3.522742261528743,17.07990433207752
Set A,B4145_D80_a0.16_ms100,$t_0$,100.0,cfl,3.562542008843967,16.907250013149774
Set A,B4145_D80_a0.16_ms100,$t_0$,100.0,cfl,3.6023411244472525,16.736862140601936
Set A,B4145_D80_a0.16_ms100,$t_0$,100.0,cfl,3.642140240050537,16.56906606992419
Set A,B4145_D80_a0.16_ms100,$t_0$,100.0,cfl,3.681939987365761,16.403248172173665
Set A,B4145_D80_a0.16_ms100,$t_0$,100.0,cfl,3.7217391029690465,16.23969159962209
Set A,B4145_D80_a0.16_ms100,$t_0$,100.0,cfl,3.761538218572331,16.07809937146902
Set A,B4145_D80_a0.16_ms100,$t_0$,100.0,cfl,3.801337965887555,15.918619128112008
Set A,B4145_D80_a0.16_ms100,$t_0$,100.0,cfl,3.8411370814908405,15.760924872721011
Set A,B4145_D80_a0.16_ms100,$t_0$,100.0,cfl,3.880936197094125,15.605514821435674
Set A,B4145_D80_a0.16_ms100,$t_0$,100.0,cfl,3.92073594440935,15.45165562251438
Set A,B4145_D80_a0.16_ms100,$t_0$,100.0,cfl,3.9605350600126346,15.299666164016978
Set A,B4145_D80_a0.16_ms100,$t_0$,100.0,cfl,4.00033417561592,15.148632879864007
Set A,B4145_D80_a0.16_ms100,$t_0$,100.0,cfl,4.040133922931144,14.998677816551814
Set A,B4145_D80_a0.16_ms100,$t_0$,100.0,cfl,4.079933038534429,14.84961867929543
Set A,B4145_D80_a0.16_ms100,$t_0$,100.0,cfl,4.119732154137713,14.701876273395069
Set A,B4145_D80_a0.16_ms100,$t_0$,100.0,cfl,4.1595319014529375,14.555233684762186
Set A,B4145_D80_a0.16_ms100,$t_0$,100.0,cfl,4.199331017056222,14.409680536785118
Set A,B4145_D80_a0.16_ms100,$t_0$,100.0,cfl,4.239130132659508,14.265221531600043
Set A,B4145_D80_a0.16_ms100,$t_0$,100.0,cfl,4.278929879974732,14.121869988530262
Set A,B4145_D80_a0.16_ms100,$t_0$,100.0,cfl,4.318728995578017,13.980084858928757
Set A,B4145_D80_a0.16_ms100,$t_0$,100.0,cfl,4.358528742893241,13.839298196117312
Set A,B4145_D80_a0.16_ms100,$t_0$,100.0,cfl,4.3983278584965255,13.700047178762478
Set A,B4145_D80_a0.16_ms100,$t_0$,100.0,cfl,4.43812697409981,13.562784020314794
Set A,B4145_D80_a0.16_ms100,$t_0$,100.0,cfl,4.477926721415035,13.42714990392936
Set A,B4145_D80_a0.16_ms100,$t_0$,100.0,cfl,4.51772583701832,13.29383451191782
Set A,B4145_D80_a0.16_ms100,$t_0$,100.0,cfl,4.557524952621605,13.16260142936151
Set A,B4145_D80_a0.16_ms100,$t_0$,100.0,cfl,4.597324699936829,13.033596634260997
Set A,B4145_D80_a0.16_ms100,$t_0$,100.0,cfl,4.6371238155401135,12.906769066370565
Set A,B4145_D80_a0.16_ms100,$t_0$,100.0,cfl,4.676922931143398,12.782162233613608
Set A,B4145_D80_a0.16_ms100,$t_0$,100.0,cfl,4.716722678458623,12.660225838401505
Set A,B4145_D80_a0.16_ms100,$t_0$,100.0,cfl,4.756521794061908,12.539943933952992
Set A,B4145_D80_a0.16_ms100,$t_0$,100.0,cfl,4.796320909665193,12.422066685970343
Set A,B4145_D80_a0.16_ms100,$t_0$,100.0,cfl,4.836120656980417,12.306380499055141
Set A,B4145_D80_a0.16_ms100,$t_0$,100.0,cfl,4.875919772583702,12.19233599768955
Set A,B4145_D80_a0.16_ms100,$t_0$,100.0,cfl,4.915718888186986,12.07997176245862
Set A,B4145_D80_a0.16_ms100,$t_0$,100.0,cfl,4.955518635502211,11.969399774860806
Set A,B4145_D80_a0.16_ms100,$t_0$,100.0,cfl,4.995317751105496,11.860161624804693
Set A,B4145_D80_a0.16_ms100,$t_0$,100.0,cfl,5.035116866708781,11.751878965158744
Set A,B4145_D80_a0.16_ms100,$t_0$,100.0,cfl,5.074916614024005,11.64425888095273
Set A,B4145_D80_a0.16_ms100,$t_0$,100.0,cfl,5.11471572962729,11.537220616266172
Set A,B4145_D80_a0.16_ms100,$t_0$,100.0,cfl,5.154514845230575,11.430556179354006
Set A,B4145_D80_a0.16_ms100,$t_0$,100.0,cfl,5.194314592545799,11.324081276271647
Set A,B4145_D80_a0.16_ms100,$t_0$,100.0,cfl,5.234113708149084,11.217138671390977
Set A,B4145_D80_a0.16_ms100,$t_0$,100.0,cfl,5.273912823752369,11.109789965356972
Set A,B4145_D80_a0.16_ms100,$t_0$,100.0,cfl,5.313712571067593,11.001900353162439
Set A,B4145_D80_a0.16_ms100,$t_0$,100.0,cfl,5.353511686670878,10.893544819322166
Set A,B4145_D80_a0.16_ms100,$t_0$,100.0,cfl,5.393310802274163,10.78419316366359
Set A,B4145_D80_a0.16_ms100,$t_0$,100.0,cfl,5.433110549589387,10.674216369850695
Set A,B4145_D80_a0.16_ms100,$t_0$,100.0,cfl,5.472909665192672,10.563615491407282
Set A,B4145_D80_a0.16_ms100,$t_0$,100.0,cfl,5.512708780795958,10.452504235381829
Set A,B4145_D80_a0.16_ms100,$t_0$,100.0,cfl,5.552508528111181,10.341143225398026
Set A,B4145_D80_a0.16_ms100,$t_0$,100.0,cfl,5.592307643714466,10.229685904997748
Set A,B4145_D80_a0.16_ms100,$t_0$,100.0,cfl,5.632106759317751,10.1184672922152
Set A,B4145_D80_a0.16_ms100,$t_0$,100.0,cfl,5.6719065066329755,10.007644309483672
Set A,B4145_D80_a0.16_ms100,$t_0$,100.0,cfl,5.711705622236261,9.897502307900108
Set A,B4145_D80_a0.16_ms100,$t_0$,100.0,cfl,5.751504737839546,9.788141154504277
Set A,B4145_D80_a0.16_ms100,$t_0$,100.0,cfl,5.791304485154769,9.677649344422646
Set A,B4145_D80_a0.16_ms100,$t_0$,100.0,cfl,5.831103600758055,9.564433566202853
Set A,B4145_D80_a0.16_ms100,$t_0$,100.0,cfl,5.870902716361339,9.449343747674872
Set A,B4145_D80_a0.16_ms100,$t_0$,100.0,cfl,5.9107024636765635,9.33154089931674
Set A,B4145_D80_a0.16_ms100,$t_0$,100.0,cfl,5.950501579279849,9.211178340597556
Set A,B4145_D80_a0.16_ms100,$t_0$,100.0,cfl,5.990300694883134,9.087736385557978
Set A,B4145_D80_a0.16_ms100,$t_0$,100.0,cfl,6.030100442198358,8.961286881163396
Set A,B4145_D80_a0.16_ms100,$t_0$,100.0,cfl,6.069899557801643,8.831485196345653
Set A,B4145_D80_a0.16_ms100,$t_0$,100.0,cfl,6.109699305116867,8.698337819665289
Set A,B4145_D80_a0.16_ms100,$t_0$,100.0,cfl,6.149498420720152,8.561998944433238
Set A,B4145_D80_a0.16_ms100,$t_0$,100.0,cfl,6.189297536323437,8.422334532623054
Set A,B4145_D80_a0.16_ms100,$t_0$,100.0,cfl,6.22909728363866,8.280101278133639
Set A,B4145_D80_a0.16_ms100,$t_0$,100.0,cfl,6.268896399241946,8.135140352949334
Set A,B4145_D80_a0.16_ms100,$t_0$,100.0,cfl,6.308695514845231,7.9884148555241445
Set A,B4145_D80_a0.16_ms100,$t_0$,100.0,cfl,6.348496525584333,7.841007325887023
Set A,B4145_D80_a0.16_ms100,$t_0$,100.0,cfl,6.3882943777637395,7.695247214227137
Set A,B4145_D80_a0.16_ms100,$t_0$,100.0,cfl,6.428092229943147,7.553049765607101
Set A,B4145_D80_a0.16_ms100,$t_0$,100.0,cfl,6.467890082122553,7.415165557130878
Set A,B4145_D80_a0.16_ms100,$t_0$,100.0,cfl,6.507694251421352,7.282127418265937
Set A,B4145_D80_a0.16_ms100,$t_0$,100.0,cfl,6.547492103600758,7.153728349083638
Set A,B4145_D80_a0.16_ms100,$t_0$,100.0,cfl,6.587289955780164,7.029441389546953
Set A,B4145_D80_a0.16_ms100,$t_0$,100.0,cfl,6.62708780795957,6.90871972662895
Set A,B4145_D80_a0.16_ms100,$t_0$,100.0,cfl,6.666891977258371,6.790770636333546
Set A,B4145_D80_a0.16_ms100,$t_0$,100.0,cfl,6.706689829437776,6.674739356376621
Set A,B4145_D80_a0.16_ms100,$t_0$,100.0,cfl,6.746487681617182,6.559566563718134
Set A,B4145_D80_a0.16_ms100,$t_0$,100.0,cfl,6.786285533796589,6.444454980905107
Set A,B4145_D80_a0.16_ms100,$t_0$,100.0,cfl,6.826089703095389,6.328178346344501
Set A,B4145_D80_a0.16_ms100,$t_0$,100.0,cfl,6.865887555274795,6.209462564563065
Set A,B4145_D80_a0.16_ms100,$t_0$,100.0,cfl,6.905685407454201,6.0868374297530865
Set A,B4145_D80_a0.16_ms100,$t_0$,100.0,cfl,6.9454832596336065,5.958229159763041
Set A,B4145_D80_a0.16_ms100,$t_0$,100.0,cfl,6.985287428932407,5.82185089989648
Set A,B4145_D80_a0.16_ms100,$t_0$,100.0,cfl,7.025085281111814,5.67777156829446
Set A,B4145_D80_a0.16_ms100,$t_0$,100.0,cfl,7.064883133291219,5.528264979389543
Set A,B4145_D80_a0.16_ms100,$t_0$,100.0,cfl,7.104680985470625,5.376871885854237
Set A,B4145_D80_a0.16_ms100,$t_0$,100.0,cfl,7.1444788376500314,5.228547961154785
Set A,B4145_D80_a0.16_ms100,$t_0$,100.0,cfl,7.1842830069488315,5.087433621284908
Set A,B4145_D80_a0.16_ms100,$t_0$,100.0,cfl,7.224080859128238,4.956318726018865
Set A,B4145_D80_a0.16_ms100,$t_0$,100.0,cfl,7.263878711307644,4.83655573135316
Set A,B4145_D80_a0.16_ms100,$t_0$,100.0,cfl,7.30367656348705,4.727921439724431
Set A,B4145_D80_a0.16_ms100,$t_0$,100.0,cfl,7.34348073278585,4.6298617232032795
Set A,B4145_D80_a0.16_ms100,$t_0$,100.0,cfl,7.3832785849652565,4.541420097215952
Set A,B4145_D80_a0.16_ms100,$t_0$,100.0,cfl,7.423076437144663,4.47781535999108
Set A,B4145_D80_a0.16_ms100,$t_0$,100.0,cfl,7.462874289324068,4.419733642701347
Set A,B4145_D80_a0.16_ms100,$t_0$,100.0,cfl,7.502678458622867,4.363233114488526
Set A,B4145_D80_a0.16_ms100,$t_0$,100.0,cfl,7.542476310802275,4.308047218280138
Set A,B4145_D80_a0.16_ms100,$t_0$,100.0,cfl,7.5822741629816806,4.2537691624490375
Set A,B4145_D80_a0.16_ms100,$t_0$,100.0,cfl,7.622072015161087,4.200081786831503
Set A,B4145_D80_a0.16_ms100,$t_0$,100.0,cfl,7.661869867340493,4.146835641125504
Set A,B4145_D80_a0.16_ms100,$t_0$,100.0,cfl,7.701674036639292,4.093711577215699
Set A,B4145_D80_a0.16_ms100,$t_0$,100.0,cfl,7.741471888818699,4.040567224986453
Set A,B4145_D80_a0.16_ms100,$t_0$,100.0,cfl,7.7812697409981055,3.9871705479298694
Set A,B4145_D80_a0.16_ms100,$t_0$,100.0,cfl,7.821067593177512,3.9332195939118835
Set A,B4145_D80_a0.16_ms100,$t_0$,100.0,cfl,7.860871762476311,3.878450118488603
Set A,B4145_D80_a0.16_ms100,$t_0$,100.0,cfl,7.900669614655716,3.8225439901318805
Set A,B4145_D80_a0.16_ms100,$t_0$,100.0,cfl,7.940467466835124,3.7651085890374376
Set A,B4145_D80_a0.16_ms100,$t_0$,100.0,cfl,7.98026531901453,3.705967409366314
Set A,B4145_D80_a0.16_ms100,$t_0$,100.0,cfl,8.020069488313329,3.644798556821794
Set A,B4145_D80_a0.16_ms100,$t_0$,100.0,cfl,8.059867340492735,3.58147168336751
Set A,B4145_D80_a0.16_ms100,$t_0$,100.0,cfl,8.099665192672141,3.515557355696189
Set A,B4145_D80_a0.16_ms100,$t_0$,100.0,cfl,8.13946304485155,3.4470971247911364
Set A,B4145_D80_a0.16_ms100,$t_0$,100.0,cfl,8.179267214150348,3.376045704385655
Set A,B4145_D80_a0.16_ms100,$t_0$,100.0,cfl,8.219065066329753,3.302445054073497
Set A,B4145_D80_a0.16_ms100,$t_0$,100.0,cfl,8.258862918509159,3.2265136228074387
Set A,B4145_D80_a0.16_ms100,$t_0$,100.0,cfl,8.298660770688565,3.1484550082991816
Set A,B4145_D80_a0.16_ms100,$t_0$,100.0,cfl,8.338458622867973,3.0688169015546634
Set A,B4145_D80_a0.16_ms100,$t_0$,100.0,cfl,8.378262792166772,2.988275899105852
Set A,B4145_D80_a0.16_ms100,$t_0$,100.0,cfl,8.418060644346179,2.9075091972936304
Set A,B4145_D80_a0.16_ms100,$t_0$,100.0,cfl,8.457858496525585,2.8273713159721137
Set A,B4145_D80_a0.16_ms100,$t_0$,100.0,cfl,8.49765634870499,2.749265560413868
Set A,B4145_D80_a0.16_ms100,$t_0$,100.0,cfl,8.53746051800379,2.673231936595976
Set A,B4145_D80_a0.16_ms100,$t_0$,100.0,cfl,8.577258370183197,2.5999819490637153
Set A,B4145_D80_a0.16_ms100,$t_0$,100.0,cfl,8.617056222362603,2.529994681409187
Set A,B4145_D80_a0.16_ms100,$t_0$,100.0,cfl,8.656854074542009,2.4636419466900366
Set A,B4145_D80_a0.16_ms100,$t_0$,100.0,cfl,8.696658243840808,2.401094454893806
Set A,B4145_D80_a0.16_ms100,$t_0$,100.0,cfl,8.736456096020214,2.3424041127299935
Set A,B4145_D80_a0.16_ms100,$t_0$,100.0,cfl,8.77625394819962,2.287579668881809
Set A,B4145_D80_a0.16_ms100,$t_0$,100.0,cfl,8.816051800379027,2.2364949592096277
Set A,B4145_D80_a0.16_ms100,$t_0$,100.0,cfl,8.855855969677828,2.1889295294336026
Set A,B4145_D80_a0.16_ms100,$t_0$,100.0,cfl,8.895653821857234,2.1446831023857653
Set A,B4145_D80_a0.16_ms100,$t_0$,100.0,cfl,8.93545167403664,2.1036049386296622
Set A,B4145_D80_a0.16_ms100,$t_0$,100.0,cfl,8.975249526216045,2.065340736655793
Set A,B4145_D80_a0.16_ms100,$t_0$,100.0,cfl,9.015047378395451,2.0297797334932994
Set A,B4145_D80_a0.16_ms100,$t_0$,100.0,cfl,9.054851547694252,1.996760474670982
Set A,B4145_D80_a0.16_ms100,$t_0$,100.0,cfl,9.094649399873658,1.9660423427016451
Set A,B4145_D80_a0.16_ms100,$t_0$,100.0,cfl,9.134447252053064,1.9373773628869109
Set A,B4145_D80_a0.16_ms100,$t_0$,100.0,cfl,9.17424510423247,1.9105283770708026
Set A,B4145_D80_a0.16_ms100,$t_0$,100.0,cfl,9.21404927353127,1.8853369765567907
Set A,B4145_D80_a0.16_ms100,$t_0$,100.0,cfl,9.253847125710676,1.8616479514253421
Set A,B4145_D80_a0.16_ms100,$t_0$,100.0,cfl,9.293644977890082,1.8393063693609155
Set A,B4145_D80_a0.16_ms100,$t_0$,100.0,cfl,9.333442830069488,1.8182329416382352
Set A,B4145_D80_a0.16_ms100,$t_0$,100.0,cfl,9.373246999368288,1.7982890312224542
Set A,B4145_D80_a0.16_ms100,$t_0$,100.0,cfl,9.413044851547696,1.7794009531819308
Set A,B4145_D80_a0.16_ms100,$t_0$,100.0,cfl,9.452842703727102,1.761488546211731
Set A,B4145_D80_a0.16_ms100,$t_0$,100.0,cfl,9.492640555906506,1.7444647756427
Set A,B4145_D80_a0.16_ms100,$t_0$,100.0,cfl,9.532438408085913,1.7282930653303388
Set A,B4145_D80_a0.16_ms100,$t_0$,100.0,cfl,9.572242577384712,1.7128885746832478
Set A,B4145_D80_a0.16_ms100,$t_0$,100.0,cfl,9.61204042956412,1.6982121207014726
Set A,B4145_D80_a0.16_ms100,$t_0$,100.0,cfl,9.651838281743526,1.6836550438867395
Set A,B4145_D80_a0.16_ms100,$t_0$,100.0,cfl,9.691636133922932,1.6696482776073083
Set A,B4145_D80_a0.16_ms100,$t_0$,100.0,cfl,9.731440303221731,1.6562431081788813
Set A,B4145_D80_a0.16_ms100,$t_0$,100.0,cfl,9.771238155401138,1.643406357340884
Set A,B4145_D80_a0.16_ms100,$t_0$,100.0,cfl,9.811036007580544,1.6311070956925384
Set A,B4145_D80_a0.16_ms100,$t_0$,100.0,cfl,9.85083385975995,1.6193170873426115
Set A,B4145_D80_a0.16_ms100,$t_0$,100.0,cfl,9.89063802905875,1.6080014480657996
Set A,B4145_D80_a0.16_ms100,$t_0$,100.0,cfl,9.930435881238155,1.5971514121704267
Set A,B4145_D80_a0.16_ms100,$t_0$,100.0,cfl,9.970233733417562,1.5867355183723637
Set A,B4145_D80_a0.16_ms100,$t_0$,100.0,cfl,10.010031585596968,1.576724150681542
Set A,B4145_D80_a0.16_ms100,$t_0$,100.0,cfl,10.049835754895767,1.5671115172610488
Set A,B4145_D80_a0.16_ms100,$t_0$,100.0,cfl,10.089633607075173,1.557865249481529
Set A,B4145_D80_a0.16_ms100,$t_0$,100.0,cfl,10.12943145925458,1.5489795116627851
Set A,B4145_D80_a0.16_ms100,$t_0$,100.0,cfl,10.169229311433986,1.5404255617325273
Set A,B4145_D80_a0.16_ms100,$t_0$,100.0,cfl,10.209027163613394,1.5321993853692508
Set A,B4145_D80_a0.16_ms100,$t_0$,100.0,cfl,10.248831332912193,1.5242750473726996
Set A,B4145_D80_a0.16_ms100,$t_0$,100.0,cfl,10.288629185091597,1.5166450572761092
Set A,B4145_D80_a0.16_ms100,$t_0$,100.0,cfl,10.328427037271004,1.5092977833800565
Set A,B4145_D80_a0.16_ms100,$t_0$,100.0,cfl,10.36822488945041,1.5022191489399757
Set A,B4145_D80_a0.16_ms100,$t_0$,100.0,cfl,10.40802905874921,1.495376180280842
Set A,B4145_D80_a0.16_ms100,$t_0$,100.0,cfl,10.447826910928617,1.4887925365178163
Set A,B4145_D80_a0.16_ms100,$t_0$,100.0,cfl,10.487624763108023,1.4824377810650988
Set A,B4145_D80_a0.16_ms100,$t_0$,100.0,cfl,10.52742261528743,1.47630666581404
Set A,B4145_D80_a0.16_ms100,$t_0$,100.0,cfl,10.567226784586229,1.4703932168009453
Set A,B4145_D80_a0.16_ms100,$t_0$,100.0,cfl,10.607024636765635,1.4646809622799128
Set A,B4145_D80_a0.16_ms100,$t_0$,100.0,cfl,10.646822488945041,1.459168765336926
Set A,B4145_D80_a0.16_ms100,$t_0$,100.0,cfl,10.686620341124447,1.453841560633224
Set A,B4145_D80_a0.16_ms100,$t_0$,100.0,cfl,10.726424510423248,1.4501158033513286
Set A,B4145_D80_a0.16_ms100,$t_0$,100.0,cfl,10.766222362602655,1.4501158033513286
Set A,B4145_D80_a0.16_ms100,$t_0$,100.0,cfl,10.806020214782059,1.4501158033513286
Set A,B4145_D80_a0.16_ms100,$t_0$,100.0,cfl,10.845818066961465,1.4501158033513286
Set A,B4145_D80_a0.16_ms100,$t_0$,100.0,cfl,10.885615919140871,1.4501158033513286
Set A,B4145_D80_a0.16_ms100,$t_0$,100.0,cfl,10.925420088439672,1.4501158033513286
Set A,B4145_D80_a0.16_ms100,$t_0$,100.0,cfl,10.965217940619079,1.4501158033513286
Set A,B4145_D80_a0.16_ms100,$t_0$,100.0,cfl,11.005015792798485,1.4501158033513286
Set A,B4145_D80_a0.16_ms100,$t_0$,100.0,cfl,11.044813644977891,1.4501158033513286
Set A,B4145_D80_a0.16_ms100,$t_0$,100.0,cfl,11.08461781427669,1.4501158033513286
Set A,B4145_D80_a0.16_ms100,$t_0$,100.0,cfl,11.124415666456096,1.4501158033513286
Set A,B4145_D80_a0.16_ms100,$t_0$,100.0,cfl,11.164213518635503,1.4501158033513286
Set A,B4145_D80_a0.16_ms100,$t_0$,100.0,cfl,11.204011370814909,1.4501158033513286
Set A,B4145_D80_a0.16_ms100,$t_0$,100.0,cfl,11.243815540113708,1.4501158033513286
Set A,B4145_D80_a0.16_ms100,$t_0$,100.0,cfl,11.283613392293114,1.4501158033513286
Set A,B4145_D80_a0.16_ms100,$t_0$,100.0,cfl,11.32341124447252,1.4501158033513286
Set A,B4145_D80_a0.16_ms100,$t_0$,100.0,cfl,11.363209096651927,1.4501158033513286
Set A,B4145_D80_a0.16_ms100,$t_0$,100.0,cfl,11.403006948831333,1.4501158033513286
Set A,B4145_D80_a0.16_ms100,$t_0$,100.0,cfl,11.442811118130132,1.4501158033513286
Set A,B4145_D80_a0.16_ms100,$t_0$,100.0,cfl,11.482608970309538,1.4501158033513286
Set A,B4145_D80_a0.16_ms100,$t_0$,100.0,cfl,11.522406822488946,1.4501158033513286
Set A,B4145_D80_a0.16_ms100,$t_0$,100.0,cfl,11.562204674668353,1.4501158033513286
Set A,B4145_D80_a0.16_ms100,$t_0$,100.0,cfl,11.602008843967152,1.4501158033513286
Set A,B4145_D80_a0.16_ms100,$t_0$,100.0,cfl,11.641806696146556,1.4501158033513286
Set A,B4145_D80_a0.16_ms100,$t_0$,100.0,cfl,11.681604548325963,1.4501158033513286
Set A,B4145_D80_a0.16_ms100,$t_0$,100.0,cfl,11.72140240050537,1.4501158033513286
Set A,B4145_D80_a0.16_ms100,$t_0$,100.0,cfl,11.76120656980417,1.4501158033513286
Set A,B4145_D80_a0.16_ms100,$t_0$,100.0,cfl,11.801004421983576,1.4501158033513286
Set A,B4145_D80_a0.16_ms100,$t_0$,100.0,cfl,11.840802274162982,1.4501158033513286
Set A,B4145_D80_a0.16_ms100,$t_0$,100.0,cfl,11.880600126342388,1.4501158033513286
Set A,B4145_D80_a0.16_ms100,$t_0$,100.0,cfl,11.920404295641188,1.4501158033513286
Set A,B4145_D80_a0.16_ms100,$t_0$,100.0,cfl,11.960202147820594,1.4501158033513286
Set A,B4145_D80_a0.16_ms100,$t_0$,100.0,cfl,12.0,1.4501158033513286
Set A,B4145_D80_a0.16_ms100,$t_0$,100.0,unpCFL,0.1,93.91073103839592
Set A,B4145_D80_a0.16_ms100,$t_0$,100.0,unpCFL,0.13979930511686672,89.03253047443137
Set A,B4145_D80_a0.16_ms100,$t_0$,100.0,unpCFL,0.17959867340492736,84.94305631827045
Set A,B4145_D80_a0.16_ms100,$t_0$,100.0,unpCFL,0.21939797852179407,81.42772830870541
Set A,B4145_D80_a0.16_ms100,$t_0$,100.0,unpCFL,0.25919734680985473,78.35379537545734
Set A,B4145_D80_a0.16_ms100,$t_0$,100.0,unpCFL,0.2989966519267214,75.63405528254225
Set A,B4145_D80_a0.16_ms100,$t_0$,100.0,unpCFL,0.33879595704358817,73.20805671558615
Set A,B4145_D80_a0.16_ms100,$t_0$,100.0,unpCFL,0.3785953253316488,71.03181186016235
Set A,B4145_D80_a0.16_ms100,$t_0$,100.0,unpCFL,0.4183946304485155,69.0711846321112
Set A,B4145_D80_a0.16_ms100,$t_0$,100.0,unpCFL,0.4581939987365761,67.29849913303757
Set A,B4145_D80_a0.16_ms100,$t_0$,100.0,unpCFL,0.49799330385344287,65.69025314621844
Set A,B4145_D80_a0.16_ms100,$t_0$,100.0,unpCFL,0.5377926721415035,64.22609532809696
Set A,B4145_D80_a0.16_ms100,$t_0$,100.0,unpCFL,0.5775919772583702,62.88786636732187
Set A,B4145_D80_a0.16_ms100,$t_0$,100.0,unpCFL,0.6173912823752369,61.66147536480763
Set A,B4145_D80_a0.16_ms100,$t_0$,100.0,unpCFL,0.6571907770056854,60.53209073861433
Set A,B4145_D80_a0.16_ms100,$t_0$,100.0,unpCFL,0.6969898926089704,59.48744328643605
Set A,B4145_D80_a0.16_ms100,$t_0$,100.0,unpCFL,0.7367890082122552,58.519661027306306
Set A,B4145_D80_a0.16_ms100,$t_0$,100.0,unpCFL,0.7765887555274795,57.61875972114126
Set A,B4145_D80_a0.16_ms100,$t_0$,100.0,unpCFL,0.8163878711307644,56.77600893547123
Set A,B4145_D80_a0.16_ms100,$t_0$,100.0,unpCFL,0.8561869867340492,55.9892295353353
Set A,B4145_D80_a0.16_ms100,$t_0$,100.0,unpCFL,0.8959867340492736,55.25371503241085
Set A,B4145_D80_a0.16_ms100,$t_0$,100.0,unpCFL,0.9357858496525585,54.555216240280025
Set A,B4145_D80_a0.16_ms100,$t_0$,100.0,unpCFL,0.9755855969677827,53.88691010972251
Set A,B4145_D80_a0.16_ms100,$t_0$,100.0,unpCFL,1.0153847125710675,53.25401671770115
Set A,B4145_D80_a0.16_ms100,$t_0$,100.0,unpCFL,1.0551838281743526,52.66035837157946
Set A,B4145_D80_a0.16_ms100,$t_0$,100.0,unpCFL,1.0949835754895767,52.09803689557771
Set A,B4145_D80_a0.16_ms100,$t_0$,100.0,unpCFL,1.1347826910928616,51.55596641828266
Set A,B4145_D80_a0.16_ms100,$t_0$,100.0,unpCFL,1.1745818066961466,51.02972831519178
Set A,B4145_D80_a0.16_ms100,$t_0$,100.0,unpCFL,1.214381554011371,50.527301168343904
Set A,B4145_D80_a0.16_ms100,$t_0$,100.0,unpCFL,1.2541806696146558,50.05799238981431
Set A,B4145_D80_a0.16_ms100,$t_0$,100.0,unpCFL,1.2939797852179407,49.621408082757924
Set A,B4145_D80_a0.16_ms100,$t_0$,100.0,unpCFL,1.333779532533165,49.199214511329025
Set A,B4145_D80_a0.16_ms100,$t_0$,100.0,unpCFL,1.3735786481364498,48.77310280783368
Set A,B4145_D80_a0.16_ms100,$t_0$,100.0,unpCFL,1.413377763739735,48.33673430475787
Set A,B4145_D80_a0.16_ms100,$t_0$,100.0,unpCFL,1.453177511054959,47.90188856204429
Set A,B4145_D80_a0.16_ms100,$t_0$,100.0,unpCFL,1.4929766266582438,47.48092876386382
Set A,B4145_D80_a0.16_ms100,$t_0$,100.0,unpCFL,1.532775742261529,47.07804346130965
Set A,B4145_D80_a0.16_ms100,$t_0$,100.0,unpCFL,1.5725754895767532,46.68767434897122
Set A,B4145_D80_a0.16_ms100,$t_0$,100.0,unpCFL,1.6123746051800378,46.29915183253235
Set A,B4145_D80_a0.16_ms100,$t_0$,100.0,unpCFL,1.652173720783323,45.89836617710704
Set A,B4145_D80_a0.16_ms100,$t_0$,100.0,unpCFL,1.6919734680985472,45.47451115020914
Set A,B4145_D80_a0.16_ms100,$t_0$,100.0,unpCFL,1.7317725837018318,45.03296930250035
Set A,B4145_D80_a0.16_ms100,$t_0$,100.0,unpCFL,1.771571699305117,44.58501990877766
Set A,B4145_D80_a0.16_ms100,$t_0$,100.0,unpCFL,1.8113714466203412,44.14069226678797
Set A,B4145_D80_a0.16_ms100,$t_0$,100.0,unpCFL,1.8511705622236259,43.702696408537435
Set A,B4145_D80_a0.16_ms100,$t_0$,100.0,unpCFL,1.890969677826911,43.267012494743526
Set A,B4145_D80_a0.16_ms100,$t_0$,100.0,unpCFL,1.9307694251421352,42.830433540181915
Set A,B4145_D80_a0.16_ms100,$t_0$,100.0,unpCFL,1.9705685407454203,42.39319007549217
Set A,B4145_D80_a0.16_ms100,$t_0$,100.0,unpCFL,2.010367656348705,41.96169989276465
Set A,B4145_D80_a0.16_ms100,$t_0$,100.0,unpCFL,2.050167403663929,41.54482117950862
Set A,B4145_D80_a0.16_ms100,$t_0$,100.0,unpCFL,2.089966519267214,41.14457491589318
Set A,B4145_D80_a0.16_ms100,$t_0$,100.0,unpCFL,2.129765634870499,40.760456544014076
Set A,B4145_D80_a0.16_ms100,$t_0$,100.0,unpCFL,2.169565382185723,40.391672469622044
Set A,B4145_D80_a0.16_ms100,$t_0$,100.0,unpCFL,2.209364497789008,40.03761939600719
Set A,B4145_D80_a0.16_ms100,$t_0$,100.0,unpCFL,2.249163613392293,39.69775516837721
Set A,B4145_D80_a0.16_ms100,$t_0$,100.0,unpCFL,2.2889633607075175,39.37298406459625
Set A,B4145_D80_a0.16_ms100,$t_0$,100.0,unpCFL,2.328762476310802,39.06304833130818
Set A,B4145_D80_a0.16_ms100,$t_0$,100.0,unpCFL,2.368561591914087,38.768310219436664
Set A,B4145_D80_a0.16_ms100,$t_0$,100.0,unpCFL,2.4083613392293115,38.48815097586035
Set A,B4145_D80_a0.16_ms100,$t_0$,100.0,unpCFL,2.448160454832596,38.223129936061
Set A,B4145_D80_a0.16_ms100,$t_0$,100.0,unpCFL,2.4879595704358817,37.97272219235319
Set A,B4145_D80_a0.16_ms100,$t_0$,100.0,unpCFL,2.5277593177511055,37.73633283532674
Set A,B4145_D80_a0.16_ms100,$t_0$,100.0,unpCFL,2.56755843335439,37.51367379340828
Set A,B4145_D80_a0.16_ms100,$t_0$,100.0,unpCFL,2.6073575489576757,37.303479437792454
Set A,B4145_D80_a0.16_ms100,$t_0$,100.0,unpCFL,2.6471572962728995,37.105320489812776
Set A,B4145_D80_a0.16_ms100,$t_0$,100.0,unpCFL,2.686956411876184,36.91934191517679
Set A,B4145_D80_a0.16_ms100,$t_0$,100.0,unpCFL,2.726756159191409,36.74448115795919
Set A,B4145_D80_a0.16_ms100,$t_0$,100.0,unpCFL,2.7665552747946935,36.57981691508905
Set A,B4145_D80_a0.16_ms100,$t_0$,100.0,unpCFL,2.8063543903979786,36.42563508044997
Set A,B4145_D80_a0.16_ms100,$t_0$,100.0,unpCFL,2.846154137713203,36.281119958197124
Set A,B4145_D80_a0.16_ms100,$t_0$,100.0,unpCFL,2.8859532533164876,36.14498374955032
Set A,B4145_D80_a0.16_ms100,$t_0$,100.0,unpCFL,2.9257523689197726,36.0176804596289
Set A,B4145_D80_a0.16_ms100,$t_0$,100.0,unpCFL,2.965552116234997,35.898513933638476
Set A,B4145_D80_a0.16_ms100,$t_0$,100.0,unpCFL,3.0053512318382816,35.78669082294929
Set A,B4145_D80_a0.16_ms100,$t_0$,100.0,unpCFL,3.0451503474415667,35.68214031720796
Set A,B4145_D80_a0.16_ms100,$t_0$,100.0,unpCFL,3.084950094756791,35.58339293108305
Set A,B4145_D80_a0.16_ms100,$t_0$,100.0,unpCFL,3.124749210360076,35.49064319527582
Set A,B4145_D80_a0.16_ms100,$t_0$,100.0,unpCFL,3.1645483259633607,35.403510623164166
Set A,B4145_D80_a0.16_ms100,$t_0$,100.0,unpCFL,3.204348073278585,35.32098235817858
Set A,B4145_D80_a0.16_ms100,$t_0$,100.0,unpCFL,3.2441471888818696,35.243291217633434
Set A,B4145_D80_a0.16_ms100,$t_0$,100.0,unpCFL,3.283946304485155,35.169090571076524
Set A,B4145_D80_a0.16_ms100,$t_0$,100.0,unpCFL,3.323746051800379,35.0984898507735
Set A,B4145_D80_a0.16_ms100,$t_0$,100.0,unpCFL,3.3635451674036636,35.03132648380539
Set A,B4145_D80_a0.16_ms100,$t_0$,100.0,unpCFL,3.403344283006949,34.966266744731755
Set A,B4145_D80_a0.16_ms100,$t_0$,100.0,unpCFL,3.443144030322173,34.90419212128628
Set A,B4145_D80_a0.16_ms100,$t_0$,100.0,unpCFL,3.4829431459254576,34.8435098335974
Set A,B4145_D80_a0.16_ms100,$t_0$,100.0,unpCFL,3.522742261528743,34.78458025903355
Set A,B4145_D80_a0.16_ms100,$t_0$,100.0,unpCFL,3.562542008843967,34.72680482660095
Set A,B4145_D80_a0.16_ms100,$t_0$,100.0,unpCFL,3.6023411244472525,34.66950459060077
Set A,B4145_D80_a0.16_ms100,$t_0$,100.0,unpCFL,3.642140240050537,34.612976688151
Set A,B4145_D80_a0.16_ms100,$t_0$,100.0,unpCFL,3.681939987365761,34.556434260529855
Set A,B4145_D80_a0.16_ms100,$t_0$,100.0,unpCFL,3.7217391029690465,34.49995949037913
Set A,B4145_D80_a0.16_ms100,$t_0$,100.0,unpCFL,3.761538218572331,34.44338205381254
Set A,B4145_D80_a0.16_ms100,$t_0$,100.0,unpCFL,3.801337965887555,34.385333885609505
Set A,B4145_D80_a0.16_ms100,$t_0$,100.0,unpCFL,3.8411370814908405,34.32688142423151
Set A,B4145_D80_a0.16_ms100,$t_0$,100.0,unpCFL,3.880936197094125,34.26736680238788
Set A,B4145_D80_a0.16_ms100,$t_0$,100.0,unpCFL,3.92073594440935,34.20595312581221
Set A,B4145_D80_a0.16_ms100,$t_0$,100.0,unpCFL,3.9605350600126346,34.14330302296851
Set A,B4145_D80_a0.16_ms100,$t_0$,100.0,unpCFL,4.00033417561592,34.078852398139304
Set A,B4145_D80_a0.16_ms100,$t_0$,100.0,unpCFL,4.040133922931144,34.01251886781912
Set A,B4145_D80_a0.16_ms100,$t_0$,100.0,unpCFL,4.079933038534429,33.94381675566663
Set A,B4145_D80_a0.16_ms100,$t_0$,100.0,unpCFL,4.119732154137713,33.873581647018355
Set A,B4145_D80_a0.16_ms100,$t_0$,100.0,unpCFL,4.1595319014529375,33.79992778379976
Set A,B4145_D80_a0.16_ms100,$t_0$,100.0,unpCFL,4.199331017056222,33.72453852240452
Set A,B4145_D80_a0.16_ms100,$t_0$,100.0,unpCFL,4.239130132659508,33.64623092269052
Set A,B4145_D80_a0.16_ms100,$t_0$,100.0,unpCFL,4.278929879974732,33.564936420605655
Set A,B4145_D80_a0.16_ms100,$t_0$,100.0,unpCFL,4.318728995578017,33.48145693695783
Set A,B4145_D80_a0.16_ms100,$t_0$,100.0,unpCFL,4.358528742893241,33.394543269949125
Set A,B4145_D80_a0.16_ms100,$t_0$,100.0,unpCFL,4.3983278584965255,33.30449660380465
Set A,B4145_D80_a0.16_ms100,$t_0$,100.0,unpCFL,4.43812697409981,33.21189135683919
Set A,B4145_D80_a0.16_ms100,$t_0$,100.0,unpCFL,4.477926721415035,33.11563719862291
Set A,B4145_D80_a0.16_ms100,$t_0$,100.0,unpCFL,4.51772583701832,33.01685350021061
Set A,B4145_D80_a0.16_ms100,$t_0$,100.0,unpCFL,4.557524952621605,32.91451811980232
Set A,B4145_D80_a0.16_ms100,$t_0$,100.0,unpCFL,4.597324699936829,32.80903721389289
Set A,B4145_D80_a0.16_ms100,$t_0$,100.0,unpCFL,4.6371238155401135,32.70010436398753
Set A,B4145_D80_a0.16_ms100,$t_0$,100.0,unpCFL,4.676922931143398,32.58798561347642
Set A,B4145_D80_a0.16_ms100,$t_0$,100.0,unpCFL,4.716722678458623,32.47255777389378
Set A,B4145_D80_a0.16_ms100,$t_0$,100.0,unpCFL,4.756521794061908,32.3535881606736
Set A,B4145_D80_a0.16_ms100,$t_0$,100.0,unpCFL,4.796320909665193,32.23173882022643
Set A,B4145_D80_a0.16_ms100,$t_0$,100.0,unpCFL,4.836120656980417,32.10631118342065
Set A,B4145_D80_a0.16_ms100,$t_0$,100.0,unpCFL,4.875919772583702,31.977322585530846
Set A,B4145_D80_a0.16_ms100,$t_0$,100.0,unpCFL,4.915718888186986,31.844467815036147
Set A,B4145_D80_a0.16_ms100,$t_0$,100.0,unpCFL,4.955518635502211,31.70883563145282
Set A,B4145_D80_a0.16_ms100,$t_0$,100.0,unpCFL,4.995317751105496,31.569646867841314
Set A,B4145_D80_a0.16_ms100,$t_0$,100.0,unpCFL,5.035116866708781,31.427016262610195
Set A,B4145_D80_a0.16_ms100,$t_0$,100.0,unpCFL,5.074916614024005,31.280855044302136
Set A,B4145_D80_a0.16_ms100,$t_0$,100.0,unpCFL,5.11471572962729,31.131431306131546
Set A,B4145_D80_a0.16_ms100,$t_0$,100.0,unpCFL,5.154514845230575,30.978020787081412
Set A,B4145_D80_a0.16_ms100,$t_0$,100.0,unpCFL,5.194314592545799,30.821644250459023
Set A,B4145_D80_a0.16_ms100,$t_0$,100.0,unpCFL,5.234113708149084,30.661497977063448
Set A,B4145_D80_a0.16_ms100,$t_0$,100.0,unpCFL,5.273912823752369,30.49842329669995
Set A,B4145_D80_a0.16_ms100,$t_0$,100.0,unpCFL,5.313712571067593,30.33091381098038
Set A,B4145_D80_a0.16_ms100,$t_0$,100.0,unpCFL,5.353511686670878,30.160775028285496
Set A,B4145_D80_a0.16_ms100,$t_0$,100.0,unpCFL,5.393310802274163,29.98657184667266
Set A,B4145_D80_a0.16_ms100,$t_0$,100.0,unpCFL,5.433110549589387,29.80863246901282
Set A,B4145_D80_a0.16_ms100,$t_0$,100.0,unpCFL,5.472909665192672,29.627364960302838
Set A,B4145_D80_a0.16_ms100,$t_0$,100.0,unpCFL,5.512708780795958,29.443164132389185
Set A,B4145_D80_a0.16_ms100,$t_0$,100.0,unpCFL,5.552508528111181,29.25434283153311
Set A,B4145_D80_a0.16_ms100,$t_0$,100.0,unpCFL,5.592307643714466,29.062421384119254
Set A,B4145_D80_a0.16_ms100,$t_0$,100.0,unpCFL,5.632106759317751,28.866698190846037
Set A,B4145_D80_a0.16_ms100,$t_0$,100.0,unpCFL,5.6719065066329755,28.66731820246953
Set A,B4145_D80_a0.16_ms100,$t_0$,100.0,unpCFL,5.711705622236261,28.463839712415623
Set A,B4145_D80_a0.16_ms100,$t_0$,100.0,unpCFL,5.751504737839546,28.256963506214895
Set A,B4145_D80_a0.16_ms100,$t_0$,100.0,unpCFL,5.791304485154769,28.046318523955133
Set A,B4145_D80_a0.16_ms100,$t_0$,100.0,unpCFL,5.831103600758055,27.8318494521799
Set A,B4145_D80_a0.16_ms100,$t_0$,100.0,unpCFL,5.870902716361339,27.61343360841768
Set A,B4145_D80_a0.16_ms100,$t_0$,100.0,unpCFL,5.9107024636765635,27.391246676881227
Set A,B4145_D80_a0.16_ms100,$t_0$,100.0,unpCFL,5.950501579279849,27.16511168950181
Set A,B4145_D80_a0.16_ms100,$t_0$,100.0,unpCFL,5.990300694883134,26.93528198457948
Set A,B4145_D80_a0.16_ms100,$t_0$,100.0,unpCFL,6.030100442198358,26.701464496437747
Set A,B4145_D80_a0.16_ms100,$t_0$,100.0,unpCFL,6.069899557801643,26.463013043414897
Set A,B4145_D80_a0.16_ms100,$t_0$,100.0,unpCFL,6.109699305116867,26.221505150263575
Set A,B4145_D80_a0.16_ms100,$t_0$,100.0,unpCFL,6.149498420720152,25.974987711833176
Set A,B4145_D80_a0.16_ms100,$t_0$,100.0,unpCFL,6.189297536323437,25.72487281805215
Set A,B4145_D80_a0.16_ms100,$t_0$,100.0,unpCFL,6.22909728363866,25.470436626425087
Set A,B4145_D80_a0.16_ms100,$t_0$,100.0,unpCFL,6.268896399241946,25.21182673798685
Set A,B4145_D80_a0.16_ms100,$t_0$,100.0,unpCFL,6.308695514845231,24.94907709630595
Set A,B4145_D80_a0.16_ms100,$t_0$,100.0,unpCFL,6.348496525584333,24.681686955582347
Set A,B4145_D80_a0.16_ms100,$t_0$,100.0,unpCFL,6.3882943777637395,24.41012997466738
Set A,B4145_D80_a0.16_ms100,$t_0$,100.0,unpCFL,6.428092229943147,24.134866477575233
Set A,B4145_D80_a0.16_ms100,$t_0$,100.0,unpCFL,6.467890082122553,23.8545427433826
Set A,B4145_D80_a0.16_ms100,$t_0$,100.0,unpCFL,6.507694251421352,23.57041980513625
Set A,B4145_D80_a0.16_ms100,$t_0$,100.0,unpCFL,6.547492103600758,23.281564849478382
Set A,B4145_D80_a0.16_ms100,$t_0$,100.0,unpCFL,6.587289955780164,22.988321657122796
Set A,B4145_D80_a0.16_ms100,$t_0$,100.0,unpCFL,6.62708780795957,22.69032372302616
Set A,B4145_D80_a0.16_ms100,$t_0$,100.0,unpCFL,6.666891977258371,22.387646751447846
Set A,B4145_D80_a0.16_ms100,$t_0$,100.0,unpCFL,6.706689829437776,22.080956036295813
Set A,B4145_D80_a0.16_ms100,$t_0$,100.0,unpCFL,6.746487681617182,21.76913767010663
Set A,B4145_D80_a0.16_ms100,$t_0$,100.0,unpCFL,6.786285533796589,21.452635050049093
Set A,B4145_D80_a0.16_ms100,$t_0$,100.0,unpCFL,6.826089703095389,21.1318532747297
Set A,B4145_D80_a0.16_ms100,$t_0$,100.0,unpCFL,6.865887555274795,20.80624697354744
Set A,B4145_D80_a0.16_ms100,$t_0$,100.0,unpCFL,6.905685407454201,20.476173592121086
Set A,B4145_D80_a0.16_ms100,$t_0$,100.0,unpCFL,6.9454832596336065,20.1408101695519
Set A,B4145_D80_a0.16_ms100,$t_0$,100.0,unpCFL,6.985287428932407,19.80068023285708
Set A,B4145_D80_a0.16_ms100,$t_0$,100.0,unpCFL,7.025085281111814,19.455072351797114
Set A,B4145_D80_a0.16_ms100,$t_0$,100.0,unpCFL,7.064883133291219,19.104746493696837
Set A,B4145_D80_a0.16_ms100,$t_0$,100.0,unpCFL,7.104680985470625,18.75001112328908
Set A,B4145_D80_a0.16_ms100,$t_0$,100.0,unpCFL,7.1444788376500314,18.39078979076021
Set A,B4145_D80_a0.16_ms100,$t_0$,100.0,unpCFL,7.1842830069488315,18.02685880924815
Set A,B4145_D80_a0.16_ms100,$t_0$,100.0,unpCFL,7.224080859128238,17.657320147300467
Set A,B4145_D80_a0.16_ms100,$t_0$,100.0,unpCFL,7.263878711307644,17.28315343847442
Set A,B4145_D80_a0.16_ms100,$t_0$,100.0,unpCFL,7.30367656348705,16.90348176366045
Set A,B4145_D80_a0.16_ms100,$t_0$,100.0,unpCFL,7.34348073278585,16.51667678473555
Set A,B4145_D80_a0.16_ms100,$t_0$,100.0,unpCFL,7.3832785849652565,16.125999124720913
Set A,B4145_D80_a0.16_ms100,$t_0$,100.0,unpCFL,7.423076437144663,15.731908205735925
Set A,B4145_D80_a0.16_ms100,$t_0$,100.0,unpCFL,7.462874289324068,15.343904873987006
Set A,B4145_D80_a0.16_ms100,$t_0$,100.0,unpCFL,7.502678458622867,14.961959277165581
Set A,B4145_D80_a0.16_ms100,$t_0$,100.0,unpCFL,7.542476310802275,14.584926994877952
Set A,B4145_D80_a0.16_ms100,$t_0$,100.0,unpCFL,7.5822741629816806,14.209669871390446
Set A,B4145_D80_a0.16_ms100,$t_0$,100.0,unpCFL,7.622072015161087,13.837199902882524
Set A,B4145_D80_a0.16_ms100,$t_0$,100.0,unpCFL,7.661869867340493,13.46996689974309
Set A,B4145_D80_a0.16_ms100,$t_0$,100.0,unpCFL,7.701674036639292,13.112061176476645
Set A,B4145_D80_a0.16_ms100,$t_0$,100.0,unpCFL,7.741471888818699,12.763864724473137
Set A,B4145_D80_a0.16_ms100,$t_0$,100.0,unpCFL,7.7812697409981055,12.425493862522586
Set A,B4145_D80_a0.16_ms100,$t_0$,100.0,unpCFL,7.821067593177512,12.094926438535367
Set A,B4145_D80_a0.16_ms100,$t_0$,100.0,unpCFL,7.860871762476311,11.771027246605712
Set A,B4145_D80_a0.16_ms100,$t_0$,100.0,unpCFL,7.900669614655716,11.4501299910291
Set A,B4145_D80_a0.16_ms100,$t_0$,100.0,unpCFL,7.940467466835124,11.13236572709383
Set A,B4145_D80_a0.16_ms100,$t_0$,100.0,unpCFL,7.98026531901453,10.819433934093109
Set A,B4145_D80_a0.16_ms100,$t_0$,100.0,unpCFL,8.020069488313329,10.514202916059961
Set A,B4145_D80_a0.16_ms100,$t_0$,100.0,unpCFL,8.059867340492735,10.221106448902647
Set A,B4145_D80_a0.16_ms100,$t_0$,100.0,unpCFL,8.099665192672141,9.94478265943249
Set A,B4145_D80_a0.16_ms100,$t_0$,100.0,unpCFL,8.13946304485155,9.685950033661955
Set A,B4145_D80_a0.16_ms100,$t_0$,100.0,unpCFL,8.179267214150348,9.431801191325512
Set A,B4145_D80_a0.16_ms100,$t_0$,100.0,unpCFL,8.219065066329753,9.176339253132557
Set A,B4145_D80_a0.16_ms100,$t_0$,100.0,unpCFL,8.258862918509159,8.918703049018957
Set A,B4145_D80_a0.16_ms100,$t_0$,100.0,unpCFL,8.298660770688565,8.658444041763225
Set A,B4145_D80_a0.16_ms100,$t_0$,100.0,unpCFL,8.338458622867973,8.395645323384173
Set A,B4145_D80_a0.16_ms100,$t_0$,100.0,unpCFL,8.378262792166772,8.131853756215856
Set A,B4145_D80_a0.16_ms100,$t_0$,100.0,unpCFL,8.418060644346179,7.8705696347693515
Set A,B4145_D80_a0.16_ms100,$t_0$,100.0,unpCFL,8.457858496525585,7.61949307051332
Set A,B4145_D80_a0.16_ms100,$t_0$,100.0,unpCFL,8.49765634870499,7.386012942107658
Set A,B4145_D80_a0.16_ms100,$t_0$,100.0,unpCFL,8.53746051800379,7.170249233907362
Set A,B4145_D80_a0.16_ms100,$t_0$,100.0,unpCFL,8.577258370183197,6.969245033701108
Set A,B4145_D80_a0.16_ms100,$t_0$,100.0,unpCFL,8.617056222362603,6.778627113299544
Set A,B4145_D80_a0.16_ms100,$t_0$,100.0,unpCFL,8.656854074542009,6.594706242007215
Set A,B4145_D80_a0.16_ms100,$t_0$,100.0,unpCFL,8.696658243840808,6.412728591782283
Set A,B4145_D80_a0.16_ms100,$t_0$,100.0,unpCFL,8.736456096020214,6.228225633548159
Set A,B4145_D80_a0.16_ms100,$t_0$,100.0,unpCFL,8.77625394819962,6.035473761028379
Set A,B4145_D80_a0.16_ms100,$t_0$,100.0,unpCFL,8.816051800379027,5.827000759206957
Set A,B4145_D80_a0.16_ms100,$t_0$,100.0,unpCFL,8.855855969677828,5.600065815776759
Set A,B4145_D80_a0.16_ms100,$t_0$,100.0,unpCFL,8.895653821857234,5.362905232833459
Set A,B4145_D80_a0.16_ms100,$t_0$,100.0,unpCFL,8.93545167403664,5.131830590592201
Set A,B4145_D80_a0.16_ms100,$t_0$,100.0,unpCFL,8.975249526216045,4.92204503010988
Set A,B4145_D80_a0.16_ms100,$t_0$,100.0,unpCFL,9.015047378395451,4.740001306052513
Set A,B4145_D80_a0.16_ms100,$t_0$,100.0,unpCFL,9.054851547694252,4.585327238378364
Set A,B4145_D80_a0.16_ms100,$t_0$,100.0,unpCFL,9.094649399873658,4.467582655752323
Set A,B4145_D80_a0.16_ms100,$t_0$,100.0,unpCFL,9.134447252053064,4.376836464092162
Set A,B4145_D80_a0.16_ms100,$t_0$,100.0,unpCFL,9.17424510423247,4.289844315948869
Set A,B4145_D80_a0.16_ms100,$t_0$,100.0,unpCFL,9.21404927353127,4.205470133117072
Set A,B4145_D80_a0.16_ms100,$t_0$,100.0,unpCFL,9.253847125710676,4.12255349989143
Set A,B4145_D80_a0.16_ms100,$t_0$,100.0,unpCFL,9.293644977890082,4.040339838713754
Set A,B4145_D80_a0.16_ms100,$t_0$,100.0,unpCFL,9.333442830069488,3.9580866918996866
Set A,B4145_D80_a0.16_ms100,$t_0$,100.0,unpCFL,9.373246999368288,3.8747751607779968
Set A,B4145_D80_a0.16_ms100,$t_0$,100.0,unpCFL,9.413044851547696,3.7892883982366157
Set A,B4145_D80_a0.16_ms100,$t_0$,100.0,unpCFL,9.452842703727102,3.700622634648285
Set A,B4145_D80_a0.16_ms100,$t_0$,100.0,unpCFL,9.492640555906506,3.608004515534029
Set A,B4145_D80_a0.16_ms100,$t_0$,100.0,unpCFL,9.532438408085913,3.510664728743794
Set A,B4145_D80_a0.16_ms100,$t_0$,100.0,unpCFL,9.572242577384712,3.408377744050481
Set A,B4145_D80_a0.16_ms100,$t_0$,100.0,unpCFL,9.61204042956412,3.3012132920196393
Set A,B4145_D80_a0.16_ms100,$t_0$,100.0,unpCFL,9.651838281743526,3.1897156510680094
Set A,B4145_D80_a0.16_ms100,$t_0$,100.0,unpCFL,9.691636133922932,3.0750659387721337
Set A,B4145_D80_a0.16_ms100,$t_0$,100.0,unpCFL,9.731440303221731,2.9590759312455663
Set A,B4145_D80_a0.16_ms100,$t_0$,100.0,unpCFL,9.771238155401138,2.8442114046888856
Set A,B4145_D80_a0.16_ms100,$t_0$,100.0,unpCFL,9.811036007580544,2.7331424701933433
Set A,B4145_D80_a0.16_ms100,$t_0$,100.0,unpCFL,9.85083385975995,2.6272239013711856
Set A,B4145_D80_a0.16_ms100,$t_0$,100.0,unpCFL,9.89063802905875,2.5279753132852574
Set A,B4145_D80_a0.16_ms100,$t_0$,100.0,unpCFL,9.930435881238155,2.4364575852418344
Set A,B4145_D80_a0.16_ms100,$t_0$,100.0,unpCFL,9.970233733417562,2.352937881237113
Set A,B4145_D80_a0.16_ms100,$t_0$,100.0,unpCFL,10.010031585596968,2.2772024150081167
Set A,B4145_D80_a0.16_ms100,$t_0$,100.0,unpCFL,10.049835754895767,2.2089167134123993
Set A,B4145_D80_a0.16_ms100,$t_0$,100.0,unpCFL,10.089633607075173,2.1473820152684366
Set A,B4145_D80_a0.16_ms100,$t_0$,100.0,unpCFL,10.12943145925458,2.0920018707158095
Set A,B4145_D80_a0.16_ms100,$t_0$,100.0,unpCFL,10.169229311433986,2.0420117829295856
Set A,B4145_D80_a0.16_ms100,$t_0$,100.0,unpCFL,10.209027163613394,1.9970508812714172
Set A,B4145_D80_a0.16_ms100,$t_0$,100.0,unpCFL,10.248831332912193,1.95640136210634
Set A,B4145_D80_a0.16_ms100,$t_0$,100.0,unpCFL,10.288629185091597,1.9194683523917828
Set A,B4145_D80_a0.16_ms100,$t_0$,100.0,unpCFL,10.328427037271004,1.8857403950062002
Set A,B4145_D80_a0.16_ms100,$t_0$,100.0,unpCFL,10.36822488945041,1.8547898015376911
Set A,B4145_D80_a0.16_ms100,$t_0$,100.0,unpCFL,10.40802905874921,1.8261940020556247
Set A,B4145_D80_a0.16_ms100,$t_0$,100.0,unpCFL,10.447826910928617,1.7998140671389713
Set A,B4145_D80_a0.16_ms100,$t_0$,100.0,unpCFL,10.487624763108023,1.7753278487798958
Set A,B4145_D80_a0.16_ms100,$t_0$,100.0,unpCFL,10.52742261528743,1.7525574207067038
Set A,B4145_D80_a0.16_ms100,$t_0$,100.0,unpCFL,10.567226784586229,1.7313437848929605
Set A,B4145_D80_a0.16_ms100,$t_0$,100.0,unpCFL,10.607024636765635,1.7115073165753276
Set A,B4145_D80_a0.16_ms100,$t_0$,100.0,unpCFL,10.646822488945041,1.6927947057737205
Set A,B4145_D80_a0.16_ms100,$t_0$,100.0,unpCFL,10.686620341124447,1.6745502439295827
Set A,B4145_D80_a0.16_ms100,$t_0$,100.0,unpCFL,10.726424510423248,1.657366456647142
Set A,B4145_D80_a0.16_ms100,$t_0$,100.0,unpCFL,10.766222362602655,1.6411721836747222
Set A,B4145_D80_a0.16_ms100,$t_0$,100.0,unpCFL,10.806020214782059,1.6258736073096804
Set A,B4145_D80_a0.16_ms100,$t_0$,100.0,unpCFL,10.845818066961465,1.6114150143769486
Set A,B4145_D80_a0.16_ms100,$t_0$,100.0,unpCFL,10.885615919140871,1.5977364366291296
Set A,B4145_D80_a0.16_ms100,$t_0$,100.0,unpCFL,10.925420088439672,1.5847827944694308
Set A,B4145_D80_a0.16_ms100,$t_0$,100.0,unpCFL,10.965217940619079,1.5725043090444093
Set A,B4145_D80_a0.16_ms100,$t_0$,100.0,unpCFL,11.005015792798485,1.560854692744979
Set A,B4145_D80_a0.16_ms100,$t_0$,100.0,unpCFL,11.044813644977891,1.5497934255572026
Set A,B4145_D80_a0.16_ms100,$t_0$,100.0,unpCFL,11.08461781427669,1.5392808427929405
Set A,B4145_D80_a0.16_ms100,$t_0$,100.0,unpCFL,11.124415666456096,1.5292839708079853
Set A,B4145_D80_a0.16_ms100,$t_0$,100.0,unpCFL,11.164213518635503,1.5197623972864978
Set A,B4145_D80_a0.16_ms100,$t_0$,100.0,unpCFL,11.204011370814909,1.5107001134505402
Set A,B4145_D80_a0.16_ms100,$t_0$,100.0,unpCFL,11.243815540113708,1.5020565346522128
Set A,B4145_D80_a0.16_ms100,$t_0$,100.0,unpCFL,11.283613392293114,1.4938137411747108
Set A,B4145_D80_a0.16_ms100,$t_0$,100.0,unpCFL,11.32341124447252,1.4859481649483275
Set A,B4145_D80_a0.16_ms100,$t_0$,100.0,unpCFL,11.363209096651927,1.4784378679062644
Set A,B4145_D80_a0.16_ms100,$t_0$,100.0,unpCFL,11.403006948831333,1.4712626174373002
Set A,B4145_D80_a0.16_ms100,$t_0$,100.0,unpCFL,11.442811118130132,1.464403625415477
Set A,B4145_D80_a0.16_ms100,$t_0$,100.0,unpCFL,11.482608970309538,1.4578396825166857
Set A,B4145_D80_a0.16_ms100,$t_0$,100.0,unpCFL,11.522406822488946,1.4516060805262512
Set A,B4145_D80_a0.16_ms100,$t_0$,100.0,unpCFL,11.562204674668353,1.4501158033513286
Set A,B4145_D80_a0.16_ms100,$t_0$,100.0,unpCFL,11.602008843967152,1.4501158033513286
Set A,B4145_D80_a0.16_ms100,$t_0$,100.0,unpCFL,11.641806696146556,1.4501158033513286
Set A,B4145_D80_a0.16_ms100,$t_0$,100.0,unpCFL,11.681604548325963,1.4501158033513286
Set A,B4145_D80_a0.16_ms100,$t_0$,100.0,unpCFL,11.72140240050537,1.4501158033513286
Set A,B4145_D80_a0.16_ms100,$t_0$,100.0,unpCFL,11.76120656980417,1.4501158033513286
Set A,B4145_D80_a0.16_ms100,$t_0$,100.0,unpCFL,11.801004421983576,1.4501158033513286
Set A,B4145_D80_a0.16_ms100,$t_0$,100.0,unpCFL,11.840802274162982,1.4501158033513286
Set A,B4145_D80_a0.16_ms100,$t_0$,100.0,unpCFL,11.880600126342388,1.4501158033513286
Set A,B4145_D80_a0.16_ms100,$t_0$,100.0,unpCFL,11.920404295641188,1.4501158033513286
Set A,B4145_D80_a0.16_ms100,$t_0$,100.0,unpCFL,11.960202147820594,1.4501158033513286
Set A,B4145_D80_a0.16_ms100,$t_0$,100.0,unpCFL,12.0,1.4501158033513286
Set A,B4145_D80_a0.16_ms100,$t_0$,150.0,unpaired,0.25919734680985473,98.68473378167361
Set A,B4145_D80_a0.16_ms100,$t_0$,150.0,unpaired,0.2989966519267214,96.84914424545677
Set A,B4145_D80_a0.16_ms100,$t_0$,150.0,unpaired,0.33879595704358817,95.18364926891175
Set A,B4145_D80_a0.16_ms100,$t_0$,150.0,unpaired,0.3785953253316488,93.65843100266456
Set A,B4145_D80_a0.16_ms100,$t_0$,150.0,unpaired,0.4183946304485155,92.25114847312261
Set A,B4145_D80_a0.16_ms100,$t_0$,150.0,unpaired,0.4581939987365761,90.94471736156541
Set A,B4145_D80_a0.16_ms100,$t_0$,150.0,unpaired,0.49799330385344287,89.72589166730098
Set A,B4145_D80_a0.16_ms100,$t_0$,150.0,unpaired,0.5377926721415035,88.58420216064923
Set A,B4145_D80_a0.16_ms100,$t_0$,150.0,unpaired,0.5775919772583702,87.51133064233002
Set A,B4145_D80_a0.16_ms100,$t_0$,150.0,unpaired,0.6173912823752369,86.50041442361186
Set A,B4145_D80_a0.16_ms100,$t_0$,150.0,unpaired,0.6571907770056854,85.5458906660254
Set A,B4145_D80_a0.16_ms100,$t_0$,150.0,unpaired,0.6969898926089704,84.64292433595888
Set A,B4145_D80_a0.16_ms100,$t_0$,150.0,unpaired,0.7367890082122552,83.78744635881048
Set A,B4145_D80_a0.16_ms100,$t_0$,150.0,unpaired,0.7765887555274795,82.9758619747901
Set A,B4145_D80_a0.16_ms100,$t_0$,150.0,unpaired,0.8163878711307644,82.20500386866895
Set A,B4145_D80_a0.16_ms100,$t_0$,150.0,unpaired,0.8561869867340492,81.47197317926104
Set A,B4145_D80_a0.16_ms100,$t_0$,150.0,unpaired,0.8959867340492736,80.77415941029653
Set A,B4145_D80_a0.16_ms100,$t_0$,150.0,unpaired,0.9357858496525585,80.10919612862092
Set A,B4145_D80_a0.16_ms100,$t_0$,150.0,unpaired,0.9755855969677827,79.47484368275174
Set A,B4145_D80_a0.16_ms100,$t_0$,150.0,unpaired,1.0153847125710675,78.869075210185
Set A,B4145_D80_a0.16_ms100,$t_0$,150.0,unpaired,1.0551838281743526,78.2900392544539
Set A,B4145_D80_a0.16_ms100,$t_0$,150.0,unpaired,1.0949835754895767,77.7359716279164
Set A,B4145_D80_a0.16_ms100,$t_0$,150.0,unpaired,1.1347826910928616,77.20522419132502
Set A,B4145_D80_a0.16_ms100,$t_0$,150.0,unpaired,1.1745818066961466,76.69635270578031
Set A,B4145_D80_a0.16_ms100,$t_0$,150.0,unpaired,1.214381554011371,76.20794751935242
Set A,B4145_D80_a0.16_ms100,$t_0$,150.0,unpaired,1.2541806696146558,75.73870359474702
Set A,B4145_D80_a0.16_ms100,$t_0$,150.0,unpaired,1.2939797852179407,75.28747466817507
Set A,B4145_D80_a0.16_ms100,$t_0$,150.0,unpaired,1.333779532533165,74.85316768118965
Set A,B4145_D80_a0.16_ms100,$t_0$,150.0,unpaired,1.3735786481364498,74.43479030207642
Set A,B4145_D80_a0.16_ms100,$t_0$,150.0,unpaired,1.413377763739735,74.03139240267438
Set A,B4145_D80_a0.16_ms100,$t_0$,150.0,unpaired,1.453177511054959,73.64214821090361
Set A,B4145_D80_a0.16_ms100,$t_0$,150.0,unpaired,1.4929766266582438,73.26626946082352
Set A,B4145_D80_a0.16_ms100,$t_0$,150.0,unpaired,1.532775742261529,72.9030093746286
Set A,B4145_D80_a0.16_ms100,$t_0$,150.0,unpaired,1.5725754895767532,72.55177269321656
Set A,B4145_D80_a0.16_ms100,$t_0$,150.0,unpaired,1.6123746051800378,72.21187502592358
Set A,B4145_D80_a0.16_ms100,$t_0$,150.0,unpaired,1.652173720783323,71.88282839468467
Set A,B4145_D80_a0.16_ms100,$t_0$,150.0,unpaired,1.6919734680985472,71.56408198135966
Set A,B4145_D80_a0.16_ms100,$t_0$,150.0,unpaired,1.7317725837018318,71.2551632544311
Set A,B4145_D80_a0.16_ms100,$t_0$,150.0,unpaired,1.771571699305117,70.95567493837997
Set A,B4145_D80_a0.16_ms100,$t_0$,150.0,unpaired,1.8113714466203412,70.66516689452136
Set A,B4145_D80_a0.16_ms100,$t_0$,150.0,unpaired,1.8511705622236259,70.38331225200832
Set A,B4145_D80_a0.16_ms100,$t_0$,150.0,unpaired,1.890969677826911,70.10974372084387
Set A,B4145_D80_a0.16_ms100,$t_0$,150.0,unpaired,1.9307694251421352,69.84415024172428
Set A,B4145_D80_a0.16_ms100,$t_0$,150.0,unpaired,1.9705685407454203,69.5862123549337
Set A,B4145_D80_a0.16_ms100,$t_0$,150.0,unpaired,2.010367656348705,69.33571330689514
Set A,B4145_D80_a0.16_ms100,$t_0$,150.0,unpaired,2.050167403663929,69.09232132252538
Set A,B4145_D80_a0.16_ms100,$t_0$,150.0,unpaired,2.089966519267214,68.85586121174711
Set A,B4145_D80_a0.16_ms100,$t_0$,150.0,unpaired,2.129765634870499,68.62607837906397
Set A,B4145_D80_a0.16_ms100,$t_0$,150.0,unpaired,2.169565382185723,68.4027219721686
Set A,B4145_D80_a0.16_ms100,$t_0$,150.0,unpaired,2.209364497789008,68.18564950029796
Set A,B4145_D80_a0.16_ms100,$t_0$,150.0,unpaired,2.249163613392293,67.9746173242882
Set A,B4145_D80_a0.16_ms100,$t_0$,150.0,unpaired,2.2889633607075175,67.76945252131149
Set A,B4145_D80_a0.16_ms100,$t_0$,150.0,unpaired,2.328762476310802,67.56997732936
Set A,B4145_D80_a0.16_ms100,$t_0$,150.0,unpaired,2.368561591914087,67.37604204415157
Set A,B4145_D80_a0.16_ms100,$t_0$,150.0,unpaired,2.4083613392293115,67.18741504123113
Set A,B4145_D80_a0.16_ms100,$t_0$,150.0,unpaired,2.448160454832596,67.00396394028982
Set A,B4145_D80_a0.16_ms100,$t_0$,150.0,unpaired,2.4879595704358817,66.82554571498495
Set A,B4145_D80_a0.16_ms100,$t_0$,150.0,unpaired,2.5277593177511055,66.65199944384831
Set A,B4145_D80_a0.16_ms100,$t_0$,150.0,unpaired,2.56755843335439,66.48315039537033
Set A,B4145_D80_a0.16_ms100,$t_0$,150.0,unpaired,2.6073575489576757,66.31886240559543
Set A,B4145_D80_a0.16_ms100,$t_0$,150.0,unpaired,2.6471572962728995,66.15894454336846
Set A,B4145_D80_a0.16_ms100,$t_0$,150.0,unpaired,2.686956411876184,66.0033365628981
Set A,B4145_D80_a0.16_ms100,$t_0$,150.0,unpaired,2.726756159191409,65.85180610384491
Set A,B4145_D80_a0.16_ms100,$t_0$,150.0,unpaired,2.7665552747946935,65.70424079629296
Set A,B4145_D80_a0.16_ms100,$t_0$,150.0,unpaired,2.8063543903979786,65.5605271301784
Set A,B4145_D80_a0.16_ms100,$t_0$,150.0,unpaired,2.846154137713203,65.42044777216832
Set A,B4145_D80_a0.16_ms100,$t_0$,150.0,unpaired,2.8859532533164876,65.28393090289195
Set A,B4145_D80_a0.16_ms100,$t_0$,150.0,unpaired,2.9257523689197726,65.15076576378907
Set A,B4145_D80_a0.16_ms100,$t_0$,150.0,unpaired,2.965552116234997,65.02085341848324
Set A,B4145_D80_a0.16_ms100,$t_0$,150.0,unpaired,3.0053512318382816,64.8941156180084
Set A,B4145_D80_a0.16_ms100,$t_0$,150.0,unpaired,3.0451503474415667,64.77007230439236
Set A,B4145_D80_a0.16_ms100,$t_0$,150.0,unpaired,3.084950094756791,64.64923274875213
Set A,B4145_D80_a0.16_ms100,$t_0$,150.0,unpaired,3.124749210360076,64.53091318144509
Set A,B4145_D80_a0.16_ms100,$t_0$,150.0,unpaired,3.1645483259633607,64.4151875237453
Set A,B4145_D80_a0.16_ms100,$t_0$,150.0,unpaired,3.204348073278585,64.30184117358733
Set A,B4145_D80_a0.16_ms100,$t_0$,150.0,unpaired,3.2441471888818696,64.19069843198965
Set A,B4145_D80_a0.16_ms100,$t_0$,150.0,unpaired,3.283946304485155,64.08161042995992
Set A,B4145_D80_a0.16_ms100,$t_0$,150.0,unpaired,3.323746051800379,63.974397122115555
Set A,B4145_D80_a0.16_ms100,$t_0$,150.0,unpaired,3.3635451674036636,63.869247133929065
Set A,B4145_D80_a0.16_ms100,$t_0$,150.0,unpaired,3.403344283006949,63.76594789018969
Set A,B4145_D80_a0.16_ms100,$t_0$,150.0,unpaired,3.443144030322173,63.66403819286797
Set A,B4145_D80_a0.16_ms100,$t_0$,150.0,unpaired,3.4829431459254576,63.56359218157279
Set A,B4145_D80_a0.16_ms100,$t_0$,150.0,unpaired,3.522742261528743,63.46450459421639
Set A,B4145_D80_a0.16_ms100,$t_0$,150.0,unpaired,3.562542008843967,63.366581765257365
Set A,B4145_D80_a0.16_ms100,$t_0$,150.0,unpaired,3.6023411244472525,63.26952381392557
Set A,B4145_D80_a0.16_ms100,$t_0$,150.0,unpaired,3.642140240050537,63.17351528771473
Set A,B4145_D80_a0.16_ms100,$t_0$,150.0,unpaired,3.681939987365761,63.07827623056866
Set A,B4145_D80_a0.16_ms100,$t_0$,150.0,unpaired,3.7217391029690465,62.98380145953271
Set A,B4145_D80_a0.16_ms100,$t_0$,150.0,unpaired,3.761538218572331,62.88973139316315
Set A,B4145_D80_a0.16_ms100,$t_0$,150.0,unpaired,3.801337965887555,62.795994139294706
Set A,B4145_D80_a0.16_ms100,$t_0$,150.0,unpaired,3.8411370814908405,62.702727232401955
Set A,B4145_D80_a0.16_ms100,$t_0$,150.0,unpaired,3.880936197094125,62.6097826197443
Set A,B4145_D80_a0.16_ms100,$t_0$,150.0,unpaired,3.92073594440935,62.51677829030723
Set A,B4145_D80_a0.16_ms100,$t_0$,150.0,unpaired,3.9605350600126346,62.423636619167056
Set A,B4145_D80_a0.16_ms100,$t_0$,150.0,unpaired,4.00033417561592,62.33008830366931
Set A,B4145_D80_a0.16_ms100,$t_0$,150.0,unpaired,4.040133922931144,62.23630302811671
Set A,B4145_D80_a0.16_ms100,$t_0$,150.0,unpaired,4.079933038534429,62.14218852587076
Set A,B4145_D80_a0.16_ms100,$t_0$,150.0,unpaired,4.119732154137713,62.04736704978762
Set A,B4145_D80_a0.16_ms100,$t_0$,150.0,unpaired,4.1595319014529375,61.952160294337176
Set A,B4145_D80_a0.16_ms100,$t_0$,150.0,unpaired,4.199331017056222,61.85595248112162
Set A,B4145_D80_a0.16_ms100,$t_0$,150.0,unpaired,4.239130132659508,61.75881654271043
Set A,B4145_D80_a0.16_ms100,$t_0$,150.0,unpaired,4.278929879974732,61.66071514647538
Set A,B4145_D80_a0.16_ms100,$t_0$,150.0,unpaired,4.318728995578017,61.5613410949028
Set A,B4145_D80_a0.16_ms100,$t_0$,150.0,unpaired,4.358528742893241,61.46097839590967
Set A,B4145_D80_a0.16_ms100,$t_0$,150.0,unpaired,4.3983278584965255,61.359353064012474
Set A,B4145_D80_a0.16_ms100,$t_0$,150.0,unpaired,4.43812697409981,61.2559761897196
Set A,B4145_D80_a0.16_ms100,$t_0$,150.0,unpaired,4.477926721415035,61.15119197297989
Set A,B4145_D80_a0.16_ms100,$t_0$,150.0,unpaired,4.51772583701832,61.04472451601948
Set A,B4145_D80_a0.16_ms100,$t_0$,150.0,unpaired,4.557524952621605,60.9361693402341
Set A,B4145_D80_a0.16_ms100,$t_0$,150.0,unpaired,4.597324699936829,60.82612720466682
Set A,B4145_D80_a0.16_ms100,$t_0$,150.0,unpaired,4.6371238155401135,60.71377124111412
Set A,B4145_D80_a0.16_ms100,$t_0$,150.0,unpaired,4.676922931143398,60.59949283882879
Set A,B4145_D80_a0.16_ms100,$t_0$,150.0,unpaired,4.716722678458623,60.48281246215831
Set A,B4145_D80_a0.16_ms100,$t_0$,150.0,unpaired,4.756521794061908,60.36399237206634
Set A,B4145_D80_a0.16_ms100,$t_0$,150.0,unpaired,4.796320909665193,60.24245281882678
Set A,B4145_D80_a0.16_ms100,$t_0$,150.0,unpaired,4.836120656980417,60.118396274959714
Set A,B4145_D80_a0.16_ms100,$t_0$,150.0,unpaired,4.875919772583702,59.99172853973827
Set A,B4145_D80_a0.16_ms100,$t_0$,150.0,unpaired,4.915718888186986,59.862720988742666
Set A,B4145_D80_a0.16_ms100,$t_0$,150.0,unpaired,4.955518635502211,59.730232883308275
Set A,B4145_D80_a0.16_ms100,$t_0$,150.0,unpaired,4.995317751105496,59.5950566691635
Set A,B4145_D80_a0.16_ms100,$t_0$,150.0,unpaired,5.035116866708781,59.45654959272926
Set A,B4145_D80_a0.16_ms100,$t_0$,150.0,unpaired,5.074916614024005,59.31501515993395
Set A,B4145_D80_a0.16_ms100,$t_0$,150.0,unpaired,5.11471572962729,59.16994473004604
Set A,B4145_D80_a0.16_ms100,$t_0$,150.0,unpaired,5.154514845230575,59.02196680158292
Set A,B4145_D80_a0.16_ms100,$t_0$,150.0,unpaired,5.194314592545799,58.86980475942828
Set A,B4145_D80_a0.16_ms100,$t_0$,150.0,unpaired,5.234113708149084,58.71428070505478
Set A,B4145_D80_a0.16_ms100,$t_0$,150.0,unpaired,5.273912823752369,58.55501208393347
Set A,B4145_D80_a0.16_ms100,$t_0$,150.0,unpaired,5.313712571067593,58.39161930885139
Set A,B4145_D80_a0.16_ms100,$t_0$,150.0,unpaired,5.353511686670878,58.22423095250625
Set A,B4145_D80_a0.16_ms100,$t_0$,150.0,unpaired,5.393310802274163,58.05299196810557
Set A,B4145_D80_a0.16_ms100,$t_0$,150.0,unpaired,5.433110549589387,57.877294419819556
Set A,B4145_D80_a0.16_ms100,$t_0$,150.0,unpaired,5.472909665192672,57.697487020458176
Set A,B4145_D80_a0.16_ms100,$t_0$,150.0,unpaired,5.512708780795958,57.51293449787039
Set A,B4145_D80_a0.16_ms100,$t_0$,150.0,unpaired,5.552508528111181,57.32402303375058
Set A,B4145_D80_a0.16_ms100,$t_0$,150.0,unpaired,5.592307643714466,57.130534595546976
Set A,B4145_D80_a0.16_ms100,$t_0$,150.0,unpaired,5.632106759317751,56.931841687427905
Set A,B4145_D80_a0.16_ms100,$t_0$,150.0,unpaired,5.6719065066329755,56.728466800315985
Set A,B4145_D80_a0.16_ms100,$t_0$,150.0,unpaired,5.711705622236261,56.51970528154199
Set A,B4145_D80_a0.16_ms100,$t_0$,150.0,unpaired,5.751504737839546,56.30642049044842
Set A,B4145_D80_a0.16_ms100,$t_0$,150.0,unpaired,5.791304485154769,56.08721020330998
Set A,B4145_D80_a0.16_ms100,$t_0$,150.0,unpaired,5.831103600758055,55.86270038055763
Set A,B4145_D80_a0.16_ms100,$t_0$,150.0,unpaired,5.870902716361339,55.632730503834246
Set A,B4145_D80_a0.16_ms100,$t_0$,150.0,unpaired,5.9107024636765635,55.39748549869088
Set A,B4145_D80_a0.16_ms100,$t_0$,150.0,unpaired,5.950501579279849,55.15595748409963
Set A,B4145_D80_a0.16_ms100,$t_0$,150.0,unpaired,5.990300694883134,54.90855798261336
Set A,B4145_D80_a0.16_ms100,$t_0$,150.0,unpaired,6.030100442198358,54.65515937531938
Set A,B4145_D80_a0.16_ms100,$t_0$,150.0,unpaired,6.069899557801643,54.395652177910605
Set A,B4145_D80_a0.16_ms100,$t_0$,150.0,unpaired,6.109699305116867,54.12974567965842
Set A,B4145_D80_a0.16_ms100,$t_0$,150.0,unpaired,6.149498420720152,53.85736698890526
Set A,B4145_D80_a0.16_ms100,$t_0$,150.0,unpaired,6.189297536323437,53.5783483894166
Set A,B4145_D80_a0.16_ms100,$t_0$,150.0,unpaired,6.22909728363866,53.29306561273186
Set A,B4145_D80_a0.16_ms100,$t_0$,150.0,unpaired,6.268896399241946,53.000490819199634
Set A,B4145_D80_a0.16_ms100,$t_0$,150.0,unpaired,6.308695514845231,52.70140776870665
Set A,B4145_D80_a0.16_ms100,$t_0$,150.0,unpaired,6.348496525584333,52.39510206311444
Set A,B4145_D80_a0.16_ms100,$t_0$,150.0,unpaired,6.3882943777637395,52.08149128472464
Set A,B4145_D80_a0.16_ms100,$t_0$,150.0,unpaired,6.428092229943147,51.760641084222094
Set A,B4145_D80_a0.16_ms100,$t_0$,150.0,unpaired,6.467890082122553,51.43222072000829
Set A,B4145_D80_a0.16_ms100,$t_0$,150.0,unpaired,6.507694251421352,51.096650173904685
Set A,B4145_D80_a0.16_ms100,$t_0$,150.0,unpaired,6.547492103600758,50.75303522854617
Set A,B4145_D80_a0.16_ms100,$t_0$,150.0,unpaired,6.587289955780164,50.40174726306144
Set A,B4145_D80_a0.16_ms100,$t_0$,150.0,unpaired,6.62708780795957,50.04166873442139
Set A,B4145_D80_a0.16_ms100,$t_0$,150.0,unpaired,6.666891977258371,49.67425601516288
Set A,B4145_D80_a0.16_ms100,$t_0$,150.0,unpaired,6.706689829437776,49.29900381901647
Set A,B4145_D80_a0.16_ms100,$t_0$,150.0,unpaired,6.746487681617182,48.91486023958079
Set A,B4145_D80_a0.16_ms100,$t_0$,150.0,unpaired,6.786285533796589,48.52267095775389
Set A,B4145_D80_a0.16_ms100,$t_0$,150.0,unpaired,6.826089703095389,48.122083218962004
Set A,B4145_D80_a0.16_ms100,$t_0$,150.0,unpaired,6.865887555274795,47.712171122924744
Set A,B4145_D80_a0.16_ms100,$t_0$,150.0,unpaired,6.905685407454201,47.29405355802943
Set A,B4145_D80_a0.16_ms100,$t_0$,150.0,unpaired,6.9454832596336065,46.867258495257005
Set A,B4145_D80_a0.16_ms100,$t_0$,150.0,unpaired,6.985287428932407,46.431402889294056
Set A,B4145_D80_a0.16_ms100,$t_0$,150.0,unpaired,7.025085281111814,45.98667603024004
Set A,B4145_D80_a0.16_ms100,$t_0$,150.0,unpaired,7.064883133291219,45.53291934191678
Set A,B4145_D80_a0.16_ms100,$t_0$,150.0,unpaired,7.104680985470625,45.06993745523275
Set A,B4145_D80_a0.16_ms100,$t_0$,150.0,unpaired,7.1444788376500314,44.59773920978853
Set A,B4145_D80_a0.16_ms100,$t_0$,150.0,unpaired,7.1842830069488315,44.11708734962774
Set A,B4145_D80_a0.16_ms100,$t_0$,150.0,unpaired,7.224080859128238,43.62673357808307
Set A,B4145_D80_a0.16_ms100,$t_0$,150.0,unpaired,7.263878711307644,43.12738459137404
Set A,B4145_D80_a0.16_ms100,$t_0$,150.0,unpaired,7.30367656348705,42.619102368582
Set A,B4145_D80_a0.16_ms100,$t_0$,150.0,unpaired,7.34348073278585,42.10134449102713
Set A,B4145_D80_a0.16_ms100,$t_0$,150.0,unpaired,7.3832785849652565,41.574570555388654
Set A,B4145_D80_a0.16_ms100,$t_0$,150.0,unpaired,7.423076437144663,41.039424877980515
Set A,B4145_D80_a0.16_ms100,$t_0$,150.0,unpaired,7.462874289324068,40.49514842059804
Set A,B4145_D80_a0.16_ms100,$t_0$,150.0,unpaired,7.502678458622867,39.94250864035064
Set A,B4145_D80_a0.16_ms100,$t_0$,150.0,unpaired,7.542476310802275,39.38067709377257
Set A,B4145_D80_a0.16_ms100,$t_0$,150.0,unpaired,7.5822741629816806,38.81101708589891
Set A,B4145_D80_a0.16_ms100,$t_0$,150.0,unpaired,7.622072015161087,38.2336038664496
Set A,B4145_D80_a0.16_ms100,$t_0$,150.0,unpaired,7.661869867340493,37.64779551640001
Set A,B4145_D80_a0.16_ms100,$t_0$,150.0,unpaired,7.701674036639292,37.0543717266272
Set A,B4145_D80_a0.16_ms100,$t_0$,150.0,unpaired,7.741471888818699,36.45426792818192
Set A,B4145_D80_a0.16_ms100,$t_0$,150.0,unpaired,7.7812697409981055,35.84686925913908
Set A,B4145_D80_a0.16_ms100,$t_0$,150.0,unpaired,7.821067593177512,35.232847408504064
Set A,B4145_D80_a0.16_ms100,$t_0$,150.0,unpaired,7.860871762476311,34.6131935118134
Set A,B4145_D80_a0.16_ms100,$t_0$,150.0,unpaired,7.900669614655716,33.98859538163394
Set A,B4145_D80_a0.16_ms100,$t_0$,150.0,unpaired,7.940467466835124,33.358217970521665
Set A,B4145_D80_a0.16_ms100,$t_0$,150.0,unpaired,7.98026531901453,32.72354615565821
Set A,B4145_D80_a0.16_ms100,$t_0$,150.0,unpaired,8.020069488313329,32.08546812557901
Set A,B4145_D80_a0.16_ms100,$t_0$,150.0,unpaired,8.059867340492735,31.444012833289626
Set A,B4145_D80_a0.16_ms100,$t_0$,150.0,unpaired,8.099665192672141,30.80039131333596
Set A,B4145_D80_a0.16_ms100,$t_0$,150.0,unpaired,8.13946304485155,30.154557875852994
Set A,B4145_D80_a0.16_ms100,$t_0$,150.0,unpaired,8.179267214150348,29.508400158299672
Set A,B4145_D80_a0.16_ms100,$t_0$,150.0,unpaired,8.219065066329753,28.86172088620084
Set A,B4145_D80_a0.16_ms100,$t_0$,150.0,unpaired,8.258862918509159,28.215451938263186
Set A,B4145_D80_a0.16_ms100,$t_0$,150.0,unpaired,8.298660770688565,27.570940360543737
Set A,B4145_D80_a0.16_ms100,$t_0$,150.0,unpaired,8.338458622867973,26.928734922983825
Set A,B4145_D80_a0.16_ms100,$t_0$,150.0,unpaired,8.378262792166772,26.2895709260775
Set A,B4145_D80_a0.16_ms100,$t_0$,150.0,unpaired,8.418060644346179,25.653475973000962
Set A,B4145_D80_a0.16_ms100,$t_0$,150.0,unpaired,8.457858496525585,25.023137227048064
Set A,B4145_D80_a0.16_ms100,$t_0$,150.0,unpaired,8.49765634870499,24.397424884726497
Set A,B4145_D80_a0.16_ms100,$t_0$,150.0,unpaired,8.53746051800379,23.778285008289245
Set A,B4145_D80_a0.16_ms100,$t_0$,150.0,unpaired,8.577258370183197,23.165486199587846
Set A,B4145_D80_a0.16_ms100,$t_0$,150.0,unpaired,8.617056222362603,22.560894028669303
Set A,B4145_D80_a0.16_ms100,$t_0$,150.0,unpaired,8.656854074542009,21.96355342672281
Set A,B4145_D80_a0.16_ms100,$t_0$,150.0,unpaired,8.696658243840808,21.37530960767004
Set A,B4145_D80_a0.16_ms100,$t_0$,150.0,unpaired,8.736456096020214,20.796372310387962
Set A,B4145_D80_a0.16_ms100,$t_0$,150.0,unpaired,8.77625394819962,20.227656386182954
Set A,B4145_D80_a0.16_ms100,$t_0$,150.0,unpaired,8.816051800379027,19.668946309419603
Set A,B4145_D80_a0.16_ms100,$t_0$,150.0,unpaired,8.855855969677828,19.1192563721871
Set A,B4145_D80_a0.16_ms100,$t_0$,150.0,unpaired,8.895653821857234,18.5819269302368
Set A,B4145_D80_a0.16_ms100,$t_0$,150.0,unpaired,8.93545167403664,18.056968492514002
Set A,B4145_D80_a0.16_ms100,$t_0$,150.0,unpaired,8.975249526216045,17.54320352987866
Set A,B4145_D80_a0.16_ms100,$t_0$,150.0,unpaired,9.015047378395451,17.04007307532067
Set A,B4145_D80_a0.16_ms100,$t_0$,150.0,unpaired,9.054851547694252,16.547690851462608
Set A,B4145_D80_a0.16_ms100,$t_0$,150.0,unpaired,9.094649399873658,16.066424726404055
Set A,B4145_D80_a0.16_ms100,$t_0$,150.0,unpaired,9.134447252053064,15.597721172729889
Set A,B4145_D80_a0.16_ms100,$t_0$,150.0,unpaired,9.17424510423247,15.142516874458924
Set A,B4145_D80_a0.16_ms100,$t_0$,150.0,unpaired,9.21404927353127,14.69991620524375
Set A,B4145_D80_a0.16_ms100,$t_0$,150.0,unpaired,9.253847125710676,14.265722754022075
Set A,B4145_D80_a0.16_ms100,$t_0$,150.0,unpaired,9.293644977890082,13.837132292622444
Set A,B4145_D80_a0.16_ms100,$t_0$,150.0,unpaired,9.333442830069488,13.419866656303721
Set A,B4145_D80_a0.16_ms100,$t_0$,150.0,unpaired,9.373246999368288,13.017799423978968
Set A,B4145_D80_a0.16_ms100,$t_0$,150.0,unpaired,9.413044851547696,12.630937212037347
Set A,B4145_D80_a0.16_ms100,$t_0$,150.0,unpaired,9.452842703727102,12.258172975352174
Set A,B4145_D80_a0.16_ms100,$t_0$,150.0,unpaired,9.492640555906506,11.89641386981242
Set A,B4145_D80_a0.16_ms100,$t_0$,150.0,unpaired,9.532438408085913,11.542335943758637
Set A,B4145_D80_a0.16_ms100,$t_0$,150.0,unpaired,9.572242577384712,11.193404682473235
Set A,B4145_D80_a0.16_ms100,$t_0$,150.0,unpaired,9.61204042956412,10.85093418589732
Set A,B4145_D80_a0.16_ms100,$t_0$,150.0,unpaired,9.651838281743526,10.519242127967967
Set A,B4145_D80_a0.16_ms100,$t_0$,150.0,unpaired,9.691636133922932,10.203024466827317
Set A,B4145_D80_a0.16_ms100,$t_0$,150.0,unpaired,9.731440303221731,9.906881710529262
Set A,B4145_D80_a0.16_ms100,$t_0$,150.0,unpaired,9.771238155401138,9.632449127585996
Set A,B4145_D80_a0.16_ms100,$t_0$,150.0,unpaired,9.811036007580544,9.360038454007148
Set A,B4145_D80_a0.16_ms100,$t_0$,150.0,unpaired,9.85083385975995,9.087726319322485
Set A,B4145_D80_a0.16_ms100,$t_0$,150.0,unpaired,9.89063802905875,8.813491302858175
Set A,B4145_D80_a0.16_ms100,$t_0$,150.0,unpaired,9.930435881238155,8.537080485024047
Set A,B4145_D80_a0.16_ms100,$t_0$,150.0,unpaired,9.970233733417562,8.259331760088637
Set A,B4145_D80_a0.16_ms100,$t_0$,150.0,unpaired,10.010031585596968,7.98332743823018
Set A,B4145_D80_a0.16_ms100,$t_0$,150.0,unpaired,10.049835754895767,7.714789177929926
Set A,B4145_D80_a0.16_ms100,$t_0$,150.0,unpaired,10.089633607075173,7.464117448343818
Set A,B4145_D80_a0.16_ms100,$t_0$,150.0,unpaired,10.12943145925458,7.233937995831782
Set A,B4145_D80_a0.16_ms100,$t_0$,150.0,unpaired,10.169229311433986,7.021539582834212
Set A,B4145_D80_a0.16_ms100,$t_0$,150.0,unpaired,10.209027163613394,6.82224836829004
Set A,B4145_D80_a0.16_ms100,$t_0$,150.0,unpaired,10.248831332912193,6.631450675557456
Set A,B4145_D80_a0.16_ms100,$t_0$,150.0,unpaired,10.288629185091597,6.444436277382305
Set A,B4145_D80_a0.16_ms100,$t_0$,150.0,unpaired,10.328427037271004,6.256212923476265
Set A,B4145_D80_a0.16_ms100,$t_0$,150.0,unpaired,10.36822488945041,6.061052690548319
Set A,B4145_D80_a0.16_ms100,$t_0$,150.0,unpaired,10.40802905874921,5.847721599517906
Set A,B4145_D80_a0.16_ms100,$t_0$,150.0,unpaired,10.447826910928617,5.618243023675427
Set A,B4145_D80_a0.16_ms100,$t_0$,150.0,unpaired,10.487624763108023,5.377052660672169
Set A,B4145_D80_a0.16_ms100,$t_0$,150.0,unpaired,10.52742261528743,5.142194208833564
Set A,B4145_D80_a0.16_ms100,$t_0$,150.0,unpaired,10.567226784586229,4.929091084081574
Set A,B4145_D80_a0.16_ms100,$t_0$,150.0,unpaired,10.607024636765635,4.744825097731151
Set A,B4145_D80_a0.16_ms100,$t_0$,150.0,unpaired,10.646822488945041,4.5886700490203545
Set A,B4145_D80_a0.16_ms100,$t_0$,150.0,unpaired,10.686620341124447,4.470080542064811
Set A,B4145_D80_a0.16_ms100,$t_0$,150.0,unpaired,10.726424510423248,4.379155293062639
Set A,B4145_D80_a0.16_ms100,$t_0$,150.0,unpaired,10.766222362602655,4.2922996270714515
Set A,B4145_D80_a0.16_ms100,$t_0$,150.0,unpaired,10.806020214782059,4.208188577120902
Set A,B4145_D80_a0.16_ms100,$t_0$,150.0,unpaired,10.845818066961465,4.125744420685537
Set A,B4145_D80_a0.16_ms100,$t_0$,150.0,unpaired,10.885615919140871,4.044234766842971
Set A,B4145_D80_a0.16_ms100,$t_0$,150.0,unpaired,10.925420088439672,3.9628843846319777
Set A,B4145_D80_a0.16_ms100,$t_0$,150.0,unpaired,10.965217940619079,3.8806794492777454
Set A,B4145_D80_a0.16_ms100,$t_0$,150.0,unpaired,11.005015792798485,3.7966409812714184
Set A,B4145_D80_a0.16_ms100,$t_0$,150.0,unpaired,11.044813644977891,3.7097678559393272
Set A,B4145_D80_a0.16_ms100,$t_0$,150.0,unpaired,11.08461781427669,3.6193221665361777
Set A,B4145_D80_a0.16_ms100,$t_0$,150.0,unpaired,11.124415666456096,3.5245792541340815
Set A,B4145_D80_a0.16_ms100,$t_0$,150.0,unpaired,11.164213518635503,3.425333529217726
Set A,B4145_D80_a0.16_ms100,$t_0$,150.0,unpaired,11.204011370814909,3.3215771113902064
Set A,B4145_D80_a0.16_ms100,$t_0$,150.0,unpaired,11.243815540113708,3.213697705160229
Set A,B4145_D80_a0.16_ms100,$t_0$,150.0,unpaired,11.283613392293114,3.1027527442166476
Set A,B4145_D80_a0.16_ms100,$t_0$,150.0,unpaired,11.32341124447252,2.9902941852902796
Set A,B4145_D80_a0.16_ms100,$t_0$,150.0,unpaired,11.363209096651927,2.878281308569135
Set A,B4145_D80_a0.16_ms100,$t_0$,150.0,unpaired,11.403006948831333,2.7695780469606595
Set A,B4145_D80_a0.16_ms100,$t_0$,150.0,unpaired,11.442811118130132,2.6653554783374545
Set A,B4145_D80_a0.16_ms100,$t_0$,150.0,unpaired,11.482608970309538,2.5670523731143113
Set A,B4145_D80_a0.16_ms100,$t_0$,150.0,unpaired,11.522406822488946,2.4764184849155133
Set A,B4145_D80_a0.16_ms100,$t_0$,150.0,unpaired,11.562204674668353,2.393305661250205
Set A,B4145_D80_a0.16_ms100,$t_0$,150.0,unpaired,11.602008843967152,2.318369173548146
Set A,B4145_D80_a0.16_ms100,$t_0$,150.0,unpaired,11.641806696146556,2.2503774361135904
Set A,B4145_D80_a0.16_ms100,$t_0$,150.0,unpaired,11.681604548325963,2.1887498013221935
Set A,B4145_D80_a0.16_ms100,$t_0$,150.0,unpaired,11.72140240050537,2.1329097747279118
Set A,B4145_D80_a0.16_ms100,$t_0$,150.0,unpaired,11.76120656980417,2.082297180125891
Set A,B4145_D80_a0.16_ms100,$t_0$,150.0,unpaired,11.801004421983576,2.036383090566362
Set A,B4145_D80_a0.16_ms100,$t_0$,150.0,unpaired,11.840802274162982,1.994772985044777
Set A,B4145_D80_a0.16_ms100,$t_0$,150.0,unpaired,11.880600126342388,1.9569450633269212
Set A,B4145_D80_a0.16_ms100,$t_0$,150.0,unpaired,11.920404295641188,1.9223668380189283
Set A,B4145_D80_a0.16_ms100,$t_0$,150.0,unpaired,11.960202147820594,1.8906026486132987
Set A,B4145_D80_a0.16_ms100,$t_0$,150.0,unpaired,12.0,1.8613194020414854
Set A,B4145_D80_a0.16_ms100,$t_0$,150.0,cfl,0.25919734680985473,98.76479631138407
Set A,B4145_D80_a0.16_ms100,$t_0$,150.0,cfl,0.2989966519267214,96.94546370458598
Set A,B4145_D80_a0.16_ms100,$t_0$,150.0,cfl,0.33879595704358817,95.2998595878325
Set A,B4145_D80_a0.16_ms100,$t_0$,150.0,cfl,0.3785953253316488,93.79838174632079
Set A,B4145_D80_a0.16_ms100,$t_0$,150.0,cfl,0.4183946304485155,92.41865049860364
Set A,B4145_D80_a0.16_ms100,$t_0$,150.0,cfl,0.4581939987365761,91.1433431581049
Set A,B4145_D80_a0.16_ms100,$t_0$,150.0,cfl,0.49799330385344287,89.95881592121093
Set A,B4145_D80_a0.16_ms100,$t_0$,150.0,cfl,0.5377926721415035,88.85409659757643
Set A,B4145_D80_a0.16_ms100,$t_0$,150.0,cfl,0.5775919772583702,87.82027754159678
Set A,B4145_D80_a0.16_ms100,$t_0$,150.0,cfl,0.6173912823752369,86.84989037193651
Set A,B4145_D80_a0.16_ms100,$t_0$,150.0,cfl,0.6571907770056854,85.93673737894407
Set A,B4145_D80_a0.16_ms100,$t_0$,150.0,cfl,0.6969898926089704,85.07539464715629
Set A,B4145_D80_a0.16_ms100,$t_0$,150.0,cfl,0.7367890082122552,84.26123359958346
Set A,B4145_D80_a0.16_ms100,$t_0$,150.0,cfl,0.7765887555274795,83.49019482957522
Set A,B4145_D80_a0.16_ms100,$t_0$,150.0,cfl,0.8163878711307644,82.75862657701008
Set A,B4145_D80_a0.16_ms100,$t_0$,150.0,cfl,0.8561869867340492,82.06332079986882
Set A,B4145_D80_a0.16_ms100,$t_0$,150.0,cfl,0.8959867340492736,81.40135452797257
Set A,B4145_D80_a0.16_ms100,$t_0$,150.0,cfl,0.9357858496525585,80.77013775788316
Set A,B4145_D80_a0.16_ms100,$t_0$,150.0,cfl,0.9755855969677827,80.16727282653376
Set A,B4145_D80_a0.16_ms100,$t_0$,150.0,cfl,1.0153847125710675,79.5906275493265
Set A,B4145_D80_a0.16_ms100,$t_0$,150.0,cfl,1.0551838281743526,79.03824831755597
Set A,B4145_D80_a0.16_ms100,$t_0$,150.0,cfl,1.0949835754895767,78.50837520371375
Set A,B4145_D80_a0.16_ms100,$t_0$,150.0,cfl,1.1347826910928616,77.99939367023278
Set A,B4145_D80_a0.16_ms100,$t_0$,150.0,cfl,1.1745818066961466,77.50983242210161
Set A,B4145_D80_a0.16_ms100,$t_0$,150.0,cfl,1.214381554011371,77.03838477848075
Set A,B4145_D80_a0.16_ms100,$t_0$,150.0,cfl,1.2541806696146558,76.58382101849853
Set A,B4145_D80_a0.16_ms100,$t_0$,150.0,cfl,1.2939797852179407,76.14505828983144
Set A,B4145_D80_a0.16_ms100,$t_0$,150.0,cfl,1.333779532533165,75.7210987197736
Set A,B4145_D80_a0.16_ms100,$t_0$,150.0,cfl,1.3735786481364498,75.31104382569933
Set A,B4145_D80_a0.16_ms100,$t_0$,150.0,cfl,1.413377763739735,74.9140488525744
Set A,B4145_D80_a0.16_ms100,$t_0$,150.0,cfl,1.453177511054959,74.52941610438099
Set A,B4145_D80_a0.16_ms100,$t_0$,150.0,cfl,1.4929766266582438,74.15643260721936
Set A,B4145_D80_a0.16_ms100,$t_0$,150.0,cfl,1.532775742261529,73.79446020371493
Set A,B4145_D80_a0.16_ms100,$t_0$,150.0,cfl,1.5725754895767532,73.44298842222278
Set A,B4145_D80_a0.16_ms100,$t_0$,150.0,cfl,1.6123746051800378,73.10147706290837
Set A,B4145_D80_a0.16_ms100,$t_0$,150.0,cfl,1.652173720783323,72.76948905645247
Set A,B4145_D80_a0.16_ms100,$t_0$,150.0,cfl,1.6919734680985472,72.44659024390891
Set A,B4145_D80_a0.16_ms100,$t_0$,150.0,cfl,1.7317725837018318,72.13237852527774
Set A,B4145_D80_a0.16_ms100,$t_0$,150.0,cfl,1.771571699305117,71.8265442509748
Set A,B4145_D80_a0.16_ms100,$t_0$,150.0,cfl,1.8113714466203412,71.52870376418903
Set A,B4145_D80_a0.16_ms100,$t_0$,150.0,cfl,1.8511705622236259,71.23859197198416
Set A,B4145_D80_a0.16_ms100,$t_0$,150.0,cfl,1.890969677826911,70.9559221803011
Set A,B4145_D80_a0.16_ms100,$t_0$,150.0,cfl,1.9307694251421352,70.68043256657953
Set A,B4145_D80_a0.16_ms100,$t_0$,150.0,cfl,1.9705685407454203,70.41188717249597
Set A,B4145_D80_a0.16_ms100,$t_0$,150.0,cfl,2.010367656348705,70.15011545075362
Set A,B4145_D80_a0.16_ms100,$t_0$,150.0,cfl,2.050167403663929,69.89481032855434
Set A,B4145_D80_a0.16_ms100,$t_0$,150.0,cfl,2.089966519267214,69.6458826182969
Set A,B4145_D80_a0.16_ms100,$t_0$,150.0,cfl,2.129765634870499,69.4031369603043
Set A,B4145_D80_a0.16_ms100,$t_0$,150.0,cfl,2.169565382185723,69.1663696358119
Set A,B4145_D80_a0.16_ms100,$t_0$,150.0,cfl,2.209364497789008,68.9354855834672
Set A,B4145_D80_a0.16_ms100,$t_0$,150.0,cfl,2.249163613392293,68.71031607934624
Set A,B4145_D80_a0.16_ms100,$t_0$,150.0,cfl,2.2889633607075175,68.49069926022254
Set A,B4145_D80_a0.16_ms100,$t_0$,150.0,cfl,2.328762476310802,68.2765398142346
Set A,B4145_D80_a0.16_ms100,$t_0$,150.0,cfl,2.368561591914087,68.06770181679758
Set A,B4145_D80_a0.16_ms100,$t_0$,150.0,cfl,2.4083613392293115,67.86399743598008
Set A,B4145_D80_a0.16_ms100,$t_0$,150.0,cfl,2.448160454832596,67.66532510997368
Set A,B4145_D80_a0.16_ms100,$t_0$,150.0,cfl,2.4879595704358817,67.47154275230531
Set A,B4145_D80_a0.16_ms100,$t_0$,150.0,cfl,2.5277593177511055,67.28252731787036
Set A,B4145_D80_a0.16_ms100,$t_0$,150.0,cfl,2.56755843335439,67.0981010801736
Set A,B4145_D80_a0.16_ms100,$t_0$,150.0,cfl,2.6073575489576757,66.91816735246677
Set A,B4145_D80_a0.16_ms100,$t_0$,150.0,cfl,2.6471572962728995,66.74256215167519
Set A,B4145_D80_a0.16_ms100,$t_0$,150.0,cfl,2.686956411876184,66.5712201070229
Set A,B4145_D80_a0.16_ms100,$t_0$,150.0,cfl,2.726756159191409,66.40395953577216
Set A,B4145_D80_a0.16_ms100,$t_0$,150.0,cfl,2.7665552747946935,66.24066434619384
Set A,B4145_D80_a0.16_ms100,$t_0$,150.0,cfl,2.8063543903979786,66.08125935030337
Set A,B4145_D80_a0.16_ms100,$t_0$,150.0,cfl,2.846154137713203,65.92555184105548
Set A,B4145_D80_a0.16_ms100,$t_0$,150.0,cfl,2.8859532533164876,65.77347002136288
Set A,B4145_D80_a0.16_ms100,$t_0$,150.0,cfl,2.9257523689197726,65.62492814908099
Set A,B4145_D80_a0.16_ms100,$t_0$,150.0,cfl,2.965552116234997,65.47979032407963
Set A,B4145_D80_a0.16_ms100,$t_0$,150.0,cfl,3.0053512318382816,65.33809992222626
Set A,B4145_D80_a0.16_ms100,$t_0$,150.0,cfl,3.0451503474415667,65.19944653242558
Set A,B4145_D80_a0.16_ms100,$t_0$,150.0,cfl,3.084950094756791,65.0642853137209
Set A,B4145_D80_a0.16_ms100,$t_0$,150.0,cfl,3.124749210360076,64.93189777354425
Set A,B4145_D80_a0.16_ms100,$t_0$,150.0,cfl,3.1645483259633607,64.80252803809803
Set A,B4145_D80_a0.16_ms100,$t_0$,150.0,cfl,3.204348073278585,64.67594612626738
Set A,B4145_D80_a0.16_ms100,$t_0$,150.0,cfl,3.2441471888818696,64.55197457154138
Set A,B4145_D80_a0.16_ms100,$t_0$,150.0,cfl,3.283946304485155,64.43053324463143
Set A,B4145_D80_a0.16_ms100,$t_0$,150.0,cfl,3.323746051800379,64.31147185658156
Set A,B4145_D80_a0.16_ms100,$t_0$,150.0,cfl,3.3635451674036636,64.19486178060203
Set A,B4145_D80_a0.16_ms100,$t_0$,150.0,cfl,3.403344283006949,64.08064690865754
Set A,B4145_D80_a0.16_ms100,$t_0$,150.0,cfl,3.443144030322173,63.96824753239021
Set A,B4145_D80_a0.16_ms100,$t_0$,150.0,cfl,3.4829431459254576,63.857865520156615
Set A,B4145_D80_a0.16_ms100,$t_0$,150.0,cfl,3.522742261528743,63.749298465565396
Set A,B4145_D80_a0.16_ms100,$t_0$,150.0,cfl,3.562542008843967,63.64228317858415
Set A,B4145_D80_a0.16_ms100,$t_0$,150.0,cfl,3.6023411244472525,63.53656549479874
Set A,B4145_D80_a0.16_ms100,$t_0$,150.0,cfl,3.642140240050537,63.432148372026504
Set A,B4145_D80_a0.16_ms100,$t_0$,150.0,cfl,3.681939987365761,63.32901579857334
Set A,B4145_D80_a0.16_ms100,$t_0$,150.0,cfl,3.7217391029690465,63.22683543086378
Set A,B4145_D80_a0.16_ms100,$t_0$,150.0,cfl,3.761538218572331,63.12533610369187
Set A,B4145_D80_a0.16_ms100,$t_0$,150.0,cfl,3.801337965887555,63.0244364349481
Set A,B4145_D80_a0.16_ms100,$t_0$,150.0,cfl,3.8411370814908405,62.924230569546495
Set A,B4145_D80_a0.16_ms100,$t_0$,150.0,cfl,3.880936197094125,62.824556474017704
Set A,B4145_D80_a0.16_ms100,$t_0$,150.0,cfl,3.92073594440935,62.72492969036526
Set A,B4145_D80_a0.16_ms100,$t_0$,150.0,cfl,3.9605350600126346,62.62532959859263
Set A,B4145_D80_a0.16_ms100,$t_0$,150.0,cfl,4.00033417561592,62.52545985653331
Set A,B4145_D80_a0.16_ms100,$t_0$,150.0,cfl,4.040133922931144,62.42535932654481
Set A,B4145_D80_a0.16_ms100,$t_0$,150.0,cfl,4.079933038534429,62.32499520184118
Set A,B4145_D80_a0.16_ms100,$t_0$,150.0,cfl,4.119732154137713,62.223938632212366
Set A,B4145_D80_a0.16_ms100,$t_0$,150.0,cfl,4.1595319014529375,62.12237404060764
Set A,B4145_D80_a0.16_ms100,$t_0$,150.0,cfl,4.199331017056222,62.01970216049397
Set A,B4145_D80_a0.16_ms100,$t_0$,150.0,cfl,4.239130132659508,61.91599859033171
Set A,B4145_D80_a0.16_ms100,$t_0$,150.0,cfl,4.278929879974732,61.811201275616654
Set A,B4145_D80_a0.16_ms100,$t_0$,150.0,cfl,4.318728995578017,61.705157424767144
Set A,B4145_D80_a0.16_ms100,$t_0$,150.0,cfl,4.358528742893241,61.598262569015866
Set A,B4145_D80_a0.16_ms100,$t_0$,150.0,cfl,4.3983278584965255,61.49037896955626
Set A,B4145_D80_a0.16_ms100,$t_0$,150.0,cfl,4.43812697409981,61.381093395307985
Set A,B4145_D80_a0.16_ms100,$t_0$,150.0,cfl,4.477926721415035,61.27098024155005
Set A,B4145_D80_a0.16_ms100,$t_0$,150.0,cfl,4.51772583701832,61.15982878579124
Set A,B4145_D80_a0.16_ms100,$t_0$,150.0,cfl,4.557524952621605,61.04741468033351
Set A,B4145_D80_a0.16_ms100,$t_0$,150.0,cfl,4.597324699936829,60.93447877319609
Set A,B4145_D80_a0.16_ms100,$t_0$,150.0,cfl,4.6371238155401135,60.82039447630543
Set A,B4145_D80_a0.16_ms100,$t_0$,150.0,cfl,4.676922931143398,60.705671597134774
Set A,B4145_D80_a0.16_ms100,$t_0$,150.0,cfl,4.716722678458623,60.590014911725525
Set A,B4145_D80_a0.16_ms100,$t_0$,150.0,cfl,4.756521794061908,60.47383628956026
Set A,B4145_D80_a0.16_ms100,$t_0$,150.0,cfl,4.796320909665193,60.356778210942835
Set A,B4145_D80_a0.16_ms100,$t_0$,150.0,cfl,4.836120656980417,60.239160216693165
Set A,B4145_D80_a0.16_ms100,$t_0$,150.0,cfl,4.875919772583702,60.12104478616793
Set A,B4145_D80_a0.16_ms100,$t_0$,150.0,cfl,4.915718888186986,60.00288833167974
Set A,B4145_D80_a0.16_ms100,$t_0$,150.0,cfl,4.955518635502211,59.88360358759416
Set A,B4145_D80_a0.16_ms100,$t_0$,150.0,cfl,4.995317751105496,59.76354178297393
Set A,B4145_D80_a0.16_ms100,$t_0$,150.0,cfl,5.035116866708781,59.641479430532435
Set A,B4145_D80_a0.16_ms100,$t_0$,150.0,cfl,5.074916614024005,59.51710535820378
Set A,B4145_D80_a0.16_ms100,$t_0$,150.0,cfl,5.11471572962729,59.38925508350384
Set A,B4145_D80_a0.16_ms100,$t_0$,150.0,cfl,5.154514845230575,59.25780771568093
Set A,B4145_D80_a0.16_ms100,$t_0$,150.0,cfl,5.194314592545799,59.12066363278874
Set A,B4145_D80_a0.16_ms100,$t_0$,150.0,cfl,5.234113708149084,58.97727209562354
Set A,B4145_D80_a0.16_ms100,$t_0$,150.0,cfl,5.273912823752369,58.825791192447944
Set A,B4145_D80_a0.16_ms100,$t_0$,150.0,cfl,5.313712571067593,58.66360546882364
Set A,B4145_D80_a0.16_ms100,$t_0$,150.0,cfl,5.353511686670878,58.487655723921236
Set A,B4145_D80_a0.16_ms100,$t_0$,150.0,cfl,5.393310802274163,58.292592881510885
Set A,B4145_D80_a0.16_ms100,$t_0$,150.0,cfl,5.433110549589387,58.067695160682895
Set A,B4145_D80_a0.16_ms100,$t_0$,150.0,cfl,5.472909665192672,57.79168459978909
Set A,B4145_D80_a0.16_ms100,$t_0$,150.0,cfl,5.512708780795958,57.42067631949598
Set A,B4145_D80_a0.16_ms100,$t_0$,150.0,cfl,5.552508528111181,56.84450975248086
Set A,B4145_D80_a0.16_ms100,$t_0$,150.0,cfl,5.592307643714466,55.782087566837255
Set A,B4145_D80_a0.16_ms100,$t_0$,150.0,cfl,5.632106759317751,54.52027523612561
Set A,B4145_D80_a0.16_ms100,$t_0$,150.0,cfl,5.6719065066329755,53.20486238667382
Set A,B4145_D80_a0.16_ms100,$t_0$,150.0,cfl,5.711705622236261,51.844539989887245
Set A,B4145_D80_a0.16_ms100,$t_0$,150.0,cfl,5.751504737839546,50.4620677507172
Set A,B4145_D80_a0.16_ms100,$t_0$,150.0,cfl,5.791304485154769,49.072880982505055
Set A,B4145_D80_a0.16_ms100,$t_0$,150.0,cfl,5.831103600758055,47.69327955502886
Set A,B4145_D80_a0.16_ms100,$t_0$,150.0,cfl,5.870902716361339,46.33618583752323
Set A,B4145_D80_a0.16_ms100,$t_0$,150.0,cfl,5.9107024636765635,45.01587420821318
Set A,B4145_D80_a0.16_ms100,$t_0$,150.0,cfl,5.950501579279849,43.73666627849329
Set A,B4145_D80_a0.16_ms100,$t_0$,150.0,cfl,5.990300694883134,42.50517748849667
Set A,B4145_D80_a0.16_ms100,$t_0$,150.0,cfl,6.030100442198358,41.32060431166079
Set A,B4145_D80_a0.16_ms100,$t_0$,150.0,cfl,6.069899557801643,40.18436261116983
Set A,B4145_D80_a0.16_ms100,$t_0$,150.0,cfl,6.109699305116867,39.09367002695055
Set A,B4145_D80_a0.16_ms100,$t_0$,150.0,cfl,6.149498420720152,38.04960405711826
Set A,B4145_D80_a0.16_ms100,$t_0$,150.0,cfl,6.189297536323437,37.04981358266831
Set A,B4145_D80_a0.16_ms100,$t_0$,150.0,cfl,6.22909728363866,36.08900071741882
Set A,B4145_D80_a0.16_ms100,$t_0$,150.0,cfl,6.268896399241946,35.16605771728936
Set A,B4145_D80_a0.16_ms100,$t_0$,150.0,cfl,6.308695514845231,34.27843653584346
Set A,B4145_D80_a0.16_ms100,$t_0$,150.0,cfl,6.348496525584333,33.42526898286296
Set A,B4145_D80_a0.16_ms100,$t_0$,150.0,cfl,6.3882943777637395,32.602279388329634
Set A,B4145_D80_a0.16_ms100,$t_0$,150.0,cfl,6.428092229943147,31.807629105899895
Set A,B4145_D80_a0.16_ms100,$t_0$,150.0,cfl,6.467890082122553,31.040061387116932
Set A,B4145_D80_a0.16_ms100,$t_0$,150.0,cfl,6.507694251421352,30.29759433071797
Set A,B4145_D80_a0.16_ms100,$t_0$,150.0,cfl,6.547492103600758,29.578047814293004
Set A,B4145_D80_a0.16_ms100,$t_0$,150.0,cfl,6.587289955780164,28.880853860445807
Set A,B4145_D80_a0.16_ms100,$t_0$,150.0,cfl,6.62708780795957,28.204714183501455
Set A,B4145_D80_a0.16_ms100,$t_0$,150.0,cfl,6.666891977258371,27.547151039925765
Set A,B4145_D80_a0.16_ms100,$t_0$,150.0,cfl,6.706689829437776,26.908410590131446
Set A,B4145_D80_a0.16_ms100,$t_0$,150.0,cfl,6.746487681617182,26.2873352963492
Set A,B4145_D80_a0.16_ms100,$t_0$,150.0,cfl,6.786285533796589,25.682205153356787
Set A,B4145_D80_a0.16_ms100,$t_0$,150.0,cfl,6.826089703095389,25.093472449100968
Set A,B4145_D80_a0.16_ms100,$t_0$,150.0,cfl,6.865887555274795,24.519590607295243
Set A,B4145_D80_a0.16_ms100,$t_0$,150.0,cfl,6.905685407454201,23.960179427840078
Set A,B4145_D80_a0.16_ms100,$t_0$,150.0,cfl,6.9454832596336065,23.414419671175672
Set A,B4145_D80_a0.16_ms100,$t_0$,150.0,cfl,6.985287428932407,22.88206392362433
Set A,B4145_D80_a0.16_ms100,$t_0$,150.0,cfl,7.025085281111814,22.36219885448437
Set A,B4145_D80_a0.16_ms100,$t_0$,150.0,cfl,7.064883133291219,21.854855006031034
Set A,B4145_D80_a0.16_ms100,$t_0$,150.0,cfl,7.104680985470625,21.359725553073044
Set A,B4145_D80_a0.16_ms100,$t_0$,150.0,cfl,7.1444788376500314,20.876451568158295
Set A,B4145_D80_a0.16_ms100,$t_0$,150.0,cfl,7.1842830069488315,20.403503185081235
Set A,B4145_D80_a0.16_ms100,$t_0$,150.0,cfl,7.224080859128238,19.94182967897016
Set A,B4145_D80_a0.16_ms100,$t_0$,150.0,cfl,7.263878711307644,19.490497072543977
Set A,B4145_D80_a0.16_ms100,$t_0$,150.0,cfl,7.30367656348705,19.049818333783243
Set A,B4145_D80_a0.16_ms100,$t_0$,150.0,cfl,7.34348073278585,18.61990410151359
Set A,B4145_D80_a0.16_ms100,$t_0$,150.0,cfl,7.3832785849652565,18.199839827205437
Set A,B4145_D80_a0.16_ms100,$t_0$,150.0,cfl,7.423076437144663,17.789387048062103
Set A,B4145_D80_a0.16_ms100,$t_0$,150.0,cfl,7.462874289324068,17.388163681673227
Set A,B4145_D80_a0.16_ms100,$t_0$,150.0,cfl,7.502678458622867,16.995626801963052
Set A,B4145_D80_a0.16_ms100,$t_0$,150.0,cfl,7.542476310802275,16.612152847503
Set A,B4145_D80_a0.16_ms100,$t_0$,150.0,cfl,7.5822741629816806,16.23760052341792
Set A,B4145_D80_a0.16_ms100,$t_0$,150.0,cfl,7.622072015161087,15.872614693319198
Set A,B4145_D80_a0.16_ms100,$t_0$,150.0,cfl,7.661869867340493,15.517343063378632
Set A,B4145_D80_a0.16_ms100,$t_0$,150.0,cfl,7.701674036639292,15.17032821093589
Set A,B4145_D80_a0.16_ms100,$t_0$,150.0,cfl,7.741471888818699,14.829380185818618
Set A,B4145_D80_a0.16_ms100,$t_0$,150.0,cfl,7.7812697409981055,14.49427105453123
Set A,B4145_D80_a0.16_ms100,$t_0$,150.0,cfl,7.821067593177512,14.165364229123668
Set A,B4145_D80_a0.16_ms100,$t_0$,150.0,cfl,7.860871762476311,13.84218456377617
Set A,B4145_D80_a0.16_ms100,$t_0$,150.0,cfl,7.900669614655716,13.5263670120226
Set A,B4145_D80_a0.16_ms100,$t_0$,150.0,cfl,7.940467466835124,13.218934808825361
Set A,B4145_D80_a0.16_ms100,$t_0$,150.0,cfl,7.98026531901453,12.920806383973131
Set A,B4145_D80_a0.16_ms100,$t_0$,150.0,cfl,8.020069488313329,12.631107936653525
Set A,B4145_D80_a0.16_ms100,$t_0$,150.0,cfl,8.059867340492735,12.349364635909565
Set A,B4145_D80_a0.16_ms100,$t_0$,150.0,cfl,8.099665192672141,12.073858349959723
Set A,B4145_D80_a0.16_ms100,$t_0$,150.0,cfl,8.13946304485155,11.80311515680742
Set A,B4145_D80_a0.16_ms100,$t_0$,150.0,cfl,8.179267214150348,11.536409348338813
Set A,B4145_D80_a0.16_ms100,$t_0$,150.0,cfl,8.219065066329753,11.272682827930172
Set A,B4145_D80_a0.16_ms100,$t_0$,150.0,cfl,8.258862918509159,11.012993337047478
Set A,B4145_D80_a0.16_ms100,$t_0$,150.0,cfl,8.298660770688565,10.759001434279938
Set A,B4145_D80_a0.16_ms100,$t_0$,150.0,cfl,8.338458622867973,10.512636319299672
Set A,B4145_D80_a0.16_ms100,$t_0$,150.0,cfl,8.378262792166772,10.275805422714326
Set A,B4145_D80_a0.16_ms100,$t_0$,150.0,cfl,8.418060644346179,10.050578379005687
Set A,B4145_D80_a0.16_ms100,$t_0$,150.0,cfl,8.457858496525585,9.838134770755337
Set A,B4145_D80_a0.16_ms100,$t_0$,150.0,cfl,8.49765634870499,9.631104397217873
Set A,B4145_D80_a0.16_ms100,$t_0$,150.0,cfl,8.53746051800379,9.425927309222443
Set A,B4145_D80_a0.16_ms100,$t_0$,150.0,cfl,8.577258370183197,9.220930863912855
Set A,B4145_D80_a0.16_ms100,$t_0$,150.0,cfl,8.617056222362603,9.015271295952038
Set A,B4145_D80_a0.16_ms100,$t_0$,150.0,cfl,8.656854074542009,8.808239189158277
Set A,B4145_D80_a0.16_ms100,$t_0$,150.0,cfl,8.696658243840808,8.599963123123045
Set A,B4145_D80_a0.16_ms100,$t_0$,150.0,cfl,8.736456096020214,8.390566932511303
Set A,B4145_D80_a0.16_ms100,$t_0$,150.0,cfl,8.77625394819962,8.18127362728669
Set A,B4145_D80_a0.16_ms100,$t_0$,150.0,cfl,8.816051800379027,7.973378347323978
Set A,B4145_D80_a0.16_ms100,$t_0$,150.0,cfl,8.855855969677828,7.76977281160856
Set A,B4145_D80_a0.16_ms100,$t_0$,150.0,cfl,8.895653821857234,7.575317270874905
Set A,B4145_D80_a0.16_ms100,$t_0$,150.0,cfl,8.93545167403664,7.3920638754379775
Set A,B4145_D80_a0.16_ms100,$t_0$,150.0,cfl,8.975249526216045,7.219885790054826
Set A,B4145_D80_a0.16_ms100,$t_0$,150.0,cfl,9.015047378395451,7.057374121698433
Set A,B4145_D80_a0.16_ms100,$t_0$,150.0,cfl,9.054851547694252,6.902342140928842
Set A,B4145_D80_a0.16_ms100,$t_0$,150.0,cfl,9.094649399873658,6.752867889205956
Set A,B4145_D80_a0.16_ms100,$t_0$,150.0,cfl,9.134447252053064,6.606756754080303
Set A,B4145_D80_a0.16_ms100,$t_0$,150.0,cfl,9.17424510423247,6.462026964973717
Set A,B4145_D80_a0.16_ms100,$t_0$,150.0,cfl,9.21404927353127,6.31615955701217
Set A,B4145_D80_a0.16_ms100,$t_0$,150.0,cfl,9.253847125710676,6.1667533910933505
Set A,B4145_D80_a0.16_ms100,$t_0$,150.0,cfl,9.293644977890082,6.010123277127087
Set A,B4145_D80_a0.16_ms100,$t_0$,150.0,cfl,9.333442830069488,5.842349228760158
Set A,B4145_D80_a0.16_ms100,$t_0$,150.0,cfl,9.373246999368288,5.662478891234782
Set A,B4145_D80_a0.16_ms100,$t_0$,150.0,cfl,9.413044851547696,5.473723814259121
Set A,B4145_D80_a0.16_ms100,$t_0$,150.0,cfl,9.452842703727102,5.283920041296629
Set A,B4145_D80_a0.16_ms100,$t_0$,150.0,cfl,9.492640555906506,5.102505375146658
Set A,B4145_D80_a0.16_ms100,$t_0$,150.0,cfl,9.532438408085913,4.936139132818376
Set A,B4145_D80_a0.16_ms100,$t_0$,150.0,cfl,9.572242577384712,4.787758177925379
Set A,B4145_D80_a0.16_ms100,$t_0$,150.0,cfl,9.61204042956412,4.657179028503697
Set A,B4145_D80_a0.16_ms100,$t_0$,150.0,cfl,9.651838281743526,4.542743306461465
Set A,B4145_D80_a0.16_ms100,$t_0$,150.0,cfl,9.691636133922932,4.46134235142783
Set A,B4145_D80_a0.16_ms100,$t_0$,150.0,cfl,9.731440303221731,4.389042772775472
Set A,B4145_D80_a0.16_ms100,$t_0$,150.0,cfl,9.771238155401138,4.3192292196761635
Set A,B4145_D80_a0.16_ms100,$t_0$,150.0,cfl,9.811036007580544,4.251216633197402
Set A,B4145_D80_a0.16_ms100,$t_0$,150.0,cfl,9.85083385975995,4.184457277286942
Set A,B4145_D80_a0.16_ms100,$t_0$,150.0,cfl,9.89063802905875,4.118491472694362
Set A,B4145_D80_a0.16_ms100,$t_0$,150.0,cfl,9.930435881238155,4.052831725147425
Set A,B4145_D80_a0.16_ms100,$t_0$,150.0,cfl,9.970233733417562,3.987217347580296
Set A,B4145_D80_a0.16_ms100,$t_0$,150.0,cfl,10.010031585596968,3.9211467039038315
Set A,B4145_D80_a0.16_ms100,$t_0$,150.0,cfl,10.049835754895767,3.8539807314708603
Set A,B4145_D80_a0.16_ms100,$t_0$,150.0,cfl,10.089633607075173,3.785254684195543
Set A,B4145_D80_a0.16_ms100,$t_0$,150.0,cfl,10.12943145925458,3.7144293030357876
Set A,B4145_D80_a0.16_ms100,$t_0$,150.0,cfl,10.169229311433986,3.6411180703030404
Set A,B4145_D80_a0.16_ms100,$t_0$,150.0,cfl,10.209027163613394,3.5649526082649223
Set A,B4145_D80_a0.16_ms100,$t_0$,150.0,cfl,10.248831332912193,3.485551531462173
Set A,B4145_D80_a0.16_ms100,$t_0$,150.0,cfl,10.288629185091597,3.402913335788729
Set A,B4145_D80_a0.16_ms100,$t_0$,150.0,cfl,10.328427037271004,3.3170967083150784
Set A,B4145_D80_a0.16_ms100,$t_0$,150.0,cfl,10.36822488945041,3.228449666397624
Set A,B4145_D80_a0.16_ms100,$t_0$,150.0,cfl,10.40802905874921,3.13695771423033
Set A,B4145_D80_a0.16_ms100,$t_0$,150.0,cfl,10.447826910928617,3.0441998770157235
Set A,B4145_D80_a0.16_ms100,$t_0$,150.0,cfl,10.487624763108023,2.950825512210262
Set A,B4145_D80_a0.16_ms100,$t_0$,150.0,cfl,10.52742261528743,2.8581256859760464
Set A,B4145_D80_a0.16_ms100,$t_0$,150.0,cfl,10.567226784586229,2.767840361160443
Set A,B4145_D80_a0.16_ms100,$t_0$,150.0,cfl,10.607024636765635,2.680606078136608
Set A,B4145_D80_a0.16_ms100,$t_0$,150.0,cfl,10.646822488945041,2.597273837852525
Set A,B4145_D80_a0.16_ms100,$t_0$,150.0,cfl,10.686620341124447,2.518461284683294
Set A,B4145_D80_a0.16_ms100,$t_0$,150.0,cfl,10.726424510423248,2.4446338081280863
Set A,B4145_D80_a0.16_ms100,$t_0$,150.0,cfl,10.766222362602655,2.376011112486145
Set A,B4145_D80_a0.16_ms100,$t_0$,150.0,cfl,10.806020214782059,2.3124791023321407
Set A,B4145_D80_a0.16_ms100,$t_0$,150.0,cfl,10.845818066961465,2.253894922273314
Set A,B4145_D80_a0.16_ms100,$t_0$,150.0,cfl,10.885615919140871,2.199991392874004
Set A,B4145_D80_a0.16_ms100,$t_0$,150.0,cfl,10.925420088439672,2.150440591519587
Set A,B4145_D80_a0.16_ms100,$t_0$,150.0,cfl,10.965217940619079,2.104897008244748
Set A,B4145_D80_a0.16_ms100,$t_0$,150.0,cfl,11.005015792798485,2.0629605633945585
Set A,B4145_D80_a0.16_ms100,$t_0$,150.0,cfl,11.044813644977891,2.0244176717322793
Set A,B4145_D80_a0.16_ms100,$t_0$,150.0,cfl,11.08461781427669,1.9889716504104908
Set A,B4145_D80_a0.16_ms100,$t_0$,150.0,cfl,11.124415666456096,1.9562863661636485
Set A,B4145_D80_a0.16_ms100,$t_0$,150.0,cfl,11.164213518635503,1.9260034593431523
Set A,B4145_D80_a0.16_ms100,$t_0$,150.0,cfl,11.204011370814909,1.8978860725389173
Set A,B4145_D80_a0.16_ms100,$t_0$,150.0,cfl,11.243815540113708,1.8716620536668827
Set A,B4145_D80_a0.16_ms100,$t_0$,150.0,cfl,11.283613392293114,1.8471561896060849
Set A,B4145_D80_a0.16_ms100,$t_0$,150.0,cfl,11.32341124447252,1.8241996508148428
Set A,B4145_D80_a0.16_ms100,$t_0$,150.0,cfl,11.363209096651927,1.8026470834594013
Set A,B4145_D80_a0.16_ms100,$t_0$,150.0,cfl,11.403006948831333,1.7823712762390833
Set A,B4145_D80_a0.16_ms100,$t_0$,150.0,cfl,11.442811118130132,1.7632623358098347
Set A,B4145_D80_a0.16_ms100,$t_0$,150.0,cfl,11.482608970309538,1.745212542614788
Set A,B4145_D80_a0.16_ms100,$t_0$,150.0,cfl,11.522406822488946,1.728276983700374
Set A,B4145_D80_a0.16_ms100,$t_0$,150.0,cfl,11.562204674668353,1.712263466823836
Set A,B4145_D80_a0.16_ms100,$t_0$,150.0,cfl,11.602008843967152,1.697251568585049
Set A,B4145_D80_a0.16_ms100,$t_0$,150.0,cfl,11.641806696146556,1.6824063106569775
Set A,B4145_D80_a0.16_ms100,$t_0$,150.0,cfl,11.681604548325963,1.6681834423482629
Set A,B4145_D80_a0.16_ms100,$t_0$,150.0,cfl,11.72140240050537,1.6546015454526697
Set A,B4145_D80_a0.16_ms100,$t_0$,150.0,cfl,11.76120656980417,1.6416304791167735
Set A,B4145_D80_a0.16_ms100,$t_0$,150.0,cfl,11.801004421983576,1.6292295506913033
Set A,B4145_D80_a0.16_ms100,$t_0$,150.0,cfl,11.840802274162982,1.617365780861361
Set A,B4145_D80_a0.16_ms100,$t_0$,150.0,cfl,11.880600126342388,1.6060130940397155
Set A,B4145_D80_a0.16_ms100,$t_0$,150.0,cfl,11.920404295641188,1.5951403104206443
Set A,B4145_D80_a0.16_ms100,$t_0$,150.0,cfl,11.960202147820594,1.5847193700423272
Set A,B4145_D80_a0.16_ms100,$t_0$,150.0,cfl,12.0,1.5747310588846735
Set A,B4145_D80_a0.16_ms100,$t_0$,150.0,unpCFL,0.25919734680985473,98.68473382473037
Set A,B4145_D80_a0.16_ms100,$t_0$,150.0,unpCFL,0.2989966519267214,96.84914425479366
Set A,B4145_D80_a0.16_ms100,$t_0$,150.0,unpCFL,0.33879595704358817,95.1836492519507
Set A,B4145_D80_a0.16_ms100,$t_0$,150.0,unpCFL,0.3785953253316488,93.65843101303521
Set A,B4145_D80_a0.16_ms100,$t_0$,150.0,unpCFL,0.4183946304485155,92.25114844823734
Set A,B4145_D80_a0.16_ms100,$t_0$,150.0,unpCFL,0.4581939987365761,90.94471734495662
Set A,B4145_D80_a0.16_ms100,$t_0$,150.0,unpCFL,0.49799330385344287,89.72589166807498
Set A,B4145_D80_a0.16_ms100,$t_0$,150.0,unpCFL,0.5377926721415035,88.58420216088501
Set A,B4145_D80_a0.16_ms100,$t_0$,150.0,unpCFL,0.5775919772583702,87.51133063760618
Set A,B4145_D80_a0.16_ms100,$t_0$,150.0,unpCFL,0.6173912823752369,86.5004144071136
Set A,B4145_D80_a0.16_ms100,$t_0$,150.0,unpCFL,0.6571907770056854,85.5458906936423
Set A,B4145_D80_a0.16_ms100,$t_0$,150.0,unpCFL,0.6969898926089704,84.64292436252094
Set A,B4145_D80_a0.16_ms100,$t_0$,150.0,unpCFL,0.7367890082122552,83.78744635294765
Set A,B4145_D80_a0.16_ms100,$t_0$,150.0,unpCFL,0.7765887555274795,82.97586199794712
Set A,B4145_D80_a0.16_ms100,$t_0$,150.0,unpCFL,0.8163878711307644,82.20500385312987
Set A,B4145_D80_a0.16_ms100,$t_0$,150.0,unpCFL,0.8561869867340492,81.47197317393514
Set A,B4145_D80_a0.16_ms100,$t_0$,150.0,unpCFL,0.8959867340492736,80.77415939926293
Set A,B4145_D80_a0.16_ms100,$t_0$,150.0,unpCFL,0.9357858496525585,80.1091961352387
Set A,B4145_D80_a0.16_ms100,$t_0$,150.0,unpCFL,0.9755855969677827,79.47484369127865
Set A,B4145_D80_a0.16_ms100,$t_0$,150.0,unpCFL,1.0153847125710675,78.86907522596476
Set A,B4145_D80_a0.16_ms100,$t_0$,150.0,unpCFL,1.0551838281743526,78.29003926647432
Set A,B4145_D80_a0.16_ms100,$t_0$,150.0,unpCFL,1.0949835754895767,77.7359716431111
Set A,B4145_D80_a0.16_ms100,$t_0$,150.0,unpCFL,1.1347826910928616,77.20522417839648
Set A,B4145_D80_a0.16_ms100,$t_0$,150.0,unpCFL,1.1745818066961466,76.69635271522911
Set A,B4145_D80_a0.16_ms100,$t_0$,150.0,unpCFL,1.214381554011371,76.2079475393909
Set A,B4145_D80_a0.16_ms100,$t_0$,150.0,unpCFL,1.2541806696146558,75.73870358025513
Set A,B4145_D80_a0.16_ms100,$t_0$,150.0,unpCFL,1.2939797852179407,75.28747469121755
Set A,B4145_D80_a0.16_ms100,$t_0$,150.0,unpCFL,1.333779532533165,74.85316768617837
Set A,B4145_D80_a0.16_ms100,$t_0$,150.0,unpCFL,1.3735786481364498,74.43479029144912
Set A,B4145_D80_a0.16_ms100,$t_0$,150.0,unpCFL,1.413377763739735,74.03139238194794
Set A,B4145_D80_a0.16_ms100,$t_0$,150.0,unpCFL,1.453177511054959,73.64214822537387
Set A,B4145_D80_a0.16_ms100,$t_0$,150.0,unpCFL,1.4929766266582438,73.26626949085642
Set A,B4145_D80_a0.16_ms100,$t_0$,150.0,unpCFL,1.532775742261529,72.90300935773666
Set A,B4145_D80_a0.16_ms100,$t_0$,150.0,unpCFL,1.5725754895767532,72.55177261198745
Set A,B4145_D80_a0.16_ms100,$t_0$,150.0,unpCFL,1.6123746051800378,72.21187507353518
Set A,B4145_D80_a0.16_ms100,$t_0$,150.0,unpCFL,1.652173720783323,71.88282845054403
Set A,B4145_D80_a0.16_ms100,$t_0$,150.0,unpCFL,1.6919734680985472,71.56408209081029
Set A,B4145_D80_a0.16_ms100,$t_0$,150.0,unpCFL,1.7317725837018318,71.25516333707395
Set A,B4145_D80_a0.16_ms100,$t_0$,150.0,unpCFL,1.771571699305117,70.9556747971018
Set A,B4145_D80_a0.16_ms100,$t_0$,150.0,unpCFL,1.8113714466203412,70.66516688023755
Set A,B4145_D80_a0.16_ms100,$t_0$,150.0,unpCFL,1.8511705622236259,70.38331257454479
Set A,B4145_D80_a0.16_ms100,$t_0$,150.0,unpCFL,1.890969677826911,70.1097436505147
Set A,B4145_D80_a0.16_ms100,$t_0$,150.0,unpCFL,1.9307694251421352,69.84415005589969
Set A,B4145_D80_a0.16_ms100,$t_0$,150.0,unpCFL,1.9705685407454203,69.58621244831222
Set A,B4145_D80_a0.16_ms100,$t_0$,150.0,unpCFL,2.010367656348705,69.33571470105595
Set A,B4145_D80_a0.16_ms100,$t_0$,150.0,unpCFL,2.050167403663929,69.09232397692966
Set A,B4145_D80_a0.16_ms100,$t_0$,150.0,unpCFL,2.089966519267214,68.8558655758277
Set A,B4145_D80_a0.16_ms100,$t_0$,150.0,unpCFL,2.129765634870499,68.62608359692598
Set A,B4145_D80_a0.16_ms100,$t_0$,150.0,unpCFL,2.169565382185723,68.40272728265604
Set A,B4145_D80_a0.16_ms100,$t_0$,150.0,unpCFL,2.209364497789008,68.18565238329693
Set A,B4145_D80_a0.16_ms100,$t_0$,150.0,unpCFL,2.249163613392293,67.97461714340169
Set A,B4145_D80_a0.16_ms100,$t_0$,150.0,unpCFL,2.2889633607075175,67.76944826868251
Set A,B4145_D80_a0.16_ms100,$t_0$,150.0,unpCFL,2.328762476310802,67.56997058291861
Set A,B4145_D80_a0.16_ms100,$t_0$,150.0,unpCFL,2.368561591914087,67.37603343053442
Set A,B4145_D80_a0.16_ms100,$t_0$,150.0,unpCFL,2.4083613392293115,67.18740630032903
Set A,B4145_D80_a0.16_ms100,$t_0$,150.0,unpCFL,2.448160454832596,67.00395588298134
Set A,B4145_D80_a0.16_ms100,$t_0$,150.0,unpCFL,2.4879595704358817,66.82553912263822
Set A,B4145_D80_a0.16_ms100,$t_0$,150.0,unpCFL,2.5277593177511055,66.65199507892592
Set A,B4145_D80_a0.16_ms100,$t_0$,150.0,unpCFL,2.56755843335439,66.4831482647114
Set A,B4145_D80_a0.16_ms100,$t_0$,150.0,unpCFL,2.6073575489576757,66.3188616407535
Set A,B4145_D80_a0.16_ms100,$t_0$,150.0,unpCFL,2.6471572962728995,66.15894494229956
Set A,B4145_D80_a0.16_ms100,$t_0$,150.0,unpCFL,2.686956411876184,66.00333671334991
Set A,B4145_D80_a0.16_ms100,$t_0$,150.0,unpCFL,2.726756159191409,65.8518053783857
Set A,B4145_D80_a0.16_ms100,$t_0$,150.0,unpCFL,2.7665552747946935,65.70423849720132
Set A,B4145_D80_a0.16_ms100,$t_0$,150.0,unpCFL,2.8063543903979786,65.56052314200849
Set A,B4145_D80_a0.16_ms100,$t_0$,150.0,unpCFL,2.846154137713203,65.42044210798115
Set A,B4145_D80_a0.16_ms100,$t_0$,150.0,unpCFL,2.8859532533164876,65.28392336200046
Set A,B4145_D80_a0.16_ms100,$t_0$,150.0,unpCFL,2.9257523689197726,65.15075695502226
Set A,B4145_D80_a0.16_ms100,$t_0$,150.0,unpCFL,2.965552116234997,65.02084341897836
Set A,B4145_D80_a0.16_ms100,$t_0$,150.0,unpCFL,3.0053512318382816,64.89410411971741
Set A,B4145_D80_a0.16_ms100,$t_0$,150.0,unpCFL,3.0451503474415667,64.77006053536988
Set A,B4145_D80_a0.16_ms100,$t_0$,150.0,unpCFL,3.084950094756791,64.64922134091627
Set A,B4145_D80_a0.16_ms100,$t_0$,150.0,unpCFL,3.124749210360076,64.53090191069238
Set A,B4145_D80_a0.16_ms100,$t_0$,150.0,unpCFL,3.1645483259633607,64.4151777706909
Set A,B4145_D80_a0.16_ms100,$t_0$,150.0,unpCFL,3.204348073278585,64.30183320590906
Set A,B4145_D80_a0.16_ms100,$t_0$,150.0,unpCFL,3.2441471888818696,64.19069269449649
Set A,B4145_D80_a0.16_ms100,$t_0$,150.0,unpCFL,3.283946304485155,64.08160775023107
Set A,B4145_D80_a0.16_ms100,$t_0$,150.0,unpCFL,3.323746051800379,63.97439776298184
Set A,B4145_D80_a0.16_ms100,$t_0$,150.0,unpCFL,3.3635451674036636,63.86925236375599
Set A,B4145_D80_a0.16_ms100,$t_0$,150.0,unpCFL,3.403344283006949,63.76595719998427
Set A,B4145_D80_a0.16_ms100,$t_0$,150.0,unpCFL,3.443144030322173,63.66405161183915
Set A,B4145_D80_a0.16_ms100,$t_0$,150.0,unpCFL,3.4829431459254576,63.56361072961979
Set A,B4145_D80_a0.16_ms100,$t_0$,150.0,unpCFL,3.522742261528743,63.464528251379406
Set A,B4145_D80_a0.16_ms100,$t_0$,150.0,unpCFL,3.562542008843967,63.36661085368025
Set A,B4145_D80_a0.16_ms100,$t_0$,150.0,unpCFL,3.6023411244472525,63.26955803632017
Set A,B4145_D80_a0.16_ms100,$t_0$,150.0,unpCFL,3.642140240050537,63.17355400338406
Set A,B4145_D80_a0.16_ms100,$t_0$,150.0,unpCFL,3.681939987365761,63.07831956551624
Set A,B4145_D80_a0.16_ms100,$t_0$,150.0,unpCFL,3.7217391029690465,62.98384788226599
Set A,B4145_D80_a0.16_ms100,$t_0$,150.0,unpCFL,3.761538218572331,62.88978023160962
Set A,B4145_D80_a0.16_ms100,$t_0$,150.0,unpCFL,3.801337965887555,62.79604452849704
Set A,B4145_D80_a0.16_ms100,$t_0$,150.0,unpCFL,3.8411370814908405,62.70277775926811
Set A,B4145_D80_a0.16_ms100,$t_0$,150.0,unpCFL,3.880936197094125,62.60983167177173
Set A,B4145_D80_a0.16_ms100,$t_0$,150.0,unpCFL,3.92073594440935,62.51682457912747
Set A,B4145_D80_a0.16_ms100,$t_0$,150.0,unpCFL,3.9605350600126346,62.42367876102733
Set A,B4145_D80_a0.16_ms100,$t_0$,150.0,unpCFL,4.00033417561592,62.33012383021056
Set A,B4145_D80_a0.16_ms100,$t_0$,150.0,unpCFL,4.040133922931144,62.23633058192773
Set A,B4145_D80_a0.16_ms100,$t_0$,150.0,unpCFL,4.079933038534429,62.14220676319714
Set A,B4145_D80_a0.16_ms100,$t_0$,150.0,unpCFL,4.119732154137713,62.047373274436644
Set A,B4145_D80_a0.16_ms100,$t_0$,150.0,unpCFL,4.1595319014529375,61.9521534427854
Set A,B4145_D80_a0.16_ms100,$t_0$,150.0,unpCFL,4.199331017056222,61.85593089586543
Set A,B4145_D80_a0.16_ms100,$t_0$,150.0,unpCFL,4.239130132659508,61.758779432413235
Set A,B4145_D80_a0.16_ms100,$t_0$,150.0,unpCFL,4.278929879974732,61.6606631512194
Set A,B4145_D80_a0.16_ms100,$t_0$,150.0,unpCFL,4.318728995578017,61.56127491289489
Set A,B4145_D80_a0.16_ms100,$t_0$,150.0,unpCFL,4.358528742893241,61.46089863003897
Set A,B4145_D80_a0.16_ms100,$t_0$,150.0,unpCFL,4.3983278584965255,61.3592615907658
Set A,B4145_D80_a0.16_ms100,$t_0$,150.0,unpCFL,4.43812697409981,61.25587502855952
Set A,B4145_D80_a0.16_ms100,$t_0$,150.0,unpCFL,4.477926721415035,61.15108571438168
Set A,B4145_D80_a0.16_ms100,$t_0$,150.0,unpCFL,4.51772583701832,61.04461627477417
Set A,B4145_D80_a0.16_ms100,$t_0$,150.0,unpCFL,4.557524952621605,60.936063134525234
Set A,B4145_D80_a0.16_ms100,$t_0$,150.0,unpCFL,4.597324699936829,60.82602657468552
Set A,B4145_D80_a0.16_ms100,$t_0$,150.0,unpCFL,4.6371238155401135,60.713679024945755
Set A,B4145_D80_a0.16_ms100,$t_0$,150.0,unpCFL,4.676922931143398,60.5994121406334
Set A,B4145_D80_a0.16_ms100,$t_0$,150.0,unpCFL,4.716722678458623,60.48274596608412
Set A,B4145_D80_a0.16_ms100,$t_0$,150.0,unpCFL,4.756521794061908,60.36394176457193
Set A,B4145_D80_a0.16_ms100,$t_0$,150.0,unpCFL,4.796320909665193,60.24241945531203
Set A,B4145_D80_a0.16_ms100,$t_0$,150.0,unpCFL,4.836120656980417,60.11838066645875
Set A,B4145_D80_a0.16_ms100,$t_0$,150.0,unpCFL,4.875919772583702,59.99172935784362
Set A,B4145_D80_a0.16_ms100,$t_0$,150.0,unpCFL,4.915718888186986,59.86273607748904
Set A,B4145_D80_a0.16_ms100,$t_0$,150.0,unpCFL,4.955518635502211,59.73025710692995
Set A,B4145_D80_a0.16_ms100,$t_0$,150.0,unpCFL,4.995317751105496,59.59508352071044
Set A,B4145_D80_a0.16_ms100,$t_0$,150.0,unpCFL,5.035116866708781,59.45657134345026
Set A,B4145_D80_a0.16_ms100,$t_0$,150.0,unpCFL,5.074916614024005,59.31502506503119
Set A,B4145_D80_a0.16_ms100,$t_0$,150.0,unpCFL,5.11471572962729,59.16993982020189
Set A,B4145_D80_a0.16_ms100,$t_0$,150.0,unpCFL,5.154514845230575,59.02194364811042
Set A,B4145_D80_a0.16_ms100,$t_0$,150.0,unpCFL,5.194314592545799,58.8697624436114
Set A,B4145_D80_a0.16_ms100,$t_0$,150.0,unpCFL,5.234113708149084,58.71422215802195
Set A,B4145_D80_a0.16_ms100,$t_0$,150.0,unpCFL,5.273912823752369,58.55494306885741
Set A,B4145_D80_a0.16_ms100,$t_0$,150.0,unpCFL,5.313712571067593,58.391551376078446
Set A,B4145_D80_a0.16_ms100,$t_0$,150.0,unpCFL,5.353511686670878,58.224179116894966
Set A,B4145_D80_a0.16_ms100,$t_0$,150.0,unpCFL,5.393310802274163,58.052976416249116
Set A,B4145_D80_a0.16_ms100,$t_0$,150.0,unpCFL,5.433110549589387,57.877338388561135
Set A,B4145_D80_a0.16_ms100,$t_0$,150.0,unpCFL,5.472909665192672,57.69761074770937
Set A,B4145_D80_a0.16_ms100,$t_0$,150.0,unpCFL,5.512708780795958,57.513147782292016
Set A,B4145_D80_a0.16_ms100,$t_0$,150.0,unpCFL,5.552508528111181,57.32432392471483
Set A,B4145_D80_a0.16_ms100,$t_0$,150.0,unpCFL,5.592307643714466,57.130903202561434
Set A,B4145_D80_a0.16_ms100,$t_0$,150.0,unpCFL,5.632106759317751,56.93224172435477
Set A,B4145_D80_a0.16_ms100,$t_0$,150.0,unpCFL,5.6719065066329755,56.72884885766414
Set A,B4145_D80_a0.16_ms100,$t_0$,150.0,unpCFL,5.711705622236261,56.52001356177019
Set A,B4145_D80_a0.16_ms100,$t_0$,150.0,unpCFL,5.751504737839546,56.306615161220115
Set A,B4145_D80_a0.16_ms100,$t_0$,150.0,unpCFL,5.791304485154769,56.08726701146745
Set A,B4145_D80_a0.16_ms100,$t_0$,150.0,unpCFL,5.831103600758055,55.86261287872359
Set A,B4145_D80_a0.16_ms100,$t_0$,150.0,unpCFL,5.870902716361339,55.632529666137145
Set A,B4145_D80_a0.16_ms100,$t_0$,150.0,unpCFL,5.9107024636765635,55.397235559308825
Set A,B4145_D80_a0.16_ms100,$t_0$,150.0,unpCFL,5.950501579279849,55.155732519460344
Set A,B4145_D80_a0.16_ms100,$t_0$,150.0,unpCFL,5.990300694883134,54.90841784934187
Set A,B4145_D80_a0.16_ms100,$t_0$,150.0,unpCFL,6.030100442198358,54.65512955370378
Set A,B4145_D80_a0.16_ms100,$t_0$,150.0,unpCFL,6.069899557801643,54.39570723557978
Set A,B4145_D80_a0.16_ms100,$t_0$,150.0,unpCFL,6.109699305116867,54.129797192289324
Set A,B4145_D80_a0.16_ms100,$t_0$,150.0,unpCFL,6.149498420720152,53.85726675661534
Set A,B4145_D80_a0.16_ms100,$t_0$,150.0,unpCFL,6.189297536323437,53.57794643849804
Set A,B4145_D80_a0.16_ms100,$t_0$,150.0,unpCFL,6.22909728363866,53.2923078572794
Set A,B4145_D80_a0.16_ms100,$t_0$,150.0,unpCFL,6.268896399241946,52.99947226213111
Set A,B4145_D80_a0.16_ms100,$t_0$,150.0,unpCFL,6.308695514845231,52.70037718978855
Set A,B4145_D80_a0.16_ms100,$t_0$,150.0,unpCFL,6.348496525584333,52.39438857975745
Set A,B4145_D80_a0.16_ms100,$t_0$,150.0,unpCFL,6.3882943777637395,52.081337685545115
Set A,B4145_D80_a0.16_ms100,$t_0$,150.0,unpCFL,6.428092229943147,51.76105053948888
Set A,B4145_D80_a0.16_ms100,$t_0$,150.0,unpCFL,6.467890082122553,51.4329182013258
Set A,B4145_D80_a0.16_ms100,$t_0$,150.0,unpCFL,6.507694251421352,51.097234432582006
Set A,B4145_D80_a0.16_ms100,$t_0$,150.0,unpCFL,6.547492103600758,50.753233954014064
Set A,B4145_D80_a0.16_ms100,$t_0$,150.0,unpCFL,6.587289955780164,50.40159735154978
Set A,B4145_D80_a0.16_ms100,$t_0$,150.0,unpCFL,6.62708780795957,50.041612747857606
Set A,B4145_D80_a0.16_ms100,$t_0$,150.0,unpCFL,6.666891977258371,49.6750259162273
Set A,B4145_D80_a0.16_ms100,$t_0$,150.0,unpCFL,6.706689829437776,49.30096998697154
Set A,B4145_D80_a0.16_ms100,$t_0$,150.0,unpCFL,6.746487681617182,48.91749635728912
Set A,B4145_D80_a0.16_ms100,$t_0$,150.0,unpCFL,6.786285533796589,48.52469429043727
Set A,B4145_D80_a0.16_ms100,$t_0$,150.0,unpCFL,6.826089703095389,48.12255426651358
Set A,B4145_D80_a0.16_ms100,$t_0$,150.0,unpCFL,6.865887555274795,47.711334075520284
Set A,B4145_D80_a0.16_ms100,$t_0$,150.0,unpCFL,6.905685407454201,47.29324354960513
Set A,B4145_D80_a0.16_ms100,$t_0$,150.0,unpCFL,6.9454832596336065,46.86760292227853
Set A,B4145_D80_a0.16_ms100,$t_0$,150.0,unpCFL,6.985287428932407,46.43256684026781
Set A,B4145_D80_a0.16_ms100,$t_0$,150.0,unpCFL,7.025085281111814,45.986598613878776
Set A,B4145_D80_a0.16_ms100,$t_0$,150.0,unpCFL,7.064883133291219,45.529432080248576
Set A,B4145_D80_a0.16_ms100,$t_0$,150.0,unpCFL,7.104680985470625,45.06475573033469
Set A,B4145_D80_a0.16_ms100,$t_0$,150.0,unpCFL,7.1444788376500314,44.59459585704487
Set A,B4145_D80_a0.16_ms100,$t_0$,150.0,unpCFL,7.1842830069488315,44.11669719698343
Set A,B4145_D80_a0.16_ms100,$t_0$,150.0,unpCFL,7.224080859128238,43.62643747125729
Set A,B4145_D80_a0.16_ms100,$t_0$,150.0,unpCFL,7.263878711307644,43.12371638426988
Set A,B4145_D80_a0.16_ms100,$t_0$,150.0,unpCFL,7.30367656348705,42.61360493903031
Set A,B4145_D80_a0.16_ms100,$t_0$,150.0,unpCFL,7.34348073278585,42.10003187294733
Set A,B4145_D80_a0.16_ms100,$t_0$,150.0,unpCFL,7.3832785849652565,41.57849899321761
Set A,B4145_D80_a0.16_ms100,$t_0$,150.0,unpCFL,7.423076437144663,41.041866499131984
Set A,B4145_D80_a0.16_ms100,$t_0$,150.0,unpCFL,7.462874289324068,40.49345889185725
Set A,B4145_D80_a0.16_ms100,$t_0$,150.0,unpCFL,7.502678458622867,39.94322820741228
Set A,B4145_D80_a0.16_ms100,$t_0$,150.0,unpCFL,7.542476310802275,39.389668928721825
Set A,B4145_D80_a0.16_ms100,$t_0$,150.0,unpCFL,7.5822741629816806,38.81808682616352
Set A,B4145_D80_a0.16_ms100,$t_0$,150.0,unpCFL,7.622072015161087,38.23419816794913
Set A,B4145_D80_a0.16_ms100,$t_0$,150.0,unpCFL,7.661869867340493,37.650640149277876
Set A,B4145_D80_a0.16_ms100,$t_0$,150.0,unpCFL,7.701674036639292,37.06493567414292
Set A,B4145_D80_a0.16_ms100,$t_0$,150.0,unpCFL,7.741471888818699,36.46009020491887
Set A,B4145_D80_a0.16_ms100,$t_0$,150.0,unpCFL,7.7812697409981055,35.84637418074112
Set A,B4145_D80_a0.16_ms100,$t_0$,150.0,unpCFL,7.821067593177512,35.23765052254456
Set A,B4145_D80_a0.16_ms100,$t_0$,150.0,unpCFL,7.860871762476311,34.62156890506995
Set A,B4145_D80_a0.16_ms100,$t_0$,150.0,unpCFL,7.900669614655716,33.98849983954605
Set A,B4145_D80_a0.16_ms100,$t_0$,150.0,unpCFL,7.940467466835124,33.359882494954874
Set A,B4145_D80_a0.16_ms100,$t_0$,150.0,unpCFL,7.98026531901453,32.73044169866145
Set A,B4145_D80_a0.16_ms100,$t_0$,150.0,unpCFL,8.020069488313329,32.08601651052251
Set A,B4145_D80_a0.16_ms100,$t_0$,150.0,unpCFL,8.059867340492735,31.44584002362597
Set A,B4145_D80_a0.16_ms100,$t_0$,150.0,unpCFL,8.099665192672141,30.80560183857022
Set A,B4145_D80_a0.16_ms100,$t_0$,150.0,unpCFL,8.13946304485155,30.154719319208148
Set A,B4145_D80_a0.16_ms100,$t_0$,150.0,unpCFL,8.179267214150348,29.510734095406313
Set A,B4145_D80_a0.16_ms100,$t_0$,150.0,unpCFL,8.219065066329753,28.862927881402026
Set A,B4145_D80_a0.16_ms100,$t_0$,150.0,unpCFL,8.258862918509159,28.214939756308972
Set A,B4145_D80_a0.16_ms100,$t_0$,150.0,unpCFL,8.298660770688565,27.571311213536127
Set A,B4145_D80_a0.16_ms100,$t_0$,150.0,unpCFL,8.338458622867973,26.927946728481988
Set A,B4145_D80_a0.16_ms100,$t_0$,150.0,unpCFL,8.378262792166772,26.28958013208876
Set A,B4145_D80_a0.16_ms100,$t_0$,150.0,unpCFL,8.418060644346179,25.653333996406218
Set A,B4145_D80_a0.16_ms100,$t_0$,150.0,unpCFL,8.457858496525585,25.023245115049036
Set A,B4145_D80_a0.16_ms100,$t_0$,150.0,unpCFL,8.49765634870499,24.397392617590665
Set A,B4145_D80_a0.16_ms100,$t_0$,150.0,unpCFL,8.53746051800379,23.778287557079462
Set A,B4145_D80_a0.16_ms100,$t_0$,150.0,unpCFL,8.577258370183197,23.165485450082787
Set A,B4145_D80_a0.16_ms100,$t_0$,150.0,unpCFL,8.617056222362603,22.56089243372652
Set A,B4145_D80_a0.16_ms100,$t_0$,150.0,unpCFL,8.656854074542009,21.963553367036166
Set A,B4145_D80_a0.16_ms100,$t_0$,150.0,unpCFL,8.696658243840808,21.375309625728097
Set A,B4145_D80_a0.16_ms100,$t_0$,150.0,unpCFL,8.736456096020214,20.796372187272528
Set A,B4145_D80_a0.16_ms100,$t_0$,150.0,unpCFL,8.77625394819962,20.227656403475272
Set A,B4145_D80_a0.16_ms100,$t_0$,150.0,unpCFL,8.816051800379027,19.66894641054416
Set A,B4145_D80_a0.16_ms100,$t_0$,150.0,unpCFL,8.855855969677828,19.119256361263577
Set A,B4145_D80_a0.16_ms100,$t_0$,150.0,unpCFL,8.895653821857234,18.581926820362575
Set A,B4145_D80_a0.16_ms100,$t_0$,150.0,unpCFL,8.93545167403664,18.056968529542225
Set A,B4145_D80_a0.16_ms100,$t_0$,150.0,unpCFL,8.975249526216045,17.5432035268106
Set A,B4145_D80_a0.16_ms100,$t_0$,150.0,unpCFL,9.015047378395451,17.0400730252043
Set A,B4145_D80_a0.16_ms100,$t_0$,150.0,unpCFL,9.054851547694252,16.547690945659618
Set A,B4145_D80_a0.16_ms100,$t_0$,150.0,unpCFL,9.094649399873658,16.066424711213664
Set A,B4145_D80_a0.16_ms100,$t_0$,150.0,unpCFL,9.134447252053064,15.597721249722818
Set A,B4145_D80_a0.16_ms100,$t_0$,150.0,unpCFL,9.17424510423247,15.142516812148562
Set A,B4145_D80_a0.16_ms100,$t_0$,150.0,unpCFL,9.21404927353127,14.69991622794259
Set A,B4145_D80_a0.16_ms100,$t_0$,150.0,unpCFL,9.253847125710676,14.265722747038454
Set A,B4145_D80_a0.16_ms100,$t_0$,150.0,unpCFL,9.293644977890082,13.83713235684403
Set A,B4145_D80_a0.16_ms100,$t_0$,150.0,unpCFL,9.333442830069488,13.419866663321068
Set A,B4145_D80_a0.16_ms100,$t_0$,150.0,unpCFL,9.373246999368288,13.017799430978505
Set A,B4145_D80_a0.16_ms100,$t_0$,150.0,unpCFL,9.413044851547696,12.630937197463028
Set A,B4145_D80_a0.16_ms100,$t_0$,150.0,unpCFL,9.452842703727102,12.258172986902569
Set A,B4145_D80_a0.16_ms100,$t_0$,150.0,unpCFL,9.492640555906506,11.896413917999404
Set A,B4145_D80_a0.16_ms100,$t_0$,150.0,unpCFL,9.532438408085913,11.542335877207078
Set A,B4145_D80_a0.16_ms100,$t_0$,150.0,unpCFL,9.572242577384712,11.193404685184301
Set A,B4145_D80_a0.16_ms100,$t_0$,150.0,unpCFL,9.61204042956412,10.850934190286909
Set A,B4145_D80_a0.16_ms100,$t_0$,150.0,unpCFL,9.651838281743526,10.519242158788103
Set A,B4145_D80_a0.16_ms100,$t_0$,150.0,unpCFL,9.691636133922932,10.203024400897256
Set A,B4145_D80_a0.16_ms100,$t_0$,150.0,unpCFL,9.731440303221731,9.906881758293997
Set A,B4145_D80_a0.16_ms100,$t_0$,150.0,unpCFL,9.771238155401138,9.632449157726848
Set A,B4145_D80_a0.16_ms100,$t_0$,150.0,unpCFL,9.811036007580544,9.360038485041239
Set A,B4145_D80_a0.16_ms100,$t_0$,150.0,unpCFL,9.85083385975995,9.087726301460634
Set A,B4145_D80_a0.16_ms100,$t_0$,150.0,unpCFL,9.89063802905875,8.813491302896495
Set A,B4145_D80_a0.16_ms100,$t_0$,150.0,unpCFL,9.930435881238155,8.537080189493214
Set A,B4145_D80_a0.16_ms100,$t_0$,150.0,unpCFL,9.970233733417562,8.259331706016907
Set A,B4145_D80_a0.16_ms100,$t_0$,150.0,unpCFL,10.010031585596968,7.983327365191026
Set A,B4145_D80_a0.16_ms100,$t_0$,150.0,unpCFL,10.049835754895767,7.714789084153025
Set A,B4145_D80_a0.16_ms100,$t_0$,150.0,unpCFL,10.089633607075173,7.464117232504204
Set A,B4145_D80_a0.16_ms100,$t_0$,150.0,unpCFL,10.12943145925458,7.233938173943252
Set A,B4145_D80_a0.16_ms100,$t_0$,150.0,unpCFL,10.169229311433986,7.021539344381643
Set A,B4145_D80_a0.16_ms100,$t_0$,150.0,unpCFL,10.209027163613394,6.822248238716307
Set A,B4145_D80_a0.16_ms100,$t_0$,150.0,unpCFL,10.248831332912193,6.631450776220521
Set A,B4145_D80_a0.16_ms100,$t_0$,150.0,unpCFL,10.288629185091597,6.44443601970188
Set A,B4145_D80_a0.16_ms100,$t_0$,150.0,unpCFL,10.328427037271004,6.256212911401762
Set A,B4145_D80_a0.16_ms100,$t_0$,150.0,unpCFL,10.36822488945041,6.0610528318178485
Set A,B4145_D80_a0.16_ms100,$t_0$,150.0,unpCFL,10.40802905874921,5.847721453600335
Set A,B4145_D80_a0.16_ms100,$t_0$,150.0,unpCFL,10.447826910928617,5.618243244102888
Set A,B4145_D80_a0.16_ms100,$t_0$,150.0,unpCFL,10.487624763108023,5.37705274160332
Set A,B4145_D80_a0.16_ms100,$t_0$,150.0,unpCFL,10.52742261528743,5.142194139646047
Set A,B4145_D80_a0.16_ms100,$t_0$,150.0,unpCFL,10.567226784586229,4.929091146199996
Set A,B4145_D80_a0.16_ms100,$t_0$,150.0,unpCFL,10.607024636765635,4.744825012954557
Set A,B4145_D80_a0.16_ms100,$t_0$,150.0,unpCFL,10.646822488945041,4.588669938814158
Set A,B4145_D80_a0.16_ms100,$t_0$,150.0,unpCFL,10.686620341124447,4.470080649638619
Set A,B4145_D80_a0.16_ms100,$t_0$,150.0,unpCFL,10.726424510423248,4.379155284236243
Set A,B4145_D80_a0.16_ms100,$t_0$,150.0,unpCFL,10.766222362602655,4.292299709733375
Set A,B4145_D80_a0.16_ms100,$t_0$,150.0,unpCFL,10.806020214782059,4.2081885670922885
Set A,B4145_D80_a0.16_ms100,$t_0$,150.0,unpCFL,10.845818066961465,4.125744508340262
Set A,B4145_D80_a0.16_ms100,$t_0$,150.0,unpCFL,10.885615919140871,4.044234824560221
Set A,B4145_D80_a0.16_ms100,$t_0$,150.0,unpCFL,10.925420088439672,3.962884308078097
Set A,B4145_D80_a0.16_ms100,$t_0$,150.0,unpCFL,10.965217940619079,3.8806793727049076
Set A,B4145_D80_a0.16_ms100,$t_0$,150.0,unpCFL,11.005015792798485,3.7966409522335796
Set A,B4145_D80_a0.16_ms100,$t_0$,150.0,unpCFL,11.044813644977891,3.709767870367013
Set A,B4145_D80_a0.16_ms100,$t_0$,150.0,unpCFL,11.08461781427669,3.619322175558585
Set A,B4145_D80_a0.16_ms100,$t_0$,150.0,unpCFL,11.124415666456096,3.524579227242606
Set A,B4145_D80_a0.16_ms100,$t_0$,150.0,unpCFL,11.164213518635503,3.4253334691835238
Set A,B4145_D80_a0.16_ms100,$t_0$,150.0,unpCFL,11.204011370814909,3.3215772099787313
Set A,B4145_D80_a0.16_ms100,$t_0$,150.0,unpCFL,11.243815540113708,3.2136976523265006
Set A,B4145_D80_a0.16_ms100,$t_0$,150.0,unpCFL,11.283613392293114,3.102752777774796
Set A,B4145_D80_a0.16_ms100,$t_0$,150.0,unpCFL,11.32341124447252,2.99029422216803
Set A,B4145_D80_a0.16_ms100,$t_0$,150.0,unpCFL,11.363209096651927,2.8782812882384596
Set A,B4145_D80_a0.16_ms100,$t_0$,150.0,unpCFL,11.403006948831333,2.7695780016083544
Set A,B4145_D80_a0.16_ms100,$t_0$,150.0,unpCFL,11.442811118130132,2.6653554578770953
Set A,B4145_D80_a0.16_ms100,$t_0$,150.0,unpCFL,11.482608970309538,2.567052354642962
Set A,B4145_D80_a0.16_ms100,$t_0$,150.0,unpCFL,11.522406822488946,2.476418525259856
Set A,B4145_D80_a0.16_ms100,$t_0$,150.0,unpCFL,11.562204674668353,2.393305696674537
Set A,B4145_D80_a0.16_ms100,$t_0$,150.0,unpCFL,11.602008843967152,2.318369141216167
Set A,B4145_D80_a0.16_ms100,$t_0$,150.0,unpCFL,11.641806696146556,2.2503774923385502
Set A,B4145_D80_a0.16_ms100,$t_0$,150.0,unpCFL,11.681604548325963,2.1887498101704415
Set A,B4145_D80_a0.16_ms100,$t_0$,150.0,unpCFL,11.72140240050537,2.132909739156195
Set A,B4145_D80_a0.16_ms100,$t_0$,150.0,unpCFL,11.76120656980417,2.082297166004441
Set A,B4145_D80_a0.16_ms100,$t_0$,150.0,unpCFL,11.801004421983576,2.036383076455474
Set A,B4145_D80_a0.16_ms100,$t_0$,150.0,unpCFL,11.840802274162982,1.9947729788891662
Set A,B4145_D80_a0.16_ms100,$t_0$,150.0,unpCFL,11.880600126342388,1.9569450593997326
Set A,B4145_D80_a0.16_ms100,$t_0$,150.0,unpCFL,11.920404295641188,1.9223668468234167
Set A,B4145_D80_a0.16_ms100,$t_0$,150.0,unpCFL,11.960202147820594,1.8906026263375686
Set A,B4145_D80_a0.16_ms100,$t_0$,150.0,unpCFL,12.0,1.8613193876709362
Set A,B4145_D80_a0.16_ms100,$t_{T_\mathrm{max}}$,50.0,unpaired,0.1,66.79967479962903
Set A,B4145_D80_a0.16_ms100,$t_{T_\mathrm{max}}$,50.0,unpaired,0.13979930511686672,51.26905311560002
Set A,B4145_D80_a0.16_ms100,$t_{T_\mathrm{max}}$,50.0,unpaired,0.17959867340492736,38.41055812133092
Set A,B4145_D80_a0.16_ms100,$t_{T_\mathrm{max}}$,50.0,unpaired,0.21939797852179407,32.77904375854289
Set A,B4145_D80_a0.16_ms100,$t_{T_\mathrm{max}}$,50.0,unpaired,0.25919734680985473,29.62130469768798
Set A,B4145_D80_a0.16_ms100,$t_{T_\mathrm{max}}$,50.0,unpaired,0.2989966519267214,27.45860163569618
Set A,B4145_D80_a0.16_ms100,$t_{T_\mathrm{max}}$,50.0,unpaired,0.33879595704358817,25.815995164790035
Set A,B4145_D80_a0.16_ms100,$t_{T_\mathrm{max}}$,50.0,unpaired,0.3785953253316488,24.48698656447574
Set A,B4145_D80_a0.16_ms100,$t_{T_\mathrm{max}}$,50.0,unpaired,0.4183946304485155,23.363366501611345
Set A,B4145_D80_a0.16_ms100,$t_{T_\mathrm{max}}$,50.0,unpaired,0.4581939987365761,22.38531445404541
Set A,B4145_D80_a0.16_ms100,$t_{T_\mathrm{max}}$,50.0,unpaired,0.49799330385344287,21.514252674535815
Set A,B4145_D80_a0.16_ms100,$t_{T_\mathrm{max}}$,50.0,unpaired,0.5377926721415035,20.723923147197446
Set A,B4145_D80_a0.16_ms100,$t_{T_\mathrm{max}}$,50.0,unpaired,0.5775919772583702,19.99931133544019
Set A,B4145_D80_a0.16_ms100,$t_{T_\mathrm{max}}$,50.0,unpaired,0.6173912823752369,19.328354585924718
Set A,B4145_D80_a0.16_ms100,$t_{T_\mathrm{max}}$,50.0,unpaired,0.6571907770056854,18.699262504290708
Set A,B4145_D80_a0.16_ms100,$t_{T_\mathrm{max}}$,50.0,unpaired,0.6969898926089704,18.10548056499228
Set A,B4145_D80_a0.16_ms100,$t_{T_\mathrm{max}}$,50.0,unpaired,0.7367890082122552,17.543667418796694
Set A,B4145_D80_a0.16_ms100,$t_{T_\mathrm{max}}$,50.0,unpaired,0.7765887555274795,17.01141019620654
Set A,B4145_D80_a0.16_ms100,$t_{T_\mathrm{max}}$,50.0,unpaired,0.8163878711307644,16.502489862109424
Set A,B4145_D80_a0.16_ms100,$t_{T_\mathrm{max}}$,50.0,unpaired,0.8561869867340492,16.00907292002074
Set A,B4145_D80_a0.16_ms100,$t_{T_\mathrm{max}}$,50.0,unpaired,0.8959867340492736,15.533283451996814
Set A,B4145_D80_a0.16_ms100,$t_{T_\mathrm{max}}$,50.0,unpaired,0.9357858496525585,15.07672156832454
Set A,B4145_D80_a0.16_ms100,$t_{T_\mathrm{max}}$,50.0,unpaired,0.9755855969677827,14.63811803079544
Set A,B4145_D80_a0.16_ms100,$t_{T_\mathrm{max}}$,50.0,unpaired,1.0153847125710675,14.213747704050403
Set A,B4145_D80_a0.16_ms100,$t_{T_\mathrm{max}}$,50.0,unpaired,1.0551838281743526,13.798412530641196
Set A,B4145_D80_a0.16_ms100,$t_{T_\mathrm{max}}$,50.0,unpaired,1.0949835754895767,13.388305565327578
Set A,B4145_D80_a0.16_ms100,$t_{T_\mathrm{max}}$,50.0,unpaired,1.1347826910928616,12.988320362767237
Set A,B4145_D80_a0.16_ms100,$t_{T_\mathrm{max}}$,50.0,unpaired,1.1745818066961466,12.608651004670595
Set A,B4145_D80_a0.16_ms100,$t_{T_\mathrm{max}}$,50.0,unpaired,1.214381554011371,12.24339660089811
Set A,B4145_D80_a0.16_ms100,$t_{T_\mathrm{max}}$,50.0,unpaired,1.2541806696146558,11.889727235594695
Set A,B4145_D80_a0.16_ms100,$t_{T_\mathrm{max}}$,50.0,unpaired,1.2939797852179407,11.543374132964308
Set A,B4145_D80_a0.16_ms100,$t_{T_\mathrm{max}}$,50.0,unpaired,1.333779532533165,11.200598256445208
Set A,B4145_D80_a0.16_ms100,$t_{T_\mathrm{max}}$,50.0,unpaired,1.3735786481364498,10.861410753002355
Set A,B4145_D80_a0.16_ms100,$t_{T_\mathrm{max}}$,50.0,unpaired,1.413377763739735,10.528858087011738
Set A,B4145_D80_a0.16_ms100,$t_{T_\mathrm{max}}$,50.0,unpaired,1.453177511054959,10.208017376300065
Set A,B4145_D80_a0.16_ms100,$t_{T_\mathrm{max}}$,50.0,unpaired,1.4929766266582438,9.904510491053662
Set A,B4145_D80_a0.16_ms100,$t_{T_\mathrm{max}}$,50.0,unpaired,1.532775742261529,9.621644031042823
Set A,B4145_D80_a0.16_ms100,$t_{T_\mathrm{max}}$,50.0,unpaired,1.5725754895767532,9.356678496323486
Set A,B4145_D80_a0.16_ms100,$t_{T_\mathrm{max}}$,50.0,unpaired,1.6123746051800378,9.086809702166935
Set A,B4145_D80_a0.16_ms100,$t_{T_\mathrm{max}}$,50.0,unpaired,1.652173720783323,8.811258976876319
Set A,B4145_D80_a0.16_ms100,$t_{T_\mathrm{max}}$,50.0,unpaired,1.6919734680985472,8.532721322478205
Set A,B4145_D80_a0.16_ms100,$t_{T_\mathrm{max}}$,50.0,unpaired,1.7317725837018318,8.252190538814583
Set A,B4145_D80_a0.16_ms100,$t_{T_\mathrm{max}}$,50.0,unpaired,1.771571699305117,7.972246163135459
Set A,B4145_D80_a0.16_ms100,$t_{T_\mathrm{max}}$,50.0,unpaired,1.8113714466203412,7.69982642559287
Set A,B4145_D80_a0.16_ms100,$t_{T_\mathrm{max}}$,50.0,unpaired,1.8511705622236259,7.446091593641456
Set A,B4145_D80_a0.16_ms100,$t_{T_\mathrm{max}}$,50.0,unpaired,1.890969677826911,7.214105112110886
Set A,B4145_D80_a0.16_ms100,$t_{T_\mathrm{max}}$,50.0,unpaired,1.9307694251421352,7.000730160032064
Set A,B4145_D80_a0.16_ms100,$t_{T_\mathrm{max}}$,50.0,unpaired,1.9705685407454203,6.801229790519145
Set A,B4145_D80_a0.16_ms100,$t_{T_\mathrm{max}}$,50.0,unpaired,2.010367656348705,6.610829569356454
Set A,B4145_D80_a0.16_ms100,$t_{T_\mathrm{max}}$,50.0,unpaired,2.050167403663929,6.4244470363513555
Set A,B4145_D80_a0.16_ms100,$t_{T_\mathrm{max}}$,50.0,unpaired,2.089966519267214,6.237331771375508
Set A,B4145_D80_a0.16_ms100,$t_{T_\mathrm{max}}$,50.0,unpaired,2.129765634870499,6.043397508153041
Set A,B4145_D80_a0.16_ms100,$t_{T_\mathrm{max}}$,50.0,unpaired,2.169565382185723,5.835632416390474
Set A,B4145_D80_a0.16_ms100,$t_{T_\mathrm{max}}$,50.0,unpaired,2.209364497789008,5.610515779624795
Set A,B4145_D80_a0.16_ms100,$t_{T_\mathrm{max}}$,50.0,unpaired,2.249163613392293,5.3748159411094765
Set A,B4145_D80_a0.16_ms100,$t_{T_\mathrm{max}}$,50.0,unpaired,2.2889633607075175,5.14415681457046
Set A,B4145_D80_a0.16_ms100,$t_{T_\mathrm{max}}$,50.0,unpaired,2.328762476310802,4.934603904486054
Set A,B4145_D80_a0.16_ms100,$t_{T_\mathrm{max}}$,50.0,unpaired,2.368561591914087,4.755175525739665
Set A,B4145_D80_a0.16_ms100,$t_{T_\mathrm{max}}$,50.0,unpaired,2.4083613392293115,4.608463123625677
Set A,B4145_D80_a0.16_ms100,$t_{T_\mathrm{max}}$,50.0,unpaired,2.448160454832596,4.5056382661101315
Set A,B4145_D80_a0.16_ms100,$t_{T_\mathrm{max}}$,50.0,unpaired,2.4879595704358817,4.451643540827488
Set A,B4145_D80_a0.16_ms100,$t_{T_\mathrm{max}}$,50.0,unpaired,2.5277593177511055,4.41365327879929
Set A,B4145_D80_a0.16_ms100,$t_{T_\mathrm{max}}$,50.0,unpaired,2.56755843335439,4.387834086541463
Set A,B4145_D80_a0.16_ms100,$t_{T_\mathrm{max}}$,50.0,unpaired,2.6073575489576757,4.372950165895695
Set A,B4145_D80_a0.16_ms100,$t_{T_\mathrm{max}}$,50.0,unpaired,2.6471572962728995,4.366849004288896
Set A,B4145_D80_a0.16_ms100,$t_{T_\mathrm{max}}$,50.0,unpaired,2.686956411876184,4.367185926105767
Set A,B4145_D80_a0.16_ms100,$t_{T_\mathrm{max}}$,50.0,unpaired,2.726756159191409,4.372182690617083
Set A,B4145_D80_a0.16_ms100,$t_{T_\mathrm{max}}$,50.0,unpaired,2.7665552747946935,4.380512480578353
Set A,B4145_D80_a0.16_ms100,$t_{T_\mathrm{max}}$,50.0,unpaired,2.8063543903979786,4.3913942925643985
Set A,B4145_D80_a0.16_ms100,$t_{T_\mathrm{max}}$,50.0,unpaired,2.846154137713203,4.404221722759623
Set A,B4145_D80_a0.16_ms100,$t_{T_\mathrm{max}}$,50.0,unpaired,2.8859532533164876,4.418370292940918
Set A,B4145_D80_a0.16_ms100,$t_{T_\mathrm{max}}$,50.0,unpaired,2.9257523689197726,4.433679145316406
Set A,B4145_D80_a0.16_ms100,$t_{T_\mathrm{max}}$,50.0,unpaired,2.965552116234997,4.449832017999676
Set A,B4145_D80_a0.16_ms100,$t_{T_\mathrm{max}}$,50.0,unpaired,3.0053512318382816,4.466599095004202
Set A,B4145_D80_a0.16_ms100,$t_{T_\mathrm{max}}$,50.0,unpaired,3.0451503474415667,4.4837452217448
Set A,B4145_D80_a0.16_ms100,$t_{T_\mathrm{max}}$,50.0,unpaired,3.084950094756791,4.501242339319103
Set A,B4145_D80_a0.16_ms100,$t_{T_\mathrm{max}}$,50.0,unpaired,3.124749210360076,4.524300606763702
Set A,B4145_D80_a0.16_ms100,$t_{T_\mathrm{max}}$,50.0,unpaired,3.1645483259633607,4.549625448398132
Set A,B4145_D80_a0.16_ms100,$t_{T_\mathrm{max}}$,50.0,unpaired,3.204348073278585,4.57518042470869
Set A,B4145_D80_a0.16_ms100,$t_{T_\mathrm{max}}$,50.0,unpaired,3.2441471888818696,4.600845643630816
Set A,B4145_D80_a0.16_ms100,$t_{T_\mathrm{max}}$,50.0,unpaired,3.283946304485155,4.626391807599964
Set A,B4145_D80_a0.16_ms100,$t_{T_\mathrm{max}}$,50.0,unpaired,3.323746051800379,4.6515185736943305
Set A,B4145_D80_a0.16_ms100,$t_{T_\mathrm{max}}$,50.0,unpaired,3.3635451674036636,4.67604323938288
Set A,B4145_D80_a0.16_ms100,$t_{T_\mathrm{max}}$,50.0,unpaired,3.403344283006949,4.699832116141601
Set A,B4145_D80_a0.16_ms100,$t_{T_\mathrm{max}}$,50.0,unpaired,3.443144030322173,4.722427828420663
Set A,B4145_D80_a0.16_ms100,$t_{T_\mathrm{max}}$,50.0,unpaired,3.4829431459254576,4.743859429292308
Set A,B4145_D80_a0.16_ms100,$t_{T_\mathrm{max}}$,50.0,unpaired,3.522742261528743,4.763842190931169
Set A,B4145_D80_a0.16_ms100,$t_{T_\mathrm{max}}$,50.0,unpaired,3.562542008843967,4.782267226083742
Set A,B4145_D80_a0.16_ms100,$t_{T_\mathrm{max}}$,50.0,unpaired,3.6023411244472525,4.798927705481728
Set A,B4145_D80_a0.16_ms100,$t_{T_\mathrm{max}}$,50.0,unpaired,3.642140240050537,4.814066036735332
Set A,B4145_D80_a0.16_ms100,$t_{T_\mathrm{max}}$,50.0,unpaired,3.681939987365761,4.827433214704251
Set A,B4145_D80_a0.16_ms100,$t_{T_\mathrm{max}}$,50.0,unpaired,3.7217391029690465,4.839179536967982
Set A,B4145_D80_a0.16_ms100,$t_{T_\mathrm{max}}$,50.0,unpaired,3.761538218572331,4.849058923718218
Set A,B4145_D80_a0.16_ms100,$t_{T_\mathrm{max}}$,50.0,unpaired,3.801337965887555,4.857165215719955
Set A,B4145_D80_a0.16_ms100,$t_{T_\mathrm{max}}$,50.0,unpaired,3.8411370814908405,4.863408166815676
Set A,B4145_D80_a0.16_ms100,$t_{T_\mathrm{max}}$,50.0,unpaired,3.880936197094125,4.867686464457659
Set A,B4145_D80_a0.16_ms100,$t_{T_\mathrm{max}}$,50.0,unpaired,3.92073594440935,4.870154106879636
Set A,B4145_D80_a0.16_ms100,$t_{T_\mathrm{max}}$,50.0,unpaired,3.9605350600126346,4.870735205312037
Set A,B4145_D80_a0.16_ms100,$t_{T_\mathrm{max}}$,50.0,unpaired,4.00033417561592,4.8695686698389435
Set A,B4145_D80_a0.16_ms100,$t_{T_\mathrm{max}}$,50.0,unpaired,4.040133922931144,4.86670674284722
Set A,B4145_D80_a0.16_ms100,$t_{T_\mathrm{max}}$,50.0,unpaired,4.079933038534429,4.8622269873169
Set A,B4145_D80_a0.16_ms100,$t_{T_\mathrm{max}}$,50.0,unpaired,4.119732154137713,4.856625019480626
Set A,B4145_D80_a0.16_ms100,$t_{T_\mathrm{max}}$,50.0,unpaired,4.1595319014529375,4.849869473830239
Set A,B4145_D80_a0.16_ms100,$t_{T_\mathrm{max}}$,50.0,unpaired,4.199331017056222,4.841991084686473
Set A,B4145_D80_a0.16_ms100,$t_{T_\mathrm{max}}$,50.0,unpaired,4.239130132659508,4.833191466459329
Set A,B4145_D80_a0.16_ms100,$t_{T_\mathrm{max}}$,50.0,unpaired,4.278929879974732,4.823401366311523
Set A,B4145_D80_a0.16_ms100,$t_{T_\mathrm{max}}$,50.0,unpaired,4.318728995578017,4.81277456306402
Set A,B4145_D80_a0.16_ms100,$t_{T_\mathrm{max}}$,50.0,unpaired,4.358528742893241,4.801055576024681
Set A,B4145_D80_a0.16_ms100,$t_{T_\mathrm{max}}$,50.0,unpaired,4.3983278584965255,4.788255436007503
Set A,B4145_D80_a0.16_ms100,$t_{T_\mathrm{max}}$,50.0,unpaired,4.43812697409981,4.774162013981134
Set A,B4145_D80_a0.16_ms100,$t_{T_\mathrm{max}}$,50.0,unpaired,4.477926721415035,4.758831643486526
Set A,B4145_D80_a0.16_ms100,$t_{T_\mathrm{max}}$,50.0,unpaired,4.51772583701832,4.742189496009272
Set A,B4145_D80_a0.16_ms100,$t_{T_\mathrm{max}}$,50.0,unpaired,4.557524952621605,4.724151281550106
Set A,B4145_D80_a0.16_ms100,$t_{T_\mathrm{max}}$,50.0,unpaired,4.597324699936829,4.704667419767624
Set A,B4145_D80_a0.16_ms100,$t_{T_\mathrm{max}}$,50.0,unpaired,4.6371238155401135,4.6837094249592415
Set A,B4145_D80_a0.16_ms100,$t_{T_\mathrm{max}}$,50.0,unpaired,4.676922931143398,4.661454015410305
Set A,B4145_D80_a0.16_ms100,$t_{T_\mathrm{max}}$,50.0,unpaired,4.716722678458623,4.638095174958051
Set A,B4145_D80_a0.16_ms100,$t_{T_\mathrm{max}}$,50.0,unpaired,4.756521794061908,4.613641818404516
Set A,B4145_D80_a0.16_ms100,$t_{T_\mathrm{max}}$,50.0,unpaired,4.796320909665193,4.588446473363726
Set A,B4145_D80_a0.16_ms100,$t_{T_\mathrm{max}}$,50.0,unpaired,4.836120656980417,4.562517837728493
Set A,B4145_D80_a0.16_ms100,$t_{T_\mathrm{max}}$,50.0,unpaired,4.875919772583702,4.536382384411001
Set A,B4145_D80_a0.16_ms100,$t_{T_\mathrm{max}}$,50.0,unpaired,4.915718888186986,4.510229261689198
Set A,B4145_D80_a0.16_ms100,$t_{T_\mathrm{max}}$,50.0,unpaired,4.955518635502211,4.4851328069458996
Set A,B4145_D80_a0.16_ms100,$t_{T_\mathrm{max}}$,50.0,unpaired,4.995317751105496,4.465376692354606
Set A,B4145_D80_a0.16_ms100,$t_{T_\mathrm{max}}$,50.0,unpaired,5.035116866708781,4.445318960688018
Set A,B4145_D80_a0.16_ms100,$t_{T_\mathrm{max}}$,50.0,unpaired,5.074916614024005,4.424701953156212
Set A,B4145_D80_a0.16_ms100,$t_{T_\mathrm{max}}$,50.0,unpaired,5.11471572962729,4.403639127579883
Set A,B4145_D80_a0.16_ms100,$t_{T_\mathrm{max}}$,50.0,unpaired,5.154514845230575,4.382003211702899
Set A,B4145_D80_a0.16_ms100,$t_{T_\mathrm{max}}$,50.0,unpaired,5.194314592545799,4.359738387246554
Set A,B4145_D80_a0.16_ms100,$t_{T_\mathrm{max}}$,50.0,unpaired,5.234113708149084,4.336696010137935
Set A,B4145_D80_a0.16_ms100,$t_{T_\mathrm{max}}$,50.0,unpaired,5.273912823752369,4.312813435271723
Set A,B4145_D80_a0.16_ms100,$t_{T_\mathrm{max}}$,50.0,unpaired,5.313712571067593,4.288227878030755
Set A,B4145_D80_a0.16_ms100,$t_{T_\mathrm{max}}$,50.0,unpaired,5.353511686670878,4.262620906429055
Set A,B4145_D80_a0.16_ms100,$t_{T_\mathrm{max}}$,50.0,unpaired,5.393310802274163,4.236098082310775
Set A,B4145_D80_a0.16_ms100,$t_{T_\mathrm{max}}$,50.0,unpaired,5.433110549589387,4.208622430830317
Set A,B4145_D80_a0.16_ms100,$t_{T_\mathrm{max}}$,50.0,unpaired,5.472909665192672,4.18026764143968
Set A,B4145_D80_a0.16_ms100,$t_{T_\mathrm{max}}$,50.0,unpaired,5.512708780795958,4.1508648723467685
Set A,B4145_D80_a0.16_ms100,$t_{T_\mathrm{max}}$,50.0,unpaired,5.552508528111181,4.120558522116635
Set A,B4145_D80_a0.16_ms100,$t_{T_\mathrm{max}}$,50.0,unpaired,5.592307643714466,4.089219044401838
Set A,B4145_D80_a0.16_ms100,$t_{T_\mathrm{max}}$,50.0,unpaired,5.632106759317751,4.056819774272899
Set A,B4145_D80_a0.16_ms100,$t_{T_\mathrm{max}}$,50.0,unpaired,5.6719065066329755,4.023392877550799
Set A,B4145_D80_a0.16_ms100,$t_{T_\mathrm{max}}$,50.0,unpaired,5.711705622236261,3.9887368908055785
Set A,B4145_D80_a0.16_ms100,$t_{T_\mathrm{max}}$,50.0,unpaired,5.751504737839546,3.9528512979523747
Set A,B4145_D80_a0.16_ms100,$t_{T_\mathrm{max}}$,50.0,unpaired,5.791304485154769,3.915536506477465
Set A,B4145_D80_a0.16_ms100,$t_{T_\mathrm{max}}$,50.0,unpaired,5.831103600758055,3.876677899821406
Set A,B4145_D80_a0.16_ms100,$t_{T_\mathrm{max}}$,50.0,unpaired,5.870902716361339,3.8361799129384204
Set A,B4145_D80_a0.16_ms100,$t_{T_\mathrm{max}}$,50.0,unpaired,5.9107024636765635,3.7937801082586393
Set A,B4145_D80_a0.16_ms100,$t_{T_\mathrm{max}}$,50.0,unpaired,5.950501579279849,3.749259235960971
Set A,B4145_D80_a0.16_ms100,$t_{T_\mathrm{max}}$,50.0,unpaired,5.990300694883134,3.7023070507274545
Set A,B4145_D80_a0.16_ms100,$t_{T_\mathrm{max}}$,50.0,unpaired,6.030100442198358,3.6528535994055136
Set A,B4145_D80_a0.16_ms100,$t_{T_\mathrm{max}}$,50.0,unpaired,6.069899557801643,3.6006115800147342
Set A,B4145_D80_a0.16_ms100,$t_{T_\mathrm{max}}$,50.0,unpaired,6.109699305116867,3.545408423060233
Set A,B4145_D80_a0.16_ms100,$t_{T_\mathrm{max}}$,50.0,unpaired,6.149498420720152,3.486867468287146
Set A,B4145_D80_a0.16_ms100,$t_{T_\mathrm{max}}$,50.0,unpaired,6.189297536323437,3.42494073789835
Set A,B4145_D80_a0.16_ms100,$t_{T_\mathrm{max}}$,50.0,unpaired,6.22909728363866,3.359365211749414
Set A,B4145_D80_a0.16_ms100,$t_{T_\mathrm{max}}$,50.0,unpaired,6.268896399241946,3.2901087280055483
Set A,B4145_D80_a0.16_ms100,$t_{T_\mathrm{max}}$,50.0,unpaired,6.308695514845231,3.217026908714416
Set A,B4145_D80_a0.16_ms100,$t_{T_\mathrm{max}}$,50.0,unpaired,6.348496525584333,3.1404383176662445
Set A,B4145_D80_a0.16_ms100,$t_{T_\mathrm{max}}$,50.0,unpaired,6.3882943777637395,3.060704368449719
Set A,B4145_D80_a0.16_ms100,$t_{T_\mathrm{max}}$,50.0,unpaired,6.428092229943147,2.9782765869138923
Set A,B4145_D80_a0.16_ms100,$t_{T_\mathrm{max}}$,50.0,unpaired,6.467890082122553,2.8944666341302043
Set A,B4145_D80_a0.16_ms100,$t_{T_\mathrm{max}}$,50.0,unpaired,6.507694251421352,2.809955995686902
Set A,B4145_D80_a0.16_ms100,$t_{T_\mathrm{max}}$,50.0,unpaired,6.547492103600758,2.7256715837458136
Set A,B4145_D80_a0.16_ms100,$t_{T_\mathrm{max}}$,50.0,unpaired,6.587289955780164,2.6427948997005832
Set A,B4145_D80_a0.16_ms100,$t_{T_\mathrm{max}}$,50.0,unpaired,6.62708780795957,2.562761642677307
Set A,B4145_D80_a0.16_ms100,$t_{T_\mathrm{max}}$,50.0,unpaired,6.666891977258371,2.486796069502707
Set A,B4145_D80_a0.16_ms100,$t_{T_\mathrm{max}}$,50.0,unpaired,6.706689829437776,2.4163997290662484
Set A,B4145_D80_a0.16_ms100,$t_{T_\mathrm{max}}$,50.0,unpaired,6.746487681617182,2.3519705777694866
Set A,B4145_D80_a0.16_ms100,$t_{T_\mathrm{max}}$,50.0,unpaired,6.786285533796589,2.2933463004912675
Set A,B4145_D80_a0.16_ms100,$t_{T_\mathrm{max}}$,50.0,unpaired,6.826089703095389,2.239627642426091
Set A,B4145_D80_a0.16_ms100,$t_{T_\mathrm{max}}$,50.0,unpaired,6.865887555274795,2.1902660821570468
Set A,B4145_D80_a0.16_ms100,$t_{T_\mathrm{max}}$,50.0,unpaired,6.905685407454201,2.1447061879743177
Set A,B4145_D80_a0.16_ms100,$t_{T_\mathrm{max}}$,50.0,unpaired,6.9454832596336065,2.102526669132326
Set A,B4145_D80_a0.16_ms100,$t_{T_\mathrm{max}}$,50.0,unpaired,6.985287428932407,2.0633385168216334
Set A,B4145_D80_a0.16_ms100,$t_{T_\mathrm{max}}$,50.0,unpaired,7.025085281111814,2.0270121686506237
Set A,B4145_D80_a0.16_ms100,$t_{T_\mathrm{max}}$,50.0,unpaired,7.064883133291219,1.9933707764835253
Set A,B4145_D80_a0.16_ms100,$t_{T_\mathrm{max}}$,50.0,unpaired,7.104680985470625,1.9620823689327422
Set A,B4145_D80_a0.16_ms100,$t_{T_\mathrm{max}}$,50.0,unpaired,7.1444788376500314,1.9328790694129994
Set A,B4145_D80_a0.16_ms100,$t_{T_\mathrm{max}}$,50.0,unpaired,7.1842830069488315,1.905617109822201
Set A,B4145_D80_a0.16_ms100,$t_{T_\mathrm{max}}$,50.0,unpaired,7.224080859128238,1.8800174316075022
Set A,B4145_D80_a0.16_ms100,$t_{T_\mathrm{max}}$,50.0,unpaired,7.263878711307644,1.8559564730936131
Set A,B4145_D80_a0.16_ms100,$t_{T_\mathrm{max}}$,50.0,unpaired,7.30367656348705,1.8333057882015886
Set A,B4145_D80_a0.16_ms100,$t_{T_\mathrm{max}}$,50.0,unpaired,7.34348073278585,1.8118818859859815
Set A,B4145_D80_a0.16_ms100,$t_{T_\mathrm{max}}$,50.0,unpaired,7.3832785849652565,1.7915900306351218
Set A,B4145_D80_a0.16_ms100,$t_{T_\mathrm{max}}$,50.0,unpaired,7.423076437144663,1.7723881879291263
Set A,B4145_D80_a0.16_ms100,$t_{T_\mathrm{max}}$,50.0,unpaired,7.462874289324068,1.754121848385495
Set A,B4145_D80_a0.16_ms100,$t_{T_\mathrm{max}}$,50.0,unpaired,7.502678458622867,1.7367527024439746
Set A,B4145_D80_a0.16_ms100,$t_{T_\mathrm{max}}$,50.0,unpaired,7.542476310802275,1.720239230679555
Set A,B4145_D80_a0.16_ms100,$t_{T_\mathrm{max}}$,50.0,unpaired,7.5822741629816806,1.7044726974741964
Set A,B4145_D80_a0.16_ms100,$t_{T_\mathrm{max}}$,50.0,unpaired,7.622072015161087,1.6890239303959953
Set A,B4145_D80_a0.16_ms100,$t_{T_\mathrm{max}}$,50.0,unpaired,7.661869867340493,1.6739779406040753
Set A,B4145_D80_a0.16_ms100,$t_{T_\mathrm{max}}$,50.0,unpaired,7.701674036639292,1.6595737354093074
Set A,B4145_D80_a0.16_ms100,$t_{T_\mathrm{max}}$,50.0,unpaired,7.741471888818699,1.6457838991648468
Set A,B4145_D80_a0.16_ms100,$t_{T_\mathrm{max}}$,50.0,unpaired,7.7812697409981055,1.6325448467341293
Set A,B4145_D80_a0.16_ms100,$t_{T_\mathrm{max}}$,50.0,unpaired,7.821067593177512,1.6198660801580886
Set A,B4145_D80_a0.16_ms100,$t_{T_\mathrm{max}}$,50.0,unpaired,7.860871762476311,1.607689911025986
Set A,B4145_D80_a0.16_ms100,$t_{T_\mathrm{max}}$,50.0,unpaired,7.900669614655716,1.596023639001211
Set A,B4145_D80_a0.16_ms100,$t_{T_\mathrm{max}}$,50.0,unpaired,7.940467466835124,1.5848005640790774
Set A,B4145_D80_a0.16_ms100,$t_{T_\mathrm{max}}$,50.0,unpaired,7.98026531901453,1.5740418044074542
Set A,B4145_D80_a0.16_ms100,$t_{T_\mathrm{max}}$,50.0,unpaired,8.020069488313329,1.5636876540911213
Set A,B4145_D80_a0.16_ms100,$t_{T_\mathrm{max}}$,50.0,unpaired,8.059867340492735,1.553756623175613
Set A,B4145_D80_a0.16_ms100,$t_{T_\mathrm{max}}$,50.0,unpaired,8.099665192672141,1.5441942405031281
Set A,B4145_D80_a0.16_ms100,$t_{T_\mathrm{max}}$,50.0,unpaired,8.13946304485155,1.5350067197071229
Set A,B4145_D80_a0.16_ms100,$t_{T_\mathrm{max}}$,50.0,unpaired,8.179267214150348,1.52617679951748
Set A,B4145_D80_a0.16_ms100,$t_{T_\mathrm{max}}$,50.0,unpaired,8.219065066329753,1.517678645661149
Set A,B4145_D80_a0.16_ms100,$t_{T_\mathrm{max}}$,50.0,unpaired,8.258862918509159,1.5094986193337228
Set A,B4145_D80_a0.16_ms100,$t_{T_\mathrm{max}}$,50.0,unpaired,8.298660770688565,1.501622048986146
Set A,B4145_D80_a0.16_ms100,$t_{T_\mathrm{max}}$,50.0,unpaired,8.338458622867973,1.494045462001264
Set A,B4145_D80_a0.16_ms100,$t_{T_\mathrm{max}}$,50.0,unpaired,8.378262792166772,1.4867473003483835
Set A,B4145_D80_a0.16_ms100,$t_{T_\mathrm{max}}$,50.0,unpaired,8.418060644346179,1.4797158493703337
Set A,B4145_D80_a0.16_ms100,$t_{T_\mathrm{max}}$,50.0,unpaired,8.457858496525585,1.4729476565382755
Set A,B4145_D80_a0.16_ms100,$t_{T_\mathrm{max}}$,50.0,unpaired,8.49765634870499,1.4664244846115575
Set A,B4145_D80_a0.16_ms100,$t_{T_\mathrm{max}}$,50.0,unpaired,8.53746051800379,1.4601425515417246
Set A,B4145_D80_a0.16_ms100,$t_{T_\mathrm{max}}$,50.0,unpaired,8.577258370183197,1.4540859452286143
Set A,B4145_D80_a0.16_ms100,$t_{T_\mathrm{max}}$,50.0,unpaired,8.617056222362603,1.4501158033513286
Set A,B4145_D80_a0.16_ms100,$t_{T_\mathrm{max}}$,50.0,unpaired,8.656854074542009,1.4501158033513286
Set A,B4145_D80_a0.16_ms100,$t_{T_\mathrm{max}}$,50.0,unpaired,8.696658243840808,1.4501158033513286
Set A,B4145_D80_a0.16_ms100,$t_{T_\mathrm{max}}$,50.0,unpaired,8.736456096020214,1.4501158033513286
Set A,B4145_D80_a0.16_ms100,$t_{T_\mathrm{max}}$,50.0,unpaired,8.77625394819962,1.4501158033513286
Set A,B4145_D80_a0.16_ms100,$t_{T_\mathrm{max}}$,50.0,unpaired,8.816051800379027,1.4501158033513286
Set A,B4145_D80_a0.16_ms100,$t_{T_\mathrm{max}}$,50.0,unpaired,8.855855969677828,1.4501158033513286
Set A,B4145_D80_a0.16_ms100,$t_{T_\mathrm{max}}$,50.0,unpaired,8.895653821857234,1.4501158033513286
Set A,B4145_D80_a0.16_ms100,$t_{T_\mathrm{max}}$,50.0,unpaired,8.93545167403664,1.4501158033513286
Set A,B4145_D80_a0.16_ms100,$t_{T_\mathrm{max}}$,50.0,unpaired,8.975249526216045,1.4501158033513286
Set A,B4145_D80_a0.16_ms100,$t_{T_\mathrm{max}}$,50.0,unpaired,9.015047378395451,1.4501158033513286
Set A,B4145_D80_a0.16_ms100,$t_{T_\mathrm{max}}$,50.0,unpaired,9.054851547694252,1.4501158033513286
Set A,B4145_D80_a0.16_ms100,$t_{T_\mathrm{max}}$,50.0,unpaired,9.094649399873658,1.4501158033513286
Set A,B4145_D80_a0.16_ms100,$t_{T_\mathrm{max}}$,50.0,unpaired,9.134447252053064,1.4501158033513286
Set A,B4145_D80_a0.16_ms100,$t_{T_\mathrm{max}}$,50.0,unpaired,9.17424510423247,1.4501158033513286
Set A,B4145_D80_a0.16_ms100,$t_{T_\mathrm{max}}$,50.0,unpaired,9.21404927353127,1.4501158033513286
Set A,B4145_D80_a0.16_ms100,$t_{T_\mathrm{max}}$,50.0,unpaired,9.253847125710676,1.4501158033513286
Set A,B4145_D80_a0.16_ms100,$t_{T_\mathrm{max}}$,50.0,unpaired,9.293644977890082,1.4501158033513286
Set A,B4145_D80_a0.16_ms100,$t_{T_\mathrm{max}}$,50.0,unpaired,9.333442830069488,1.4501158033513286
Set A,B4145_D80_a0.16_ms100,$t_{T_\mathrm{max}}$,50.0,unpaired,9.373246999368288,1.4501158033513286
Set A,B4145_D80_a0.16_ms100,$t_{T_\mathrm{max}}$,50.0,unpaired,9.413044851547696,1.4501158033513286
Set A,B4145_D80_a0.16_ms100,$t_{T_\mathrm{max}}$,50.0,unpaired,9.452842703727102,1.4501158033513286
Set A,B4145_D80_a0.16_ms100,$t_{T_\mathrm{max}}$,50.0,unpaired,9.492640555906506,1.4501158033513286
Set A,B4145_D80_a0.16_ms100,$t_{T_\mathrm{max}}$,50.0,unpaired,9.532438408085913,1.4501158033513286
Set A,B4145_D80_a0.16_ms100,$t_{T_\mathrm{max}}$,50.0,unpaired,9.572242577384712,1.4501158033513286
Set A,B4145_D80_a0.16_ms100,$t_{T_\mathrm{max}}$,50.0,unpaired,9.61204042956412,1.4501158033513286
Set A,B4145_D80_a0.16_ms100,$t_{T_\mathrm{max}}$,50.0,unpaired,9.651838281743526,1.4501158033513286
Set A,B4145_D80_a0.16_ms100,$t_{T_\mathrm{max}}$,50.0,unpaired,9.691636133922932,1.4501158033513286
Set A,B4145_D80_a0.16_ms100,$t_{T_\mathrm{max}}$,50.0,unpaired,9.731440303221731,1.4501158033513286
Set A,B4145_D80_a0.16_ms100,$t_{T_\mathrm{max}}$,50.0,unpaired,9.771238155401138,1.4501158033513286
Set A,B4145_D80_a0.16_ms100,$t_{T_\mathrm{max}}$,50.0,unpaired,9.811036007580544,1.4501158033513286
Set A,B4145_D80_a0.16_ms100,$t_{T_\mathrm{max}}$,50.0,unpaired,9.85083385975995,1.4501158033513286
Set A,B4145_D80_a0.16_ms100,$t_{T_\mathrm{max}}$,50.0,unpaired,9.89063802905875,1.4501158033513286
Set A,B4145_D80_a0.16_ms100,$t_{T_\mathrm{max}}$,50.0,unpaired,9.930435881238155,1.4501158033513286
Set A,B4145_D80_a0.16_ms100,$t_{T_\mathrm{max}}$,50.0,unpaired,9.970233733417562,1.4501158033513286
Set A,B4145_D80_a0.16_ms100,$t_{T_\mathrm{max}}$,50.0,unpaired,10.010031585596968,1.4501158033513286
Set A,B4145_D80_a0.16_ms100,$t_{T_\mathrm{max}}$,50.0,unpaired,10.049835754895767,1.4501158033513286
Set A,B4145_D80_a0.16_ms100,$t_{T_\mathrm{max}}$,50.0,unpaired,10.089633607075173,1.4501158033513286
Set A,B4145_D80_a0.16_ms100,$t_{T_\mathrm{max}}$,50.0,unpaired,10.12943145925458,1.4501158033513286
Set A,B4145_D80_a0.16_ms100,$t_{T_\mathrm{max}}$,50.0,unpaired,10.169229311433986,1.3541380594533163
Set A,B4145_D80_a0.16_ms100,$t_{T_\mathrm{max}}$,50.0,unpaired,10.209027163613394,1.1611096926329478
Set A,B4145_D80_a0.16_ms100,$t_{T_\mathrm{max}}$,50.0,unpaired,10.248831332912193,0.9091944250249242
Set A,B4145_D80_a0.16_ms100,$t_{T_\mathrm{max}}$,50.0,unpaired,10.288629185091597,0.6783841350857497
Set A,B4145_D80_a0.16_ms100,$t_{T_\mathrm{max}}$,50.0,unpaired,10.328427037271004,0.520421147275558
Set A,B4145_D80_a0.16_ms100,$t_{T_\mathrm{max}}$,50.0,unpaired,10.36822488945041,0.4184615976395232
Set A,B4145_D80_a0.16_ms100,$t_{T_\mathrm{max}}$,50.0,unpaired,10.40802905874921,0.35015068785709547
Set A,B4145_D80_a0.16_ms100,$t_{T_\mathrm{max}}$,50.0,unpaired,10.447826910928617,0.301887404765371
Set A,B4145_D80_a0.16_ms100,$t_{T_\mathrm{max}}$,50.0,unpaired,10.487624763108023,0.26624649619794327
Set A,B4145_D80_a0.16_ms100,$t_{T_\mathrm{max}}$,50.0,unpaired,10.52742261528743,0.2389665753058212
Set A,B4145_D80_a0.16_ms100,$t_{T_\mathrm{max}}$,50.0,unpaired,10.567226784586229,0.21743457537509758
Set A,B4145_D80_a0.16_ms100,$t_{T_\mathrm{max}}$,50.0,unpaired,10.607024636765635,0.20005401068894038
Set A,B4145_D80_a0.16_ms100,$t_{T_\mathrm{max}}$,50.0,unpaired,10.646822488945041,0.18572788066689183
Set A,B4145_D80_a0.16_ms100,$t_{T_\mathrm{max}}$,50.0,unpaired,10.686620341124447,0.17373370658061896
Set A,B4145_D80_a0.16_ms100,$t_{T_\mathrm{max}}$,50.0,unpaired,10.726424510423248,0.16355873923461892
Set A,B4145_D80_a0.16_ms100,$t_{T_\mathrm{max}}$,50.0,unpaired,10.766222362602655,0.1548131469642537
Set A,B4145_D80_a0.16_ms100,$t_{T_\mathrm{max}}$,50.0,unpaired,10.806020214782059,0.1472292664707225
Set A,B4145_D80_a0.16_ms100,$t_{T_\mathrm{max}}$,50.0,unpaired,10.845818066961465,0.14058572589415297
Set A,B4145_D80_a0.16_ms100,$t_{T_\mathrm{max}}$,50.0,unpaired,10.885615919140871,0.13472436167287255
Set A,B4145_D80_a0.16_ms100,$t_{T_\mathrm{max}}$,50.0,unpaired,10.925420088439672,0.12952067743789486
Set A,B4145_D80_a0.16_ms100,$t_{T_\mathrm{max}}$,50.0,unpaired,10.965217940619079,0.12486648725789089
Set A,B4145_D80_a0.16_ms100,$t_{T_\mathrm{max}}$,50.0,unpaired,11.005015792798485,0.12068359041820495
Set A,B4145_D80_a0.16_ms100,$t_{T_\mathrm{max}}$,50.0,unpaired,11.044813644977891,0.11690583845147294
Set A,B4145_D80_a0.16_ms100,$t_{T_\mathrm{max}}$,50.0,unpaired,11.08461781427669,0.1134785326841251
Set A,B4145_D80_a0.16_ms100,$t_{T_\mathrm{max}}$,50.0,unpaired,11.124415666456096,0.11035666705118144
Set A,B4145_D80_a0.16_ms100,$t_{T_\mathrm{max}}$,50.0,unpaired,11.164213518635503,0.10750231543710888
Set A,B4145_D80_a0.16_ms100,$t_{T_\mathrm{max}}$,50.0,unpaired,11.204011370814909,0.10488391083475519
Set A,B4145_D80_a0.16_ms100,$t_{T_\mathrm{max}}$,50.0,unpaired,11.243815540113708,0.10247422314441178
Set A,B4145_D80_a0.16_ms100,$t_{T_\mathrm{max}}$,50.0,unpaired,11.283613392293114,0.10025064324566094
Set A,B4145_D80_a0.16_ms100,$t_{T_\mathrm{max}}$,50.0,unpaired,11.32341124447252,0.09819171904892501
Set A,B4145_D80_a0.16_ms100,$t_{T_\mathrm{max}}$,50.0,unpaired,11.363209096651927,0.09628288143804513
Set A,B4145_D80_a0.16_ms100,$t_{T_\mathrm{max}}$,50.0,unpaired,11.403006948831333,0.09450733290028022
Set A,B4145_D80_a0.16_ms100,$t_{T_\mathrm{max}}$,50.0,unpaired,11.442811118130132,0.09285326054503584
Set A,B4145_D80_a0.16_ms100,$t_{T_\mathrm{max}}$,50.0,unpaired,11.482608970309538,0.09130926926099543
Set A,B4145_D80_a0.16_ms100,$t_{T_\mathrm{max}}$,50.0,unpaired,11.522406822488946,0.08987437199704414
Set A,B4145_D80_a0.16_ms100,$t_{T_\mathrm{max}}$,50.0,unpaired,11.562204674668353,0.08853260098250328
Set A,B4145_D80_a0.16_ms100,$t_{T_\mathrm{max}}$,50.0,unpaired,11.602008843967152,0.08728645428005044
Set A,B4145_D80_a0.16_ms100,$t_{T_\mathrm{max}}$,50.0,unpaired,11.641806696146556,0.08611652539524783
Set A,B4145_D80_a0.16_ms100,$t_{T_\mathrm{max}}$,50.0,unpaired,11.681604548325963,0.08501351999268585
Set A,B4145_D80_a0.16_ms100,$t_{T_\mathrm{max}}$,50.0,unpaired,11.72140240050537,0.08397187819659968
Set A,B4145_D80_a0.16_ms100,$t_{T_\mathrm{max}}$,50.0,unpaired,11.76120656980417,0.08298774314143227
Set A,B4145_D80_a0.16_ms100,$t_{T_\mathrm{max}}$,50.0,unpaired,11.801004421983576,0.08205579395267402
Set A,B4145_D80_a0.16_ms100,$t_{T_\mathrm{max}}$,50.0,unpaired,11.840802274162982,0.08117317319496961
Set A,B4145_D80_a0.16_ms100,$t_{T_\mathrm{max}}$,50.0,unpaired,11.880600126342388,0.08033653260824093
Set A,B4145_D80_a0.16_ms100,$t_{T_\mathrm{max}}$,50.0,unpaired,11.920404295641188,0.07954180468155753
Set A,B4145_D80_a0.16_ms100,$t_{T_\mathrm{max}}$,50.0,unpaired,11.960202147820594,0.07878733212252921
Set A,B4145_D80_a0.16_ms100,$t_{T_\mathrm{max}}$,50.0,unpaired,12.0,0.07806924155227973
Set A,B4145_D80_a0.16_ms100,$t_{T_\mathrm{max}}$,50.0,cfl,0.1,7.063639507870686
Set A,B4145_D80_a0.16_ms100,$t_{T_\mathrm{max}}$,50.0,cfl,0.13979930511686672,6.9534387340185795
Set A,B4145_D80_a0.16_ms100,$t_{T_\mathrm{max}}$,50.0,cfl,0.17959867340492736,6.889013050071917
Set A,B4145_D80_a0.16_ms100,$t_{T_\mathrm{max}}$,50.0,cfl,0.21939797852179407,6.836948667736498
Set A,B4145_D80_a0.16_ms100,$t_{T_\mathrm{max}}$,50.0,cfl,0.25919734680985473,6.785209978089545
Set A,B4145_D80_a0.16_ms100,$t_{T_\mathrm{max}}$,50.0,cfl,0.2989966519267214,6.7293352286433645
Set A,B4145_D80_a0.16_ms100,$t_{T_\mathrm{max}}$,50.0,cfl,0.33879595704358817,6.667824621090521
Set A,B4145_D80_a0.16_ms100,$t_{T_\mathrm{max}}$,50.0,cfl,0.3785953253316488,6.6004920644605365
Set A,B4145_D80_a0.16_ms100,$t_{T_\mathrm{max}}$,50.0,cfl,0.4183946304485155,6.527605697144138
Set A,B4145_D80_a0.16_ms100,$t_{T_\mathrm{max}}$,50.0,cfl,0.4581939987365761,6.44951683061004
Set A,B4145_D80_a0.16_ms100,$t_{T_\mathrm{max}}$,50.0,cfl,0.49799330385344287,6.366481741619846
Set A,B4145_D80_a0.16_ms100,$t_{T_\mathrm{max}}$,50.0,cfl,0.5377926721415035,6.27848415187176
Set A,B4145_D80_a0.16_ms100,$t_{T_\mathrm{max}}$,50.0,cfl,0.5775919772583702,6.185287848965885
Set A,B4145_D80_a0.16_ms100,$t_{T_\mathrm{max}}$,50.0,cfl,0.6173912823752369,6.086267577657297
Set A,B4145_D80_a0.16_ms100,$t_{T_\mathrm{max}}$,50.0,cfl,0.6571907770056854,5.980331076265981
Set A,B4145_D80_a0.16_ms100,$t_{T_\mathrm{max}}$,50.0,cfl,0.6969898926089704,5.866240307590922
Set A,B4145_D80_a0.16_ms100,$t_{T_\mathrm{max}}$,50.0,cfl,0.7367890082122552,5.743706100126525
Set A,B4145_D80_a0.16_ms100,$t_{T_\mathrm{max}}$,50.0,cfl,0.7765887555274795,5.613411934904591
Set A,B4145_D80_a0.16_ms100,$t_{T_\mathrm{max}}$,50.0,cfl,0.8163878711307644,5.477343763297067
Set A,B4145_D80_a0.16_ms100,$t_{T_\mathrm{max}}$,50.0,cfl,0.8561869867340492,5.338740598097556
Set A,B4145_D80_a0.16_ms100,$t_{T_\mathrm{max}}$,50.0,cfl,0.8959867340492736,5.2015219724291235
Set A,B4145_D80_a0.16_ms100,$t_{T_\mathrm{max}}$,50.0,cfl,0.9357858496525585,5.069309428154011
Set A,B4145_D80_a0.16_ms100,$t_{T_\mathrm{max}}$,50.0,cfl,0.9755855969677827,4.944675830570667
Set A,B4145_D80_a0.16_ms100,$t_{T_\mathrm{max}}$,50.0,cfl,1.0153847125710675,4.829059280265519
Set A,B4145_D80_a0.16_ms100,$t_{T_\mathrm{max}}$,50.0,cfl,1.0551838281743526,4.722856349685825
Set A,B4145_D80_a0.16_ms100,$t_{T_\mathrm{max}}$,50.0,cfl,1.0949835754895767,4.625847054623122
Set A,B4145_D80_a0.16_ms100,$t_{T_\mathrm{max}}$,50.0,cfl,1.1347826910928616,4.540103210533646
Set A,B4145_D80_a0.16_ms100,$t_{T_\mathrm{max}}$,50.0,cfl,1.1745818066961466,4.478685776448923
Set A,B4145_D80_a0.16_ms100,$t_{T_\mathrm{max}}$,50.0,cfl,1.214381554011371,4.419011766573085
Set A,B4145_D80_a0.16_ms100,$t_{T_\mathrm{max}}$,50.0,cfl,1.2541806696146558,4.360664565517504
Set A,B4145_D80_a0.16_ms100,$t_{T_\mathrm{max}}$,50.0,cfl,1.2939797852179407,4.303312707577351
Set A,B4145_D80_a0.16_ms100,$t_{T_\mathrm{max}}$,50.0,cfl,1.333779532533165,4.246684626142736
Set A,B4145_D80_a0.16_ms100,$t_{T_\mathrm{max}}$,50.0,cfl,1.3735786481364498,4.190534464083952
Set A,B4145_D80_a0.16_ms100,$t_{T_\mathrm{max}}$,50.0,cfl,1.413377763739735,4.13464155359926
Set A,B4145_D80_a0.16_ms100,$t_{T_\mathrm{max}}$,50.0,cfl,1.453177511054959,4.078782333759485
Set A,B4145_D80_a0.16_ms100,$t_{T_\mathrm{max}}$,50.0,cfl,1.4929766266582438,4.022767140120154
Set A,B4145_D80_a0.16_ms100,$t_{T_\mathrm{max}}$,50.0,cfl,1.532775742261529,3.9664036549466424
Set A,B4145_D80_a0.16_ms100,$t_{T_\mathrm{max}}$,50.0,cfl,1.5725754895767532,3.909380971193892
Set A,B4145_D80_a0.16_ms100,$t_{T_\mathrm{max}}$,50.0,cfl,1.6123746051800378,3.8513420166842525
Set A,B4145_D80_a0.16_ms100,$t_{T_\mathrm{max}}$,50.0,cfl,1.652173720783323,3.7919670310426716
Set A,B4145_D80_a0.16_ms100,$t_{T_\mathrm{max}}$,50.0,cfl,1.6919734680985472,3.730964017379964
Set A,B4145_D80_a0.16_ms100,$t_{T_\mathrm{max}}$,50.0,cfl,1.7317725837018318,3.668078282480533
Set A,B4145_D80_a0.16_ms100,$t_{T_\mathrm{max}}$,50.0,cfl,1.771571699305117,3.6030773733208514
Set A,B4145_D80_a0.16_ms100,$t_{T_\mathrm{max}}$,50.0,cfl,1.8113714466203412,3.535655757372763
Set A,B4145_D80_a0.16_ms100,$t_{T_\mathrm{max}}$,50.0,cfl,1.8511705622236259,3.4657375164193693
Set A,B4145_D80_a0.16_ms100,$t_{T_\mathrm{max}}$,50.0,cfl,1.890969677826911,3.3933397999287402
Set A,B4145_D80_a0.16_ms100,$t_{T_\mathrm{max}}$,50.0,cfl,1.9307694251421352,3.3184690060654933
Set A,B4145_D80_a0.16_ms100,$t_{T_\mathrm{max}}$,50.0,cfl,1.9705685407454203,3.2413817721561413
Set A,B4145_D80_a0.16_ms100,$t_{T_\mathrm{max}}$,50.0,cfl,2.010367656348705,3.162354641230078
Set A,B4145_D80_a0.16_ms100,$t_{T_\mathrm{max}}$,50.0,cfl,2.050167403663929,3.0819012768194427
Set A,B4145_D80_a0.16_ms100,$t_{T_\mathrm{max}}$,50.0,cfl,2.089966519267214,3.0005903642181746
Set A,B4145_D80_a0.16_ms100,$t_{T_\mathrm{max}}$,50.0,cfl,2.129765634870499,2.9192320648711823
Set A,B4145_D80_a0.16_ms100,$t_{T_\mathrm{max}}$,50.0,cfl,2.169565382185723,2.838592366005587
Set A,B4145_D80_a0.16_ms100,$t_{T_\mathrm{max}}$,50.0,cfl,2.209364497789008,2.760024473277738
Set A,B4145_D80_a0.16_ms100,$t_{T_\mathrm{max}}$,50.0,cfl,2.249163613392293,2.6836660871967553
Set A,B4145_D80_a0.16_ms100,$t_{T_\mathrm{max}}$,50.0,cfl,2.2889633607075175,2.6100416555436574
Set A,B4145_D80_a0.16_ms100,$t_{T_\mathrm{max}}$,50.0,cfl,2.328762476310802,2.539773351466251
Set A,B4145_D80_a0.16_ms100,$t_{T_\mathrm{max}}$,50.0,cfl,2.368561591914087,2.473129422151051
Set A,B4145_D80_a0.16_ms100,$t_{T_\mathrm{max}}$,50.0,cfl,2.4083613392293115,2.410431522950927
Set A,B4145_D80_a0.16_ms100,$t_{T_\mathrm{max}}$,50.0,cfl,2.448160454832596,2.3521655189351294
Set A,B4145_D80_a0.16_ms100,$t_{T_\mathrm{max}}$,50.0,cfl,2.4879595704358817,2.300329055660912
Set A,B4145_D80_a0.16_ms100,$t_{T_\mathrm{max}}$,50.0,cfl,2.5277593177511055,2.2596076915078767
Set A,B4145_D80_a0.16_ms100,$t_{T_\mathrm{max}}$,50.0,cfl,2.56755843335439,2.229761484703748
Set A,B4145_D80_a0.16_ms100,$t_{T_\mathrm{max}}$,50.0,cfl,2.6073575489576757,2.2062253716365428
Set A,B4145_D80_a0.16_ms100,$t_{T_\mathrm{max}}$,50.0,cfl,2.6471572962728995,2.1860633671347807
Set A,B4145_D80_a0.16_ms100,$t_{T_\mathrm{max}}$,50.0,cfl,2.686956411876184,2.1678969128102024
Set A,B4145_D80_a0.16_ms100,$t_{T_\mathrm{max}}$,50.0,cfl,2.726756159191409,2.1510703637946347
Set A,B4145_D80_a0.16_ms100,$t_{T_\mathrm{max}}$,50.0,cfl,2.7665552747946935,2.135216392058675
Set A,B4145_D80_a0.16_ms100,$t_{T_\mathrm{max}}$,50.0,cfl,2.8063543903979786,2.120146495152817
Set A,B4145_D80_a0.16_ms100,$t_{T_\mathrm{max}}$,50.0,cfl,2.846154137713203,2.1056511825436566
Set A,B4145_D80_a0.16_ms100,$t_{T_\mathrm{max}}$,50.0,cfl,2.8859532533164876,2.091696729719234
Set A,B4145_D80_a0.16_ms100,$t_{T_\mathrm{max}}$,50.0,cfl,2.9257523689197726,2.0781319776332365
Set A,B4145_D80_a0.16_ms100,$t_{T_\mathrm{max}}$,50.0,cfl,2.965552116234997,2.0649054143397887
Set A,B4145_D80_a0.16_ms100,$t_{T_\mathrm{max}}$,50.0,cfl,3.0053512318382816,2.0520557638798542
Set A,B4145_D80_a0.16_ms100,$t_{T_\mathrm{max}}$,50.0,cfl,3.0451503474415667,2.039484073372243
Set A,B4145_D80_a0.16_ms100,$t_{T_\mathrm{max}}$,50.0,cfl,3.084950094756791,2.027193189028915
Set A,B4145_D80_a0.16_ms100,$t_{T_\mathrm{max}}$,50.0,cfl,3.124749210360076,2.015130288226253
Set A,B4145_D80_a0.16_ms100,$t_{T_\mathrm{max}}$,50.0,cfl,3.1645483259633607,2.003268743134136
Set A,B4145_D80_a0.16_ms100,$t_{T_\mathrm{max}}$,50.0,cfl,3.204348073278585,1.9916029950438325
Set A,B4145_D80_a0.16_ms100,$t_{T_\mathrm{max}}$,50.0,cfl,3.2441471888818696,1.9800994703204893
Set A,B4145_D80_a0.16_ms100,$t_{T_\mathrm{max}}$,50.0,cfl,3.283946304485155,1.9687462794293296
Set A,B4145_D80_a0.16_ms100,$t_{T_\mathrm{max}}$,50.0,cfl,3.323746051800379,1.9575305944406016
Set A,B4145_D80_a0.16_ms100,$t_{T_\mathrm{max}}$,50.0,cfl,3.3635451674036636,1.9463944598298413
Set A,B4145_D80_a0.16_ms100,$t_{T_\mathrm{max}}$,50.0,cfl,3.403344283006949,1.9353640860318944
Set A,B4145_D80_a0.16_ms100,$t_{T_\mathrm{max}}$,50.0,cfl,3.443144030322173,1.9244182358381792
Set A,B4145_D80_a0.16_ms100,$t_{T_\mathrm{max}}$,50.0,cfl,3.4829431459254576,1.9135422195204157
Set A,B4145_D80_a0.16_ms100,$t_{T_\mathrm{max}}$,50.0,cfl,3.522742261528743,1.9027294026537533
Set A,B4145_D80_a0.16_ms100,$t_{T_\mathrm{max}}$,50.0,cfl,3.562542008843967,1.8920123712156829
Set A,B4145_D80_a0.16_ms100,$t_{T_\mathrm{max}}$,50.0,cfl,3.6023411244472525,1.8814179651954976
Set A,B4145_D80_a0.16_ms100,$t_{T_\mathrm{max}}$,50.0,cfl,3.642140240050537,1.8710561948022513
Set A,B4145_D80_a0.16_ms100,$t_{T_\mathrm{max}}$,50.0,cfl,3.681939987365761,1.8610208605035494
Set A,B4145_D80_a0.16_ms100,$t_{T_\mathrm{max}}$,50.0,cfl,3.7217391029690465,1.8513459862646349
Set A,B4145_D80_a0.16_ms100,$t_{T_\mathrm{max}}$,50.0,cfl,3.761538218572331,1.841979056581507
Set A,B4145_D80_a0.16_ms100,$t_{T_\mathrm{max}}$,50.0,cfl,3.801337965887555,1.8328544841768901
Set A,B4145_D80_a0.16_ms100,$t_{T_\mathrm{max}}$,50.0,cfl,3.8411370814908405,1.823947054305725
Set A,B4145_D80_a0.16_ms100,$t_{T_\mathrm{max}}$,50.0,cfl,3.880936197094125,1.8152155937850927
Set A,B4145_D80_a0.16_ms100,$t_{T_\mathrm{max}}$,50.0,cfl,3.92073594440935,1.8066345347036814
Set A,B4145_D80_a0.16_ms100,$t_{T_\mathrm{max}}$,50.0,cfl,3.9605350600126346,1.7981973097290225
Set A,B4145_D80_a0.16_ms100,$t_{T_\mathrm{max}}$,50.0,cfl,4.00033417561592,1.7898939064349113
Set A,B4145_D80_a0.16_ms100,$t_{T_\mathrm{max}}$,50.0,cfl,4.040133922931144,1.7817389058195523
Set A,B4145_D80_a0.16_ms100,$t_{T_\mathrm{max}}$,50.0,cfl,4.079933038534429,1.7737545782641428
Set A,B4145_D80_a0.16_ms100,$t_{T_\mathrm{max}}$,50.0,cfl,4.119732154137713,1.7659711487902259
Set A,B4145_D80_a0.16_ms100,$t_{T_\mathrm{max}}$,50.0,cfl,4.1595319014529375,1.758432910556953
Set A,B4145_D80_a0.16_ms100,$t_{T_\mathrm{max}}$,50.0,cfl,4.199331017056222,1.75119567828736
Set A,B4145_D80_a0.16_ms100,$t_{T_\mathrm{max}}$,50.0,cfl,4.239130132659508,1.744221320758287
Set A,B4145_D80_a0.16_ms100,$t_{T_\mathrm{max}}$,50.0,cfl,4.278929879974732,1.7375013019561194
Set A,B4145_D80_a0.16_ms100,$t_{T_\mathrm{max}}$,50.0,cfl,4.318728995578017,1.730980598102034
Set A,B4145_D80_a0.16_ms100,$t_{T_\mathrm{max}}$,50.0,cfl,4.358528742893241,1.7246413585068783
Set A,B4145_D80_a0.16_ms100,$t_{T_\mathrm{max}}$,50.0,cfl,4.3983278584965255,1.7184345970613217
Set A,B4145_D80_a0.16_ms100,$t_{T_\mathrm{max}}$,50.0,cfl,4.43812697409981,1.712343022602353
Set A,B4145_D80_a0.16_ms100,$t_{T_\mathrm{max}}$,50.0,cfl,4.477926721415035,1.7063525484750655
Set A,B4145_D80_a0.16_ms100,$t_{T_\mathrm{max}}$,50.0,cfl,4.51772583701832,1.7004339001360729
Set A,B4145_D80_a0.16_ms100,$t_{T_\mathrm{max}}$,50.0,cfl,4.557524952621605,1.6943833737525607
Set A,B4145_D80_a0.16_ms100,$t_{T_\mathrm{max}}$,50.0,cfl,4.597324699936829,1.6883288011276776
Set A,B4145_D80_a0.16_ms100,$t_{T_\mathrm{max}}$,50.0,cfl,4.6371238155401135,1.682336142089489
Set A,B4145_D80_a0.16_ms100,$t_{T_\mathrm{max}}$,50.0,cfl,4.676922931143398,1.6763877458690735
Set A,B4145_D80_a0.16_ms100,$t_{T_\mathrm{max}}$,50.0,cfl,4.716722678458623,1.6704924466526805
Set A,B4145_D80_a0.16_ms100,$t_{T_\mathrm{max}}$,50.0,cfl,4.756521794061908,1.664635369483196
Set A,B4145_D80_a0.16_ms100,$t_{T_\mathrm{max}}$,50.0,cfl,4.796320909665193,1.6588361049292784
Set A,B4145_D80_a0.16_ms100,$t_{T_\mathrm{max}}$,50.0,cfl,4.836120656980417,1.653153610427829
Set A,B4145_D80_a0.16_ms100,$t_{T_\mathrm{max}}$,50.0,cfl,4.875919772583702,1.6476510033555098
Set A,B4145_D80_a0.16_ms100,$t_{T_\mathrm{max}}$,50.0,cfl,4.915718888186986,1.6423983217465727
Set A,B4145_D80_a0.16_ms100,$t_{T_\mathrm{max}}$,50.0,cfl,4.955518635502211,1.637383189638078
Set A,B4145_D80_a0.16_ms100,$t_{T_\mathrm{max}}$,50.0,cfl,4.995317751105496,1.6325537042697114
Set A,B4145_D80_a0.16_ms100,$t_{T_\mathrm{max}}$,50.0,cfl,5.035116866708781,1.6278547937805123
Set A,B4145_D80_a0.16_ms100,$t_{T_\mathrm{max}}$,50.0,cfl,5.074916614024005,1.6232606927733195
Set A,B4145_D80_a0.16_ms100,$t_{T_\mathrm{max}}$,50.0,cfl,5.11471572962729,1.618728115944277
Set A,B4145_D80_a0.16_ms100,$t_{T_\mathrm{max}}$,50.0,cfl,5.154514845230575,1.6142496335441252
Set A,B4145_D80_a0.16_ms100,$t_{T_\mathrm{max}}$,50.0,cfl,5.194314592545799,1.609813929767249
Set A,B4145_D80_a0.16_ms100,$t_{T_\mathrm{max}}$,50.0,cfl,5.234113708149084,1.6054459581899787
Set A,B4145_D80_a0.16_ms100,$t_{T_\mathrm{max}}$,50.0,cfl,5.273912823752369,1.6011696581565409
Set A,B4145_D80_a0.16_ms100,$t_{T_\mathrm{max}}$,50.0,cfl,5.313712571067593,1.5969630064998481
Set A,B4145_D80_a0.16_ms100,$t_{T_\mathrm{max}}$,50.0,cfl,5.353511686670878,1.5928082986933474
Set A,B4145_D80_a0.16_ms100,$t_{T_\mathrm{max}}$,50.0,cfl,5.393310802274163,1.588665211754988
Set A,B4145_D80_a0.16_ms100,$t_{T_\mathrm{max}}$,50.0,cfl,5.433110549589387,1.5845198233220248
Set A,B4145_D80_a0.16_ms100,$t_{T_\mathrm{max}}$,50.0,cfl,5.472909665192672,1.5803539060110847
Set A,B4145_D80_a0.16_ms100,$t_{T_\mathrm{max}}$,50.0,cfl,5.512708780795958,1.5761647028142636
Set A,B4145_D80_a0.16_ms100,$t_{T_\mathrm{max}}$,50.0,cfl,5.552508528111181,1.571946164059902
Set A,B4145_D80_a0.16_ms100,$t_{T_\mathrm{max}}$,50.0,cfl,5.592307643714466,1.5677028941638462
Set A,B4145_D80_a0.16_ms100,$t_{T_\mathrm{max}}$,50.0,cfl,5.632106759317751,1.5634351407532214
Set A,B4145_D80_a0.16_ms100,$t_{T_\mathrm{max}}$,50.0,cfl,5.6719065066329755,1.5591424368917648
Set A,B4145_D80_a0.16_ms100,$t_{T_\mathrm{max}}$,50.0,cfl,5.711705622236261,1.554825245349491
Set A,B4145_D80_a0.16_ms100,$t_{T_\mathrm{max}}$,50.0,cfl,5.751504737839546,1.550480927023845
Set A,B4145_D80_a0.16_ms100,$t_{T_\mathrm{max}}$,50.0,cfl,5.791304485154769,1.546132533162836
Set A,B4145_D80_a0.16_ms100,$t_{T_\mathrm{max}}$,50.0,cfl,5.831103600758055,1.5417548757336388
Set A,B4145_D80_a0.16_ms100,$t_{T_\mathrm{max}}$,50.0,cfl,5.870902716361339,1.5373738745089218
Set A,B4145_D80_a0.16_ms100,$t_{T_\mathrm{max}}$,50.0,cfl,5.9107024636765635,1.5329844792395173
Set A,B4145_D80_a0.16_ms100,$t_{T_\mathrm{max}}$,50.0,cfl,5.950501579279849,1.5285805291487085
Set A,B4145_D80_a0.16_ms100,$t_{T_\mathrm{max}}$,50.0,cfl,5.990300694883134,1.5241769449983087
Set A,B4145_D80_a0.16_ms100,$t_{T_\mathrm{max}}$,50.0,cfl,6.030100442198358,1.5197735018227567
Set A,B4145_D80_a0.16_ms100,$t_{T_\mathrm{max}}$,50.0,cfl,6.069899557801643,1.5153696845534952
Set A,B4145_D80_a0.16_ms100,$t_{T_\mathrm{max}}$,50.0,cfl,6.109699305116867,1.5109723154869226
Set A,B4145_D80_a0.16_ms100,$t_{T_\mathrm{max}}$,50.0,cfl,6.149498420720152,1.5065799808484426
Set A,B4145_D80_a0.16_ms100,$t_{T_\mathrm{max}}$,50.0,cfl,6.189297536323437,1.5021993268774814
Set A,B4145_D80_a0.16_ms100,$t_{T_\mathrm{max}}$,50.0,cfl,6.22909728363866,1.4978304047377262
Set A,B4145_D80_a0.16_ms100,$t_{T_\mathrm{max}}$,50.0,cfl,6.268896399241946,1.4934784212680958
Set A,B4145_D80_a0.16_ms100,$t_{T_\mathrm{max}}$,50.0,cfl,6.308695514845231,1.4891386352219387
Set A,B4145_D80_a0.16_ms100,$t_{T_\mathrm{max}}$,50.0,cfl,6.348496525584333,1.4848221293176236
Set A,B4145_D80_a0.16_ms100,$t_{T_\mathrm{max}}$,50.0,cfl,6.3882943777637395,1.4805298604333172
Set A,B4145_D80_a0.16_ms100,$t_{T_\mathrm{max}}$,50.0,cfl,6.428092229943147,1.4762621884067533
Set A,B4145_D80_a0.16_ms100,$t_{T_\mathrm{max}}$,50.0,cfl,6.467890082122553,1.4720191742440851
Set A,B4145_D80_a0.16_ms100,$t_{T_\mathrm{max}}$,50.0,cfl,6.507694251421352,1.4678097337793043
Set A,B4145_D80_a0.16_ms100,$t_{T_\mathrm{max}}$,50.0,cfl,6.547492103600758,1.4636379989795951
Set A,B4145_D80_a0.16_ms100,$t_{T_\mathrm{max}}$,50.0,cfl,6.587289955780164,1.4595087698996632
Set A,B4145_D80_a0.16_ms100,$t_{T_\mathrm{max}}$,50.0,cfl,6.62708780795957,1.4554460604774877
Set A,B4145_D80_a0.16_ms100,$t_{T_\mathrm{max}}$,50.0,cfl,6.666891977258371,1.4514724479039127
Set A,B4145_D80_a0.16_ms100,$t_{T_\mathrm{max}}$,50.0,cfl,6.706689829437776,1.4501158033513286
Set A,B4145_D80_a0.16_ms100,$t_{T_\mathrm{max}}$,50.0,cfl,6.746487681617182,1.4501158033513286
Set A,B4145_D80_a0.16_ms100,$t_{T_\mathrm{max}}$,50.0,cfl,6.786285533796589,1.4501158033513286
Set A,B4145_D80_a0.16_ms100,$t_{T_\mathrm{max}}$,50.0,cfl,6.826089703095389,1.4501158033513286
Set A,B4145_D80_a0.16_ms100,$t_{T_\mathrm{max}}$,50.0,cfl,6.865887555274795,1.4501158033513286
Set A,B4145_D80_a0.16_ms100,$t_{T_\mathrm{max}}$,50.0,cfl,6.905685407454201,1.4501158033513286
Set A,B4145_D80_a0.16_ms100,$t_{T_\mathrm{max}}$,50.0,cfl,6.9454832596336065,1.4501158033513286
Set A,B4145_D80_a0.16_ms100,$t_{T_\mathrm{max}}$,50.0,cfl,6.985287428932407,1.4501158033513286
Set A,B4145_D80_a0.16_ms100,$t_{T_\mathrm{max}}$,50.0,cfl,7.025085281111814,1.4501158033513286
Set A,B4145_D80_a0.16_ms100,$t_{T_\mathrm{max}}$,50.0,cfl,7.064883133291219,1.4501158033513286
Set A,B4145_D80_a0.16_ms100,$t_{T_\mathrm{max}}$,50.0,cfl,7.104680985470625,1.4501158033513286
Set A,B4145_D80_a0.16_ms100,$t_{T_\mathrm{max}}$,50.0,cfl,7.1444788376500314,1.4501158033513286
Set A,B4145_D80_a0.16_ms100,$t_{T_\mathrm{max}}$,50.0,cfl,7.1842830069488315,1.4501158033513286
Set A,B4145_D80_a0.16_ms100,$t_{T_\mathrm{max}}$,50.0,cfl,7.224080859128238,1.4501158033513286
Set A,B4145_D80_a0.16_ms100,$t_{T_\mathrm{max}}$,50.0,cfl,7.263878711307644,1.4501158033513286
Set A,B4145_D80_a0.16_ms100,$t_{T_\mathrm{max}}$,50.0,cfl,7.30367656348705,1.4501158033513286
Set A,B4145_D80_a0.16_ms100,$t_{T_\mathrm{max}}$,50.0,cfl,7.34348073278585,1.4501158033513286
Set A,B4145_D80_a0.16_ms100,$t_{T_\mathrm{max}}$,50.0,cfl,7.3832785849652565,1.4501158033513286
Set A,B4145_D80_a0.16_ms100,$t_{T_\mathrm{max}}$,50.0,cfl,7.423076437144663,1.4501158033513286
Set A,B4145_D80_a0.16_ms100,$t_{T_\mathrm{max}}$,50.0,cfl,7.462874289324068,1.4501158033513286
Set A,B4145_D80_a0.16_ms100,$t_{T_\mathrm{max}}$,50.0,cfl,7.502678458622867,1.4501158033513286
Set A,B4145_D80_a0.16_ms100,$t_{T_\mathrm{max}}$,50.0,cfl,7.542476310802275,1.4501158033513286
Set A,B4145_D80_a0.16_ms100,$t_{T_\mathrm{max}}$,50.0,cfl,7.5822741629816806,1.4501158033513286
Set A,B4145_D80_a0.16_ms100,$t_{T_\mathrm{max}}$,50.0,cfl,7.622072015161087,1.4501158033513286
Set A,B4145_D80_a0.16_ms100,$t_{T_\mathrm{max}}$,50.0,cfl,7.661869867340493,1.4501158033513286
Set A,B4145_D80_a0.16_ms100,$t_{T_\mathrm{max}}$,50.0,cfl,7.701674036639292,1.4501158033513286
Set A,B4145_D80_a0.16_ms100,$t_{T_\mathrm{max}}$,50.0,cfl,7.741471888818699,1.4501158033513286
Set A,B4145_D80_a0.16_ms100,$t_{T_\mathrm{max}}$,50.0,cfl,7.7812697409981055,1.4501158033513286
Set A,B4145_D80_a0.16_ms100,$t_{T_\mathrm{max}}$,50.0,cfl,7.821067593177512,1.4501158033513286
Set A,B4145_D80_a0.16_ms100,$t_{T_\mathrm{max}}$,50.0,cfl,7.860871762476311,1.4501158033513286
Set A,B4145_D80_a0.16_ms100,$t_{T_\mathrm{max}}$,50.0,cfl,7.900669614655716,1.4501158033513286
Set A,B4145_D80_a0.16_ms100,$t_{T_\mathrm{max}}$,50.0,cfl,7.940467466835124,1.4501158033513286
Set A,B4145_D80_a0.16_ms100,$t_{T_\mathrm{max}}$,50.0,cfl,7.98026531901453,1.4501158033513286
Set A,B4145_D80_a0.16_ms100,$t_{T_\mathrm{max}}$,50.0,cfl,8.020069488313329,1.4501158033513286
Set A,B4145_D80_a0.16_ms100,$t_{T_\mathrm{max}}$,50.0,cfl,8.059867340492735,1.4501158033513286
Set A,B4145_D80_a0.16_ms100,$t_{T_\mathrm{max}}$,50.0,cfl,8.099665192672141,1.4501158033513286
Set A,B4145_D80_a0.16_ms100,$t_{T_\mathrm{max}}$,50.0,cfl,8.13946304485155,1.4501158033513286
Set A,B4145_D80_a0.16_ms100,$t_{T_\mathrm{max}}$,50.0,cfl,8.179267214150348,1.4501158033513286
Set A,B4145_D80_a0.16_ms100,$t_{T_\mathrm{max}}$,50.0,cfl,8.219065066329753,1.4501158033513286
Set A,B4145_D80_a0.16_ms100,$t_{T_\mathrm{max}}$,50.0,cfl,8.258862918509159,1.4501158033513286
Set A,B4145_D80_a0.16_ms100,$t_{T_\mathrm{max}}$,50.0,cfl,8.298660770688565,1.4501158033513286
Set A,B4145_D80_a0.16_ms100,$t_{T_\mathrm{max}}$,50.0,cfl,8.338458622867973,1.4501158033513286
Set A,B4145_D80_a0.16_ms100,$t_{T_\mathrm{max}}$,50.0,cfl,8.378262792166772,1.4501158033513286
Set A,B4145_D80_a0.16_ms100,$t_{T_\mathrm{max}}$,50.0,cfl,8.418060644346179,1.4501158033513286
Set A,B4145_D80_a0.16_ms100,$t_{T_\mathrm{max}}$,50.0,cfl,8.457858496525585,1.4501158033513286
Set A,B4145_D80_a0.16_ms100,$t_{T_\mathrm{max}}$,50.0,cfl,8.49765634870499,1.4501158033513286
Set A,B4145_D80_a0.16_ms100,$t_{T_\mathrm{max}}$,50.0,cfl,8.53746051800379,1.4501158033513286
Set A,B4145_D80_a0.16_ms100,$t_{T_\mathrm{max}}$,50.0,cfl,8.577258370183197,1.4501158033513286
Set A,B4145_D80_a0.16_ms100,$t_{T_\mathrm{max}}$,50.0,cfl,8.617056222362603,1.4501158033513286
Set A,B4145_D80_a0.16_ms100,$t_{T_\mathrm{max}}$,50.0,cfl,8.656854074542009,1.4501158033513286
Set A,B4145_D80_a0.16_ms100,$t_{T_\mathrm{max}}$,50.0,cfl,8.696658243840808,1.4501158033513286
Set A,B4145_D80_a0.16_ms100,$t_{T_\mathrm{max}}$,50.0,cfl,8.736456096020214,1.4501158033513286
Set A,B4145_D80_a0.16_ms100,$t_{T_\mathrm{max}}$,50.0,cfl,8.77625394819962,1.4501158033513286
Set A,B4145_D80_a0.16_ms100,$t_{T_\mathrm{max}}$,50.0,cfl,8.816051800379027,1.4501158033513286
Set A,B4145_D80_a0.16_ms100,$t_{T_\mathrm{max}}$,50.0,cfl,8.855855969677828,1.4501158033513286
Set A,B4145_D80_a0.16_ms100,$t_{T_\mathrm{max}}$,50.0,cfl,8.895653821857234,1.4501158033513286
Set A,B4145_D80_a0.16_ms100,$t_{T_\mathrm{max}}$,50.0,cfl,8.93545167403664,1.4501158033513286
Set A,B4145_D80_a0.16_ms100,$t_{T_\mathrm{max}}$,50.0,cfl,8.975249526216045,1.4501158033513286
Set A,B4145_D80_a0.16_ms100,$t_{T_\mathrm{max}}$,50.0,cfl,9.015047378395451,1.37225691726556
Set A,B4145_D80_a0.16_ms100,$t_{T_\mathrm{max}}$,50.0,cfl,9.054851547694252,1.239635313571245
Set A,B4145_D80_a0.16_ms100,$t_{T_\mathrm{max}}$,50.0,cfl,9.094649399873658,1.066056370703051
Set A,B4145_D80_a0.16_ms100,$t_{T_\mathrm{max}}$,50.0,cfl,9.134447252053064,0.870295078858308
Set A,B4145_D80_a0.16_ms100,$t_{T_\mathrm{max}}$,50.0,cfl,9.17424510423247,0.6954559093426366
Set A,B4145_D80_a0.16_ms100,$t_{T_\mathrm{max}}$,50.0,cfl,9.21404927353127,0.5638069157661225
Set A,B4145_D80_a0.16_ms100,$t_{T_\mathrm{max}}$,50.0,cfl,9.253847125710676,0.46966070801712345
Set A,B4145_D80_a0.16_ms100,$t_{T_\mathrm{max}}$,50.0,cfl,9.293644977890082,0.40155374900974916
Set A,B4145_D80_a0.16_ms100,$t_{T_\mathrm{max}}$,50.0,cfl,9.333442830069488,0.35092640170413475
Set A,B4145_D80_a0.16_ms100,$t_{T_\mathrm{max}}$,50.0,cfl,9.373246999368288,0.31208900881264573
Set A,B4145_D80_a0.16_ms100,$t_{T_\mathrm{max}}$,50.0,cfl,9.413044851547696,0.28149113930851116
Set A,B4145_D80_a0.16_ms100,$t_{T_\mathrm{max}}$,50.0,cfl,9.452842703727102,0.2568664972557514
Set A,B4145_D80_a0.16_ms100,$t_{T_\mathrm{max}}$,50.0,cfl,9.492640555906506,0.23664303821200056
Set A,B4145_D80_a0.16_ms100,$t_{T_\mathrm{max}}$,50.0,cfl,9.532438408085913,0.21974693979284576
Set A,B4145_D80_a0.16_ms100,$t_{T_\mathrm{max}}$,50.0,cfl,9.572242577384712,0.2054434464431383
Set A,B4145_D80_a0.16_ms100,$t_{T_\mathrm{max}}$,50.0,cfl,9.61204042956412,0.19318768264054037
Set A,B4145_D80_a0.16_ms100,$t_{T_\mathrm{max}}$,50.0,cfl,9.651838281743526,0.18257547589834358
Set A,B4145_D80_a0.16_ms100,$t_{T_\mathrm{max}}$,50.0,cfl,9.691636133922932,0.17330226677746952
Set A,B4145_D80_a0.16_ms100,$t_{T_\mathrm{max}}$,50.0,cfl,9.731440303221731,0.16513378287469957
Set A,B4145_D80_a0.16_ms100,$t_{T_\mathrm{max}}$,50.0,cfl,9.771238155401138,0.15788675162935542
Set A,B4145_D80_a0.16_ms100,$t_{T_\mathrm{max}}$,50.0,cfl,9.811036007580544,0.15141188364181501
Set A,B4145_D80_a0.16_ms100,$t_{T_\mathrm{max}}$,50.0,cfl,9.85083385975995,0.14560251506481445
Set A,B4145_D80_a0.16_ms100,$t_{T_\mathrm{max}}$,50.0,cfl,9.89063802905875,0.14035574502859632
Set A,B4145_D80_a0.16_ms100,$t_{T_\mathrm{max}}$,50.0,cfl,9.930435881238155,0.13560203271764779
Set A,B4145_D80_a0.16_ms100,$t_{T_\mathrm{max}}$,50.0,cfl,9.970233733417562,0.13127054929801532
Set A,B4145_D80_a0.16_ms100,$t_{T_\mathrm{max}}$,50.0,cfl,10.010031585596968,0.1273142696124318
Set A,B4145_D80_a0.16_ms100,$t_{T_\mathrm{max}}$,50.0,cfl,10.049835754895767,0.12368289478912875
Set A,B4145_D80_a0.16_ms100,$t_{T_\mathrm{max}}$,50.0,cfl,10.089633607075173,0.12034358454756165
Set A,B4145_D80_a0.16_ms100,$t_{T_\mathrm{max}}$,50.0,cfl,10.12943145925458,0.11725941741480025
Set A,B4145_D80_a0.16_ms100,$t_{T_\mathrm{max}}$,50.0,cfl,10.169229311433986,0.11440524072744904
Set A,B4145_D80_a0.16_ms100,$t_{T_\mathrm{max}}$,50.0,cfl,10.209027163613394,0.11175881847008066
Set A,B4145_D80_a0.16_ms100,$t_{T_\mathrm{max}}$,50.0,cfl,10.248831332912193,0.10929594782886723
Set A,B4145_D80_a0.16_ms100,$t_{T_\mathrm{max}}$,50.0,cfl,10.288629185091597,0.10700035317116105
Set A,B4145_D80_a0.16_ms100,$t_{T_\mathrm{max}}$,50.0,cfl,10.328427037271004,0.10485776905165589
Set A,B4145_D80_a0.16_ms100,$t_{T_\mathrm{max}}$,50.0,cfl,10.36822488945041,0.10285148601880342
Set A,B4145_D80_a0.16_ms100,$t_{T_\mathrm{max}}$,50.0,cfl,10.40802905874921,0.10097189274557282
Set A,B4145_D80_a0.16_ms100,$t_{T_\mathrm{max}}$,50.0,cfl,10.447826910928617,0.09920575990579687
Set A,B4145_D80_a0.16_ms100,$t_{T_\mathrm{max}}$,50.0,cfl,10.487624763108023,0.09754470440104465
Set A,B4145_D80_a0.16_ms100,$t_{T_\mathrm{max}}$,50.0,cfl,10.52742261528743,0.09598118834261228
Set A,B4145_D80_a0.16_ms100,$t_{T_\mathrm{max}}$,50.0,cfl,10.567226784586229,0.09450549230758425
Set A,B4145_D80_a0.16_ms100,$t_{T_\mathrm{max}}$,50.0,cfl,10.607024636765635,0.09311261947405064
Set A,B4145_D80_a0.16_ms100,$t_{T_\mathrm{max}}$,50.0,cfl,10.646822488945041,0.0917946314386756
Set A,B4145_D80_a0.16_ms100,$t_{T_\mathrm{max}}$,50.0,cfl,10.686620341124447,0.09054682526350134
Set A,B4145_D80_a0.16_ms100,$t_{T_\mathrm{max}}$,50.0,cfl,10.726424510423248,0.08936487099491613
Set A,B4145_D80_a0.16_ms100,$t_{T_\mathrm{max}}$,50.0,cfl,10.766222362602655,0.08824271475178544
Set A,B4145_D80_a0.16_ms100,$t_{T_\mathrm{max}}$,50.0,cfl,10.806020214782059,0.08717757153503253
Set A,B4145_D80_a0.16_ms100,$t_{T_\mathrm{max}}$,50.0,cfl,10.845818066961465,0.08616435788523669
Set A,B4145_D80_a0.16_ms100,$t_{T_\mathrm{max}}$,50.0,cfl,10.885615919140871,0.08520024531770184
Set A,B4145_D80_a0.16_ms100,$t_{T_\mathrm{max}}$,50.0,cfl,10.925420088439672,0.08428262954580801
Set A,B4145_D80_a0.16_ms100,$t_{T_\mathrm{max}}$,50.0,cfl,10.965217940619079,0.08340748870303172
Set A,B4145_D80_a0.16_ms100,$t_{T_\mathrm{max}}$,50.0,cfl,11.005015792798485,0.08257269852183353
Set A,B4145_D80_a0.16_ms100,$t_{T_\mathrm{max}}$,50.0,cfl,11.044813644977891,0.0817758400887174
Set A,B4145_D80_a0.16_ms100,$t_{T_\mathrm{max}}$,50.0,cfl,11.08461781427669,0.08101461011672179
Set A,B4145_D80_a0.16_ms100,$t_{T_\mathrm{max}}$,50.0,cfl,11.124415666456096,0.0802869512421224
Set A,B4145_D80_a0.16_ms100,$t_{T_\mathrm{max}}$,50.0,cfl,11.164213518635503,0.07959089308284271
Set A,B4145_D80_a0.16_ms100,$t_{T_\mathrm{max}}$,50.0,cfl,11.204011370814909,0.07892469710667002
Set A,B4145_D80_a0.16_ms100,$t_{T_\mathrm{max}}$,50.0,cfl,11.243815540113708,0.07828664220227519
Set A,B4145_D80_a0.16_ms100,$t_{T_\mathrm{max}}$,50.0,cfl,11.283613392293114,0.07767528973294179
Set A,B4145_D80_a0.16_ms100,$t_{T_\mathrm{max}}$,50.0,cfl,11.32341124447252,0.07708875592070384
Set A,B4145_D80_a0.16_ms100,$t_{T_\mathrm{max}}$,50.0,cfl,11.363209096651927,0.07652637960237453
Set A,B4145_D80_a0.16_ms100,$t_{T_\mathrm{max}}$,50.0,cfl,11.403006948831333,0.07598636471837665
Set A,B4145_D80_a0.16_ms100,$t_{T_\mathrm{max}}$,50.0,cfl,11.442811118130132,0.07546786470414706
Set A,B4145_D80_a0.16_ms100,$t_{T_\mathrm{max}}$,50.0,cfl,11.482608970309538,0.07496978148579683
Set A,B4145_D80_a0.16_ms100,$t_{T_\mathrm{max}}$,50.0,cfl,11.522406822488946,0.07449410670087184
Set A,B4145_D80_a0.16_ms100,$t_{T_\mathrm{max}}$,50.0,cfl,11.562204674668353,0.0740376887615294
Set A,B4145_D80_a0.16_ms100,$t_{T_\mathrm{max}}$,50.0,cfl,11.602008843967152,0.07360327005310043
Set A,B4145_D80_a0.16_ms100,$t_{T_\mathrm{max}}$,50.0,cfl,11.641806696146556,0.07318585525762536
Set A,B4145_D80_a0.16_ms100,$t_{T_\mathrm{max}}$,50.0,cfl,11.681604548325963,0.07278348948243575
Set A,B4145_D80_a0.16_ms100,$t_{T_\mathrm{max}}$,50.0,cfl,11.72140240050537,0.0723953566946082
Set A,B4145_D80_a0.16_ms100,$t_{T_\mathrm{max}}$,50.0,cfl,11.76120656980417,0.07202109781749047
Set A,B4145_D80_a0.16_ms100,$t_{T_\mathrm{max}}$,50.0,cfl,11.801004421983576,0.07165969915561045
Set A,B4145_D80_a0.16_ms100,$t_{T_\mathrm{max}}$,50.0,cfl,11.840802274162982,0.07131093751375604
Set A,B4145_D80_a0.16_ms100,$t_{T_\mathrm{max}}$,50.0,cfl,11.880600126342388,0.07097431740510647
Set A,B4145_D80_a0.16_ms100,$t_{T_\mathrm{max}}$,50.0,cfl,11.920404295641188,0.07064896887334503
Set A,B4145_D80_a0.16_ms100,$t_{T_\mathrm{max}}$,50.0,cfl,11.960202147820594,0.07033488369576692
Set A,B4145_D80_a0.16_ms100,$t_{T_\mathrm{max}}$,50.0,cfl,12.0,0.0702576679372002
Set A,B4145_D80_a0.16_ms100,$t_{T_\mathrm{max}}$,50.0,unpCFL,0.1,19.873993237787662
Set A,B4145_D80_a0.16_ms100,$t_{T_\mathrm{max}}$,50.0,unpCFL,0.13979930511686672,18.726426393571092
Set A,B4145_D80_a0.16_ms100,$t_{T_\mathrm{max}}$,50.0,unpCFL,0.17959867340492736,18.011942638064692
Set A,B4145_D80_a0.16_ms100,$t_{T_\mathrm{max}}$,50.0,unpCFL,0.21939797852179407,17.48803181979591
Set A,B4145_D80_a0.16_ms100,$t_{T_\mathrm{max}}$,50.0,unpCFL,0.25919734680985473,17.063063094326793
Set A,B4145_D80_a0.16_ms100,$t_{T_\mathrm{max}}$,50.0,unpCFL,0.2989966519267214,16.69483507610203
Set A,B4145_D80_a0.16_ms100,$t_{T_\mathrm{max}}$,50.0,unpCFL,0.33879595704358817,16.361712767504354
Set A,B4145_D80_a0.16_ms100,$t_{T_\mathrm{max}}$,50.0,unpCFL,0.3785953253316488,16.051828641208207
Set A,B4145_D80_a0.16_ms100,$t_{T_\mathrm{max}}$,50.0,unpCFL,0.4183946304485155,15.758458928244334
Set A,B4145_D80_a0.16_ms100,$t_{T_\mathrm{max}}$,50.0,unpCFL,0.4581939987365761,15.477487121870297
Set A,B4145_D80_a0.16_ms100,$t_{T_\mathrm{max}}$,50.0,unpCFL,0.49799330385344287,15.206178668024148
Set A,B4145_D80_a0.16_ms100,$t_{T_\mathrm{max}}$,50.0,unpCFL,0.5377926721415035,14.942491209920146
Set A,B4145_D80_a0.16_ms100,$t_{T_\mathrm{max}}$,50.0,unpCFL,0.5775919772583702,14.684177514502073
Set A,B4145_D80_a0.16_ms100,$t_{T_\mathrm{max}}$,50.0,unpCFL,0.6173912823752369,14.429916065477984
Set A,B4145_D80_a0.16_ms100,$t_{T_\mathrm{max}}$,50.0,unpCFL,0.6571907770056854,14.179746879717287
Set A,B4145_D80_a0.16_ms100,$t_{T_\mathrm{max}}$,50.0,unpCFL,0.6969898926089704,13.93317912023008
Set A,B4145_D80_a0.16_ms100,$t_{T_\mathrm{max}}$,50.0,unpCFL,0.7367890082122552,13.690246736486012
Set A,B4145_D80_a0.16_ms100,$t_{T_\mathrm{max}}$,50.0,unpCFL,0.7765887555274795,13.451515067376418
Set A,B4145_D80_a0.16_ms100,$t_{T_\mathrm{max}}$,50.0,unpCFL,0.8163878711307644,13.217243996416954
Set A,B4145_D80_a0.16_ms100,$t_{T_\mathrm{max}}$,50.0,unpCFL,0.8561869867340492,12.987362670463027
Set A,B4145_D80_a0.16_ms100,$t_{T_\mathrm{max}}$,50.0,unpCFL,0.8959867340492736,12.761533498064518
Set A,B4145_D80_a0.16_ms100,$t_{T_\mathrm{max}}$,50.0,unpCFL,0.9357858496525585,12.539205190430808
Set A,B4145_D80_a0.16_ms100,$t_{T_\mathrm{max}}$,50.0,unpCFL,0.9755855969677827,12.319705672771232
Set A,B4145_D80_a0.16_ms100,$t_{T_\mathrm{max}}$,50.0,unpCFL,1.0153847125710675,12.102240717987144
Set A,B4145_D80_a0.16_ms100,$t_{T_\mathrm{max}}$,50.0,unpCFL,1.0551838281743526,11.885938994720933
Set A,B4145_D80_a0.16_ms100,$t_{T_\mathrm{max}}$,50.0,unpCFL,1.0949835754895767,11.669722499805008
Set A,B4145_D80_a0.16_ms100,$t_{T_\mathrm{max}}$,50.0,unpCFL,1.1347826910928616,11.452649578808916
Set A,B4145_D80_a0.16_ms100,$t_{T_\mathrm{max}}$,50.0,unpCFL,1.1745818066961466,11.23435446900689
Set A,B4145_D80_a0.16_ms100,$t_{T_\mathrm{max}}$,50.0,unpCFL,1.214381554011371,11.014912892261167
Set A,B4145_D80_a0.16_ms100,$t_{T_\mathrm{max}}$,50.0,unpCFL,1.2541806696146558,10.794893938402936
Set A,B4145_D80_a0.16_ms100,$t_{T_\mathrm{max}}$,50.0,unpCFL,1.2939797852179407,10.5753018928795
Set A,B4145_D80_a0.16_ms100,$t_{T_\mathrm{max}}$,50.0,unpCFL,1.333779532533165,10.357487005908952
Set A,B4145_D80_a0.16_ms100,$t_{T_\mathrm{max}}$,50.0,unpCFL,1.3735786481364498,10.143027246443472
Set A,B4145_D80_a0.16_ms100,$t_{T_\mathrm{max}}$,50.0,unpCFL,1.413377763739735,9.933580090571127
Set A,B4145_D80_a0.16_ms100,$t_{T_\mathrm{max}}$,50.0,unpCFL,1.453177511054959,9.730021702226507
Set A,B4145_D80_a0.16_ms100,$t_{T_\mathrm{max}}$,50.0,unpCFL,1.4929766266582438,9.531415042572618
Set A,B4145_D80_a0.16_ms100,$t_{T_\mathrm{max}}$,50.0,unpCFL,1.532775742261529,9.326045552803372
Set A,B4145_D80_a0.16_ms100,$t_{T_\mathrm{max}}$,50.0,unpCFL,1.5725754895767532,9.114153340747949
Set A,B4145_D80_a0.16_ms100,$t_{T_\mathrm{max}}$,50.0,unpCFL,1.6123746051800378,8.895284559860935
Set A,B4145_D80_a0.16_ms100,$t_{T_\mathrm{max}}$,50.0,unpCFL,1.652173720783323,8.668454162148976
Set A,B4145_D80_a0.16_ms100,$t_{T_\mathrm{max}}$,50.0,unpCFL,1.6919734680985472,8.43322100783106
Set A,B4145_D80_a0.16_ms100,$t_{T_\mathrm{max}}$,50.0,unpCFL,1.7317725837018318,8.18996352699144
Set A,B4145_D80_a0.16_ms100,$t_{T_\mathrm{max}}$,50.0,unpCFL,1.771571699305117,7.939967355458346
Set A,B4145_D80_a0.16_ms100,$t_{T_\mathrm{max}}$,50.0,unpCFL,1.8113714466203412,7.688851960587908
Set A,B4145_D80_a0.16_ms100,$t_{T_\mathrm{max}}$,50.0,unpCFL,1.8511705622236259,7.445471300391082
Set A,B4145_D80_a0.16_ms100,$t_{T_\mathrm{max}}$,50.0,unpCFL,1.890969677826911,7.214711848969443
Set A,B4145_D80_a0.16_ms100,$t_{T_\mathrm{max}}$,50.0,unpCFL,1.9307694251421352,7.000730157111257
Set A,B4145_D80_a0.16_ms100,$t_{T_\mathrm{max}}$,50.0,unpCFL,1.9705685407454203,6.801229795843285
Set A,B4145_D80_a0.16_ms100,$t_{T_\mathrm{max}}$,50.0,unpCFL,2.010367656348705,6.610829568174879
Set A,B4145_D80_a0.16_ms100,$t_{T_\mathrm{max}}$,50.0,unpCFL,2.050167403663929,6.424447033460331
Set A,B4145_D80_a0.16_ms100,$t_{T_\mathrm{max}}$,50.0,unpCFL,2.089966519267214,6.237331786737433
Set A,B4145_D80_a0.16_ms100,$t_{T_\mathrm{max}}$,50.0,unpCFL,2.129765634870499,6.043397491686052
Set A,B4145_D80_a0.16_ms100,$t_{T_\mathrm{max}}$,50.0,unpCFL,2.169565382185723,5.835632411852922
Set A,B4145_D80_a0.16_ms100,$t_{T_\mathrm{max}}$,50.0,unpCFL,2.209364497789008,5.610515779615853
Set A,B4145_D80_a0.16_ms100,$t_{T_\mathrm{max}}$,50.0,unpCFL,2.249163613392293,5.3748159457491305
Set A,B4145_D80_a0.16_ms100,$t_{T_\mathrm{max}}$,50.0,unpCFL,2.2889633607075175,5.144156807898666
Set A,B4145_D80_a0.16_ms100,$t_{T_\mathrm{max}}$,50.0,unpCFL,2.328762476310802,4.934603903846119
Set A,B4145_D80_a0.16_ms100,$t_{T_\mathrm{max}}$,50.0,unpCFL,2.368561591914087,4.755175537000072
Set A,B4145_D80_a0.16_ms100,$t_{T_\mathrm{max}}$,50.0,unpCFL,2.4083613392293115,4.608463116455959
Set A,B4145_D80_a0.16_ms100,$t_{T_\mathrm{max}}$,50.0,unpCFL,2.448160454832596,4.50563826053266
Set A,B4145_D80_a0.16_ms100,$t_{T_\mathrm{max}}$,50.0,unpCFL,2.4879595704358817,4.451643543818274
Set A,B4145_D80_a0.16_ms100,$t_{T_\mathrm{max}}$,50.0,unpCFL,2.5277593177511055,4.4136532913500375
Set A,B4145_D80_a0.16_ms100,$t_{T_\mathrm{max}}$,50.0,unpCFL,2.56755843335439,4.387834087458275
Set A,B4145_D80_a0.16_ms100,$t_{T_\mathrm{max}}$,50.0,unpCFL,2.6073575489576757,4.372950162583877
Set A,B4145_D80_a0.16_ms100,$t_{T_\mathrm{max}}$,50.0,unpCFL,2.6471572962728995,4.36684900454948
Set A,B4145_D80_a0.16_ms100,$t_{T_\mathrm{max}}$,50.0,unpCFL,2.686956411876184,4.367185930731757
Set A,B4145_D80_a0.16_ms100,$t_{T_\mathrm{max}}$,50.0,unpCFL,2.726756159191409,4.372182689663766
Set A,B4145_D80_a0.16_ms100,$t_{T_\mathrm{max}}$,50.0,unpCFL,2.7665552747946935,4.38051248354971
Set A,B4145_D80_a0.16_ms100,$t_{T_\mathrm{max}}$,50.0,unpCFL,2.8063543903979786,4.39139430023184
Set A,B4145_D80_a0.16_ms100,$t_{T_\mathrm{max}}$,50.0,unpCFL,2.846154137713203,4.404221747266206
Set A,B4145_D80_a0.16_ms100,$t_{T_\mathrm{max}}$,50.0,unpCFL,2.8859532533164876,4.41837022534732
Set A,B4145_D80_a0.16_ms100,$t_{T_\mathrm{max}}$,50.0,unpCFL,2.9257523689197726,4.433679119053997
Set A,B4145_D80_a0.16_ms100,$t_{T_\mathrm{max}}$,50.0,unpCFL,2.965552116234997,4.449831989741011
Set A,B4145_D80_a0.16_ms100,$t_{T_\mathrm{max}}$,50.0,unpCFL,3.0053512318382816,4.466599056013174
Set A,B4145_D80_a0.16_ms100,$t_{T_\mathrm{max}}$,50.0,unpCFL,3.0451503474415667,4.483745265074058
Set A,B4145_D80_a0.16_ms100,$t_{T_\mathrm{max}}$,50.0,unpCFL,3.084950094756791,4.501242361800664
Set A,B4145_D80_a0.16_ms100,$t_{T_\mathrm{max}}$,50.0,unpCFL,3.124749210360076,4.524300636116019
Set A,B4145_D80_a0.16_ms100,$t_{T_\mathrm{max}}$,50.0,unpCFL,3.1645483259633607,4.54962548841226
Set A,B4145_D80_a0.16_ms100,$t_{T_\mathrm{max}}$,50.0,unpCFL,3.204348073278585,4.57518034121789
Set A,B4145_D80_a0.16_ms100,$t_{T_\mathrm{max}}$,50.0,unpCFL,3.2441471888818696,4.600845553861844
Set A,B4145_D80_a0.16_ms100,$t_{T_\mathrm{max}}$,50.0,unpCFL,3.283946304485155,4.62639187010268
Set A,B4145_D80_a0.16_ms100,$t_{T_\mathrm{max}}$,50.0,unpCFL,3.323746051800379,4.651518593226176
Set A,B4145_D80_a0.16_ms100,$t_{T_\mathrm{max}}$,50.0,unpCFL,3.3635451674036636,4.676043274588352
Set A,B4145_D80_a0.16_ms100,$t_{T_\mathrm{max}}$,50.0,unpCFL,3.403344283006949,4.699832123617143
Set A,B4145_D80_a0.16_ms100,$t_{T_\mathrm{max}}$,50.0,unpCFL,3.443144030322173,4.722427894329532
Set A,B4145_D80_a0.16_ms100,$t_{T_\mathrm{max}}$,50.0,unpCFL,3.4829431459254576,4.743859376547978
Set A,B4145_D80_a0.16_ms100,$t_{T_\mathrm{max}}$,50.0,unpCFL,3.522742261528743,4.7638420821715926
Set A,B4145_D80_a0.16_ms100,$t_{T_\mathrm{max}}$,50.0,unpCFL,3.562542008843967,4.782267253015872
Set A,B4145_D80_a0.16_ms100,$t_{T_\mathrm{max}}$,50.0,unpCFL,3.6023411244472525,4.798927727876663
Set A,B4145_D80_a0.16_ms100,$t_{T_\mathrm{max}}$,50.0,unpCFL,3.642140240050537,4.8140660737314125
Set A,B4145_D80_a0.16_ms100,$t_{T_\mathrm{max}}$,50.0,unpCFL,3.681939987365761,4.827433223772778
Set A,B4145_D80_a0.16_ms100,$t_{T_\mathrm{max}}$,50.0,unpCFL,3.7217391029690465,4.8391796101814935
Set A,B4145_D80_a0.16_ms100,$t_{T_\mathrm{max}}$,50.0,unpCFL,3.761538218572331,4.849058909969838
Set A,B4145_D80_a0.16_ms100,$t_{T_\mathrm{max}}$,50.0,unpCFL,3.801337965887555,4.857165160585618
Set A,B4145_D80_a0.16_ms100,$t_{T_\mathrm{max}}$,50.0,unpCFL,3.8411370814908405,4.8634081216323475
Set A,B4145_D80_a0.16_ms100,$t_{T_\mathrm{max}}$,50.0,unpCFL,3.880936197094125,4.867686417442353
Set A,B4145_D80_a0.16_ms100,$t_{T_\mathrm{max}}$,50.0,unpCFL,3.92073594440935,4.8701540616968035
Set A,B4145_D80_a0.16_ms100,$t_{T_\mathrm{max}}$,50.0,unpCFL,3.9605350600126346,4.8707352315325005
Set A,B4145_D80_a0.16_ms100,$t_{T_\mathrm{max}}$,50.0,unpCFL,4.00033417561592,4.869568669064262
Set A,B4145_D80_a0.16_ms100,$t_{T_\mathrm{max}}$,50.0,unpCFL,4.040133922931144,4.866706796084869
Set A,B4145_D80_a0.16_ms100,$t_{T_\mathrm{max}}$,50.0,unpCFL,4.079933038534429,4.862227008942869
Set A,B4145_D80_a0.16_ms100,$t_{T_\mathrm{max}}$,50.0,unpCFL,4.119732154137713,4.856624972408478
Set A,B4145_D80_a0.16_ms100,$t_{T_\mathrm{max}}$,50.0,unpCFL,4.1595319014529375,4.849869426611438
Set A,B4145_D80_a0.16_ms100,$t_{T_\mathrm{max}}$,50.0,unpCFL,4.199331017056222,4.841991093704643
Set A,B4145_D80_a0.16_ms100,$t_{T_\mathrm{max}}$,50.0,unpCFL,4.239130132659508,4.833191509317943
Set A,B4145_D80_a0.16_ms100,$t_{T_\mathrm{max}}$,50.0,unpCFL,4.278929879974732,4.823401430613923
Set A,B4145_D80_a0.16_ms100,$t_{T_\mathrm{max}}$,50.0,unpCFL,4.318728995578017,4.812774444947005
Set A,B4145_D80_a0.16_ms100,$t_{T_\mathrm{max}}$,50.0,unpCFL,4.358528742893241,4.80105564690659
Set A,B4145_D80_a0.16_ms100,$t_{T_\mathrm{max}}$,50.0,unpCFL,4.3983278584965255,4.788255413282309
Set A,B4145_D80_a0.16_ms100,$t_{T_\mathrm{max}}$,50.0,unpCFL,4.43812697409981,4.774162052606713
Set A,B4145_D80_a0.16_ms100,$t_{T_\mathrm{max}}$,50.0,unpCFL,4.477926721415035,4.758831772411033
Set A,B4145_D80_a0.16_ms100,$t_{T_\mathrm{max}}$,50.0,unpCFL,4.51772583701832,4.7421894772730395
Set A,B4145_D80_a0.16_ms100,$t_{T_\mathrm{max}}$,50.0,unpCFL,4.557524952621605,4.724151205984195
Set A,B4145_D80_a0.16_ms100,$t_{T_\mathrm{max}}$,50.0,unpCFL,4.597324699936829,4.704667449552927
Set A,B4145_D80_a0.16_ms100,$t_{T_\mathrm{max}}$,50.0,unpCFL,4.6371238155401135,4.683709363113446
Set A,B4145_D80_a0.16_ms100,$t_{T_\mathrm{max}}$,50.0,unpCFL,4.676922931143398,4.66145408551429
Set A,B4145_D80_a0.16_ms100,$t_{T_\mathrm{max}}$,50.0,unpCFL,4.716722678458623,4.63809521233542
Set A,B4145_D80_a0.16_ms100,$t_{T_\mathrm{max}}$,50.0,unpCFL,4.756521794061908,4.613641798607546
Set A,B4145_D80_a0.16_ms100,$t_{T_\mathrm{max}}$,50.0,unpCFL,4.796320909665193,4.588446498429043
Set A,B4145_D80_a0.16_ms100,$t_{T_\mathrm{max}}$,50.0,unpCFL,4.836120656980417,4.562517805438807
Set A,B4145_D80_a0.16_ms100,$t_{T_\mathrm{max}}$,50.0,unpCFL,4.875919772583702,4.53638241291754
Set A,B4145_D80_a0.16_ms100,$t_{T_\mathrm{max}}$,50.0,unpCFL,4.915718888186986,4.51022919738045
Set A,B4145_D80_a0.16_ms100,$t_{T_\mathrm{max}}$,50.0,unpCFL,4.955518635502211,4.485132752902214
Set A,B4145_D80_a0.16_ms100,$t_{T_\mathrm{max}}$,50.0,unpCFL,4.995317751105496,4.465376706402472
Set A,B4145_D80_a0.16_ms100,$t_{T_\mathrm{max}}$,50.0,unpCFL,5.035116866708781,4.445319038372109
Set A,B4145_D80_a0.16_ms100,$t_{T_\mathrm{max}}$,50.0,unpCFL,5.074916614024005,4.424701954156431
Set A,B4145_D80_a0.16_ms100,$t_{T_\mathrm{max}}$,50.0,unpCFL,5.11471572962729,4.403639162486562
Set A,B4145_D80_a0.16_ms100,$t_{T_\mathrm{max}}$,50.0,unpCFL,5.154514845230575,4.382003179830927
Set A,B4145_D80_a0.16_ms100,$t_{T_\mathrm{max}}$,50.0,unpCFL,5.194314592545799,4.359738361066382
Set A,B4145_D80_a0.16_ms100,$t_{T_\mathrm{max}}$,50.0,unpCFL,5.234113708149084,4.336695961892489
Set A,B4145_D80_a0.16_ms100,$t_{T_\mathrm{max}}$,50.0,unpCFL,5.273912823752369,4.312813434921789
Set A,B4145_D80_a0.16_ms100,$t_{T_\mathrm{max}}$,50.0,unpCFL,5.313712571067593,4.288227915120289
Set A,B4145_D80_a0.16_ms100,$t_{T_\mathrm{max}}$,50.0,unpCFL,5.353511686670878,4.262620873955037
Set A,B4145_D80_a0.16_ms100,$t_{T_\mathrm{max}}$,50.0,unpCFL,5.393310802274163,4.2360980393686365
Set A,B4145_D80_a0.16_ms100,$t_{T_\mathrm{max}}$,50.0,unpCFL,5.433110549589387,4.20862242114619
Set A,B4145_D80_a0.16_ms100,$t_{T_\mathrm{max}}$,50.0,unpCFL,5.472909665192672,4.180267627070231
Set A,B4145_D80_a0.16_ms100,$t_{T_\mathrm{max}}$,50.0,unpCFL,5.512708780795958,4.150864933661879
Set A,B4145_D80_a0.16_ms100,$t_{T_\mathrm{max}}$,50.0,unpCFL,5.552508528111181,4.120558477550233
Set A,B4145_D80_a0.16_ms100,$t_{T_\mathrm{max}}$,50.0,unpCFL,5.592307643714466,4.0892190056921365
Set A,B4145_D80_a0.16_ms100,$t_{T_\mathrm{max}}$,50.0,unpCFL,5.632106759317751,4.056819738422603
Set A,B4145_D80_a0.16_ms100,$t_{T_\mathrm{max}}$,50.0,unpCFL,5.6719065066329755,4.0233928507404455
Set A,B4145_D80_a0.16_ms100,$t_{T_\mathrm{max}}$,50.0,unpCFL,5.711705622236261,3.988736871373618
Set A,B4145_D80_a0.16_ms100,$t_{T_\mathrm{max}}$,50.0,unpCFL,5.751504737839546,3.9528512781512477
Set A,B4145_D80_a0.16_ms100,$t_{T_\mathrm{max}}$,50.0,unpCFL,5.791304485154769,3.915536498019549
Set A,B4145_D80_a0.16_ms100,$t_{T_\mathrm{max}}$,50.0,unpCFL,5.831103600758055,3.8766779175205364
Set A,B4145_D80_a0.16_ms100,$t_{T_\mathrm{max}}$,50.0,unpCFL,5.870902716361339,3.8361799407378117
Set A,B4145_D80_a0.16_ms100,$t_{T_\mathrm{max}}$,50.0,unpCFL,5.9107024636765635,3.7937801313470576
Set A,B4145_D80_a0.16_ms100,$t_{T_\mathrm{max}}$,50.0,unpCFL,5.950501579279849,3.749259275836178
Set A,B4145_D80_a0.16_ms100,$t_{T_\mathrm{max}}$,50.0,unpCFL,5.990300694883134,3.702307012751675
Set A,B4145_D80_a0.16_ms100,$t_{T_\mathrm{max}}$,50.0,unpCFL,6.030100442198358,3.6528536263544065
Set A,B4145_D80_a0.16_ms100,$t_{T_\mathrm{max}}$,50.0,unpCFL,6.069899557801643,3.6006116063048546
Set A,B4145_D80_a0.16_ms100,$t_{T_\mathrm{max}}$,50.0,unpCFL,6.109699305116867,3.545408412634389
Set A,B4145_D80_a0.16_ms100,$t_{T_\mathrm{max}}$,50.0,unpCFL,6.149498420720152,3.4868674267770277
Set A,B4145_D80_a0.16_ms100,$t_{T_\mathrm{max}}$,50.0,unpCFL,6.189297536323437,3.424940716060066
Set A,B4145_D80_a0.16_ms100,$t_{T_\mathrm{max}}$,50.0,unpCFL,6.22909728363866,3.3593652416896767
Set A,B4145_D80_a0.16_ms100,$t_{T_\mathrm{max}}$,50.0,unpCFL,6.268896399241946,3.290108725141244
Set A,B4145_D80_a0.16_ms100,$t_{T_\mathrm{max}}$,50.0,unpCFL,6.308695514845231,3.217026923252435
Set A,B4145_D80_a0.16_ms100,$t_{T_\mathrm{max}}$,50.0,unpCFL,6.348496525584333,3.1404383140576266
Set A,B4145_D80_a0.16_ms100,$t_{T_\mathrm{max}}$,50.0,unpCFL,6.3882943777637395,3.060704335481002
Set A,B4145_D80_a0.16_ms100,$t_{T_\mathrm{max}}$,50.0,unpCFL,6.428092229943147,2.978276596848189
Set A,B4145_D80_a0.16_ms100,$t_{T_\mathrm{max}}$,50.0,unpCFL,6.467890082122553,2.8944666391564007
Set A,B4145_D80_a0.16_ms100,$t_{T_\mathrm{max}}$,50.0,unpCFL,6.507694251421352,2.8099560242284696
Set A,B4145_D80_a0.16_ms100,$t_{T_\mathrm{max}}$,50.0,unpCFL,6.547492103600758,2.7256715745971114
Set A,B4145_D80_a0.16_ms100,$t_{T_\mathrm{max}}$,50.0,unpCFL,6.587289955780164,2.642794933297744
Set A,B4145_D80_a0.16_ms100,$t_{T_\mathrm{max}}$,50.0,unpCFL,6.62708780795957,2.5627616219484124
Set A,B4145_D80_a0.16_ms100,$t_{T_\mathrm{max}}$,50.0,unpCFL,6.666891977258371,2.48679604866412
Set A,B4145_D80_a0.16_ms100,$t_{T_\mathrm{max}}$,50.0,unpCFL,6.706689829437776,2.4163997028101765
Set A,B4145_D80_a0.16_ms100,$t_{T_\mathrm{max}}$,50.0,unpCFL,6.746487681617182,2.351970592177122
Set A,B4145_D80_a0.16_ms100,$t_{T_\mathrm{max}}$,50.0,unpCFL,6.786285533796589,2.2933463177341835
Set A,B4145_D80_a0.16_ms100,$t_{T_\mathrm{max}}$,50.0,unpCFL,6.826089703095389,2.239627644473821
Set A,B4145_D80_a0.16_ms100,$t_{T_\mathrm{max}}$,50.0,unpCFL,6.865887555274795,2.190266060004268
Set A,B4145_D80_a0.16_ms100,$t_{T_\mathrm{max}}$,50.0,unpCFL,6.905685407454201,2.1447061962730447
Set A,B4145_D80_a0.16_ms100,$t_{T_\mathrm{max}}$,50.0,unpCFL,6.9454832596336065,2.1025266902772373
Set A,B4145_D80_a0.16_ms100,$t_{T_\mathrm{max}}$,50.0,unpCFL,6.985287428932407,2.063338534170045
Set A,B4145_D80_a0.16_ms100,$t_{T_\mathrm{max}}$,50.0,unpCFL,7.025085281111814,2.0270121840471127
Set A,B4145_D80_a0.16_ms100,$t_{T_\mathrm{max}}$,50.0,unpCFL,7.064883133291219,1.9933707822452629
Set A,B4145_D80_a0.16_ms100,$t_{T_\mathrm{max}}$,50.0,unpCFL,7.104680985470625,1.9620823748100562
Set A,B4145_D80_a0.16_ms100,$t_{T_\mathrm{max}}$,50.0,unpCFL,7.1444788376500314,1.9328790825893558
Set A,B4145_D80_a0.16_ms100,$t_{T_\mathrm{max}}$,50.0,unpCFL,7.1842830069488315,1.9056171192030014
Set A,B4145_D80_a0.16_ms100,$t_{T_\mathrm{max}}$,50.0,unpCFL,7.224080859128238,1.8800174293144396
Set A,B4145_D80_a0.16_ms100,$t_{T_\mathrm{max}}$,50.0,unpCFL,7.263878711307644,1.8559564620683724
Set A,B4145_D80_a0.16_ms100,$t_{T_\mathrm{max}}$,50.0,unpCFL,7.30367656348705,1.8333057914587565
Set A,B4145_D80_a0.16_ms100,$t_{T_\mathrm{max}}$,50.0,unpCFL,7.34348073278585,1.811881891923071
Set A,B4145_D80_a0.16_ms100,$t_{T_\mathrm{max}}$,50.0,unpCFL,7.3832785849652565,1.7915900274749381
Set A,B4145_D80_a0.16_ms100,$t_{T_\mathrm{max}}$,50.0,unpCFL,7.423076437144663,1.7723881868342668
Set A,B4145_D80_a0.16_ms100,$t_{T_\mathrm{max}}$,50.0,unpCFL,7.462874289324068,1.7541218544898545
Set A,B4145_D80_a0.16_ms100,$t_{T_\mathrm{max}}$,50.0,unpCFL,7.502678458622867,1.7367526939628128
Set A,B4145_D80_a0.16_ms100,$t_{T_\mathrm{max}}$,50.0,unpCFL,7.542476310802275,1.7202392316923312
Set A,B4145_D80_a0.16_ms100,$t_{T_\mathrm{max}}$,50.0,unpCFL,7.5822741629816806,1.704472690787681
Set A,B4145_D80_a0.16_ms100,$t_{T_\mathrm{max}}$,50.0,unpCFL,7.622072015161087,1.6890239321289149
Set A,B4145_D80_a0.16_ms100,$t_{T_\mathrm{max}}$,50.0,unpCFL,7.661869867340493,1.673977943557685
Set A,B4145_D80_a0.16_ms100,$t_{T_\mathrm{max}}$,50.0,unpCFL,7.701674036639292,1.6595737367988839
Set A,B4145_D80_a0.16_ms100,$t_{T_\mathrm{max}}$,50.0,unpCFL,7.741471888818699,1.6457839028940515
Set A,B4145_D80_a0.16_ms100,$t_{T_\mathrm{max}}$,50.0,unpCFL,7.7812697409981055,1.6325448485559544
Set A,B4145_D80_a0.16_ms100,$t_{T_\mathrm{max}}$,50.0,unpCFL,7.821067593177512,1.61986608379059
Set A,B4145_D80_a0.16_ms100,$t_{T_\mathrm{max}}$,50.0,unpCFL,7.860871762476311,1.6076899082273755
Set A,B4145_D80_a0.16_ms100,$t_{T_\mathrm{max}}$,50.0,unpCFL,7.900669614655716,1.596023636293253
Set A,B4145_D80_a0.16_ms100,$t_{T_\mathrm{max}}$,50.0,unpCFL,7.940467466835124,1.584800568723213
Set A,B4145_D80_a0.16_ms100,$t_{T_\mathrm{max}}$,50.0,unpCFL,7.98026531901453,1.5740418047320723
Set A,B4145_D80_a0.16_ms100,$t_{T_\mathrm{max}}$,50.0,unpCFL,8.020069488313329,1.5636876544987446
Set A,B4145_D80_a0.16_ms100,$t_{T_\mathrm{max}}$,50.0,unpCFL,8.059867340492735,1.5537566217108871
Set A,B4145_D80_a0.16_ms100,$t_{T_\mathrm{max}}$,50.0,unpCFL,8.099665192672141,1.544194238796802
Set A,B4145_D80_a0.16_ms100,$t_{T_\mathrm{max}}$,50.0,unpCFL,8.13946304485155,1.535006718739584
Set A,B4145_D80_a0.16_ms100,$t_{T_\mathrm{max}}$,50.0,unpCFL,8.179267214150348,1.5261767980768672
Set A,B4145_D80_a0.16_ms100,$t_{T_\mathrm{max}}$,50.0,unpCFL,8.219065066329753,1.5176786446440984
Set A,B4145_D80_a0.16_ms100,$t_{T_\mathrm{max}}$,50.0,unpCFL,8.258862918509159,1.5094986205042031
Set A,B4145_D80_a0.16_ms100,$t_{T_\mathrm{max}}$,50.0,unpCFL,8.298660770688565,1.5016220484963068
Set A,B4145_D80_a0.16_ms100,$t_{T_\mathrm{max}}$,50.0,unpCFL,8.338458622867973,1.4940454625423285
Set A,B4145_D80_a0.16_ms100,$t_{T_\mathrm{max}}$,50.0,unpCFL,8.378262792166772,1.4867472993147999
Set A,B4145_D80_a0.16_ms100,$t_{T_\mathrm{max}}$,50.0,unpCFL,8.418060644346179,1.4797158512564252
Set A,B4145_D80_a0.16_ms100,$t_{T_\mathrm{max}}$,50.0,unpCFL,8.457858496525585,1.472947654965858
Set A,B4145_D80_a0.16_ms100,$t_{T_\mathrm{max}}$,50.0,unpCFL,8.49765634870499,1.4664244845846965
Set A,B4145_D80_a0.16_ms100,$t_{T_\mathrm{max}}$,50.0,unpCFL,8.53746051800379,1.4601425511372226
Set A,B4145_D80_a0.16_ms100,$t_{T_\mathrm{max}}$,50.0,unpCFL,8.577258370183197,1.454085946027693
Set A,B4145_D80_a0.16_ms100,$t_{T_\mathrm{max}}$,50.0,unpCFL,8.617056222362603,1.4501158033513286
Set A,B4145_D80_a0.16_ms100,$t_{T_\mathrm{max}}$,50.0,unpCFL,8.656854074542009,1.4501158033513286
Set A,B4145_D80_a0.16_ms100,$t_{T_\mathrm{max}}$,50.0,unpCFL,8.696658243840808,1.4501158033513286
Set A,B4145_D80_a0.16_ms100,$t_{T_\mathrm{max}}$,50.0,unpCFL,8.736456096020214,1.4501158033513286
Set A,B4145_D80_a0.16_ms100,$t_{T_\mathrm{max}}$,50.0,unpCFL,8.77625394819962,1.4501158033513286
Set A,B4145_D80_a0.16_ms100,$t_{T_\mathrm{max}}$,50.0,unpCFL,8.816051800379027,1.4501158033513286
Set A,B4145_D80_a0.16_ms100,$t_{T_\mathrm{max}}$,50.0,unpCFL,8.855855969677828,1.4501158033513286
Set A,B4145_D80_a0.16_ms100,$t_{T_\mathrm{max}}$,50.0,unpCFL,8.895653821857234,1.4501158033513286
Set A,B4145_D80_a0.16_ms100,$t_{T_\mathrm{max}}$,50.0,unpCFL,8.93545167403664,1.4501158033513286
Set A,B4145_D80_a0.16_ms100,$t_{T_\mathrm{max}}$,50.0,unpCFL,8.975249526216045,1.4501158033513286
Set A,B4145_D80_a0.16_ms100,$t_{T_\mathrm{max}}$,50.0,unpCFL,9.015047378395451,1.4501158033513286
Set A,B4145_D80_a0.16_ms100,$t_{T_\mathrm{max}}$,50.0,unpCFL,9.054851547694252,1.4501158033513286
Set A,B4145_D80_a0.16_ms100,$t_{T_\mathrm{max}}$,50.0,unpCFL,9.094649399873658,1.4501158033513286
Set A,B4145_D80_a0.16_ms100,$t_{T_\mathrm{max}}$,50.0,unpCFL,9.134447252053064,1.4501158033513286
Set A,B4145_D80_a0.16_ms100,$t_{T_\mathrm{max}}$,50.0,unpCFL,9.17424510423247,1.4501158033513286
Set A,B4145_D80_a0.16_ms100,$t_{T_\mathrm{max}}$,50.0,unpCFL,9.21404927353127,1.4501158033513286
Set A,B4145_D80_a0.16_ms100,$t_{T_\mathrm{max}}$,50.0,unpCFL,9.253847125710676,1.4501158033513286
Set A,B4145_D80_a0.16_ms100,$t_{T_\mathrm{max}}$,50.0,unpCFL,9.293644977890082,1.4501158033513286
Set A,B4145_D80_a0.16_ms100,$t_{T_\mathrm{max}}$,50.0,unpCFL,9.333442830069488,1.4501158033513286
Set A,B4145_D80_a0.16_ms100,$t_{T_\mathrm{max}}$,50.0,unpCFL,9.373246999368288,1.4501158033513286
Set A,B4145_D80_a0.16_ms100,$t_{T_\mathrm{max}}$,50.0,unpCFL,9.413044851547696,1.4501158033513286
Set A,B4145_D80_a0.16_ms100,$t_{T_\mathrm{max}}$,50.0,unpCFL,9.452842703727102,1.4501158033513286
Set A,B4145_D80_a0.16_ms100,$t_{T_\mathrm{max}}$,50.0,unpCFL,9.492640555906506,1.4501158033513286
Set A,B4145_D80_a0.16_ms100,$t_{T_\mathrm{max}}$,50.0,unpCFL,9.532438408085913,1.4501158033513286
Set A,B4145_D80_a0.16_ms100,$t_{T_\mathrm{max}}$,50.0,unpCFL,9.572242577384712,1.4501158033513286
Set A,B4145_D80_a0.16_ms100,$t_{T_\mathrm{max}}$,50.0,unpCFL,9.61204042956412,1.4501158033513286
Set A,B4145_D80_a0.16_ms100,$t_{T_\mathrm{max}}$,50.0,unpCFL,9.651838281743526,1.4501158033513286
Set A,B4145_D80_a0.16_ms100,$t_{T_\mathrm{max}}$,50.0,unpCFL,9.691636133922932,1.4501158033513286
Set A,B4145_D80_a0.16_ms100,$t_{T_\mathrm{max}}$,50.0,unpCFL,9.731440303221731,1.4501158033513286
Set A,B4145_D80_a0.16_ms100,$t_{T_\mathrm{max}}$,50.0,unpCFL,9.771238155401138,1.4501158033513286
Set A,B4145_D80_a0.16_ms100,$t_{T_\mathrm{max}}$,50.0,unpCFL,9.811036007580544,1.4501158033513286
Set A,B4145_D80_a0.16_ms100,$t_{T_\mathrm{max}}$,50.0,unpCFL,9.85083385975995,1.4501158033513286
Set A,B4145_D80_a0.16_ms100,$t_{T_\mathrm{max}}$,50.0,unpCFL,9.89063802905875,1.4501158033513286
Set A,B4145_D80_a0.16_ms100,$t_{T_\mathrm{max}}$,50.0,unpCFL,9.930435881238155,1.4501158033513286
Set A,B4145_D80_a0.16_ms100,$t_{T_\mathrm{max}}$,50.0,unpCFL,9.970233733417562,1.4501158033513286
Set A,B4145_D80_a0.16_ms100,$t_{T_\mathrm{max}}$,50.0,unpCFL,10.010031585596968,1.4501158033513286
Set A,B4145_D80_a0.16_ms100,$t_{T_\mathrm{max}}$,50.0,unpCFL,10.049835754895767,1.4501158033513286
Set A,B4145_D80_a0.16_ms100,$t_{T_\mathrm{max}}$,50.0,unpCFL,10.089633607075173,1.4501158033513286
Set A,B4145_D80_a0.16_ms100,$t_{T_\mathrm{max}}$,50.0,unpCFL,10.12943145925458,1.4501158033513286
Set A,B4145_D80_a0.16_ms100,$t_{T_\mathrm{max}}$,50.0,unpCFL,10.169229311433986,1.3541381119118086
Set A,B4145_D80_a0.16_ms100,$t_{T_\mathrm{max}}$,50.0,unpCFL,10.209027163613394,1.1611097907825796
Set A,B4145_D80_a0.16_ms100,$t_{T_\mathrm{max}}$,50.0,unpCFL,10.248831332912193,0.9091946498296136
Set A,B4145_D80_a0.16_ms100,$t_{T_\mathrm{max}}$,50.0,unpCFL,10.288629185091597,0.6783843851113276
Set A,B4145_D80_a0.16_ms100,$t_{T_\mathrm{max}}$,50.0,unpCFL,10.328427037271004,0.5204211207723264
Set A,B4145_D80_a0.16_ms100,$t_{T_\mathrm{max}}$,50.0,unpCFL,10.36822488945041,0.4184616953782916
Set A,B4145_D80_a0.16_ms100,$t_{T_\mathrm{max}}$,50.0,unpCFL,10.40802905874921,0.35015069603394305
Set A,B4145_D80_a0.16_ms100,$t_{T_\mathrm{max}}$,50.0,unpCFL,10.447826910928617,0.30188745837421815
Set A,B4145_D80_a0.16_ms100,$t_{T_\mathrm{max}}$,50.0,unpCFL,10.487624763108023,0.26624647039859173
Set A,B4145_D80_a0.16_ms100,$t_{T_\mathrm{max}}$,50.0,unpCFL,10.52742261528743,0.23896656268973543
Set A,B4145_D80_a0.16_ms100,$t_{T_\mathrm{max}}$,50.0,unpCFL,10.567226784586229,0.21743457925330634
Set A,B4145_D80_a0.16_ms100,$t_{T_\mathrm{max}}$,50.0,unpCFL,10.607024636765635,0.2000540039775749
Set A,B4145_D80_a0.16_ms100,$t_{T_\mathrm{max}}$,50.0,unpCFL,10.646822488945041,0.18572788129020504
Set A,B4145_D80_a0.16_ms100,$t_{T_\mathrm{max}}$,50.0,unpCFL,10.686620341124447,0.1737337048378254
Set A,B4145_D80_a0.16_ms100,$t_{T_\mathrm{max}}$,50.0,unpCFL,10.726424510423248,0.1635587398010328
Set A,B4145_D80_a0.16_ms100,$t_{T_\mathrm{max}}$,50.0,unpCFL,10.766222362602655,0.15481314706063626
Set A,B4145_D80_a0.16_ms100,$t_{T_\mathrm{max}}$,50.0,unpCFL,10.806020214782059,0.14722927119010132
Set A,B4145_D80_a0.16_ms100,$t_{T_\mathrm{max}}$,50.0,unpCFL,10.845818066961465,0.14058572226908303
Set A,B4145_D80_a0.16_ms100,$t_{T_\mathrm{max}}$,50.0,unpCFL,10.885615919140871,0.13472435573707423
Set A,B4145_D80_a0.16_ms100,$t_{T_\mathrm{max}}$,50.0,unpCFL,10.925420088439672,0.1295206718675295
Set A,B4145_D80_a0.16_ms100,$t_{T_\mathrm{max}}$,50.0,unpCFL,10.965217940619079,0.12486648753342669
Set A,B4145_D80_a0.16_ms100,$t_{T_\mathrm{max}}$,50.0,unpCFL,11.005015792798485,0.12068358767041865
Set A,B4145_D80_a0.16_ms100,$t_{T_\mathrm{max}}$,50.0,unpCFL,11.044813644977891,0.11690583788779528
Set A,B4145_D80_a0.16_ms100,$t_{T_\mathrm{max}}$,50.0,unpCFL,11.08461781427669,0.11347853543924652
Set A,B4145_D80_a0.16_ms100,$t_{T_\mathrm{max}}$,50.0,unpCFL,11.124415666456096,0.11035666962510243
Set A,B4145_D80_a0.16_ms100,$t_{T_\mathrm{max}}$,50.0,unpCFL,11.164213518635503,0.10750231760048307
Set A,B4145_D80_a0.16_ms100,$t_{T_\mathrm{max}}$,50.0,unpCFL,11.204011370814909,0.1048839127749154
Set A,B4145_D80_a0.16_ms100,$t_{T_\mathrm{max}}$,50.0,unpCFL,11.243815540113708,0.10247422177073079
Set A,B4145_D80_a0.16_ms100,$t_{T_\mathrm{max}}$,50.0,unpCFL,11.283613392293114,0.10025064335106088
Set A,B4145_D80_a0.16_ms100,$t_{T_\mathrm{max}}$,50.0,unpCFL,11.32341124447252,0.09819171744125682
Set A,B4145_D80_a0.16_ms100,$t_{T_\mathrm{max}}$,50.0,unpCFL,11.363209096651927,0.09628288107853479
Set A,B4145_D80_a0.16_ms100,$t_{T_\mathrm{max}}$,50.0,unpCFL,11.403006948831333,0.09450733280500134
Set A,B4145_D80_a0.16_ms100,$t_{T_\mathrm{max}}$,50.0,unpCFL,11.442811118130132,0.09285326102369768
Set A,B4145_D80_a0.16_ms100,$t_{T_\mathrm{max}}$,50.0,unpCFL,11.482608970309538,0.0913092697856868
Set A,B4145_D80_a0.16_ms100,$t_{T_\mathrm{max}}$,50.0,unpCFL,11.522406822488946,0.08987437127389994
Set A,B4145_D80_a0.16_ms100,$t_{T_\mathrm{max}}$,50.0,unpCFL,11.562204674668353,0.08853260210393163
Set A,B4145_D80_a0.16_ms100,$t_{T_\mathrm{max}}$,50.0,unpCFL,11.602008843967152,0.08728645486798688
Set A,B4145_D80_a0.16_ms100,$t_{T_\mathrm{max}}$,50.0,unpCFL,11.641806696146556,0.0861165262422525
Set A,B4145_D80_a0.16_ms100,$t_{T_\mathrm{max}}$,50.0,unpCFL,11.681604548325963,0.08501352056167163
Set A,B4145_D80_a0.16_ms100,$t_{T_\mathrm{max}}$,50.0,unpCFL,11.72140240050537,0.0839718778666642
Set A,B4145_D80_a0.16_ms100,$t_{T_\mathrm{max}}$,50.0,unpCFL,11.76120656980417,0.08298774390687189
Set A,B4145_D80_a0.16_ms100,$t_{T_\mathrm{max}}$,50.0,unpCFL,11.801004421983576,0.08205579347763596
Set A,B4145_D80_a0.16_ms100,$t_{T_\mathrm{max}}$,50.0,unpCFL,11.840802274162982,0.08117317391020219
Set A,B4145_D80_a0.16_ms100,$t_{T_\mathrm{max}}$,50.0,unpCFL,11.880600126342388,0.0803365319339044
Set A,B4145_D80_a0.16_ms100,$t_{T_\mathrm{max}}$,50.0,unpCFL,11.920404295641188,0.0795418046830943
Set A,B4145_D80_a0.16_ms100,$t_{T_\mathrm{max}}$,50.0,unpCFL,11.960202147820594,0.07878733237188676
Set A,B4145_D80_a0.16_ms100,$t_{T_\mathrm{max}}$,50.0,unpCFL,12.0,0.07806924204414672
Set A,B4145_D80_a0.16_ms100,$t_{T_\mathrm{max}}$,100.0,unpaired,0.1,93.74167533292872
Set A,B4145_D80_a0.16_ms100,$t_{T_\mathrm{max}}$,100.0,unpaired,0.13979930511686672,88.71144561011171
Set A,B4145_D80_a0.16_ms100,$t_{T_\mathrm{max}}$,100.0,unpaired,0.17959867340492736,84.42770156242062
Set A,B4145_D80_a0.16_ms100,$t_{T_\mathrm{max}}$,100.0,unpaired,0.21939797852179407,80.67945686177994
Set A,B4145_D80_a0.16_ms100,$t_{T_\mathrm{max}}$,100.0,unpaired,0.25919734680985473,77.3381513106116
Set A,B4145_D80_a0.16_ms100,$t_{T_\mathrm{max}}$,100.0,unpaired,0.2989966519267214,74.32167515462729
Set A,B4145_D80_a0.16_ms100,$t_{T_\mathrm{max}}$,100.0,unpaired,0.33879595704358817,71.57663852136689
Set A,B4145_D80_a0.16_ms100,$t_{T_\mathrm{max}}$,100.0,unpaired,0.3785953253316488,69.06773886702767
Set A,B4145_D80_a0.16_ms100,$t_{T_\mathrm{max}}$,100.0,unpaired,0.4183946304485155,66.77090014997967
Set A,B4145_D80_a0.16_ms100,$t_{T_\mathrm{max}}$,100.0,unpaired,0.4581939987365761,64.66842006690683
Set A,B4145_D80_a0.16_ms100,$t_{T_\mathrm{max}}$,100.0,unpaired,0.49799330385344287,62.74549900814246
Set A,B4145_D80_a0.16_ms100,$t_{T_\mathrm{max}}$,100.0,unpaired,0.5377926721415035,60.9882145061738
Set A,B4145_D80_a0.16_ms100,$t_{T_\mathrm{max}}$,100.0,unpaired,0.5775919772583702,59.38281979391619
Set A,B4145_D80_a0.16_ms100,$t_{T_\mathrm{max}}$,100.0,unpaired,0.6173912823752369,57.91553304986089
Set A,B4145_D80_a0.16_ms100,$t_{T_\mathrm{max}}$,100.0,unpaired,0.6571907770056854,56.57287085982835
Set A,B4145_D80_a0.16_ms100,$t_{T_\mathrm{max}}$,100.0,unpaired,0.6969898926089704,55.34210139812302
Set A,B4145_D80_a0.16_ms100,$t_{T_\mathrm{max}}$,100.0,unpaired,0.7367890082122552,54.21117215076923
Set A,B4145_D80_a0.16_ms100,$t_{T_\mathrm{max}}$,100.0,unpaired,0.7765887555274795,53.16927139685916
Set A,B4145_D80_a0.16_ms100,$t_{T_\mathrm{max}}$,100.0,unpaired,0.8163878711307644,52.20650792935978
Set A,B4145_D80_a0.16_ms100,$t_{T_\mathrm{max}}$,100.0,unpaired,0.8561869867340492,51.31407393518094
Set A,B4145_D80_a0.16_ms100,$t_{T_\mathrm{max}}$,100.0,unpaired,0.8959867340492736,50.484222437426816
Set A,B4145_D80_a0.16_ms100,$t_{T_\mathrm{max}}$,100.0,unpaired,0.9357858496525585,49.710014308761274
Set A,B4145_D80_a0.16_ms100,$t_{T_\mathrm{max}}$,100.0,unpaired,0.9755855969677827,48.985418315056044
Set A,B4145_D80_a0.16_ms100,$t_{T_\mathrm{max}}$,100.0,unpaired,1.0153847125710675,48.30503254717065
Set A,B4145_D80_a0.16_ms100,$t_{T_\mathrm{max}}$,100.0,unpaired,1.0551838281743526,47.66418199639823
Set A,B4145_D80_a0.16_ms100,$t_{T_\mathrm{max}}$,100.0,unpaired,1.0949835754895767,47.058700243749
Set A,B4145_D80_a0.16_ms100,$t_{T_\mathrm{max}}$,100.0,unpaired,1.1347826910928616,46.48506071576731
Set A,B4145_D80_a0.16_ms100,$t_{T_\mathrm{max}}$,100.0,unpaired,1.1745818066961466,45.93997274813349
Set A,B4145_D80_a0.16_ms100,$t_{T_\mathrm{max}}$,100.0,unpaired,1.214381554011371,45.42074437755007
Set A,B4145_D80_a0.16_ms100,$t_{T_\mathrm{max}}$,100.0,unpaired,1.2541806696146558,44.92491145851875
Set A,B4145_D80_a0.16_ms100,$t_{T_\mathrm{max}}$,100.0,unpaired,1.2939797852179407,44.450407428009925
Set A,B4145_D80_a0.16_ms100,$t_{T_\mathrm{max}}$,100.0,unpaired,1.333779532533165,43.995329829110126
Set A,B4145_D80_a0.16_ms100,$t_{T_\mathrm{max}}$,100.0,unpaired,1.3735786481364498,43.55807973529344
Set A,B4145_D80_a0.16_ms100,$t_{T_\mathrm{max}}$,100.0,unpaired,1.413377763739735,43.13729088724486
Set A,B4145_D80_a0.16_ms100,$t_{T_\mathrm{max}}$,100.0,unpaired,1.453177511054959,42.73179349186397
Set A,B4145_D80_a0.16_ms100,$t_{T_\mathrm{max}}$,100.0,unpaired,1.4929766266582438,42.340591304559105
Set A,B4145_D80_a0.16_ms100,$t_{T_\mathrm{max}}$,100.0,unpaired,1.532775742261529,41.962749704094314
Set A,B4145_D80_a0.16_ms100,$t_{T_\mathrm{max}}$,100.0,unpaired,1.5725754895767532,41.59754364971927
Set A,B4145_D80_a0.16_ms100,$t_{T_\mathrm{max}}$,100.0,unpaired,1.6123746051800378,41.2444041251581
Set A,B4145_D80_a0.16_ms100,$t_{T_\mathrm{max}}$,100.0,unpaired,1.652173720783323,40.90279748682096
Set A,B4145_D80_a0.16_ms100,$t_{T_\mathrm{max}}$,100.0,unpaired,1.6919734680985472,40.57227142625242
Set A,B4145_D80_a0.16_ms100,$t_{T_\mathrm{max}}$,100.0,unpaired,1.7317725837018318,40.25250405348345
Set A,B4145_D80_a0.16_ms100,$t_{T_\mathrm{max}}$,100.0,unpaired,1.771571699305117,39.94318232201112
Set A,B4145_D80_a0.16_ms100,$t_{T_\mathrm{max}}$,100.0,unpaired,1.8113714466203412,39.6441025160817
Set A,B4145_D80_a0.16_ms100,$t_{T_\mathrm{max}}$,100.0,unpaired,1.8511705622236259,39.35508118948349
Set A,B4145_D80_a0.16_ms100,$t_{T_\mathrm{max}}$,100.0,unpaired,1.890969677826911,39.07599729109896
Set A,B4145_D80_a0.16_ms100,$t_{T_\mathrm{max}}$,100.0,unpaired,1.9307694251421352,38.80674734271811
Set A,B4145_D80_a0.16_ms100,$t_{T_\mathrm{max}}$,100.0,unpaired,1.9705685407454203,38.547156069277094
Set A,B4145_D80_a0.16_ms100,$t_{T_\mathrm{max}}$,100.0,unpaired,2.010367656348705,38.297271382369885
Set A,B4145_D80_a0.16_ms100,$t_{T_\mathrm{max}}$,100.0,unpaired,2.050167403663929,38.05694176769489
Set A,B4145_D80_a0.16_ms100,$t_{T_\mathrm{max}}$,100.0,unpaired,2.089966519267214,37.82617200056345
Set A,B4145_D80_a0.16_ms100,$t_{T_\mathrm{max}}$,100.0,unpaired,2.129765634870499,37.60481188457786
Set A,B4145_D80_a0.16_ms100,$t_{T_\mathrm{max}}$,100.0,unpaired,2.169565382185723,37.393075274999205
Set A,B4145_D80_a0.16_ms100,$t_{T_\mathrm{max}}$,100.0,unpaired,2.209364497789008,37.190416444181565
Set A,B4145_D80_a0.16_ms100,$t_{T_\mathrm{max}}$,100.0,unpaired,2.249163613392293,36.99687201406571
Set A,B4145_D80_a0.16_ms100,$t_{T_\mathrm{max}}$,100.0,unpaired,2.2889633607075175,36.812474116876686
Set A,B4145_D80_a0.16_ms100,$t_{T_\mathrm{max}}$,100.0,unpaired,2.328762476310802,36.63728068911391
Set A,B4145_D80_a0.16_ms100,$t_{T_\mathrm{max}}$,100.0,unpaired,2.368561591914087,36.47106235460249
Set A,B4145_D80_a0.16_ms100,$t_{T_\mathrm{max}}$,100.0,unpaired,2.4083613392293115,36.31337823302721
Set A,B4145_D80_a0.16_ms100,$t_{T_\mathrm{max}}$,100.0,unpaired,2.448160454832596,36.163849528100414
Set A,B4145_D80_a0.16_ms100,$t_{T_\mathrm{max}}$,100.0,unpaired,2.4879595704358817,36.02276999363299
Set A,B4145_D80_a0.16_ms100,$t_{T_\mathrm{max}}$,100.0,unpaired,2.5277593177511055,35.88987823807441
Set A,B4145_D80_a0.16_ms100,$t_{T_\mathrm{max}}$,100.0,unpaired,2.56755843335439,35.76450253666965
Set A,B4145_D80_a0.16_ms100,$t_{T_\mathrm{max}}$,100.0,unpaired,2.6073575489576757,35.64697063642562
Set A,B4145_D80_a0.16_ms100,$t_{T_\mathrm{max}}$,100.0,unpaired,2.6471572962728995,35.53649091075765
Set A,B4145_D80_a0.16_ms100,$t_{T_\mathrm{max}}$,100.0,unpaired,2.686956411876184,35.43277774222127
Set A,B4145_D80_a0.16_ms100,$t_{T_\mathrm{max}}$,100.0,unpaired,2.726756159191409,35.33587989212747
Set A,B4145_D80_a0.16_ms100,$t_{T_\mathrm{max}}$,100.0,unpaired,2.7665552747946935,35.24527707953392
Set A,B4145_D80_a0.16_ms100,$t_{T_\mathrm{max}}$,100.0,unpaired,2.8063543903979786,35.16060114585338
Set A,B4145_D80_a0.16_ms100,$t_{T_\mathrm{max}}$,100.0,unpaired,2.846154137713203,35.08117517980361
Set A,B4145_D80_a0.16_ms100,$t_{T_\mathrm{max}}$,100.0,unpaired,2.8859532533164876,35.0069492954677
Set A,B4145_D80_a0.16_ms100,$t_{T_\mathrm{max}}$,100.0,unpaired,2.9257523689197726,34.93772942048982
Set A,B4145_D80_a0.16_ms100,$t_{T_\mathrm{max}}$,100.0,unpaired,2.965552116234997,34.87341827914226
Set A,B4145_D80_a0.16_ms100,$t_{T_\mathrm{max}}$,100.0,unpaired,3.0053512318382816,34.812597724965045
Set A,B4145_D80_a0.16_ms100,$t_{T_\mathrm{max}}$,100.0,unpaired,3.0451503474415667,34.756004186316474
Set A,B4145_D80_a0.16_ms100,$t_{T_\mathrm{max}}$,100.0,unpaired,3.084950094756791,34.702782253524795
Set A,B4145_D80_a0.16_ms100,$t_{T_\mathrm{max}}$,100.0,unpaired,3.124749210360076,34.6520680286459
Set A,B4145_D80_a0.16_ms100,$t_{T_\mathrm{max}}$,100.0,unpaired,3.1645483259633607,34.6048793085934
Set A,B4145_D80_a0.16_ms100,$t_{T_\mathrm{max}}$,100.0,unpaired,3.204348073278585,34.559522015818956
Set A,B4145_D80_a0.16_ms100,$t_{T_\mathrm{max}}$,100.0,unpaired,3.2441471888818696,34.5165493998956
Set A,B4145_D80_a0.16_ms100,$t_{T_\mathrm{max}}$,100.0,unpaired,3.283946304485155,34.474723358287534
Set A,B4145_D80_a0.16_ms100,$t_{T_\mathrm{max}}$,100.0,unpaired,3.323746051800379,34.43485624589882
Set A,B4145_D80_a0.16_ms100,$t_{T_\mathrm{max}}$,100.0,unpaired,3.3635451674036636,34.3954141335636
Set A,B4145_D80_a0.16_ms100,$t_{T_\mathrm{max}}$,100.0,unpaired,3.403344283006949,34.357098314873205
Set A,B4145_D80_a0.16_ms100,$t_{T_\mathrm{max}}$,100.0,unpaired,3.443144030322173,34.319368961165466
Set A,B4145_D80_a0.16_ms100,$t_{T_\mathrm{max}}$,100.0,unpaired,3.4829431459254576,34.28155248923859
Set A,B4145_D80_a0.16_ms100,$t_{T_\mathrm{max}}$,100.0,unpaired,3.522742261528743,34.24328573440635
Set A,B4145_D80_a0.16_ms100,$t_{T_\mathrm{max}}$,100.0,unpaired,3.562542008843967,34.20495447383935
Set A,B4145_D80_a0.16_ms100,$t_{T_\mathrm{max}}$,100.0,unpaired,3.6023411244472525,34.166354150003045
Set A,B4145_D80_a0.16_ms100,$t_{T_\mathrm{max}}$,100.0,unpaired,3.642140240050537,34.12626032806397
Set A,B4145_D80_a0.16_ms100,$t_{T_\mathrm{max}}$,100.0,unpaired,3.681939987365761,34.08496243222791
Set A,B4145_D80_a0.16_ms100,$t_{T_\mathrm{max}}$,100.0,unpaired,3.7217391029690465,34.042773471187864
Set A,B4145_D80_a0.16_ms100,$t_{T_\mathrm{max}}$,100.0,unpaired,3.761538218572331,33.9984569530593
Set A,B4145_D80_a0.16_ms100,$t_{T_\mathrm{max}}$,100.0,unpaired,3.801337965887555,33.95280885773702
Set A,B4145_D80_a0.16_ms100,$t_{T_\mathrm{max}}$,100.0,unpaired,3.8411370814908405,33.904744606865314
Set A,B4145_D80_a0.16_ms100,$t_{T_\mathrm{max}}$,100.0,unpaired,3.880936197094125,33.854547405014785
Set A,B4145_D80_a0.16_ms100,$t_{T_\mathrm{max}}$,100.0,unpaired,3.92073594440935,33.80257836313273
Set A,B4145_D80_a0.16_ms100,$t_{T_\mathrm{max}}$,100.0,unpaired,3.9605350600126346,33.74712204463883
Set A,B4145_D80_a0.16_ms100,$t_{T_\mathrm{max}}$,100.0,unpaired,4.00033417561592,33.68984710725535
Set A,B4145_D80_a0.16_ms100,$t_{T_\mathrm{max}}$,100.0,unpaired,4.040133922931144,33.62881364043275
Set A,B4145_D80_a0.16_ms100,$t_{T_\mathrm{max}}$,100.0,unpaired,4.079933038534429,33.56531120538824
Set A,B4145_D80_a0.16_ms100,$t_{T_\mathrm{max}}$,100.0,unpaired,4.119732154137713,33.498678002937474
Set A,B4145_D80_a0.16_ms100,$t_{T_\mathrm{max}}$,100.0,unpaired,4.1595319014529375,33.4289369474052
Set A,B4145_D80_a0.16_ms100,$t_{T_\mathrm{max}}$,100.0,unpaired,4.199331017056222,33.35557436300947
Set A,B4145_D80_a0.16_ms100,$t_{T_\mathrm{max}}$,100.0,unpaired,4.239130132659508,33.278771356848374
Set A,B4145_D80_a0.16_ms100,$t_{T_\mathrm{max}}$,100.0,unpaired,4.278929879974732,33.19814203899448
Set A,B4145_D80_a0.16_ms100,$t_{T_\mathrm{max}}$,100.0,unpaired,4.318728995578017,33.11414272610341
Set A,B4145_D80_a0.16_ms100,$t_{T_\mathrm{max}}$,100.0,unpaired,4.358528742893241,33.02614575581155
Set A,B4145_D80_a0.16_ms100,$t_{T_\mathrm{max}}$,100.0,unpaired,4.3983278584965255,32.93418540632261
Set A,B4145_D80_a0.16_ms100,$t_{T_\mathrm{max}}$,100.0,unpaired,4.43812697409981,32.838296781018414
Set A,B4145_D80_a0.16_ms100,$t_{T_\mathrm{max}}$,100.0,unpaired,4.477926721415035,32.73854669039671
Set A,B4145_D80_a0.16_ms100,$t_{T_\mathrm{max}}$,100.0,unpaired,4.51772583701832,32.63499276861847
Set A,B4145_D80_a0.16_ms100,$t_{T_\mathrm{max}}$,100.0,unpaired,4.557524952621605,32.52663559232369
Set A,B4145_D80_a0.16_ms100,$t_{T_\mathrm{max}}$,100.0,unpaired,4.597324699936829,32.41413633431143
Set A,B4145_D80_a0.16_ms100,$t_{T_\mathrm{max}}$,100.0,unpaired,4.6371238155401135,32.297686622426134
Set A,B4145_D80_a0.16_ms100,$t_{T_\mathrm{max}}$,100.0,unpaired,4.676922931143398,32.17679434941124
Set A,B4145_D80_a0.16_ms100,$t_{T_\mathrm{max}}$,100.0,unpaired,4.716722678458623,32.05120536346777
Set A,B4145_D80_a0.16_ms100,$t_{T_\mathrm{max}}$,100.0,unpaired,4.756521794061908,31.92119279371067
Set A,B4145_D80_a0.16_ms100,$t_{T_\mathrm{max}}$,100.0,unpaired,4.796320909665193,31.786142312462182
Set A,B4145_D80_a0.16_ms100,$t_{T_\mathrm{max}}$,100.0,unpaired,4.836120656980417,31.647618772446855
Set A,B4145_D80_a0.16_ms100,$t_{T_\mathrm{max}}$,100.0,unpaired,4.875919772583702,31.503704618522033
Set A,B4145_D80_a0.16_ms100,$t_{T_\mathrm{max}}$,100.0,unpaired,4.915718888186986,31.35474939774691
Set A,B4145_D80_a0.16_ms100,$t_{T_\mathrm{max}}$,100.0,unpaired,4.955518635502211,31.201590643498406
Set A,B4145_D80_a0.16_ms100,$t_{T_\mathrm{max}}$,100.0,unpaired,4.995317751105496,31.043756288720594
Set A,B4145_D80_a0.16_ms100,$t_{T_\mathrm{max}}$,100.0,unpaired,5.035116866708781,30.881341273800047
Set A,B4145_D80_a0.16_ms100,$t_{T_\mathrm{max}}$,100.0,unpaired,5.074916614024005,30.71347187373935
Set A,B4145_D80_a0.16_ms100,$t_{T_\mathrm{max}}$,100.0,unpaired,5.11471572962729,30.541107394961255
Set A,B4145_D80_a0.16_ms100,$t_{T_\mathrm{max}}$,100.0,unpaired,5.154514845230575,30.36344848968644
Set A,B4145_D80_a0.16_ms100,$t_{T_\mathrm{max}}$,100.0,unpaired,5.194314592545799,30.180951072625138
Set A,B4145_D80_a0.16_ms100,$t_{T_\mathrm{max}}$,100.0,unpaired,5.234113708149084,29.993554814606895
Set A,B4145_D80_a0.16_ms100,$t_{T_\mathrm{max}}$,100.0,unpaired,5.273912823752369,29.801602919934826
Set A,B4145_D80_a0.16_ms100,$t_{T_\mathrm{max}}$,100.0,unpaired,5.313712571067593,29.604127024857288
Set A,B4145_D80_a0.16_ms100,$t_{T_\mathrm{max}}$,100.0,unpaired,5.353511686670878,29.401534376032316
Set A,B4145_D80_a0.16_ms100,$t_{T_\mathrm{max}}$,100.0,unpaired,5.393310802274163,29.193496812324405
Set A,B4145_D80_a0.16_ms100,$t_{T_\mathrm{max}}$,100.0,unpaired,5.433110549589387,28.980623597291242
Set A,B4145_D80_a0.16_ms100,$t_{T_\mathrm{max}}$,100.0,unpaired,5.472909665192672,28.762996864065045
Set A,B4145_D80_a0.16_ms100,$t_{T_\mathrm{max}}$,100.0,unpaired,5.512708780795958,28.53938920645425
Set A,B4145_D80_a0.16_ms100,$t_{T_\mathrm{max}}$,100.0,unpaired,5.552508528111181,28.311324131608444
Set A,B4145_D80_a0.16_ms100,$t_{T_\mathrm{max}}$,100.0,unpaired,5.592307643714466,28.077566136876364
Set A,B4145_D80_a0.16_ms100,$t_{T_\mathrm{max}}$,100.0,unpaired,5.632106759317751,27.838656062474133
Set A,B4145_D80_a0.16_ms100,$t_{T_\mathrm{max}}$,100.0,unpaired,5.6719065066329755,27.59428852837262
Set A,B4145_D80_a0.16_ms100,$t_{T_\mathrm{max}}$,100.0,unpaired,5.711705622236261,27.344822392484414
Set A,B4145_D80_a0.16_ms100,$t_{T_\mathrm{max}}$,100.0,unpaired,5.751504737839546,27.090298848831797
Set A,B4145_D80_a0.16_ms100,$t_{T_\mathrm{max}}$,100.0,unpaired,5.791304485154769,26.830305960834924
Set A,B4145_D80_a0.16_ms100,$t_{T_\mathrm{max}}$,100.0,unpaired,5.831103600758055,26.56535327701161
Set A,B4145_D80_a0.16_ms100,$t_{T_\mathrm{max}}$,100.0,unpaired,5.870902716361339,26.29459258971127
Set A,B4145_D80_a0.16_ms100,$t_{T_\mathrm{max}}$,100.0,unpaired,5.9107024636765635,26.019608996005044
Set A,B4145_D80_a0.16_ms100,$t_{T_\mathrm{max}}$,100.0,unpaired,5.950501579279849,25.739039412799873
Set A,B4145_D80_a0.16_ms100,$t_{T_\mathrm{max}}$,100.0,unpaired,5.990300694883134,25.45288922682949
Set A,B4145_D80_a0.16_ms100,$t_{T_\mathrm{max}}$,100.0,unpaired,6.030100442198358,25.162520851932932
Set A,B4145_D80_a0.16_ms100,$t_{T_\mathrm{max}}$,100.0,unpaired,6.069899557801643,24.86621855194691
Set A,B4145_D80_a0.16_ms100,$t_{T_\mathrm{max}}$,100.0,unpaired,6.109699305116867,24.56604792228931
Set A,B4145_D80_a0.16_ms100,$t_{T_\mathrm{max}}$,100.0,unpaired,6.149498420720152,24.26028388790461
Set A,B4145_D80_a0.16_ms100,$t_{T_\mathrm{max}}$,100.0,unpaired,6.189297536323437,23.950074277746836
Set A,B4145_D80_a0.16_ms100,$t_{T_\mathrm{max}}$,100.0,unpaired,6.22909728363866,23.63537150382549
Set A,B4145_D80_a0.16_ms100,$t_{T_\mathrm{max}}$,100.0,unpaired,6.268896399241946,23.316566540106137
Set A,B4145_D80_a0.16_ms100,$t_{T_\mathrm{max}}$,100.0,unpaired,6.308695514845231,22.99365558481292
Set A,B4145_D80_a0.16_ms100,$t_{T_\mathrm{max}}$,100.0,unpaired,6.348496525584333,22.66601368933899
Set A,B4145_D80_a0.16_ms100,$t_{T_\mathrm{max}}$,100.0,unpaired,6.3882943777637395,22.335034718563772
Set A,B4145_D80_a0.16_ms100,$t_{T_\mathrm{max}}$,100.0,unpaired,6.428092229943147,22.00000345925851
Set A,B4145_D80_a0.16_ms100,$t_{T_\mathrm{max}}$,100.0,unpaired,6.467890082122553,21.66065194011168
Set A,B4145_D80_a0.16_ms100,$t_{T_\mathrm{max}}$,100.0,unpaired,6.507694251421352,21.31924627616976
Set A,B4145_D80_a0.16_ms100,$t_{T_\mathrm{max}}$,100.0,unpaired,6.547492103600758,20.974246310989805
Set A,B4145_D80_a0.16_ms100,$t_{T_\mathrm{max}}$,100.0,unpaired,6.587289955780164,20.6270943540501
Set A,B4145_D80_a0.16_ms100,$t_{T_\mathrm{max}}$,100.0,unpaired,6.62708780795957,20.277821108190793
Set A,B4145_D80_a0.16_ms100,$t_{T_\mathrm{max}}$,100.0,unpaired,6.666891977258371,19.926192921657602
Set A,B4145_D80_a0.16_ms100,$t_{T_\mathrm{max}}$,100.0,unpaired,6.706689829437776,19.572080697900038
Set A,B4145_D80_a0.16_ms100,$t_{T_\mathrm{max}}$,100.0,unpaired,6.746487681617182,19.21676386510122
Set A,B4145_D80_a0.16_ms100,$t_{T_\mathrm{max}}$,100.0,unpaired,6.786285533796589,18.860093442485866
Set A,B4145_D80_a0.16_ms100,$t_{T_\mathrm{max}}$,100.0,unpaired,6.826089703095389,18.5033516416076
Set A,B4145_D80_a0.16_ms100,$t_{T_\mathrm{max}}$,100.0,unpaired,6.865887555274795,18.146423300010586
Set A,B4145_D80_a0.16_ms100,$t_{T_\mathrm{max}}$,100.0,unpaired,6.905685407454201,17.79041315629575
Set A,B4145_D80_a0.16_ms100,$t_{T_\mathrm{max}}$,100.0,unpaired,6.9454832596336065,17.434929921497222
Set A,B4145_D80_a0.16_ms100,$t_{T_\mathrm{max}}$,100.0,unpaired,6.985287428932407,17.079328735369685
Set A,B4145_D80_a0.16_ms100,$t_{T_\mathrm{max}}$,100.0,unpaired,7.025085281111814,16.72414918206019
Set A,B4145_D80_a0.16_ms100,$t_{T_\mathrm{max}}$,100.0,unpaired,7.064883133291219,16.37027736941498
Set A,B4145_D80_a0.16_ms100,$t_{T_\mathrm{max}}$,100.0,unpaired,7.104680985470625,16.017780194436178
Set A,B4145_D80_a0.16_ms100,$t_{T_\mathrm{max}}$,100.0,unpaired,7.1444788376500314,15.668302204195909
Set A,B4145_D80_a0.16_ms100,$t_{T_\mathrm{max}}$,100.0,unpaired,7.1842830069488315,15.322793875945672
Set A,B4145_D80_a0.16_ms100,$t_{T_\mathrm{max}}$,100.0,unpaired,7.224080859128238,14.981138823732074
Set A,B4145_D80_a0.16_ms100,$t_{T_\mathrm{max}}$,100.0,unpaired,7.263878711307644,14.64254183087872
Set A,B4145_D80_a0.16_ms100,$t_{T_\mathrm{max}}$,100.0,unpaired,7.30367656348705,14.30545496388664
Set A,B4145_D80_a0.16_ms100,$t_{T_\mathrm{max}}$,100.0,unpaired,7.34348073278585,13.968535716908365
Set A,B4145_D80_a0.16_ms100,$t_{T_\mathrm{max}}$,100.0,unpaired,7.3832785849652565,13.634262300665652
Set A,B4145_D80_a0.16_ms100,$t_{T_\mathrm{max}}$,100.0,unpaired,7.423076437144663,13.30527031580837
Set A,B4145_D80_a0.16_ms100,$t_{T_\mathrm{max}}$,100.0,unpaired,7.462874289324068,12.984382784015182
Set A,B4145_D80_a0.16_ms100,$t_{T_\mathrm{max}}$,100.0,unpaired,7.502678458622867,12.670439842172616
Set A,B4145_D80_a0.16_ms100,$t_{T_\mathrm{max}}$,100.0,unpaired,7.542476310802275,12.363885285268033
Set A,B4145_D80_a0.16_ms100,$t_{T_\mathrm{max}}$,100.0,unpaired,7.5822741629816806,12.063515490223304
Set A,B4145_D80_a0.16_ms100,$t_{T_\mathrm{max}}$,100.0,unpaired,7.622072015161087,11.766975281441079
Set A,B4145_D80_a0.16_ms100,$t_{T_\mathrm{max}}$,100.0,unpaired,7.661869867340493,11.472902689883787
Set A,B4145_D80_a0.16_ms100,$t_{T_\mathrm{max}}$,100.0,unpaired,7.701674036639292,11.18079929428665
Set A,B4145_D80_a0.16_ms100,$t_{T_\mathrm{max}}$,100.0,unpaired,7.741471888818699,10.891775370258244
Set A,B4145_D80_a0.16_ms100,$t_{T_\mathrm{max}}$,100.0,unpaired,7.7812697409981055,10.608331640016964
Set A,B4145_D80_a0.16_ms100,$t_{T_\mathrm{max}}$,100.0,unpaired,7.821067593177512,10.333550361240952
Set A,B4145_D80_a0.16_ms100,$t_{T_\mathrm{max}}$,100.0,unpaired,7.860871762476311,10.070991363342825
Set A,B4145_D80_a0.16_ms100,$t_{T_\mathrm{max}}$,100.0,unpaired,7.900669614655716,9.823259422655156
Set A,B4145_D80_a0.16_ms100,$t_{T_\mathrm{max}}$,100.0,unpaired,7.940467466835124,9.58772142590115
Set A,B4145_D80_a0.16_ms100,$t_{T_\mathrm{max}}$,100.0,unpaired,7.98026531901453,9.351046605980297
Set A,B4145_D80_a0.16_ms100,$t_{T_\mathrm{max}}$,100.0,unpaired,8.020069488313329,9.11308601613218
Set A,B4145_D80_a0.16_ms100,$t_{T_\mathrm{max}}$,100.0,unpaired,8.059867340492735,8.87297246993867
Set A,B4145_D80_a0.16_ms100,$t_{T_\mathrm{max}}$,100.0,unpaired,8.099665192672141,8.62989912372125
Set A,B4145_D80_a0.16_ms100,$t_{T_\mathrm{max}}$,100.0,unpaired,8.13946304485155,8.38451247023209
Set A,B4145_D80_a0.16_ms100,$t_{T_\mathrm{max}}$,100.0,unpaired,8.179267214150348,8.138070263926604
Set A,B4145_D80_a0.16_ms100,$t_{T_\mathrm{max}}$,100.0,unpaired,8.219065066329753,7.893546550652792
Set A,B4145_D80_a0.16_ms100,$t_{T_\mathrm{max}}$,100.0,unpaired,8.258862918509159,7.656598523426373
Set A,B4145_D80_a0.16_ms100,$t_{T_\mathrm{max}}$,100.0,unpaired,8.298660770688565,7.434584321610158
Set A,B4145_D80_a0.16_ms100,$t_{T_\mathrm{max}}$,100.0,unpaired,8.338458622867973,7.228072407523201
Set A,B4145_D80_a0.16_ms100,$t_{T_\mathrm{max}}$,100.0,unpaired,8.378262792166772,7.03526271634463
Set A,B4145_D80_a0.16_ms100,$t_{T_\mathrm{max}}$,100.0,unpaired,8.418060644346179,6.852999985164163
Set A,B4145_D80_a0.16_ms100,$t_{T_\mathrm{max}}$,100.0,unpaired,8.457858496525585,6.677783273070539
Set A,B4145_D80_a0.16_ms100,$t_{T_\mathrm{max}}$,100.0,unpaired,8.49765634870499,6.505924214403535
Set A,B4145_D80_a0.16_ms100,$t_{T_\mathrm{max}}$,100.0,unpaired,8.53746051800379,6.333794861578488
Set A,B4145_D80_a0.16_ms100,$t_{T_\mathrm{max}}$,100.0,unpaired,8.577258370183197,6.157282581222959
Set A,B4145_D80_a0.16_ms100,$t_{T_\mathrm{max}}$,100.0,unpaired,8.617056222362603,5.970839026360227
Set A,B4145_D80_a0.16_ms100,$t_{T_\mathrm{max}}$,100.0,unpaired,8.656854074542009,5.768501483444946
Set A,B4145_D80_a0.16_ms100,$t_{T_\mathrm{max}}$,100.0,unpaired,8.696658243840808,5.550254019435602
Set A,B4145_D80_a0.16_ms100,$t_{T_\mathrm{max}}$,100.0,unpaired,8.736456096020214,5.325403896940923
Set A,B4145_D80_a0.16_ms100,$t_{T_\mathrm{max}}$,100.0,unpaired,8.77625394819962,5.10819248381819
Set A,B4145_D80_a0.16_ms100,$t_{T_\mathrm{max}}$,100.0,unpaired,8.816051800379027,4.9111714984908925
Set A,B4145_D80_a0.16_ms100,$t_{T_\mathrm{max}}$,100.0,unpaired,8.855855969677828,4.739141312900008
Set A,B4145_D80_a0.16_ms100,$t_{T_\mathrm{max}}$,100.0,unpaired,8.895653821857234,4.591594772491822
Set A,B4145_D80_a0.16_ms100,$t_{T_\mathrm{max}}$,100.0,unpaired,8.93545167403664,4.476120340820071
Set A,B4145_D80_a0.16_ms100,$t_{T_\mathrm{max}}$,100.0,unpaired,8.975249526216045,4.389221437493086
Set A,B4145_D80_a0.16_ms100,$t_{T_\mathrm{max}}$,100.0,unpaired,9.015047378395451,4.305879043548544
Set A,B4145_D80_a0.16_ms100,$t_{T_\mathrm{max}}$,100.0,unpaired,9.054851547694252,4.224985640008856
Set A,B4145_D80_a0.16_ms100,$t_{T_\mathrm{max}}$,100.0,unpaired,9.094649399873658,4.145656389164083
Set A,B4145_D80_a0.16_ms100,$t_{T_\mathrm{max}}$,100.0,unpaired,9.134447252053064,4.0670126307566825
Set A,B4145_D80_a0.16_ms100,$t_{T_\mathrm{max}}$,100.0,unpaired,9.17424510423247,3.988590427992603
Set A,B4145_D80_a0.16_ms100,$t_{T_\mathrm{max}}$,100.0,unpaired,9.21404927353127,3.909471916554774
Set A,B4145_D80_a0.16_ms100,$t_{T_\mathrm{max}}$,100.0,unpaired,9.253847125710676,3.828645617097925
Set A,B4145_D80_a0.16_ms100,$t_{T_\mathrm{max}}$,100.0,unpaired,9.293644977890082,3.745358432121231
Set A,B4145_D80_a0.16_ms100,$t_{T_\mathrm{max}}$,100.0,unpaired,9.333442830069488,3.6587156682506015
Set A,B4145_D80_a0.16_ms100,$t_{T_\mathrm{max}}$,100.0,unpaired,9.373246999368288,3.568025885527852
Set A,B4145_D80_a0.16_ms100,$t_{T_\mathrm{max}}$,100.0,unpaired,9.413044851547696,3.4727970295867916
Set A,B4145_D80_a0.16_ms100,$t_{T_\mathrm{max}}$,100.0,unpaired,9.452842703727102,3.3729433804139544
Set A,B4145_D80_a0.16_ms100,$t_{T_\mathrm{max}}$,100.0,unpaired,9.492640555906506,3.26863997385516
Set A,B4145_D80_a0.16_ms100,$t_{T_\mathrm{max}}$,100.0,unpaired,9.532438408085913,3.1605391659428905
Set A,B4145_D80_a0.16_ms100,$t_{T_\mathrm{max}}$,100.0,unpaired,9.572242577384712,3.0498049301311894
Set A,B4145_D80_a0.16_ms100,$t_{T_\mathrm{max}}$,100.0,unpaired,9.61204042956412,2.9382223863127357
Set A,B4145_D80_a0.16_ms100,$t_{T_\mathrm{max}}$,100.0,unpaired,9.651838281743526,2.8281764765149306
Set A,B4145_D80_a0.16_ms100,$t_{T_\mathrm{max}}$,100.0,unpaired,9.691636133922932,2.7216466965400126
Set A,B4145_D80_a0.16_ms100,$t_{T_\mathrm{max}}$,100.0,unpaired,9.731440303221731,2.6201051261811354
Set A,B4145_D80_a0.16_ms100,$t_{T_\mathrm{max}}$,100.0,unpaired,9.771238155401138,2.5248007888140958
Set A,B4145_D80_a0.16_ms100,$t_{T_\mathrm{max}}$,100.0,unpaired,9.811036007580544,2.4365964199425694
Set A,B4145_D80_a0.16_ms100,$t_{T_\mathrm{max}}$,100.0,unpaired,9.85083385975995,2.3558560325021496
Set A,B4145_D80_a0.16_ms100,$t_{T_\mathrm{max}}$,100.0,unpaired,9.89063802905875,2.2823462543167015
Set A,B4145_D80_a0.16_ms100,$t_{T_\mathrm{max}}$,100.0,unpaired,9.930435881238155,2.215740515309262
Set A,B4145_D80_a0.16_ms100,$t_{T_\mathrm{max}}$,100.0,unpaired,9.970233733417562,2.155514146316416
Set A,B4145_D80_a0.16_ms100,$t_{T_\mathrm{max}}$,100.0,unpaired,10.010031585596968,2.1011175368502997
Set A,B4145_D80_a0.16_ms100,$t_{T_\mathrm{max}}$,100.0,unpaired,10.049835754895767,2.05180373504131
Set A,B4145_D80_a0.16_ms100,$t_{T_\mathrm{max}}$,100.0,unpaired,10.089633607075173,2.007264084480227
Set A,B4145_D80_a0.16_ms100,$t_{T_\mathrm{max}}$,100.0,unpaired,10.12943145925458,1.9668967136831943
Set A,B4145_D80_a0.16_ms100,$t_{T_\mathrm{max}}$,100.0,unpaired,10.169229311433986,1.9301609085745572
Set A,B4145_D80_a0.16_ms100,$t_{T_\mathrm{max}}$,100.0,unpaired,10.209027163613394,1.8965717025722233
Set A,B4145_D80_a0.16_ms100,$t_{T_\mathrm{max}}$,100.0,unpaired,10.248831332912193,1.8656001324099214
Set A,B4145_D80_a0.16_ms100,$t_{T_\mathrm{max}}$,100.0,unpaired,10.288629185091597,1.837085136201013
Set A,B4145_D80_a0.16_ms100,$t_{T_\mathrm{max}}$,100.0,unpaired,10.328427037271004,1.8106603811856916
Set A,B4145_D80_a0.16_ms100,$t_{T_\mathrm{max}}$,100.0,unpaired,10.36822488945041,1.7861169989104506
Set A,B4145_D80_a0.16_ms100,$t_{T_\mathrm{max}}$,100.0,unpaired,10.40802905874921,1.7632618773846134
Set A,B4145_D80_a0.16_ms100,$t_{T_\mathrm{max}}$,100.0,unpaired,10.447826910928617,1.7419259708129402
Set A,B4145_D80_a0.16_ms100,$t_{T_\mathrm{max}}$,100.0,unpaired,10.487624763108023,1.721979968182924
Set A,B4145_D80_a0.16_ms100,$t_{T_\mathrm{max}}$,100.0,unpaired,10.52742261528743,1.7032675696402408
Set A,B4145_D80_a0.16_ms100,$t_{T_\mathrm{max}}$,100.0,unpaired,10.567226784586229,1.6851988725357914
Set A,B4145_D80_a0.16_ms100,$t_{T_\mathrm{max}}$,100.0,unpaired,10.607024636765635,1.667871206785548
Set A,B4145_D80_a0.16_ms100,$t_{T_\mathrm{max}}$,100.0,unpaired,10.646822488945041,1.65151154124887
Set A,B4145_D80_a0.16_ms100,$t_{T_\mathrm{max}}$,100.0,unpaired,10.686620341124447,1.6360582706734492
Set A,B4145_D80_a0.16_ms100,$t_{T_\mathrm{max}}$,100.0,unpaired,10.726424510423248,1.6214268569829902
Set A,B4145_D80_a0.16_ms100,$t_{T_\mathrm{max}}$,100.0,unpaired,10.766222362602655,1.607569625942334
Set A,B4145_D80_a0.16_ms100,$t_{T_\mathrm{max}}$,100.0,unpaired,10.806020214782059,1.5944332147001101
Set A,B4145_D80_a0.16_ms100,$t_{T_\mathrm{max}}$,100.0,unpaired,10.845818066961465,1.5819688368325389
Set A,B4145_D80_a0.16_ms100,$t_{T_\mathrm{max}}$,100.0,unpaired,10.885615919140871,1.5701390357777887
Set A,B4145_D80_a0.16_ms100,$t_{T_\mathrm{max}}$,100.0,unpaired,10.925420088439672,1.5588883965056193
Set A,B4145_D80_a0.16_ms100,$t_{T_\mathrm{max}}$,100.0,unpaired,10.965217940619079,1.5481864937114949
Set A,B4145_D80_a0.16_ms100,$t_{T_\mathrm{max}}$,100.0,unpaired,11.005015792798485,1.53799944820923
Set A,B4145_D80_a0.16_ms100,$t_{T_\mathrm{max}}$,100.0,unpaired,11.044813644977891,1.5282952051764287
Set A,B4145_D80_a0.16_ms100,$t_{T_\mathrm{max}}$,100.0,unpaired,11.08461781427669,1.519044997721232
Set A,B4145_D80_a0.16_ms100,$t_{T_\mathrm{max}}$,100.0,unpaired,11.124415666456096,1.5102212096222487
Set A,B4145_D80_a0.16_ms100,$t_{T_\mathrm{max}}$,100.0,unpaired,11.164213518635503,1.5017989639864078
Set A,B4145_D80_a0.16_ms100,$t_{T_\mathrm{max}}$,100.0,unpaired,11.204011370814909,1.4937506139457404
Set A,B4145_D80_a0.16_ms100,$t_{T_\mathrm{max}}$,100.0,unpaired,11.243815540113708,1.4860656752027752
Set A,B4145_D80_a0.16_ms100,$t_{T_\mathrm{max}}$,100.0,unpaired,11.283613392293114,1.4787130382549958
Set A,B4145_D80_a0.16_ms100,$t_{T_\mathrm{max}}$,100.0,unpaired,11.32341124447252,1.4716831051242942
Set A,B4145_D80_a0.16_ms100,$t_{T_\mathrm{max}}$,100.0,unpaired,11.363209096651927,1.4649514454144072
Set A,B4145_D80_a0.16_ms100,$t_{T_\mathrm{max}}$,100.0,unpaired,11.403006948831333,1.458504876231685
Set A,B4145_D80_a0.16_ms100,$t_{T_\mathrm{max}}$,100.0,unpaired,11.442811118130132,1.4523295859547434
Set A,B4145_D80_a0.16_ms100,$t_{T_\mathrm{max}}$,100.0,unpaired,11.482608970309538,1.4501158033513286
Set A,B4145_D80_a0.16_ms100,$t_{T_\mathrm{max}}$,100.0,unpaired,11.522406822488946,1.4501158033513286
Set A,B4145_D80_a0.16_ms100,$t_{T_\mathrm{max}}$,100.0,unpaired,11.562204674668353,1.4501158033513286
Set A,B4145_D80_a0.16_ms100,$t_{T_\mathrm{max}}$,100.0,unpaired,11.602008843967152,1.4501158033513286
Set A,B4145_D80_a0.16_ms100,$t_{T_\mathrm{max}}$,100.0,unpaired,11.641806696146556,1.4501158033513286
Set A,B4145_D80_a0.16_ms100,$t_{T_\mathrm{max}}$,100.0,unpaired,11.681604548325963,1.4501158033513286
Set A,B4145_D80_a0.16_ms100,$t_{T_\mathrm{max}}$,100.0,unpaired,11.72140240050537,1.4501158033513286
Set A,B4145_D80_a0.16_ms100,$t_{T_\mathrm{max}}$,100.0,unpaired,11.76120656980417,1.4501158033513286
Set A,B4145_D80_a0.16_ms100,$t_{T_\mathrm{max}}$,100.0,unpaired,11.801004421983576,1.4501158033513286
Set A,B4145_D80_a0.16_ms100,$t_{T_\mathrm{max}}$,100.0,unpaired,11.840802274162982,1.4501158033513286
Set A,B4145_D80_a0.16_ms100,$t_{T_\mathrm{max}}$,100.0,unpaired,11.880600126342388,1.4501158033513286
Set A,B4145_D80_a0.16_ms100,$t_{T_\mathrm{max}}$,100.0,unpaired,11.920404295641188,1.4501158033513286
Set A,B4145_D80_a0.16_ms100,$t_{T_\mathrm{max}}$,100.0,unpaired,11.960202147820594,1.4501158033513286
Set A,B4145_D80_a0.16_ms100,$t_{T_\mathrm{max}}$,100.0,unpaired,12.0,1.4501158033513286
Set A,B4145_D80_a0.16_ms100,$t_{T_\mathrm{max}}$,100.0,cfl,0.1,93.83362993556946
Set A,B4145_D80_a0.16_ms100,$t_{T_\mathrm{max}}$,100.0,cfl,0.13979930511686672,88.85037519443895
Set A,B4145_D80_a0.16_ms100,$t_{T_\mathrm{max}}$,100.0,cfl,0.17959867340492736,84.6446980175383
Set A,B4145_D80_a0.16_ms100,$t_{T_\mathrm{max}}$,100.0,cfl,0.21939797852179407,81.01904737701733
Set A,B4145_D80_a0.16_ms100,$t_{T_\mathrm{max}}$,100.0,cfl,0.25919734680985473,77.85119412582984
Set A,B4145_D80_a0.16_ms100,$t_{T_\mathrm{max}}$,100.0,cfl,0.2989966519267214,75.05842638699617
Set A,B4145_D80_a0.16_ms100,$t_{T_\mathrm{max}}$,100.0,cfl,0.33879595704358817,72.5805675863808
Set A,B4145_D80_a0.16_ms100,$t_{T_\mathrm{max}}$,100.0,cfl,0.3785953253316488,70.3714249206663
Set A,B4145_D80_a0.16_ms100,$t_{T_\mathrm{max}}$,100.0,cfl,0.4183946304485155,68.39331266847972
Set A,B4145_D80_a0.16_ms100,$t_{T_\mathrm{max}}$,100.0,cfl,0.4581939987365761,66.61676112358586
Set A,B4145_D80_a0.16_ms100,$t_{T_\mathrm{max}}$,100.0,cfl,0.49799330385344287,65.01036409200329
Set A,B4145_D80_a0.16_ms100,$t_{T_\mathrm{max}}$,100.0,cfl,0.5377926721415035,63.56482872270236
Set A,B4145_D80_a0.16_ms100,$t_{T_\mathrm{max}}$,100.0,cfl,0.5775919772583702,62.24618725461852
Set A,B4145_D80_a0.16_ms100,$t_{T_\mathrm{max}}$,100.0,cfl,0.6173912823752369,61.01123325650716
Set A,B4145_D80_a0.16_ms100,$t_{T_\mathrm{max}}$,100.0,cfl,0.6571907770056854,59.93843896386099
Set A,B4145_D80_a0.16_ms100,$t_{T_\mathrm{max}}$,100.0,cfl,0.6969898926089704,59.0030576246476
Set A,B4145_D80_a0.16_ms100,$t_{T_\mathrm{max}}$,100.0,cfl,0.7367890082122552,57.971683670367916
Set A,B4145_D80_a0.16_ms100,$t_{T_\mathrm{max}}$,100.0,cfl,0.7765887555274795,56.14602276791935
Set A,B4145_D80_a0.16_ms100,$t_{T_\mathrm{max}}$,100.0,cfl,0.8163878711307644,53.44760430709812
Set A,B4145_D80_a0.16_ms100,$t_{T_\mathrm{max}}$,100.0,cfl,0.8561869867340492,51.04183706923318
Set A,B4145_D80_a0.16_ms100,$t_{T_\mathrm{max}}$,100.0,cfl,0.8959867340492736,48.91431108704772
Set A,B4145_D80_a0.16_ms100,$t_{T_\mathrm{max}}$,100.0,cfl,0.9357858496525585,47.04286509078406
Set A,B4145_D80_a0.16_ms100,$t_{T_\mathrm{max}}$,100.0,cfl,0.9755855969677827,45.38502183767012
Set A,B4145_D80_a0.16_ms100,$t_{T_\mathrm{max}}$,100.0,cfl,1.0153847125710675,43.90393874454791
Set A,B4145_D80_a0.16_ms100,$t_{T_\mathrm{max}}$,100.0,cfl,1.0551838281743526,42.567356254608946
Set A,B4145_D80_a0.16_ms100,$t_{T_\mathrm{max}}$,100.0,cfl,1.0949835754895767,41.34959125043172
Set A,B4145_D80_a0.16_ms100,$t_{T_\mathrm{max}}$,100.0,cfl,1.1347826910928616,40.23001937508958
Set A,B4145_D80_a0.16_ms100,$t_{T_\mathrm{max}}$,100.0,cfl,1.1745818066961466,39.19223046014899
Set A,B4145_D80_a0.16_ms100,$t_{T_\mathrm{max}}$,100.0,cfl,1.214381554011371,38.22328893654584
Set A,B4145_D80_a0.16_ms100,$t_{T_\mathrm{max}}$,100.0,cfl,1.2541806696146558,37.312838489338965
Set A,B4145_D80_a0.16_ms100,$t_{T_\mathrm{max}}$,100.0,cfl,1.2939797852179407,36.452587443837295
Set A,B4145_D80_a0.16_ms100,$t_{T_\mathrm{max}}$,100.0,cfl,1.333779532533165,35.635834848851715
Set A,B4145_D80_a0.16_ms100,$t_{T_\mathrm{max}}$,100.0,cfl,1.3735786481364498,34.85717258448055
Set A,B4145_D80_a0.16_ms100,$t_{T_\mathrm{max}}$,100.0,cfl,1.413377763739735,34.11219509872224
Set A,B4145_D80_a0.16_ms100,$t_{T_\mathrm{max}}$,100.0,cfl,1.453177511054959,33.39721891658735
Set A,B4145_D80_a0.16_ms100,$t_{T_\mathrm{max}}$,100.0,cfl,1.4929766266582438,32.7093746766044
Set A,B4145_D80_a0.16_ms100,$t_{T_\mathrm{max}}$,100.0,cfl,1.532775742261529,32.046170568900834
Set A,B4145_D80_a0.16_ms100,$t_{T_\mathrm{max}}$,100.0,cfl,1.5725754895767532,31.405581071324193
Set A,B4145_D80_a0.16_ms100,$t_{T_\mathrm{max}}$,100.0,cfl,1.6123746051800378,30.78588119457531
Set A,B4145_D80_a0.16_ms100,$t_{T_\mathrm{max}}$,100.0,cfl,1.652173720783323,30.18582180382161
Set A,B4145_D80_a0.16_ms100,$t_{T_\mathrm{max}}$,100.0,cfl,1.6919734680985472,29.60409202277617
Set A,B4145_D80_a0.16_ms100,$t_{T_\mathrm{max}}$,100.0,cfl,1.7317725837018318,29.039901136488442
Set A,B4145_D80_a0.16_ms100,$t_{T_\mathrm{max}}$,100.0,cfl,1.771571699305117,28.49239619438813
Set A,B4145_D80_a0.16_ms100,$t_{T_\mathrm{max}}$,100.0,cfl,1.8113714466203412,27.960939289142352
Set A,B4145_D80_a0.16_ms100,$t_{T_\mathrm{max}}$,100.0,cfl,1.8511705622236259,27.444974834573564
Set A,B4145_D80_a0.16_ms100,$t_{T_\mathrm{max}}$,100.0,cfl,1.890969677826911,26.9441882330472
Set A,B4145_D80_a0.16_ms100,$t_{T_\mathrm{max}}$,100.0,cfl,1.9307694251421352,26.45823195273246
Set A,B4145_D80_a0.16_ms100,$t_{T_\mathrm{max}}$,100.0,cfl,1.9705685407454203,25.986923511253945
Set A,B4145_D80_a0.16_ms100,$t_{T_\mathrm{max}}$,100.0,cfl,2.010367656348705,25.52979834215105
Set A,B4145_D80_a0.16_ms100,$t_{T_\mathrm{max}}$,100.0,cfl,2.050167403663929,25.086876557591278
Set A,B4145_D80_a0.16_ms100,$t_{T_\mathrm{max}}$,100.0,cfl,2.089966519267214,24.657979608233415
Set A,B4145_D80_a0.16_ms100,$t_{T_\mathrm{max}}$,100.0,cfl,2.129765634870499,24.24336091273301
Set A,B4145_D80_a0.16_ms100,$t_{T_\mathrm{max}}$,100.0,cfl,2.169565382185723,23.842306586324924
Set A,B4145_D80_a0.16_ms100,$t_{T_\mathrm{max}}$,100.0,cfl,2.209364497789008,23.45491753051712
Set A,B4145_D80_a0.16_ms100,$t_{T_\mathrm{max}}$,100.0,cfl,2.249163613392293,23.08066830519534
Set A,B4145_D80_a0.16_ms100,$t_{T_\mathrm{max}}$,100.0,cfl,2.2889633607075175,22.720348139210024
Set A,B4145_D80_a0.16_ms100,$t_{T_\mathrm{max}}$,100.0,cfl,2.328762476310802,22.372709956353102
Set A,B4145_D80_a0.16_ms100,$t_{T_\mathrm{max}}$,100.0,cfl,2.368561591914087,22.038348767337492
Set A,B4145_D80_a0.16_ms100,$t_{T_\mathrm{max}}$,100.0,cfl,2.4083613392293115,21.7161143456419
Set A,B4145_D80_a0.16_ms100,$t_{T_\mathrm{max}}$,100.0,cfl,2.448160454832596,21.406303774049828
Set A,B4145_D80_a0.16_ms100,$t_{T_\mathrm{max}}$,100.0,cfl,2.4879595704358817,21.108657694437085
Set A,B4145_D80_a0.16_ms100,$t_{T_\mathrm{max}}$,100.0,cfl,2.5277593177511055,20.822074135955823
Set A,B4145_D80_a0.16_ms100,$t_{T_\mathrm{max}}$,100.0,cfl,2.56755843335439,20.546608637221286
Set A,B4145_D80_a0.16_ms100,$t_{T_\mathrm{max}}$,100.0,cfl,2.6073575489576757,20.280891471495213
Set A,B4145_D80_a0.16_ms100,$t_{T_\mathrm{max}}$,100.0,cfl,2.6471572962728995,20.02523468429779
Set A,B4145_D80_a0.16_ms100,$t_{T_\mathrm{max}}$,100.0,cfl,2.686956411876184,19.778860277600813
Set A,B4145_D80_a0.16_ms100,$t_{T_\mathrm{max}}$,100.0,cfl,2.726756159191409,19.540925370676497
Set A,B4145_D80_a0.16_ms100,$t_{T_\mathrm{max}}$,100.0,cfl,2.7665552747946935,19.3114682951785
Set A,B4145_D80_a0.16_ms100,$t_{T_\mathrm{max}}$,100.0,cfl,2.8063543903979786,19.089544924899506
Set A,B4145_D80_a0.16_ms100,$t_{T_\mathrm{max}}$,100.0,cfl,2.846154137713203,18.874852903645536
Set A,B4145_D80_a0.16_ms100,$t_{T_\mathrm{max}}$,100.0,cfl,2.8859532533164876,18.66702709483231
Set A,B4145_D80_a0.16_ms100,$t_{T_\mathrm{max}}$,100.0,cfl,2.9257523689197726,18.465241185118778
Set A,B4145_D80_a0.16_ms100,$t_{T_\mathrm{max}}$,100.0,cfl,2.965552116234997,18.26897682623444
Set A,B4145_D80_a0.16_ms100,$t_{T_\mathrm{max}}$,100.0,cfl,3.0053512318382816,18.077841676565555
Set A,B4145_D80_a0.16_ms100,$t_{T_\mathrm{max}}$,100.0,cfl,3.0451503474415667,17.89150416118799
Set A,B4145_D80_a0.16_ms100,$t_{T_\mathrm{max}}$,100.0,cfl,3.084950094756791,17.70928636327058
Set A,B4145_D80_a0.16_ms100,$t_{T_\mathrm{max}}$,100.0,cfl,3.124749210360076,17.53068148625824
Set A,B4145_D80_a0.16_ms100,$t_{T_\mathrm{max}}$,100.0,cfl,3.1645483259633607,17.355404409980196
Set A,B4145_D80_a0.16_ms100,$t_{T_\mathrm{max}}$,100.0,cfl,3.204348073278585,17.183545562332107
Set A,B4145_D80_a0.16_ms100,$t_{T_\mathrm{max}}$,100.0,cfl,3.2441471888818696,17.01424005870274
Set A,B4145_D80_a0.16_ms100,$t_{T_\mathrm{max}}$,100.0,cfl,3.283946304485155,16.847538464036287
Set A,B4145_D80_a0.16_ms100,$t_{T_\mathrm{max}}$,100.0,cfl,3.323746051800379,16.682974780085356
Set A,B4145_D80_a0.16_ms100,$t_{T_\mathrm{max}}$,100.0,cfl,3.3635451674036636,16.520796957523963
Set A,B4145_D80_a0.16_ms100,$t_{T_\mathrm{max}}$,100.0,cfl,3.403344283006949,16.3602856851874
Set A,B4145_D80_a0.16_ms100,$t_{T_\mathrm{max}}$,100.0,cfl,3.443144030322173,16.20155184759528
Set A,B4145_D80_a0.16_ms100,$t_{T_\mathrm{max}}$,100.0,cfl,3.4829431459254576,16.04442644622891
Set A,B4145_D80_a0.16_ms100,$t_{T_\mathrm{max}}$,100.0,cfl,3.522742261528743,15.889247637519086
Set A,B4145_D80_a0.16_ms100,$t_{T_\mathrm{max}}$,100.0,cfl,3.562542008843967,15.735020584590119
Set A,B4145_D80_a0.16_ms100,$t_{T_\mathrm{max}}$,100.0,cfl,3.6023411244472525,15.582638963251032
Set A,B4145_D80_a0.16_ms100,$t_{T_\mathrm{max}}$,100.0,cfl,3.642140240050537,15.431491372729566
Set A,B4145_D80_a0.16_ms100,$t_{T_\mathrm{max}}$,100.0,cfl,3.681939987365761,15.281686836810726
Set A,B4145_D80_a0.16_ms100,$t_{T_\mathrm{max}}$,100.0,cfl,3.7217391029690465,15.132611771270419
Set A,B4145_D80_a0.16_ms100,$t_{T_\mathrm{max}}$,100.0,cfl,3.761538218572331,14.984605237900615
Set A,B4145_D80_a0.16_ms100,$t_{T_\mathrm{max}}$,100.0,cfl,3.801337965887555,14.83636297131155
Set A,B4145_D80_a0.16_ms100,$t_{T_\mathrm{max}}$,100.0,cfl,3.8411370814908405,14.688680958138953
Set A,B4145_D80_a0.16_ms100,$t_{T_\mathrm{max}}$,100.0,cfl,3.880936197094125,14.54155375587436
Set A,B4145_D80_a0.16_ms100,$t_{T_\mathrm{max}}$,100.0,cfl,3.92073594440935,14.395007993881544
Set A,B4145_D80_a0.16_ms100,$t_{T_\mathrm{max}}$,100.0,cfl,3.9605350600126346,14.249187417330326
Set A,B4145_D80_a0.16_ms100,$t_{T_\mathrm{max}}$,100.0,cfl,4.00033417561592,14.103960454755082
Set A,B4145_D80_a0.16_ms100,$t_{T_\mathrm{max}}$,100.0,cfl,4.040133922931144,13.959485616597737
Set A,B4145_D80_a0.16_ms100,$t_{T_\mathrm{max}}$,100.0,cfl,4.079933038534429,13.8155948750544
Set A,B4145_D80_a0.16_ms100,$t_{T_\mathrm{max}}$,100.0,cfl,4.119732154137713,13.672908058571183
Set A,B4145_D80_a0.16_ms100,$t_{T_\mathrm{max}}$,100.0,cfl,4.1595319014529375,13.531425724765741
Set A,B4145_D80_a0.16_ms100,$t_{T_\mathrm{max}}$,100.0,cfl,4.199331017056222,13.391105656139107
Set A,B4145_D80_a0.16_ms100,$t_{T_\mathrm{max}}$,100.0,cfl,4.239130132659508,13.252638994079856
Set A,B4145_D80_a0.16_ms100,$t_{T_\mathrm{max}}$,100.0,cfl,4.278929879974732,13.115592812777555
Set A,B4145_D80_a0.16_ms100,$t_{T_\mathrm{max}}$,100.0,cfl,4.318728995578017,12.979852048943009
Set A,B4145_D80_a0.16_ms100,$t_{T_\mathrm{max}}$,100.0,cfl,4.358528742893241,12.846030590608555
Set A,B4145_D80_a0.16_ms100,$t_{T_\mathrm{max}}$,100.0,cfl,4.3983278584965255,12.713570898621342
Set A,B4145_D80_a0.16_ms100,$t_{T_\mathrm{max}}$,100.0,cfl,4.43812697409981,12.582609427054603
Set A,B4145_D80_a0.16_ms100,$t_{T_\mathrm{max}}$,100.0,cfl,4.477926721415035,12.453117312388342
Set A,B4145_D80_a0.16_ms100,$t_{T_\mathrm{max}}$,100.0,cfl,4.51772583701832,12.32476879016274
Set A,B4145_D80_a0.16_ms100,$t_{T_\mathrm{max}}$,100.0,cfl,4.557524952621605,12.197788911901025
Set A,B4145_D80_a0.16_ms100,$t_{T_\mathrm{max}}$,100.0,cfl,4.597324699936829,12.07204411450534
Set A,B4145_D80_a0.16_ms100,$t_{T_\mathrm{max}}$,100.0,cfl,4.6371238155401135,11.947166465774211
Set A,B4145_D80_a0.16_ms100,$t_{T_\mathrm{max}}$,100.0,cfl,4.676922931143398,11.823282416814532
Set A,B4145_D80_a0.16_ms100,$t_{T_\mathrm{max}}$,100.0,cfl,4.716722678458623,11.700446356838743
Set A,B4145_D80_a0.16_ms100,$t_{T_\mathrm{max}}$,100.0,cfl,4.756521794061908,11.578170854728894
Set A,B4145_D80_a0.16_ms100,$t_{T_\mathrm{max}}$,100.0,cfl,4.796320909665193,11.456848720119218
Set A,B4145_D80_a0.16_ms100,$t_{T_\mathrm{max}}$,100.0,cfl,4.836120656980417,11.336618101277137
Set A,B4145_D80_a0.16_ms100,$t_{T_\mathrm{max}}$,100.0,cfl,4.875919772583702,11.217259520904879
Set A,B4145_D80_a0.16_ms100,$t_{T_\mathrm{max}}$,100.0,cfl,4.915718888186986,11.099416725010977
Set A,B4145_D80_a0.16_ms100,$t_{T_\mathrm{max}}$,100.0,cfl,4.955518635502211,10.982887984520364
Set A,B4145_D80_a0.16_ms100,$t_{T_\mathrm{max}}$,100.0,cfl,4.995317751105496,10.868141524730913
Set A,B4145_D80_a0.16_ms100,$t_{T_\mathrm{max}}$,100.0,cfl,5.035116866708781,10.754817165765488
Set A,B4145_D80_a0.16_ms100,$t_{T_\mathrm{max}}$,100.0,cfl,5.074916614024005,10.64335481971071
Set A,B4145_D80_a0.16_ms100,$t_{T_\mathrm{max}}$,100.0,cfl,5.11471572962729,10.533956339797786
Set A,B4145_D80_a0.16_ms100,$t_{T_\mathrm{max}}$,100.0,cfl,5.154514845230575,10.426402959657183
Set A,B4145_D80_a0.16_ms100,$t_{T_\mathrm{max}}$,100.0,cfl,5.194314592545799,10.320768975893902
Set A,B4145_D80_a0.16_ms100,$t_{T_\mathrm{max}}$,100.0,cfl,5.234113708149084,10.216949880066455
Set A,B4145_D80_a0.16_ms100,$t_{T_\mathrm{max}}$,100.0,cfl,5.273912823752369,10.115168700698298
Set A,B4145_D80_a0.16_ms100,$t_{T_\mathrm{max}}$,100.0,cfl,5.313712571067593,10.015334554963832
Set A,B4145_D80_a0.16_ms100,$t_{T_\mathrm{max}}$,100.0,cfl,5.353511686670878,9.91723246588622
Set A,B4145_D80_a0.16_ms100,$t_{T_\mathrm{max}}$,100.0,cfl,5.393310802274163,9.820786955936795
Set A,B4145_D80_a0.16_ms100,$t_{T_\mathrm{max}}$,100.0,cfl,5.433110549589387,9.72417306411634
Set A,B4145_D80_a0.16_ms100,$t_{T_\mathrm{max}}$,100.0,cfl,5.472909665192672,9.626331044106712
Set A,B4145_D80_a0.16_ms100,$t_{T_\mathrm{max}}$,100.0,cfl,5.512708780795958,9.527594305804655
Set A,B4145_D80_a0.16_ms100,$t_{T_\mathrm{max}}$,100.0,cfl,5.552508528111181,9.42747205674062
Set A,B4145_D80_a0.16_ms100,$t_{T_\mathrm{max}}$,100.0,cfl,5.592307643714466,9.325603050931969
Set A,B4145_D80_a0.16_ms100,$t_{T_\mathrm{max}}$,100.0,cfl,5.632106759317751,9.221761129048609
Set A,B4145_D80_a0.16_ms100,$t_{T_\mathrm{max}}$,100.0,cfl,5.6719065066329755,9.115915862901561
Set A,B4145_D80_a0.16_ms100,$t_{T_\mathrm{max}}$,100.0,cfl,5.711705622236261,9.007433769371465
Set A,B4145_D80_a0.16_ms100,$t_{T_\mathrm{max}}$,100.0,cfl,5.751504737839546,8.896559825028787
Set A,B4145_D80_a0.16_ms100,$t_{T_\mathrm{max}}$,100.0,cfl,5.791304485154769,8.782956613549832
Set A,B4145_D80_a0.16_ms100,$t_{T_\mathrm{max}}$,100.0,cfl,5.831103600758055,8.666691765814676
Set A,B4145_D80_a0.16_ms100,$t_{T_\mathrm{max}}$,100.0,cfl,5.870902716361339,8.547611697877624
Set A,B4145_D80_a0.16_ms100,$t_{T_\mathrm{max}}$,100.0,cfl,5.9107024636765635,8.425957374549885
Set A,B4145_D80_a0.16_ms100,$t_{T_\mathrm{max}}$,100.0,cfl,5.950501579279849,8.301586479163763
Set A,B4145_D80_a0.16_ms100,$t_{T_\mathrm{max}}$,100.0,cfl,5.990300694883134,8.174849183616507
Set A,B4145_D80_a0.16_ms100,$t_{T_\mathrm{max}}$,100.0,cfl,6.030100442198358,8.0462685730113
Set A,B4145_D80_a0.16_ms100,$t_{T_\mathrm{max}}$,100.0,cfl,6.069899557801643,7.916170799783079
Set A,B4145_D80_a0.16_ms100,$t_{T_\mathrm{max}}$,100.0,cfl,6.109699305116867,7.785726665527973
Set A,B4145_D80_a0.16_ms100,$t_{T_\mathrm{max}}$,100.0,cfl,6.149498420720152,7.656844852167492
Set A,B4145_D80_a0.16_ms100,$t_{T_\mathrm{max}}$,100.0,cfl,6.189297536323437,7.530424944691539
Set A,B4145_D80_a0.16_ms100,$t_{T_\mathrm{max}}$,100.0,cfl,6.22909728363866,7.407013076952759
Set A,B4145_D80_a0.16_ms100,$t_{T_\mathrm{max}}$,100.0,cfl,6.268896399241946,7.28681612161198
Set A,B4145_D80_a0.16_ms100,$t_{T_\mathrm{max}}$,100.0,cfl,6.308695514845231,7.169785370319628
Set A,B4145_D80_a0.16_ms100,$t_{T_\mathrm{max}}$,100.0,cfl,6.348496525584333,7.055591062875876
Set A,B4145_D80_a0.16_ms100,$t_{T_\mathrm{max}}$,100.0,cfl,6.3882943777637395,6.943806907395712
Set A,B4145_D80_a0.16_ms100,$t_{T_\mathrm{max}}$,100.0,cfl,6.428092229943147,6.833954273557329
Set A,B4145_D80_a0.16_ms100,$t_{T_\mathrm{max}}$,100.0,cfl,6.467890082122553,6.725383460013508
Set A,B4145_D80_a0.16_ms100,$t_{T_\mathrm{max}}$,100.0,cfl,6.507694251421352,6.617395366148981
Set A,B4145_D80_a0.16_ms100,$t_{T_\mathrm{max}}$,100.0,cfl,6.547492103600758,6.509377679258831
Set A,B4145_D80_a0.16_ms100,$t_{T_\mathrm{max}}$,100.0,cfl,6.587289955780164,6.400602559594415
Set A,B4145_D80_a0.16_ms100,$t_{T_\mathrm{max}}$,100.0,cfl,6.62708780795957,6.28986455141632
Set A,B4145_D80_a0.16_ms100,$t_{T_\mathrm{max}}$,100.0,cfl,6.666891977258371,6.176264314216626
Set A,B4145_D80_a0.16_ms100,$t_{T_\mathrm{max}}$,100.0,cfl,6.706689829437776,6.058224802882558
Set A,B4145_D80_a0.16_ms100,$t_{T_\mathrm{max}}$,100.0,cfl,6.746487681617182,5.933857884290337
Set A,B4145_D80_a0.16_ms100,$t_{T_\mathrm{max}}$,100.0,cfl,6.786285533796589,5.802154945593702
Set A,B4145_D80_a0.16_ms100,$t_{T_\mathrm{max}}$,100.0,cfl,6.826089703095389,5.663367687566295
Set A,B4145_D80_a0.16_ms100,$t_{T_\mathrm{max}}$,100.0,cfl,6.865887555274795,5.519449635057178
Set A,B4145_D80_a0.16_ms100,$t_{T_\mathrm{max}}$,100.0,cfl,6.905685407454201,5.373958590029756
Set A,B4145_D80_a0.16_ms100,$t_{T_\mathrm{max}}$,100.0,cfl,6.9454832596336065,5.231076383030224
Set A,B4145_D80_a0.16_ms100,$t_{T_\mathrm{max}}$,100.0,cfl,6.985287428932407,5.094591958058015
Set A,B4145_D80_a0.16_ms100,$t_{T_\mathrm{max}}$,100.0,cfl,7.025085281111814,4.967367861539149
Set A,B4145_D80_a0.16_ms100,$t_{T_\mathrm{max}}$,100.0,cfl,7.064883133291219,4.850397830445042
Set A,B4145_D80_a0.16_ms100,$t_{T_\mathrm{max}}$,100.0,cfl,7.104680985470625,4.743978003626151
Set A,B4145_D80_a0.16_ms100,$t_{T_\mathrm{max}}$,100.0,cfl,7.1444788376500314,4.647618769184703
Set A,B4145_D80_a0.16_ms100,$t_{T_\mathrm{max}}$,100.0,cfl,7.1842830069488315,4.560249150322361
Set A,B4145_D80_a0.16_ms100,$t_{T_\mathrm{max}}$,100.0,cfl,7.224080859128238,4.492914566476121
Set A,B4145_D80_a0.16_ms100,$t_{T_\mathrm{max}}$,100.0,cfl,7.263878711307644,4.436387108647039
Set A,B4145_D80_a0.16_ms100,$t_{T_\mathrm{max}}$,100.0,cfl,7.30367656348705,4.381547575901329
Set A,B4145_D80_a0.16_ms100,$t_{T_\mathrm{max}}$,100.0,cfl,7.34348073278585,4.327956198213389
Set A,B4145_D80_a0.16_ms100,$t_{T_\mathrm{max}}$,100.0,cfl,7.3832785849652565,4.275363097458165
Set A,B4145_D80_a0.16_ms100,$t_{T_\mathrm{max}}$,100.0,cfl,7.423076437144663,4.223423156449934
Set A,B4145_D80_a0.16_ms100,$t_{T_\mathrm{max}}$,100.0,cfl,7.462874289324068,4.172057531270718
Set A,B4145_D80_a0.16_ms100,$t_{T_\mathrm{max}}$,100.0,cfl,7.502678458622867,4.120899556773826
Set A,B4145_D80_a0.16_ms100,$t_{T_\mathrm{max}}$,100.0,cfl,7.542476310802275,4.069803637775004
Set A,B4145_D80_a0.16_ms100,$t_{T_\mathrm{max}}$,100.0,cfl,7.5822741629816806,4.0185574789263665
Set A,B4145_D80_a0.16_ms100,$t_{T_\mathrm{max}}$,100.0,cfl,7.622072015161087,3.967073930909995
Set A,B4145_D80_a0.16_ms100,$t_{T_\mathrm{max}}$,100.0,cfl,7.661869867340493,3.9149901887794534
Set A,B4145_D80_a0.16_ms100,$t_{T_\mathrm{max}}$,100.0,cfl,7.701674036639292,3.8620287122299017
Set A,B4145_D80_a0.16_ms100,$t_{T_\mathrm{max}}$,100.0,cfl,7.741471888818699,3.807872364798258
Set A,B4145_D80_a0.16_ms100,$t_{T_\mathrm{max}}$,100.0,cfl,7.7812697409981055,3.7522711747559327
Set A,B4145_D80_a0.16_ms100,$t_{T_\mathrm{max}}$,100.0,cfl,7.821067593177512,3.695069788088869
Set A,B4145_D80_a0.16_ms100,$t_{T_\mathrm{max}}$,100.0,cfl,7.860871762476311,3.6359352679725134
Set A,B4145_D80_a0.16_ms100,$t_{T_\mathrm{max}}$,100.0,cfl,7.900669614655716,3.5747674121517368
Set A,B4145_D80_a0.16_ms100,$t_{T_\mathrm{max}}$,100.0,cfl,7.940467466835124,3.511142991266939
Set A,B4145_D80_a0.16_ms100,$t_{T_\mathrm{max}}$,100.0,cfl,7.98026531901453,3.4451716472394733
Set A,B4145_D80_a0.16_ms100,$t_{T_\mathrm{max}}$,100.0,cfl,8.020069488313329,3.3767317720495655
Set A,B4145_D80_a0.16_ms100,$t_{T_\mathrm{max}}$,100.0,cfl,8.059867340492735,3.306004973959048
Set A,B4145_D80_a0.16_ms100,$t_{T_\mathrm{max}}$,100.0,cfl,8.099665192672141,3.2329617391983954
Set A,B4145_D80_a0.16_ms100,$t_{T_\mathrm{max}}$,100.0,cfl,8.13946304485155,3.1579864072305006
Set A,B4145_D80_a0.16_ms100,$t_{T_\mathrm{max}}$,100.0,cfl,8.179267214150348,3.0815010792447683
Set A,B4145_D80_a0.16_ms100,$t_{T_\mathrm{max}}$,100.0,cfl,8.219065066329753,3.0039802828799873
Set A,B4145_D80_a0.16_ms100,$t_{T_\mathrm{max}}$,100.0,cfl,8.258862918509159,2.92610358297216
Set A,B4145_D80_a0.16_ms100,$t_{T_\mathrm{max}}$,100.0,cfl,8.298660770688565,2.8485985105621427
Set A,B4145_D80_a0.16_ms100,$t_{T_\mathrm{max}}$,100.0,cfl,8.338458622867973,2.772668001152382
Set A,B4145_D80_a0.16_ms100,$t_{T_\mathrm{max}}$,100.0,cfl,8.378262792166772,2.6985823539605924
Set A,B4145_D80_a0.16_ms100,$t_{T_\mathrm{max}}$,100.0,cfl,8.418060644346179,2.626818583128901
Set A,B4145_D80_a0.16_ms100,$t_{T_\mathrm{max}}$,100.0,cfl,8.457858496525585,2.557968176314415
Set A,B4145_D80_a0.16_ms100,$t_{T_\mathrm{max}}$,100.0,cfl,8.49765634870499,2.4923269596057263
Set A,B4145_D80_a0.16_ms100,$t_{T_\mathrm{max}}$,100.0,cfl,8.53746051800379,2.430205575776319
Set A,B4145_D80_a0.16_ms100,$t_{T_\mathrm{max}}$,100.0,cfl,8.577258370183197,2.3716543604637397
Set A,B4145_D80_a0.16_ms100,$t_{T_\mathrm{max}}$,100.0,cfl,8.617056222362603,2.3167300070629855
Set A,B4145_D80_a0.16_ms100,$t_{T_\mathrm{max}}$,100.0,cfl,8.656854074542009,2.26531731013101
Set A,B4145_D80_a0.16_ms100,$t_{T_\mathrm{max}}$,100.0,cfl,8.696658243840808,2.217281694488622
Set A,B4145_D80_a0.16_ms100,$t_{T_\mathrm{max}}$,100.0,cfl,8.736456096020214,2.1725005024718893
Set A,B4145_D80_a0.16_ms100,$t_{T_\mathrm{max}}$,100.0,cfl,8.77625394819962,2.130775414969557
Set A,B4145_D80_a0.16_ms100,$t_{T_\mathrm{max}}$,100.0,cfl,8.816051800379027,2.091871237393706
Set A,B4145_D80_a0.16_ms100,$t_{T_\mathrm{max}}$,100.0,cfl,8.855855969677828,2.0555238421094484
Set A,B4145_D80_a0.16_ms100,$t_{T_\mathrm{max}}$,100.0,cfl,8.895653821857234,2.0217139022388486
Set A,B4145_D80_a0.16_ms100,$t_{T_\mathrm{max}}$,100.0,cfl,8.93545167403664,1.9902298497068887
Set A,B4145_D80_a0.16_ms100,$t_{T_\mathrm{max}}$,100.0,cfl,8.975249526216045,1.9608281644296655
Set A,B4145_D80_a0.16_ms100,$t_{T_\mathrm{max}}$,100.0,cfl,9.015047378395451,1.9333125571394332
Set A,B4145_D80_a0.16_ms100,$t_{T_\mathrm{max}}$,100.0,cfl,9.054851547694252,1.9074947054376785
Set A,B4145_D80_a0.16_ms100,$t_{T_\mathrm{max}}$,100.0,cfl,9.094649399873658,1.8831913272988328
Set A,B4145_D80_a0.16_ms100,$t_{T_\mathrm{max}}$,100.0,cfl,9.134447252053064,1.8602872703681341
Set A,B4145_D80_a0.16_ms100,$t_{T_\mathrm{max}}$,100.0,cfl,9.17424510423247,1.8386585420046764
Set A,B4145_D80_a0.16_ms100,$t_{T_\mathrm{max}}$,100.0,cfl,9.21404927353127,1.8182002854059018
Set A,B4145_D80_a0.16_ms100,$t_{T_\mathrm{max}}$,100.0,cfl,9.253847125710676,1.7988034488683418
Set A,B4145_D80_a0.16_ms100,$t_{T_\mathrm{max}}$,100.0,cfl,9.293644977890082,1.780401401971656
Set A,B4145_D80_a0.16_ms100,$t_{T_\mathrm{max}}$,100.0,cfl,9.333442830069488,1.7629207590325968
Set A,B4145_D80_a0.16_ms100,$t_{T_\mathrm{max}}$,100.0,cfl,9.373246999368288,1.746293914760287
Set A,B4145_D80_a0.16_ms100,$t_{T_\mathrm{max}}$,100.0,cfl,9.413044851547696,1.7304508595144497
Set A,B4145_D80_a0.16_ms100,$t_{T_\mathrm{max}}$,100.0,cfl,9.452842703727102,1.7153498754977499
Set A,B4145_D80_a0.16_ms100,$t_{T_\mathrm{max}}$,100.0,cfl,9.492640555906506,1.7009421445268524
Set A,B4145_D80_a0.16_ms100,$t_{T_\mathrm{max}}$,100.0,cfl,9.532438408085913,1.6867564437590372
Set A,B4145_D80_a0.16_ms100,$t_{T_\mathrm{max}}$,100.0,cfl,9.572242577384712,1.672976734564176
Set A,B4145_D80_a0.16_ms100,$t_{T_\mathrm{max}}$,100.0,cfl,9.61204042956412,1.659771821670043
Set A,B4145_D80_a0.16_ms100,$t_{T_\mathrm{max}}$,100.0,cfl,9.651838281743526,1.6471120546113514
Set A,B4145_D80_a0.16_ms100,$t_{T_\mathrm{max}}$,100.0,cfl,9.691636133922932,1.6349591035456756
Set A,B4145_D80_a0.16_ms100,$t_{T_\mathrm{max}}$,100.0,cfl,9.731440303221731,1.6233047234770543
Set A,B4145_D80_a0.16_ms100,$t_{T_\mathrm{max}}$,100.0,cfl,9.771238155401138,1.612106506981679
Set A,B4145_D80_a0.16_ms100,$t_{T_\mathrm{max}}$,100.0,cfl,9.811036007580544,1.601349607451869
Set A,B4145_D80_a0.16_ms100,$t_{T_\mathrm{max}}$,100.0,cfl,9.85083385975995,1.5910197888101245
Set A,B4145_D80_a0.16_ms100,$t_{T_\mathrm{max}}$,100.0,cfl,9.89063802905875,1.5810810642386113
Set A,B4145_D80_a0.16_ms100,$t_{T_\mathrm{max}}$,100.0,cfl,9.930435881238155,1.5715219646900676
Set A,B4145_D80_a0.16_ms100,$t_{T_\mathrm{max}}$,100.0,cfl,9.970233733417562,1.5623242881167863
Set A,B4145_D80_a0.16_ms100,$t_{T_\mathrm{max}}$,100.0,cfl,10.010031585596968,1.5534772441033484
Set A,B4145_D80_a0.16_ms100,$t_{T_\mathrm{max}}$,100.0,cfl,10.049835754895767,1.5449524212351495
Set A,B4145_D80_a0.16_ms100,$t_{T_\mathrm{max}}$,100.0,cfl,10.089633607075173,1.5367416388501733
Set A,B4145_D80_a0.16_ms100,$t_{T_\mathrm{max}}$,100.0,cfl,10.12943145925458,1.528825829801977
Set A,B4145_D80_a0.16_ms100,$t_{T_\mathrm{max}}$,100.0,cfl,10.169229311433986,1.5211992300666817
Set A,B4145_D80_a0.16_ms100,$t_{T_\mathrm{max}}$,100.0,cfl,10.209027163613394,1.513852000353759
Set A,B4145_D80_a0.16_ms100,$t_{T_\mathrm{max}}$,100.0,cfl,10.248831332912193,1.5067483494412681
Set A,B4145_D80_a0.16_ms100,$t_{T_\mathrm{max}}$,100.0,cfl,10.288629185091597,1.499908424507324
Set A,B4145_D80_a0.16_ms100,$t_{T_\mathrm{max}}$,100.0,cfl,10.328427037271004,1.4933028908929002
Set A,B4145_D80_a0.16_ms100,$t_{T_\mathrm{max}}$,100.0,cfl,10.36822488945041,1.4869262347120167
Set A,B4145_D80_a0.16_ms100,$t_{T_\mathrm{max}}$,100.0,cfl,10.40802905874921,1.4807690585547706
Set A,B4145_D80_a0.16_ms100,$t_{T_\mathrm{max}}$,100.0,cfl,10.447826910928617,1.4748221060271773
Set A,B4145_D80_a0.16_ms100,$t_{T_\mathrm{max}}$,100.0,cfl,10.487624763108023,1.46908041966985
Set A,B4145_D80_a0.16_ms100,$t_{T_\mathrm{max}}$,100.0,cfl,10.52742261528743,1.4635285530106141
Set A,B4145_D80_a0.16_ms100,$t_{T_\mathrm{max}}$,100.0,cfl,10.567226784586229,1.458162435217367
Set A,B4145_D80_a0.16_ms100,$t_{T_\mathrm{max}}$,100.0,cfl,10.607024636765635,1.4529747727747593
Set A,B4145_D80_a0.16_ms100,$t_{T_\mathrm{max}}$,100.0,cfl,10.646822488945041,1.4501158033513286
Set A,B4145_D80_a0.16_ms100,$t_{T_\mathrm{max}}$,100.0,cfl,10.686620341124447,1.4501158033513286
Set A,B4145_D80_a0.16_ms100,$t_{T_\mathrm{max}}$,100.0,cfl,10.726424510423248,1.4501158033513286
Set A,B4145_D80_a0.16_ms100,$t_{T_\mathrm{max}}$,100.0,cfl,10.766222362602655,1.4501158033513286
Set A,B4145_D80_a0.16_ms100,$t_{T_\mathrm{max}}$,100.0,cfl,10.806020214782059,1.4501158033513286
Set A,B4145_D80_a0.16_ms100,$t_{T_\mathrm{max}}$,100.0,cfl,10.845818066961465,1.4501158033513286
Set A,B4145_D80_a0.16_ms100,$t_{T_\mathrm{max}}$,100.0,cfl,10.885615919140871,1.4501158033513286
Set A,B4145_D80_a0.16_ms100,$t_{T_\mathrm{max}}$,100.0,cfl,10.925420088439672,1.4501158033513286
Set A,B4145_D80_a0.16_ms100,$t_{T_\mathrm{max}}$,100.0,cfl,10.965217940619079,1.4501158033513286
Set A,B4145_D80_a0.16_ms100,$t_{T_\mathrm{max}}$,100.0,cfl,11.005015792798485,1.4501158033513286
Set A,B4145_D80_a0.16_ms100,$t_{T_\mathrm{max}}$,100.0,cfl,11.044813644977891,1.4501158033513286
Set A,B4145_D80_a0.16_ms100,$t_{T_\mathrm{max}}$,100.0,cfl,11.08461781427669,1.4501158033513286
Set A,B4145_D80_a0.16_ms100,$t_{T_\mathrm{max}}$,100.0,cfl,11.124415666456096,1.4501158033513286
Set A,B4145_D80_a0.16_ms100,$t_{T_\mathrm{max}}$,100.0,cfl,11.164213518635503,1.4501158033513286
Set A,B4145_D80_a0.16_ms100,$t_{T_\mathrm{max}}$,100.0,cfl,11.204011370814909,1.4501158033513286
Set A,B4145_D80_a0.16_ms100,$t_{T_\mathrm{max}}$,100.0,cfl,11.243815540113708,1.4501158033513286
Set A,B4145_D80_a0.16_ms100,$t_{T_\mathrm{max}}$,100.0,cfl,11.283613392293114,1.4501158033513286
Set A,B4145_D80_a0.16_ms100,$t_{T_\mathrm{max}}$,100.0,cfl,11.32341124447252,1.4501158033513286
Set A,B4145_D80_a0.16_ms100,$t_{T_\mathrm{max}}$,100.0,cfl,11.363209096651927,1.4501158033513286
Set A,B4145_D80_a0.16_ms100,$t_{T_\mathrm{max}}$,100.0,cfl,11.403006948831333,1.4501158033513286
Set A,B4145_D80_a0.16_ms100,$t_{T_\mathrm{max}}$,100.0,cfl,11.442811118130132,1.4501158033513286
Set A,B4145_D80_a0.16_ms100,$t_{T_\mathrm{max}}$,100.0,cfl,11.482608970309538,1.4501158033513286
Set A,B4145_D80_a0.16_ms100,$t_{T_\mathrm{max}}$,100.0,cfl,11.522406822488946,1.4501158033513286
Set A,B4145_D80_a0.16_ms100,$t_{T_\mathrm{max}}$,100.0,cfl,11.562204674668353,1.4501158033513286
Set A,B4145_D80_a0.16_ms100,$t_{T_\mathrm{max}}$,100.0,cfl,11.602008843967152,1.4501158033513286
Set A,B4145_D80_a0.16_ms100,$t_{T_\mathrm{max}}$,100.0,cfl,11.641806696146556,1.4501158033513286
Set A,B4145_D80_a0.16_ms100,$t_{T_\mathrm{max}}$,100.0,cfl,11.681604548325963,1.4501158033513286
Set A,B4145_D80_a0.16_ms100,$t_{T_\mathrm{max}}$,100.0,cfl,11.72140240050537,1.4501158033513286
Set A,B4145_D80_a0.16_ms100,$t_{T_\mathrm{max}}$,100.0,cfl,11.76120656980417,1.4501158033513286
Set A,B4145_D80_a0.16_ms100,$t_{T_\mathrm{max}}$,100.0,cfl,11.801004421983576,1.4501158033513286
Set A,B4145_D80_a0.16_ms100,$t_{T_\mathrm{max}}$,100.0,cfl,11.840802274162982,1.4501158033513286
Set A,B4145_D80_a0.16_ms100,$t_{T_\mathrm{max}}$,100.0,cfl,11.880600126342388,1.4501158033513286
Set A,B4145_D80_a0.16_ms100,$t_{T_\mathrm{max}}$,100.0,cfl,11.920404295641188,1.4501158033513286
Set A,B4145_D80_a0.16_ms100,$t_{T_\mathrm{max}}$,100.0,cfl,11.960202147820594,1.4501158033513286
Set A,B4145_D80_a0.16_ms100,$t_{T_\mathrm{max}}$,100.0,cfl,12.0,1.4501158033513286
Set A,B4145_D80_a0.16_ms100,$t_{T_\mathrm{max}}$,100.0,unpCFL,0.1,93.7416753239774
Set A,B4145_D80_a0.16_ms100,$t_{T_\mathrm{max}}$,100.0,unpCFL,0.13979930511686672,88.71144559127212
Set A,B4145_D80_a0.16_ms100,$t_{T_\mathrm{max}}$,100.0,unpCFL,0.17959867340492736,84.4277015614139
Set A,B4145_D80_a0.16_ms100,$t_{T_\mathrm{max}}$,100.0,unpCFL,0.21939797852179407,80.67945685981465
Set A,B4145_D80_a0.16_ms100,$t_{T_\mathrm{max}}$,100.0,unpCFL,0.25919734680985473,77.33815126537523
Set A,B4145_D80_a0.16_ms100,$t_{T_\mathrm{max}}$,100.0,unpCFL,0.2989966519267214,74.3216753421074
Set A,B4145_D80_a0.16_ms100,$t_{T_\mathrm{max}}$,100.0,unpCFL,0.33879595704358817,71.57664191385396
Set A,B4145_D80_a0.16_ms100,$t_{T_\mathrm{max}}$,100.0,unpCFL,0.3785953253316488,69.06773522236233
Set A,B4145_D80_a0.16_ms100,$t_{T_\mathrm{max}}$,100.0,unpCFL,0.4183946304485155,66.77088501594953
Set A,B4145_D80_a0.16_ms100,$t_{T_\mathrm{max}}$,100.0,unpCFL,0.4581939987365761,64.66850042930251
Set A,B4145_D80_a0.16_ms100,$t_{T_\mathrm{max}}$,100.0,unpCFL,0.49799330385344287,62.745283980401275
Set A,B4145_D80_a0.16_ms100,$t_{T_\mathrm{max}}$,100.0,unpCFL,0.5377926721415035,60.9885623493925
Set A,B4145_D80_a0.16_ms100,$t_{T_\mathrm{max}}$,100.0,unpCFL,0.5775919772583702,59.382656930311164
Set A,B4145_D80_a0.16_ms100,$t_{T_\mathrm{max}}$,100.0,unpCFL,0.6173912823752369,57.91544100638728
Set A,B4145_D80_a0.16_ms100,$t_{T_\mathrm{max}}$,100.0,unpCFL,0.6571907770056854,56.57086698488183
Set A,B4145_D80_a0.16_ms100,$t_{T_\mathrm{max}}$,100.0,unpCFL,0.6969898926089704,55.34680485333822
Set A,B4145_D80_a0.16_ms100,$t_{T_\mathrm{max}}$,100.0,unpCFL,0.7367890082122552,54.21338432593428
Set A,B4145_D80_a0.16_ms100,$t_{T_\mathrm{max}}$,100.0,unpCFL,0.7765887555274795,53.16310617640436
Set A,B4145_D80_a0.16_ms100,$t_{T_\mathrm{max}}$,100.0,unpCFL,0.8163878711307644,52.205659552860666
Set A,B4145_D80_a0.16_ms100,$t_{T_\mathrm{max}}$,100.0,unpCFL,0.8561869867340492,51.30905351408734
Set A,B4145_D80_a0.16_ms100,$t_{T_\mathrm{max}}$,100.0,unpCFL,0.8959867340492736,50.47166015952719
Set A,B4145_D80_a0.16_ms100,$t_{T_\mathrm{max}}$,100.0,unpCFL,0.9357858496525585,49.72553908579152
Set A,B4145_D80_a0.16_ms100,$t_{T_\mathrm{max}}$,100.0,unpCFL,0.9755855969677827,49.03346195461549
Set A,B4145_D80_a0.16_ms100,$t_{T_\mathrm{max}}$,100.0,unpCFL,1.0153847125710675,48.3301223687208
Set A,B4145_D80_a0.16_ms100,$t_{T_\mathrm{max}}$,100.0,unpCFL,1.0551838281743526,47.634476436028365
Set A,B4145_D80_a0.16_ms100,$t_{T_\mathrm{max}}$,100.0,unpCFL,1.0949835754895767,46.98275753070923
Set A,B4145_D80_a0.16_ms100,$t_{T_\mathrm{max}}$,100.0,unpCFL,1.1347826910928616,46.35830365625908
Set A,B4145_D80_a0.16_ms100,$t_{T_\mathrm{max}}$,100.0,unpCFL,1.1745818066961466,45.71029609698902
Set A,B4145_D80_a0.16_ms100,$t_{T_\mathrm{max}}$,100.0,unpCFL,1.214381554011371,45.00962356006848
Set A,B4145_D80_a0.16_ms100,$t_{T_\mathrm{max}}$,100.0,unpCFL,1.2541806696146558,44.291158773593104
Set A,B4145_D80_a0.16_ms100,$t_{T_\mathrm{max}}$,100.0,unpCFL,1.2939797852179407,43.58588479621501
Set A,B4145_D80_a0.16_ms100,$t_{T_\mathrm{max}}$,100.0,unpCFL,1.333779532533165,42.8859752705293
Set A,B4145_D80_a0.16_ms100,$t_{T_\mathrm{max}}$,100.0,unpCFL,1.3735786481364498,42.18592538394455
Set A,B4145_D80_a0.16_ms100,$t_{T_\mathrm{max}}$,100.0,unpCFL,1.413377763739735,41.50692600731107
Set A,B4145_D80_a0.16_ms100,$t_{T_\mathrm{max}}$,100.0,unpCFL,1.453177511054959,40.8637402812823
Set A,B4145_D80_a0.16_ms100,$t_{T_\mathrm{max}}$,100.0,unpCFL,1.4929766266582438,40.25340825299824
Set A,B4145_D80_a0.16_ms100,$t_{T_\mathrm{max}}$,100.0,unpCFL,1.532775742261529,39.67183536028336
Set A,B4145_D80_a0.16_ms100,$t_{T_\mathrm{max}}$,100.0,unpCFL,1.5725754895767532,39.11806654330433
Set A,B4145_D80_a0.16_ms100,$t_{T_\mathrm{max}}$,100.0,unpCFL,1.6123746051800378,38.59263538837848
Set A,B4145_D80_a0.16_ms100,$t_{T_\mathrm{max}}$,100.0,unpCFL,1.652173720783323,38.09546770702769
Set A,B4145_D80_a0.16_ms100,$t_{T_\mathrm{max}}$,100.0,unpCFL,1.6919734680985472,37.625721996558646
Set A,B4145_D80_a0.16_ms100,$t_{T_\mathrm{max}}$,100.0,unpCFL,1.7317725837018318,37.18144165555933
Set A,B4145_D80_a0.16_ms100,$t_{T_\mathrm{max}}$,100.0,unpCFL,1.771571699305117,36.760753279998404
Set A,B4145_D80_a0.16_ms100,$t_{T_\mathrm{max}}$,100.0,unpCFL,1.8113714466203412,36.36224657147705
Set A,B4145_D80_a0.16_ms100,$t_{T_\mathrm{max}}$,100.0,unpCFL,1.8511705622236259,35.984857187788776
Set A,B4145_D80_a0.16_ms100,$t_{T_\mathrm{max}}$,100.0,unpCFL,1.890969677826911,35.62771062724338
Set A,B4145_D80_a0.16_ms100,$t_{T_\mathrm{max}}$,100.0,unpCFL,1.9307694251421352,35.28986033755032
Set A,B4145_D80_a0.16_ms100,$t_{T_\mathrm{max}}$,100.0,unpCFL,1.9705685407454203,34.97036701426117
Set A,B4145_D80_a0.16_ms100,$t_{T_\mathrm{max}}$,100.0,unpCFL,2.010367656348705,34.66826631756041
Set A,B4145_D80_a0.16_ms100,$t_{T_\mathrm{max}}$,100.0,unpCFL,2.050167403663929,34.383063139314864
Set A,B4145_D80_a0.16_ms100,$t_{T_\mathrm{max}}$,100.0,unpCFL,2.089966519267214,34.11345227945087
Set A,B4145_D80_a0.16_ms100,$t_{T_\mathrm{max}}$,100.0,unpCFL,2.129765634870499,33.85941951358637
Set A,B4145_D80_a0.16_ms100,$t_{T_\mathrm{max}}$,100.0,unpCFL,2.169565382185723,33.61996102132511
Set A,B4145_D80_a0.16_ms100,$t_{T_\mathrm{max}}$,100.0,unpCFL,2.209364497789008,33.39486856844354
Set A,B4145_D80_a0.16_ms100,$t_{T_\mathrm{max}}$,100.0,unpCFL,2.249163613392293,33.18379197151014
Set A,B4145_D80_a0.16_ms100,$t_{T_\mathrm{max}}$,100.0,unpCFL,2.2889633607075175,32.985583773636534
Set A,B4145_D80_a0.16_ms100,$t_{T_\mathrm{max}}$,100.0,unpCFL,2.328762476310802,32.800312787888096
Set A,B4145_D80_a0.16_ms100,$t_{T_\mathrm{max}}$,100.0,unpCFL,2.368561591914087,32.626928883750324
Set A,B4145_D80_a0.16_ms100,$t_{T_\mathrm{max}}$,100.0,unpCFL,2.4083613392293115,32.465152137246726
Set A,B4145_D80_a0.16_ms100,$t_{T_\mathrm{max}}$,100.0,unpCFL,2.448160454832596,32.31485264248577
Set A,B4145_D80_a0.16_ms100,$t_{T_\mathrm{max}}$,100.0,unpCFL,2.4879595704358817,32.175419046283466
Set A,B4145_D80_a0.16_ms100,$t_{T_\mathrm{max}}$,100.0,unpCFL,2.5277593177511055,32.04574892677061
Set A,B4145_D80_a0.16_ms100,$t_{T_\mathrm{max}}$,100.0,unpCFL,2.56755843335439,31.926361120902452
Set A,B4145_D80_a0.16_ms100,$t_{T_\mathrm{max}}$,100.0,unpCFL,2.6073575489576757,31.815531566651806
Set A,B4145_D80_a0.16_ms100,$t_{T_\mathrm{max}}$,100.0,unpCFL,2.6471572962728995,31.714181593776868
Set A,B4145_D80_a0.16_ms100,$t_{T_\mathrm{max}}$,100.0,unpCFL,2.686956411876184,31.620581907060892
Set A,B4145_D80_a0.16_ms100,$t_{T_\mathrm{max}}$,100.0,unpCFL,2.726756159191409,31.53498178105241
Set A,B4145_D80_a0.16_ms100,$t_{T_\mathrm{max}}$,100.0,unpCFL,2.7665552747946935,31.456187062214635
Set A,B4145_D80_a0.16_ms100,$t_{T_\mathrm{max}}$,100.0,unpCFL,2.8063543903979786,31.384418849453223
Set A,B4145_D80_a0.16_ms100,$t_{T_\mathrm{max}}$,100.0,unpCFL,2.846154137713203,31.319345897729075
Set A,B4145_D80_a0.16_ms100,$t_{T_\mathrm{max}}$,100.0,unpCFL,2.8859532533164876,31.259848897470327
Set A,B4145_D80_a0.16_ms100,$t_{T_\mathrm{max}}$,100.0,unpCFL,2.9257523689197726,31.205611760403475
Set A,B4145_D80_a0.16_ms100,$t_{T_\mathrm{max}}$,100.0,unpCFL,2.965552116234997,31.156438895597255
Set A,B4145_D80_a0.16_ms100,$t_{T_\mathrm{max}}$,100.0,unpCFL,3.0053512318382816,31.11201031991232
Set A,B4145_D80_a0.16_ms100,$t_{T_\mathrm{max}}$,100.0,unpCFL,3.0451503474415667,31.071596208539358
Set A,B4145_D80_a0.16_ms100,$t_{T_\mathrm{max}}$,100.0,unpCFL,3.084950094756791,31.034757430403864
Set A,B4145_D80_a0.16_ms100,$t_{T_\mathrm{max}}$,100.0,unpCFL,3.124749210360076,31.001527115463386
Set A,B4145_D80_a0.16_ms100,$t_{T_\mathrm{max}}$,100.0,unpCFL,3.1645483259633607,30.970557665050638
Set A,B4145_D80_a0.16_ms100,$t_{T_\mathrm{max}}$,100.0,unpCFL,3.204348073278585,30.942466773479048
Set A,B4145_D80_a0.16_ms100,$t_{T_\mathrm{max}}$,100.0,unpCFL,3.2441471888818696,30.91660450789037
Set A,B4145_D80_a0.16_ms100,$t_{T_\mathrm{max}}$,100.0,unpCFL,3.283946304485155,30.89227566464418
Set A,B4145_D80_a0.16_ms100,$t_{T_\mathrm{max}}$,100.0,unpCFL,3.323746051800379,30.86944881062097
Set A,B4145_D80_a0.16_ms100,$t_{T_\mathrm{max}}$,100.0,unpCFL,3.3635451674036636,30.84787334104733
Set A,B4145_D80_a0.16_ms100,$t_{T_\mathrm{max}}$,100.0,unpCFL,3.403344283006949,30.827155520719526
Set A,B4145_D80_a0.16_ms100,$t_{T_\mathrm{max}}$,100.0,unpCFL,3.443144030322173,30.806276582760475
Set A,B4145_D80_a0.16_ms100,$t_{T_\mathrm{max}}$,100.0,unpCFL,3.4829431459254576,30.78629285212168
Set A,B4145_D80_a0.16_ms100,$t_{T_\mathrm{max}}$,100.0,unpCFL,3.522742261528743,30.765601275672747
Set A,B4145_D80_a0.16_ms100,$t_{T_\mathrm{max}}$,100.0,unpCFL,3.562542008843967,30.744924327847787
Set A,B4145_D80_a0.16_ms100,$t_{T_\mathrm{max}}$,100.0,unpCFL,3.6023411244472525,30.723416845439772
Set A,B4145_D80_a0.16_ms100,$t_{T_\mathrm{max}}$,100.0,unpCFL,3.642140240050537,30.70083372890959
Set A,B4145_D80_a0.16_ms100,$t_{T_\mathrm{max}}$,100.0,unpCFL,3.681939987365761,30.67713563617459
Set A,B4145_D80_a0.16_ms100,$t_{T_\mathrm{max}}$,100.0,unpCFL,3.7217391029690465,30.652476650508245
Set A,B4145_D80_a0.16_ms100,$t_{T_\mathrm{max}}$,100.0,unpCFL,3.761538218572331,30.625537849048705
Set A,B4145_D80_a0.16_ms100,$t_{T_\mathrm{max}}$,100.0,unpCFL,3.801337965887555,30.59725523000795
Set A,B4145_D80_a0.16_ms100,$t_{T_\mathrm{max}}$,100.0,unpCFL,3.8411370814908405,30.566855018474143
Set A,B4145_D80_a0.16_ms100,$t_{T_\mathrm{max}}$,100.0,unpCFL,3.880936197094125,30.53451743713101
Set A,B4145_D80_a0.16_ms100,$t_{T_\mathrm{max}}$,100.0,unpCFL,3.92073594440935,30.499254401683782
Set A,B4145_D80_a0.16_ms100,$t_{T_\mathrm{max}}$,100.0,unpCFL,3.9605350600126346,30.462030284297892
Set A,B4145_D80_a0.16_ms100,$t_{T_\mathrm{max}}$,100.0,unpCFL,4.00033417561592,30.42200686565846
Set A,B4145_D80_a0.16_ms100,$t_{T_\mathrm{max}}$,100.0,unpCFL,4.040133922931144,30.379050941915356
Set A,B4145_D80_a0.16_ms100,$t_{T_\mathrm{max}}$,100.0,unpCFL,4.079933038534429,30.333550187857757
Set A,B4145_D80_a0.16_ms100,$t_{T_\mathrm{max}}$,100.0,unpCFL,4.119732154137713,30.284911194889105
Set A,B4145_D80_a0.16_ms100,$t_{T_\mathrm{max}}$,100.0,unpCFL,4.1595319014529375,30.233062660918705
Set A,B4145_D80_a0.16_ms100,$t_{T_\mathrm{max}}$,100.0,unpCFL,4.199331017056222,30.178030648643247
Set A,B4145_D80_a0.16_ms100,$t_{T_\mathrm{max}}$,100.0,unpCFL,4.239130132659508,30.11981792536999
Set A,B4145_D80_a0.16_ms100,$t_{T_\mathrm{max}}$,100.0,unpCFL,4.278929879974732,30.058444022925926
Set A,B4145_D80_a0.16_ms100,$t_{T_\mathrm{max}}$,100.0,unpCFL,4.318728995578017,29.99307830885109
Set A,B4145_D80_a0.16_ms100,$t_{T_\mathrm{max}}$,100.0,unpCFL,4.358528742893241,29.92483313210196
Set A,B4145_D80_a0.16_ms100,$t_{T_\mathrm{max}}$,100.0,unpCFL,4.3983278584965255,29.852945239951694
Set A,B4145_D80_a0.16_ms100,$t_{T_\mathrm{max}}$,100.0,unpCFL,4.43812697409981,29.777687943138854
Set A,B4145_D80_a0.16_ms100,$t_{T_\mathrm{max}}$,100.0,unpCFL,4.477926721415035,29.69879528619289
Set A,B4145_D80_a0.16_ms100,$t_{T_\mathrm{max}}$,100.0,unpCFL,4.51772583701832,29.616225375744218
Set A,B4145_D80_a0.16_ms100,$t_{T_\mathrm{max}}$,100.0,unpCFL,4.557524952621605,29.529897179214224
Set A,B4145_D80_a0.16_ms100,$t_{T_\mathrm{max}}$,100.0,unpCFL,4.597324699936829,29.440062037768936
Set A,B4145_D80_a0.16_ms100,$t_{T_\mathrm{max}}$,100.0,unpCFL,4.6371238155401135,29.34697742744995
Set A,B4145_D80_a0.16_ms100,$t_{T_\mathrm{max}}$,100.0,unpCFL,4.676922931143398,29.249640173953487
Set A,B4145_D80_a0.16_ms100,$t_{T_\mathrm{max}}$,100.0,unpCFL,4.716722678458623,29.14894214844417
Set A,B4145_D80_a0.16_ms100,$t_{T_\mathrm{max}}$,100.0,unpCFL,4.756521794061908,29.044507802572873
Set A,B4145_D80_a0.16_ms100,$t_{T_\mathrm{max}}$,100.0,unpCFL,4.796320909665193,28.936798866878583
Set A,B4145_D80_a0.16_ms100,$t_{T_\mathrm{max}}$,100.0,unpCFL,4.836120656980417,28.82507421393781
Set A,B4145_D80_a0.16_ms100,$t_{T_\mathrm{max}}$,100.0,unpCFL,4.875919772583702,28.709805742001166
Set A,B4145_D80_a0.16_ms100,$t_{T_\mathrm{max}}$,100.0,unpCFL,4.915718888186986,28.590841506081297
Set A,B4145_D80_a0.16_ms100,$t_{T_\mathrm{max}}$,100.0,unpCFL,4.955518635502211,28.46825404021602
Set A,B4145_D80_a0.16_ms100,$t_{T_\mathrm{max}}$,100.0,unpCFL,4.995317751105496,28.34213151817707
Set A,B4145_D80_a0.16_ms100,$t_{T_\mathrm{max}}$,100.0,unpCFL,5.035116866708781,28.212536104128183
Set A,B4145_D80_a0.16_ms100,$t_{T_\mathrm{max}}$,100.0,unpCFL,5.074916614024005,28.079397215223295
Set A,B4145_D80_a0.16_ms100,$t_{T_\mathrm{max}}$,100.0,unpCFL,5.11471572962729,27.942037986760532
Set A,B4145_D80_a0.16_ms100,$t_{T_\mathrm{max}}$,100.0,unpCFL,5.154514845230575,27.80148372993409
Set A,B4145_D80_a0.16_ms100,$t_{T_\mathrm{max}}$,100.0,unpCFL,5.194314592545799,27.657641424732404
Set A,B4145_D80_a0.16_ms100,$t_{T_\mathrm{max}}$,100.0,unpCFL,5.234113708149084,27.5094120048015
Set A,B4145_D80_a0.16_ms100,$t_{T_\mathrm{max}}$,100.0,unpCFL,5.273912823752369,27.358401103371406
Set A,B4145_D80_a0.16_ms100,$t_{T_\mathrm{max}}$,100.0,unpCFL,5.313712571067593,27.203230142362123
Set A,B4145_D80_a0.16_ms100,$t_{T_\mathrm{max}}$,100.0,unpCFL,5.353511686670878,27.04450639160199
Set A,B4145_D80_a0.16_ms100,$t_{T_\mathrm{max}}$,100.0,unpCFL,5.393310802274163,26.88215561801508
Set A,B4145_D80_a0.16_ms100,$t_{T_\mathrm{max}}$,100.0,unpCFL,5.433110549589387,26.716309037473597
Set A,B4145_D80_a0.16_ms100,$t_{T_\mathrm{max}}$,100.0,unpCFL,5.472909665192672,26.546693552021765
Set A,B4145_D80_a0.16_ms100,$t_{T_\mathrm{max}}$,100.0,unpCFL,5.512708780795958,26.37306517706651
Set A,B4145_D80_a0.16_ms100,$t_{T_\mathrm{max}}$,100.0,unpCFL,5.552508528111181,26.19609589923142
Set A,B4145_D80_a0.16_ms100,$t_{T_\mathrm{max}}$,100.0,unpCFL,5.592307643714466,26.01530319247186
Set A,B4145_D80_a0.16_ms100,$t_{T_\mathrm{max}}$,100.0,unpCFL,5.632106759317751,25.830489189454322
Set A,B4145_D80_a0.16_ms100,$t_{T_\mathrm{max}}$,100.0,unpCFL,5.6719065066329755,25.641914892809655
Set A,B4145_D80_a0.16_ms100,$t_{T_\mathrm{max}}$,100.0,unpCFL,5.711705622236261,25.449928651618055
Set A,B4145_D80_a0.16_ms100,$t_{T_\mathrm{max}}$,100.0,unpCFL,5.751504737839546,25.253616535787167
Set A,B4145_D80_a0.16_ms100,$t_{T_\mathrm{max}}$,100.0,unpCFL,5.791304485154769,25.053640309177148
Set A,B4145_D80_a0.16_ms100,$t_{T_\mathrm{max}}$,100.0,unpCFL,5.831103600758055,24.849822374352197
Set A,B4145_D80_a0.16_ms100,$t_{T_\mathrm{max}}$,100.0,unpCFL,5.870902716361339,24.641565629744168
Set A,B4145_D80_a0.16_ms100,$t_{T_\mathrm{max}}$,100.0,unpCFL,5.9107024636765635,24.429984734954104
Set A,B4145_D80_a0.16_ms100,$t_{T_\mathrm{max}}$,100.0,unpCFL,5.950501579279849,24.213813750242846
Set A,B4145_D80_a0.16_ms100,$t_{T_\mathrm{max}}$,100.0,unpCFL,5.990300694883134,23.993963400738817
Set A,B4145_D80_a0.16_ms100,$t_{T_\mathrm{max}}$,100.0,unpCFL,6.030100442198358,23.76990352202527
Set A,B4145_D80_a0.16_ms100,$t_{T_\mathrm{max}}$,100.0,unpCFL,6.069899557801643,23.54147407617979
Set A,B4145_D80_a0.16_ms100,$t_{T_\mathrm{max}}$,100.0,unpCFL,6.109699305116867,23.309199345739177
Set A,B4145_D80_a0.16_ms100,$t_{T_\mathrm{max}}$,100.0,unpCFL,6.149498420720152,23.07217206200475
Set A,B4145_D80_a0.16_ms100,$t_{T_\mathrm{max}}$,100.0,unpCFL,6.189297536323437,22.831308863199215
Set A,B4145_D80_a0.16_ms100,$t_{T_\mathrm{max}}$,100.0,unpCFL,6.22909728363866,22.585933175671514
Set A,B4145_D80_a0.16_ms100,$t_{T_\mathrm{max}}$,100.0,unpCFL,6.268896399241946,22.336017225514446
Set A,B4145_D80_a0.16_ms100,$t_{T_\mathrm{max}}$,100.0,unpCFL,6.308695514845231,22.082188512380597
Set A,B4145_D80_a0.16_ms100,$t_{T_\mathrm{max}}$,100.0,unpCFL,6.348496525584333,21.823086545732085
Set A,B4145_D80_a0.16_ms100,$t_{T_\mathrm{max}}$,100.0,unpCFL,6.3882943777637395,21.5602137054841
Set A,B4145_D80_a0.16_ms100,$t_{T_\mathrm{max}}$,100.0,unpCFL,6.428092229943147,21.292459178766787
Set A,B4145_D80_a0.16_ms100,$t_{T_\mathrm{max}}$,100.0,unpCFL,6.467890082122553,21.020029296347513
Set A,B4145_D80_a0.16_ms100,$t_{T_\mathrm{max}}$,100.0,unpCFL,6.507694251421352,20.74386722875564
Set A,B4145_D80_a0.16_ms100,$t_{T_\mathrm{max}}$,100.0,unpCFL,6.547492103600758,20.46241030002214
Set A,B4145_D80_a0.16_ms100,$t_{T_\mathrm{max}}$,100.0,unpCFL,6.587289955780164,20.176565809003026
Set A,B4145_D80_a0.16_ms100,$t_{T_\mathrm{max}}$,100.0,unpCFL,6.62708780795957,19.88591855081214
Set A,B4145_D80_a0.16_ms100,$t_{T_\mathrm{max}}$,100.0,unpCFL,6.666891977258371,19.590013655983974
Set A,B4145_D80_a0.16_ms100,$t_{T_\mathrm{max}}$,100.0,unpCFL,6.706689829437776,19.289014181186225
Set A,B4145_D80_a0.16_ms100,$t_{T_\mathrm{max}}$,100.0,unpCFL,6.746487681617182,18.98364393226582
Set A,B4145_D80_a0.16_ms100,$t_{T_\mathrm{max}}$,100.0,unpCFL,6.786285533796589,18.673783915750132
Set A,B4145_D80_a0.16_ms100,$t_{T_\mathrm{max}}$,100.0,unpCFL,6.826089703095389,18.35991586384585
Set A,B4145_D80_a0.16_ms100,$t_{T_\mathrm{max}}$,100.0,unpCFL,6.865887555274795,18.040561378675314
Set A,B4145_D80_a0.16_ms100,$t_{T_\mathrm{max}}$,100.0,unpCFL,6.905685407454201,17.71678124691845
Set A,B4145_D80_a0.16_ms100,$t_{T_\mathrm{max}}$,100.0,unpCFL,6.9454832596336065,17.388277991607996
Set A,B4145_D80_a0.16_ms100,$t_{T_\mathrm{max}}$,100.0,unpCFL,6.985287428932407,17.05417467154677
Set A,B4145_D80_a0.16_ms100,$t_{T_\mathrm{max}}$,100.0,unpCFL,7.025085281111814,16.71359535662028
Set A,B4145_D80_a0.16_ms100,$t_{T_\mathrm{max}}$,100.0,unpCFL,7.064883133291219,16.368246086598266
Set A,B4145_D80_a0.16_ms100,$t_{T_\mathrm{max}}$,100.0,unpCFL,7.104680985470625,16.017786927825664
Set A,B4145_D80_a0.16_ms100,$t_{T_\mathrm{max}}$,100.0,unpCFL,7.1444788376500314,15.668489558912702
Set A,B4145_D80_a0.16_ms100,$t_{T_\mathrm{max}}$,100.0,unpCFL,7.1842830069488315,15.322807811233007
Set A,B4145_D80_a0.16_ms100,$t_{T_\mathrm{max}}$,100.0,unpCFL,7.224080859128238,14.981145526847301
Set A,B4145_D80_a0.16_ms100,$t_{T_\mathrm{max}}$,100.0,unpCFL,7.263878711307644,14.642541679467517
Set A,B4145_D80_a0.16_ms100,$t_{T_\mathrm{max}}$,100.0,unpCFL,7.30367656348705,14.305455117034898
Set A,B4145_D80_a0.16_ms100,$t_{T_\mathrm{max}}$,100.0,unpCFL,7.34348073278585,13.968535793875343
Set A,B4145_D80_a0.16_ms100,$t_{T_\mathrm{max}}$,100.0,unpCFL,7.3832785849652565,13.634262304348836
Set A,B4145_D80_a0.16_ms100,$t_{T_\mathrm{max}}$,100.0,unpCFL,7.423076437144663,13.305270186862085
Set A,B4145_D80_a0.16_ms100,$t_{T_\mathrm{max}}$,100.0,unpCFL,7.462874289324068,12.98438273373927
Set A,B4145_D80_a0.16_ms100,$t_{T_\mathrm{max}}$,100.0,unpCFL,7.502678458622867,12.670439915203632
Set A,B4145_D80_a0.16_ms100,$t_{T_\mathrm{max}}$,100.0,unpCFL,7.542476310802275,12.36388530819035
Set A,B4145_D80_a0.16_ms100,$t_{T_\mathrm{max}}$,100.0,unpCFL,7.5822741629816806,12.063515504427881
Set A,B4145_D80_a0.16_ms100,$t_{T_\mathrm{max}}$,100.0,unpCFL,7.622072015161087,11.766975266267176
Set A,B4145_D80_a0.16_ms100,$t_{T_\mathrm{max}}$,100.0,unpCFL,7.661869867340493,11.47290266449931
Set A,B4145_D80_a0.16_ms100,$t_{T_\mathrm{max}}$,100.0,unpCFL,7.701674036639292,11.180799301521873
Set A,B4145_D80_a0.16_ms100,$t_{T_\mathrm{max}}$,100.0,unpCFL,7.741471888818699,10.891775226659675
Set A,B4145_D80_a0.16_ms100,$t_{T_\mathrm{max}}$,100.0,unpCFL,7.7812697409981055,10.608331611635242
Set A,B4145_D80_a0.16_ms100,$t_{T_\mathrm{max}}$,100.0,unpCFL,7.821067593177512,10.333550257260942
Set A,B4145_D80_a0.16_ms100,$t_{T_\mathrm{max}}$,100.0,unpCFL,7.860871762476311,10.0709914550896
Set A,B4145_D80_a0.16_ms100,$t_{T_\mathrm{max}}$,100.0,unpCFL,7.900669614655716,9.823259478809277
Set A,B4145_D80_a0.16_ms100,$t_{T_\mathrm{max}}$,100.0,unpCFL,7.940467466835124,9.587721453162933
Set A,B4145_D80_a0.16_ms100,$t_{T_\mathrm{max}}$,100.0,unpCFL,7.98026531901453,9.351046592901243
Set A,B4145_D80_a0.16_ms100,$t_{T_\mathrm{max}}$,100.0,unpCFL,8.020069488313329,9.11308602507582
Set A,B4145_D80_a0.16_ms100,$t_{T_\mathrm{max}}$,100.0,unpCFL,8.059867340492735,8.872972508587145
Set A,B4145_D80_a0.16_ms100,$t_{T_\mathrm{max}}$,100.0,unpCFL,8.099665192672141,8.6298991524032
Set A,B4145_D80_a0.16_ms100,$t_{T_\mathrm{max}}$,100.0,unpCFL,8.13946304485155,8.384512395145622
Set A,B4145_D80_a0.16_ms100,$t_{T_\mathrm{max}}$,100.0,unpCFL,8.179267214150348,8.138070275477903
Set A,B4145_D80_a0.16_ms100,$t_{T_\mathrm{max}}$,100.0,unpCFL,8.219065066329753,7.893546505153628
Set A,B4145_D80_a0.16_ms100,$t_{T_\mathrm{max}}$,100.0,unpCFL,8.258862918509159,7.656598503588124
Set A,B4145_D80_a0.16_ms100,$t_{T_\mathrm{max}}$,100.0,unpCFL,8.298660770688565,7.434584313391369
Set A,B4145_D80_a0.16_ms100,$t_{T_\mathrm{max}}$,100.0,unpCFL,8.338458622867973,7.22807244349534
Set A,B4145_D80_a0.16_ms100,$t_{T_\mathrm{max}}$,100.0,unpCFL,8.378262792166772,7.035262731999539
Set A,B4145_D80_a0.16_ms100,$t_{T_\mathrm{max}}$,100.0,unpCFL,8.418060644346179,6.852999976333913
Set A,B4145_D80_a0.16_ms100,$t_{T_\mathrm{max}}$,100.0,unpCFL,8.457858496525585,6.677783299389258
Set A,B4145_D80_a0.16_ms100,$t_{T_\mathrm{max}}$,100.0,unpCFL,8.49765634870499,6.505924221473915
Set A,B4145_D80_a0.16_ms100,$t_{T_\mathrm{max}}$,100.0,unpCFL,8.53746051800379,6.3337948920089975
Set A,B4145_D80_a0.16_ms100,$t_{T_\mathrm{max}}$,100.0,unpCFL,8.577258370183197,6.157282600326633
Set A,B4145_D80_a0.16_ms100,$t_{T_\mathrm{max}}$,100.0,unpCFL,8.617056222362603,5.970839037615719
Set A,B4145_D80_a0.16_ms100,$t_{T_\mathrm{max}}$,100.0,unpCFL,8.656854074542009,5.768501477543435
Set A,B4145_D80_a0.16_ms100,$t_{T_\mathrm{max}}$,100.0,unpCFL,8.696658243840808,5.550253967745126
Set A,B4145_D80_a0.16_ms100,$t_{T_\mathrm{max}}$,100.0,unpCFL,8.736456096020214,5.325403904853166
Set A,B4145_D80_a0.16_ms100,$t_{T_\mathrm{max}}$,100.0,unpCFL,8.77625394819962,5.10819247316316
Set A,B4145_D80_a0.16_ms100,$t_{T_\mathrm{max}}$,100.0,unpCFL,8.816051800379027,4.911171492826456
Set A,B4145_D80_a0.16_ms100,$t_{T_\mathrm{max}}$,100.0,unpCFL,8.855855969677828,4.739141289956007
Set A,B4145_D80_a0.16_ms100,$t_{T_\mathrm{max}}$,100.0,unpCFL,8.895653821857234,4.591594788495659
Set A,B4145_D80_a0.16_ms100,$t_{T_\mathrm{max}}$,100.0,unpCFL,8.93545167403664,4.47612035330355
Set A,B4145_D80_a0.16_ms100,$t_{T_\mathrm{max}}$,100.0,unpCFL,8.975249526216045,4.38922142125074
Set A,B4145_D80_a0.16_ms100,$t_{T_\mathrm{max}}$,100.0,unpCFL,9.015047378395451,4.305879028717914
Set A,B4145_D80_a0.16_ms100,$t_{T_\mathrm{max}}$,100.0,unpCFL,9.054851547694252,4.224985646365836
Set A,B4145_D80_a0.16_ms100,$t_{T_\mathrm{max}}$,100.0,unpCFL,9.094649399873658,4.145656386687082
Set A,B4145_D80_a0.16_ms100,$t_{T_\mathrm{max}}$,100.0,unpCFL,9.134447252053064,4.067012614004079
Set A,B4145_D80_a0.16_ms100,$t_{T_\mathrm{max}}$,100.0,unpCFL,9.17424510423247,3.9885904418380425
Set A,B4145_D80_a0.16_ms100,$t_{T_\mathrm{max}}$,100.0,unpCFL,9.21404927353127,3.9094719274359235
Set A,B4145_D80_a0.16_ms100,$t_{T_\mathrm{max}}$,100.0,unpCFL,9.253847125710676,3.8286456130171747
Set A,B4145_D80_a0.16_ms100,$t_{T_\mathrm{max}}$,100.0,unpCFL,9.293644977890082,3.7453584270326687
Set A,B4145_D80_a0.16_ms100,$t_{T_\mathrm{max}}$,100.0,unpCFL,9.333442830069488,3.6587156702937293
Set A,B4145_D80_a0.16_ms100,$t_{T_\mathrm{max}}$,100.0,unpCFL,9.373246999368288,3.5680258878706406
Set A,B4145_D80_a0.16_ms100,$t_{T_\mathrm{max}}$,100.0,unpCFL,9.413044851547696,3.472797026411624
Set A,B4145_D80_a0.16_ms100,$t_{T_\mathrm{max}}$,100.0,unpCFL,9.452842703727102,3.3729433711712833
Set A,B4145_D80_a0.16_ms100,$t_{T_\mathrm{max}}$,100.0,unpCFL,9.492640555906506,3.2686399798285755
Set A,B4145_D80_a0.16_ms100,$t_{T_\mathrm{max}}$,100.0,unpCFL,9.532438408085913,3.160539182810302
Set A,B4145_D80_a0.16_ms100,$t_{T_\mathrm{max}}$,100.0,unpCFL,9.572242577384712,3.04980494866093
Set A,B4145_D80_a0.16_ms100,$t_{T_\mathrm{max}}$,100.0,unpCFL,9.61204042956412,2.938222387345725
Set A,B4145_D80_a0.16_ms100,$t_{T_\mathrm{max}}$,100.0,unpCFL,9.651838281743526,2.828176472212498
Set A,B4145_D80_a0.16_ms100,$t_{T_\mathrm{max}}$,100.0,unpCFL,9.691636133922932,2.7216466828227412
Set A,B4145_D80_a0.16_ms100,$t_{T_\mathrm{max}}$,100.0,unpCFL,9.731440303221731,2.6201051309680805
Set A,B4145_D80_a0.16_ms100,$t_{T_\mathrm{max}}$,100.0,unpCFL,9.771238155401138,2.524800792703136
Set A,B4145_D80_a0.16_ms100,$t_{T_\mathrm{max}}$,100.0,unpCFL,9.811036007580544,2.436596418348997
Set A,B4145_D80_a0.16_ms100,$t_{T_\mathrm{max}}$,100.0,unpCFL,9.85083385975995,2.355856028776724
Set A,B4145_D80_a0.16_ms100,$t_{T_\mathrm{max}}$,100.0,unpCFL,9.89063802905875,2.282346262010022
Set A,B4145_D80_a0.16_ms100,$t_{T_\mathrm{max}}$,100.0,unpCFL,9.930435881238155,2.215740520903583
Set A,B4145_D80_a0.16_ms100,$t_{T_\mathrm{max}}$,100.0,unpCFL,9.970233733417562,2.1555141423559037
Set A,B4145_D80_a0.16_ms100,$t_{T_\mathrm{max}}$,100.0,unpCFL,10.010031585596968,2.1011175158074087
Set A,B4145_D80_a0.16_ms100,$t_{T_\mathrm{max}}$,100.0,unpCFL,10.049835754895767,2.051803747246225
Set A,B4145_D80_a0.16_ms100,$t_{T_\mathrm{max}}$,100.0,unpCFL,10.089633607075173,2.0072640332349994
Set A,B4145_D80_a0.16_ms100,$t_{T_\mathrm{max}}$,100.0,unpCFL,10.12943145925458,1.9668967702994298
Set A,B4145_D80_a0.16_ms100,$t_{T_\mathrm{max}}$,100.0,unpCFL,10.169229311433986,1.9301609386154162
Set A,B4145_D80_a0.16_ms100,$t_{T_\mathrm{max}}$,100.0,unpCFL,10.209027163613394,1.896571749506436
Set A,B4145_D80_a0.16_ms100,$t_{T_\mathrm{max}}$,100.0,unpCFL,10.248831332912193,1.8656001071150285
Set A,B4145_D80_a0.16_ms100,$t_{T_\mathrm{max}}$,100.0,unpCFL,10.288629185091597,1.8370851005596813
Set A,B4145_D80_a0.16_ms100,$t_{T_\mathrm{max}}$,100.0,unpCFL,10.328427037271004,1.8106603700872872
Set A,B4145_D80_a0.16_ms100,$t_{T_\mathrm{max}}$,100.0,unpCFL,10.36822488945041,1.7861170003386455
Set A,B4145_D80_a0.16_ms100,$t_{T_\mathrm{max}}$,100.0,unpCFL,10.40802905874921,1.7632619072032194
Set A,B4145_D80_a0.16_ms100,$t_{T_\mathrm{max}}$,100.0,unpCFL,10.447826910928617,1.7419259665086715
Set A,B4145_D80_a0.16_ms100,$t_{T_\mathrm{max}}$,100.0,unpCFL,10.487624763108023,1.7219799451904239
Set A,B4145_D80_a0.16_ms100,$t_{T_\mathrm{max}}$,100.0,unpCFL,10.52742261528743,1.7032675891122733
Set A,B4145_D80_a0.16_ms100,$t_{T_\mathrm{max}}$,100.0,unpCFL,10.567226784586229,1.6851988789614807
Set A,B4145_D80_a0.16_ms100,$t_{T_\mathrm{max}}$,100.0,unpCFL,10.607024636765635,1.6678711867316447
Set A,B4145_D80_a0.16_ms100,$t_{T_\mathrm{max}}$,100.0,unpCFL,10.646822488945041,1.6515115213666536
Set A,B4145_D80_a0.16_ms100,$t_{T_\mathrm{max}}$,100.0,unpCFL,10.686620341124447,1.6360582761002052
Set A,B4145_D80_a0.16_ms100,$t_{T_\mathrm{max}}$,100.0,unpCFL,10.726424510423248,1.621426859135207
Set A,B4145_D80_a0.16_ms100,$t_{T_\mathrm{max}}$,100.0,unpCFL,10.766222362602655,1.6075696153706576
Set A,B4145_D80_a0.16_ms100,$t_{T_\mathrm{max}}$,100.0,unpCFL,10.806020214782059,1.5944332225031759
Set A,B4145_D80_a0.16_ms100,$t_{T_\mathrm{max}}$,100.0,unpCFL,10.845818066961465,1.5819688351532055
Set A,B4145_D80_a0.16_ms100,$t_{T_\mathrm{max}}$,100.0,unpCFL,10.885615919140871,1.570139033027044
Set A,B4145_D80_a0.16_ms100,$t_{T_\mathrm{max}}$,100.0,unpCFL,10.925420088439672,1.5588883853164222
Set A,B4145_D80_a0.16_ms100,$t_{T_\mathrm{max}}$,100.0,unpCFL,10.965217940619079,1.548186487963012
Set A,B4145_D80_a0.16_ms100,$t_{T_\mathrm{max}}$,100.0,unpCFL,11.005015792798485,1.5379994452898258
Set A,B4145_D80_a0.16_ms100,$t_{T_\mathrm{max}}$,100.0,unpCFL,11.044813644977891,1.5282951981272141
Set A,B4145_D80_a0.16_ms100,$t_{T_\mathrm{max}}$,100.0,unpCFL,11.08461781427669,1.519045002159747
Set A,B4145_D80_a0.16_ms100,$t_{T_\mathrm{max}}$,100.0,unpCFL,11.124415666456096,1.5102212094748642
Set A,B4145_D80_a0.16_ms100,$t_{T_\mathrm{max}}$,100.0,unpCFL,11.164213518635503,1.5017989615613714
Set A,B4145_D80_a0.16_ms100,$t_{T_\mathrm{max}}$,100.0,unpCFL,11.204011370814909,1.4937506197676458
Set A,B4145_D80_a0.16_ms100,$t_{T_\mathrm{max}}$,100.0,unpCFL,11.243815540113708,1.4860656817834759
Set A,B4145_D80_a0.16_ms100,$t_{T_\mathrm{max}}$,100.0,unpCFL,11.283613392293114,1.4787130357250302
Set A,B4145_D80_a0.16_ms100,$t_{T_\mathrm{max}}$,100.0,unpCFL,11.32341124447252,1.4716831114674525
Set A,B4145_D80_a0.16_ms100,$t_{T_\mathrm{max}}$,100.0,unpCFL,11.363209096651927,1.4649514403464532
Set A,B4145_D80_a0.16_ms100,$t_{T_\mathrm{max}}$,100.0,unpCFL,11.403006948831333,1.4585048817199542
Set A,B4145_D80_a0.16_ms100,$t_{T_\mathrm{max}}$,100.0,unpCFL,11.442811118130132,1.452329591094485
Set A,B4145_D80_a0.16_ms100,$t_{T_\mathrm{max}}$,100.0,unpCFL,11.482608970309538,1.4501158033513286
Set A,B4145_D80_a0.16_ms100,$t_{T_\mathrm{max}}$,100.0,unpCFL,11.522406822488946,1.4501158033513286
Set A,B4145_D80_a0.16_ms100,$t_{T_\mathrm{max}}$,100.0,unpCFL,11.562204674668353,1.4501158033513286
Set A,B4145_D80_a0.16_ms100,$t_{T_\mathrm{max}}$,100.0,unpCFL,11.602008843967152,1.4501158033513286
Set A,B4145_D80_a0.16_ms100,$t_{T_\mathrm{max}}$,100.0,unpCFL,11.641806696146556,1.4501158033513286
Set A,B4145_D80_a0.16_ms100,$t_{T_\mathrm{max}}$,100.0,unpCFL,11.681604548325963,1.4501158033513286
Set A,B4145_D80_a0.16_ms100,$t_{T_\mathrm{max}}$,100.0,unpCFL,11.72140240050537,1.4501158033513286
Set A,B4145_D80_a0.16_ms100,$t_{T_\mathrm{max}}$,100.0,unpCFL,11.76120656980417,1.4501158033513286
Set A,B4145_D80_a0.16_ms100,$t_{T_\mathrm{max}}$,100.0,unpCFL,11.801004421983576,1.4501158033513286
Set A,B4145_D80_a0.16_ms100,$t_{T_\mathrm{max}}$,100.0,unpCFL,11.840802274162982,1.4501158033513286
Set A,B4145_D80_a0.16_ms100,$t_{T_\mathrm{max}}$,100.0,unpCFL,11.880600126342388,1.4501158033513286
Set A,B4145_D80_a0.16_ms100,$t_{T_\mathrm{max}}$,100.0,unpCFL,11.920404295641188,1.4501158033513286
Set A,B4145_D80_a0.16_ms100,$t_{T_\mathrm{max}}$,100.0,unpCFL,11.960202147820594,1.4501158033513286
Set A,B4145_D80_a0.16_ms100,$t_{T_\mathrm{max}}$,100.0,unpCFL,12.0,1.4501158033513286
Set A,B4145_D80_a0.16_ms100,$t_{T_\mathrm{max}}$,150.0,unpaired,0.25919734680985473,98.34555176880289
Set A,B4145_D80_a0.16_ms100,$t_{T_\mathrm{max}}$,150.0,unpaired,0.2989966519267214,96.41902548393558
Set A,B4145_D80_a0.16_ms100,$t_{T_\mathrm{max}}$,150.0,unpaired,0.33879595704358817,94.65569471075334
Set A,B4145_D80_a0.16_ms100,$t_{T_\mathrm{max}}$,150.0,unpaired,0.3785953253316488,93.0266306961138
Set A,B4145_D80_a0.16_ms100,$t_{T_\mathrm{max}}$,150.0,unpaired,0.4183946304485155,91.51038009868836
Set A,B4145_D80_a0.16_ms100,$t_{T_\mathrm{max}}$,150.0,unpaired,0.4581939987365761,90.09077723598502
Set A,B4145_D80_a0.16_ms100,$t_{T_\mathrm{max}}$,150.0,unpaired,0.49799330385344287,88.75558733073346
Set A,B4145_D80_a0.16_ms100,$t_{T_\mathrm{max}}$,150.0,unpaired,0.5377926721415035,87.49541722009037
Set A,B4145_D80_a0.16_ms100,$t_{T_\mathrm{max}}$,150.0,unpaired,0.5775919772583702,86.3029348913807
Set A,B4145_D80_a0.16_ms100,$t_{T_\mathrm{max}}$,150.0,unpaired,0.6173912823752369,85.17244293964659
Set A,B4145_D80_a0.16_ms100,$t_{T_\mathrm{max}}$,150.0,unpaired,0.6571907770056854,84.09935541014704
Set A,B4145_D80_a0.16_ms100,$t_{T_\mathrm{max}}$,150.0,unpaired,0.6969898926089704,83.07987095353103
Set A,B4145_D80_a0.16_ms100,$t_{T_\mathrm{max}}$,150.0,unpaired,0.7367890082122552,82.1108613911867
Set A,B4145_D80_a0.16_ms100,$t_{T_\mathrm{max}}$,150.0,unpaired,0.7765887555274795,81.1895071791213
Set A,B4145_D80_a0.16_ms100,$t_{T_\mathrm{max}}$,150.0,unpaired,0.8163878711307644,80.31336087619562
Set A,B4145_D80_a0.16_ms100,$t_{T_\mathrm{max}}$,150.0,unpaired,0.8561869867340492,79.4800538303116
Set A,B4145_D80_a0.16_ms100,$t_{T_\mathrm{max}}$,150.0,unpaired,0.8959867340492736,78.68742067908643
Set A,B4145_D80_a0.16_ms100,$t_{T_\mathrm{max}}$,150.0,unpaired,0.9357858496525585,77.93336798497103
Set A,B4145_D80_a0.16_ms100,$t_{T_\mathrm{max}}$,150.0,unpaired,0.9755855969677827,77.2158694566746
Set A,B4145_D80_a0.16_ms100,$t_{T_\mathrm{max}}$,150.0,unpaired,1.0153847125710675,76.53293344485921
Set A,B4145_D80_a0.16_ms100,$t_{T_\mathrm{max}}$,150.0,unpaired,1.0551838281743526,75.8826418521391
Set A,B4145_D80_a0.16_ms100,$t_{T_\mathrm{max}}$,150.0,unpaired,1.0949835754895767,75.26312598303579
Set A,B4145_D80_a0.16_ms100,$t_{T_\mathrm{max}}$,150.0,unpaired,1.1347826910928616,74.67259024012185
Set A,B4145_D80_a0.16_ms100,$t_{T_\mathrm{max}}$,150.0,unpaired,1.1745818066961466,74.10934919041146
Set A,B4145_D80_a0.16_ms100,$t_{T_\mathrm{max}}$,150.0,unpaired,1.214381554011371,73.57174131104763
Set A,B4145_D80_a0.16_ms100,$t_{T_\mathrm{max}}$,150.0,unpaired,1.2541806696146558,73.05818577657602
Set A,B4145_D80_a0.16_ms100,$t_{T_\mathrm{max}}$,150.0,unpaired,1.2939797852179407,72.5672101059374
Set A,B4145_D80_a0.16_ms100,$t_{T_\mathrm{max}}$,150.0,unpaired,1.333779532533165,72.09741334415777
Set A,B4145_D80_a0.16_ms100,$t_{T_\mathrm{max}}$,150.0,unpaired,1.3735786481364498,71.64745638772264
Set A,B4145_D80_a0.16_ms100,$t_{T_\mathrm{max}}$,150.0,unpaired,1.413377763739735,71.21614696606028
Set A,B4145_D80_a0.16_ms100,$t_{T_\mathrm{max}}$,150.0,unpaired,1.453177511054959,70.80236045571714
Set A,B4145_D80_a0.16_ms100,$t_{T_\mathrm{max}}$,150.0,unpaired,1.4929766266582438,70.40499154497448
Set A,B4145_D80_a0.16_ms100,$t_{T_\mathrm{max}}$,150.0,unpaired,1.532775742261529,70.02308447995604
Set A,B4145_D80_a0.16_ms100,$t_{T_\mathrm{max}}$,150.0,unpaired,1.5725754895767532,69.65572860891538
Set A,B4145_D80_a0.16_ms100,$t_{T_\mathrm{max}}$,150.0,unpaired,1.6123746051800378,69.30207379504988
Set A,B4145_D80_a0.16_ms100,$t_{T_\mathrm{max}}$,150.0,unpaired,1.652173720783323,68.96135781588322
Set A,B4145_D80_a0.16_ms100,$t_{T_\mathrm{max}}$,150.0,unpaired,1.6919734680985472,68.6328845925784
Set A,B4145_D80_a0.16_ms100,$t_{T_\mathrm{max}}$,150.0,unpaired,1.7317725837018318,68.31597028818132
Set A,B4145_D80_a0.16_ms100,$t_{T_\mathrm{max}}$,150.0,unpaired,1.771571699305117,68.01006167792319
Set A,B4145_D80_a0.16_ms100,$t_{T_\mathrm{max}}$,150.0,unpaired,1.8113714466203412,67.71452376500756
Set A,B4145_D80_a0.16_ms100,$t_{T_\mathrm{max}}$,150.0,unpaired,1.8511705622236259,67.42889765004448
Set A,B4145_D80_a0.16_ms100,$t_{T_\mathrm{max}}$,150.0,unpaired,1.890969677826911,67.15273420918335
Set A,B4145_D80_a0.16_ms100,$t_{T_\mathrm{max}}$,150.0,unpaired,1.9307694251421352,66.88558018847148
Set A,B4145_D80_a0.16_ms100,$t_{T_\mathrm{max}}$,150.0,unpaired,1.9705685407454203,66.62701334617437
Set A,B4145_D80_a0.16_ms100,$t_{T_\mathrm{max}}$,150.0,unpaired,2.010367656348705,66.37669142405701
Set A,B4145_D80_a0.16_ms100,$t_{T_\mathrm{max}}$,150.0,unpaired,2.050167403663929,66.13422193199665
Set A,B4145_D80_a0.16_ms100,$t_{T_\mathrm{max}}$,150.0,unpaired,2.089966519267214,65.89935144861003
Set A,B4145_D80_a0.16_ms100,$t_{T_\mathrm{max}}$,150.0,unpaired,2.129765634870499,65.67169032702279
Set A,B4145_D80_a0.16_ms100,$t_{T_\mathrm{max}}$,150.0,unpaired,2.169565382185723,65.4510459713964
Set A,B4145_D80_a0.16_ms100,$t_{T_\mathrm{max}}$,150.0,unpaired,2.209364497789008,65.23709291329655
Set A,B4145_D80_a0.16_ms100,$t_{T_\mathrm{max}}$,150.0,unpaired,2.249163613392293,65.02958982407814
Set A,B4145_D80_a0.16_ms100,$t_{T_\mathrm{max}}$,150.0,unpaired,2.2889633607075175,64.8283426558378
Set A,B4145_D80_a0.16_ms100,$t_{T_\mathrm{max}}$,150.0,unpaired,2.328762476310802,64.63303367795513
Set A,B4145_D80_a0.16_ms100,$t_{T_\mathrm{max}}$,150.0,unpaired,2.368561591914087,64.44352219837252
Set A,B4145_D80_a0.16_ms100,$t_{T_\mathrm{max}}$,150.0,unpaired,2.4083613392293115,64.2595492555827
Set A,B4145_D80_a0.16_ms100,$t_{T_\mathrm{max}}$,150.0,unpaired,2.448160454832596,64.08094790923941
Set A,B4145_D80_a0.16_ms100,$t_{T_\mathrm{max}}$,150.0,unpaired,2.4879595704358817,63.90749486538163
Set A,B4145_D80_a0.16_ms100,$t_{T_\mathrm{max}}$,150.0,unpaired,2.5277593177511055,63.739003919389525
Set A,B4145_D80_a0.16_ms100,$t_{T_\mathrm{max}}$,150.0,unpaired,2.56755843335439,63.57528111347968
Set A,B4145_D80_a0.16_ms100,$t_{T_\mathrm{max}}$,150.0,unpaired,2.6073575489576757,63.41615086088482
Set A,B4145_D80_a0.16_ms100,$t_{T_\mathrm{max}}$,150.0,unpaired,2.6471572962728995,63.261446317003525
Set A,B4145_D80_a0.16_ms100,$t_{T_\mathrm{max}}$,150.0,unpaired,2.686956411876184,63.11098889262363
Set A,B4145_D80_a0.16_ms100,$t_{T_\mathrm{max}}$,150.0,unpaired,2.726756159191409,62.96457726575689
Set A,B4145_D80_a0.16_ms100,$t_{T_\mathrm{max}}$,150.0,unpaired,2.7665552747946935,62.82211671639454
Set A,B4145_D80_a0.16_ms100,$t_{T_\mathrm{max}}$,150.0,unpaired,2.8063543903979786,62.68333036311161
Set A,B4145_D80_a0.16_ms100,$t_{T_\mathrm{max}}$,150.0,unpaired,2.846154137713203,62.54797469784508
Set A,B4145_D80_a0.16_ms100,$t_{T_\mathrm{max}}$,150.0,unpaired,2.8859532533164876,62.41639155353103
Set A,B4145_D80_a0.16_ms100,$t_{T_\mathrm{max}}$,150.0,unpaired,2.9257523689197726,62.28759941314332
Set A,B4145_D80_a0.16_ms100,$t_{T_\mathrm{max}}$,150.0,unpaired,2.965552116234997,62.16223487069582
Set A,B4145_D80_a0.16_ms100,$t_{T_\mathrm{max}}$,150.0,unpaired,3.0053512318382816,62.03974065496447
Set A,B4145_D80_a0.16_ms100,$t_{T_\mathrm{max}}$,150.0,unpaired,3.0451503474415667,61.919626210459704
Set A,B4145_D80_a0.16_ms100,$t_{T_\mathrm{max}}$,150.0,unpaired,3.084950094756791,61.802440918792904
Set A,B4145_D80_a0.16_ms100,$t_{T_\mathrm{max}}$,150.0,unpaired,3.124749210360076,61.68764071522254
Set A,B4145_D80_a0.16_ms100,$t_{T_\mathrm{max}}$,150.0,unpaired,3.1645483259633607,61.575133663926785
Set A,B4145_D80_a0.16_ms100,$t_{T_\mathrm{max}}$,150.0,unpaired,3.204348073278585,61.4646021868614
Set A,B4145_D80_a0.16_ms100,$t_{T_\mathrm{max}}$,150.0,unpaired,3.2441471888818696,61.35640989045853
Set A,B4145_D80_a0.16_ms100,$t_{T_\mathrm{max}}$,150.0,unpaired,3.283946304485155,61.249864124733364
Set A,B4145_D80_a0.16_ms100,$t_{T_\mathrm{max}}$,150.0,unpaired,3.323746051800379,61.14484795157403
Set A,B4145_D80_a0.16_ms100,$t_{T_\mathrm{max}}$,150.0,unpaired,3.3635451674036636,61.04153788500648
Set A,B4145_D80_a0.16_ms100,$t_{T_\mathrm{max}}$,150.0,unpaired,3.403344283006949,60.939422117999506
Set A,B4145_D80_a0.16_ms100,$t_{T_\mathrm{max}}$,150.0,unpaired,3.443144030322173,60.83877250009736
Set A,B4145_D80_a0.16_ms100,$t_{T_\mathrm{max}}$,150.0,unpaired,3.4829431459254576,60.73907410177214
Set A,B4145_D80_a0.16_ms100,$t_{T_\mathrm{max}}$,150.0,unpaired,3.522742261528743,60.64033857287114
Set A,B4145_D80_a0.16_ms100,$t_{T_\mathrm{max}}$,150.0,unpaired,3.562542008843967,60.542580001544394
Set A,B4145_D80_a0.16_ms100,$t_{T_\mathrm{max}}$,150.0,unpaired,3.6023411244472525,60.44526460120643
Set A,B4145_D80_a0.16_ms100,$t_{T_\mathrm{max}}$,150.0,unpaired,3.642140240050537,60.348798362075925
Set A,B4145_D80_a0.16_ms100,$t_{T_\mathrm{max}}$,150.0,unpaired,3.681939987365761,60.25236980535731
Set A,B4145_D80_a0.16_ms100,$t_{T_\mathrm{max}}$,150.0,unpaired,3.7217391029690465,60.156669285714734
Set A,B4145_D80_a0.16_ms100,$t_{T_\mathrm{max}}$,150.0,unpaired,3.761538218572331,60.06086446435753
Set A,B4145_D80_a0.16_ms100,$t_{T_\mathrm{max}}$,150.0,unpaired,3.801337965887555,59.96497341471707
Set A,B4145_D80_a0.16_ms100,$t_{T_\mathrm{max}}$,150.0,unpaired,3.8411370814908405,59.86919440325973
Set A,B4145_D80_a0.16_ms100,$t_{T_\mathrm{max}}$,150.0,unpaired,3.880936197094125,59.773284054047345
Set A,B4145_D80_a0.16_ms100,$t_{T_\mathrm{max}}$,150.0,unpaired,3.92073594440935,59.67689166812617
Set A,B4145_D80_a0.16_ms100,$t_{T_\mathrm{max}}$,150.0,unpaired,3.9605350600126346,59.57997670072829
Set A,B4145_D80_a0.16_ms100,$t_{T_\mathrm{max}}$,150.0,unpaired,4.00033417561592,59.482447708151696
Set A,B4145_D80_a0.16_ms100,$t_{T_\mathrm{max}}$,150.0,unpaired,4.040133922931144,59.384500141055995
Set A,B4145_D80_a0.16_ms100,$t_{T_\mathrm{max}}$,150.0,unpaired,4.079933038534429,59.285250693291644
Set A,B4145_D80_a0.16_ms100,$t_{T_\mathrm{max}}$,150.0,unpaired,4.119732154137713,59.18568182403666
Set A,B4145_D80_a0.16_ms100,$t_{T_\mathrm{max}}$,150.0,unpaired,4.1595319014529375,59.084642628391244
Set A,B4145_D80_a0.16_ms100,$t_{T_\mathrm{max}}$,150.0,unpaired,4.199331017056222,58.982413452585625
Set A,B4145_D80_a0.16_ms100,$t_{T_\mathrm{max}}$,150.0,unpaired,4.239130132659508,58.879254986506844
Set A,B4145_D80_a0.16_ms100,$t_{T_\mathrm{max}}$,150.0,unpaired,4.278929879974732,58.77434924695247
Set A,B4145_D80_a0.16_ms100,$t_{T_\mathrm{max}}$,150.0,unpaired,4.318728995578017,58.66790813303697
Set A,B4145_D80_a0.16_ms100,$t_{T_\mathrm{max}}$,150.0,unpaired,4.358528742893241,58.56035283488915
Set A,B4145_D80_a0.16_ms100,$t_{T_\mathrm{max}}$,150.0,unpaired,4.3983278584965255,58.450706797124404
Set A,B4145_D80_a0.16_ms100,$t_{T_\mathrm{max}}$,150.0,unpaired,4.43812697409981,58.33944576302258
Set A,B4145_D80_a0.16_ms100,$t_{T_\mathrm{max}}$,150.0,unpaired,4.477926721415035,58.22626000117794
Set A,B4145_D80_a0.16_ms100,$t_{T_\mathrm{max}}$,150.0,unpaired,4.51772583701832,58.11058198136311
Set A,B4145_D80_a0.16_ms100,$t_{T_\mathrm{max}}$,150.0,unpaired,4.557524952621605,57.99355891827776
Set A,B4145_D80_a0.16_ms100,$t_{T_\mathrm{max}}$,150.0,unpaired,4.597324699936829,57.873610584267404
Set A,B4145_D80_a0.16_ms100,$t_{T_\mathrm{max}}$,150.0,unpaired,4.6371238155401135,57.75186772302281
Set A,B4145_D80_a0.16_ms100,$t_{T_\mathrm{max}}$,150.0,unpaired,4.676922931143398,57.6271688662414
Set A,B4145_D80_a0.16_ms100,$t_{T_\mathrm{max}}$,150.0,unpaired,4.716722678458623,57.5003419538726
Set A,B4145_D80_a0.16_ms100,$t_{T_\mathrm{max}}$,150.0,unpaired,4.756521794061908,57.37068035419751
Set A,B4145_D80_a0.16_ms100,$t_{T_\mathrm{max}}$,150.0,unpaired,4.796320909665193,57.23842468107635
Set A,B4145_D80_a0.16_ms100,$t_{T_\mathrm{max}}$,150.0,unpaired,4.836120656980417,57.10296745847926
Set A,B4145_D80_a0.16_ms100,$t_{T_\mathrm{max}}$,150.0,unpaired,4.875919772583702,56.96483918497267
Set A,B4145_D80_a0.16_ms100,$t_{T_\mathrm{max}}$,150.0,unpaired,4.915718888186986,56.823420846193436
Set A,B4145_D80_a0.16_ms100,$t_{T_\mathrm{max}}$,150.0,unpaired,4.955518635502211,56.67887458572299
Set A,B4145_D80_a0.16_ms100,$t_{T_\mathrm{max}}$,150.0,unpaired,4.995317751105496,56.531274239792964
Set A,B4145_D80_a0.16_ms100,$t_{T_\mathrm{max}}$,150.0,unpaired,5.035116866708781,56.3802841091749
Set A,B4145_D80_a0.16_ms100,$t_{T_\mathrm{max}}$,150.0,unpaired,5.074916614024005,56.22586660745478
Set A,B4145_D80_a0.16_ms100,$t_{T_\mathrm{max}}$,150.0,unpaired,5.11471572962729,56.06733370644336
Set A,B4145_D80_a0.16_ms100,$t_{T_\mathrm{max}}$,150.0,unpaired,5.154514845230575,55.90547972177703
Set A,B4145_D80_a0.16_ms100,$t_{T_\mathrm{max}}$,150.0,unpaired,5.194314592545799,55.740227699919046
Set A,B4145_D80_a0.16_ms100,$t_{T_\mathrm{max}}$,150.0,unpaired,5.234113708149084,55.57024915837328
Set A,B4145_D80_a0.16_ms100,$t_{T_\mathrm{max}}$,150.0,unpaired,5.273912823752369,55.39704867511267
Set A,B4145_D80_a0.16_ms100,$t_{T_\mathrm{max}}$,150.0,unpaired,5.313712571067593,55.21900322169394
Set A,B4145_D80_a0.16_ms100,$t_{T_\mathrm{max}}$,150.0,unpaired,5.353511686670878,55.03738773747388
Set A,B4145_D80_a0.16_ms100,$t_{T_\mathrm{max}}$,150.0,unpaired,5.393310802274163,54.8512917023944
Set A,B4145_D80_a0.16_ms100,$t_{T_\mathrm{max}}$,150.0,unpaired,5.433110549589387,54.66050653246294
Set A,B4145_D80_a0.16_ms100,$t_{T_\mathrm{max}}$,150.0,unpaired,5.472909665192672,54.465519954915756
Set A,B4145_D80_a0.16_ms100,$t_{T_\mathrm{max}}$,150.0,unpaired,5.512708780795958,54.26538810409839
Set A,B4145_D80_a0.16_ms100,$t_{T_\mathrm{max}}$,150.0,unpaired,5.552508528111181,54.06106268209367
Set A,B4145_D80_a0.16_ms100,$t_{T_\mathrm{max}}$,150.0,unpaired,5.592307643714466,53.85118378565568
Set A,B4145_D80_a0.16_ms100,$t_{T_\mathrm{max}}$,150.0,unpaired,5.632106759317751,53.6368151261749
Set A,B4145_D80_a0.16_ms100,$t_{T_\mathrm{max}}$,150.0,unpaired,5.6719065066329755,53.41717139884326
Set A,B4145_D80_a0.16_ms100,$t_{T_\mathrm{max}}$,150.0,unpaired,5.711705622236261,53.19274939147373
Set A,B4145_D80_a0.16_ms100,$t_{T_\mathrm{max}}$,150.0,unpaired,5.751504737839546,52.96247287767459
Set A,B4145_D80_a0.16_ms100,$t_{T_\mathrm{max}}$,150.0,unpaired,5.791304485154769,52.72681666173161
Set A,B4145_D80_a0.16_ms100,$t_{T_\mathrm{max}}$,150.0,unpaired,5.831103600758055,52.4860851290777
Set A,B4145_D80_a0.16_ms100,$t_{T_\mathrm{max}}$,150.0,unpaired,5.870902716361339,52.239373775341
Set A,B4145_D80_a0.16_ms100,$t_{T_\mathrm{max}}$,150.0,unpaired,5.9107024636765635,51.986694367133914
Set A,B4145_D80_a0.16_ms100,$t_{T_\mathrm{max}}$,150.0,unpaired,5.950501579279849,51.72854465463262
Set A,B4145_D80_a0.16_ms100,$t_{T_\mathrm{max}}$,150.0,unpaired,5.990300694883134,51.46397956462513
Set A,B4145_D80_a0.16_ms100,$t_{T_\mathrm{max}}$,150.0,unpaired,6.030100442198358,51.193229168755636
Set A,B4145_D80_a0.16_ms100,$t_{T_\mathrm{max}}$,150.0,unpaired,6.069899557801643,50.91676137423109
Set A,B4145_D80_a0.16_ms100,$t_{T_\mathrm{max}}$,150.0,unpaired,6.109699305116867,50.6333372554909
Set A,B4145_D80_a0.16_ms100,$t_{T_\mathrm{max}}$,150.0,unpaired,6.149498420720152,50.34389827806469
Set A,B4145_D80_a0.16_ms100,$t_{T_\mathrm{max}}$,150.0,unpaired,6.189297536323437,50.048229138058936
Set A,B4145_D80_a0.16_ms100,$t_{T_\mathrm{max}}$,150.0,unpaired,6.22909728363866,49.7455707364784
Set A,B4145_D80_a0.16_ms100,$t_{T_\mathrm{max}}$,150.0,unpaired,6.268896399241946,49.43602391530327
Set A,B4145_D80_a0.16_ms100,$t_{T_\mathrm{max}}$,150.0,unpaired,6.308695514845231,49.11930146777858
Set A,B4145_D80_a0.16_ms100,$t_{T_\mathrm{max}}$,150.0,unpaired,6.348496525584333,48.79607524567903
Set A,B4145_D80_a0.16_ms100,$t_{T_\mathrm{max}}$,150.0,unpaired,6.3882943777637395,48.46567286250449
Set A,B4145_D80_a0.16_ms100,$t_{T_\mathrm{max}}$,150.0,unpaired,6.428092229943147,48.128322213260525
Set A,B4145_D80_a0.16_ms100,$t_{T_\mathrm{max}}$,150.0,unpaired,6.467890082122553,47.78298291763625
Set A,B4145_D80_a0.16_ms100,$t_{T_\mathrm{max}}$,150.0,unpaired,6.507694251421352,47.43063062465528
Set A,B4145_D80_a0.16_ms100,$t_{T_\mathrm{max}}$,150.0,unpaired,6.547492103600758,47.0712833651225
Set A,B4145_D80_a0.16_ms100,$t_{T_\mathrm{max}}$,150.0,unpaired,6.587289955780164,46.703378205640234
Set A,B4145_D80_a0.16_ms100,$t_{T_\mathrm{max}}$,150.0,unpaired,6.62708780795957,46.32849078546955
Set A,B4145_D80_a0.16_ms100,$t_{T_\mathrm{max}}$,150.0,unpaired,6.666891977258371,45.94576906008265
Set A,B4145_D80_a0.16_ms100,$t_{T_\mathrm{max}}$,150.0,unpaired,6.706689829437776,45.55522675283721
Set A,B4145_D80_a0.16_ms100,$t_{T_\mathrm{max}}$,150.0,unpaired,6.746487681617182,45.156977417548035
Set A,B4145_D80_a0.16_ms100,$t_{T_\mathrm{max}}$,150.0,unpaired,6.786285533796589,44.7504257144544
Set A,B4145_D80_a0.16_ms100,$t_{T_\mathrm{max}}$,150.0,unpaired,6.826089703095389,44.336351615212095
Set A,B4145_D80_a0.16_ms100,$t_{T_\mathrm{max}}$,150.0,unpaired,6.865887555274795,43.91414561428642
Set A,B4145_D80_a0.16_ms100,$t_{T_\mathrm{max}}$,150.0,unpaired,6.905685407454201,43.48366748120623
Set A,B4145_D80_a0.16_ms100,$t_{T_\mathrm{max}}$,150.0,unpaired,6.9454832596336065,43.04501633750866
Set A,B4145_D80_a0.16_ms100,$t_{T_\mathrm{max}}$,150.0,unpaired,6.985287428932407,42.59868962474567
Set A,B4145_D80_a0.16_ms100,$t_{T_\mathrm{max}}$,150.0,unpaired,7.025085281111814,42.143728395324494
Set A,B4145_D80_a0.16_ms100,$t_{T_\mathrm{max}}$,150.0,unpaired,7.064883133291219,41.68083507520696
Set A,B4145_D80_a0.16_ms100,$t_{T_\mathrm{max}}$,150.0,unpaired,7.104680985470625,41.20972933964117
Set A,B4145_D80_a0.16_ms100,$t_{T_\mathrm{max}}$,150.0,unpaired,7.1444788376500314,40.731404568461734
Set A,B4145_D80_a0.16_ms100,$t_{T_\mathrm{max}}$,150.0,unpaired,7.1842830069488315,40.24436929202966
Set A,B4145_D80_a0.16_ms100,$t_{T_\mathrm{max}}$,150.0,unpaired,7.224080859128238,39.75022459694964
Set A,B4145_D80_a0.16_ms100,$t_{T_\mathrm{max}}$,150.0,unpaired,7.263878711307644,39.24772643920624
Set A,B4145_D80_a0.16_ms100,$t_{T_\mathrm{max}}$,150.0,unpaired,7.30367656348705,38.73733270688315
Set A,B4145_D80_a0.16_ms100,$t_{T_\mathrm{max}}$,150.0,unpaired,7.34348073278585,38.22028968989468
Set A,B4145_D80_a0.16_ms100,$t_{T_\mathrm{max}}$,150.0,unpaired,7.3832785849652565,37.695161961726456
Set A,B4145_D80_a0.16_ms100,$t_{T_\mathrm{max}}$,150.0,unpaired,7.423076437144663,37.16366241367902
Set A,B4145_D80_a0.16_ms100,$t_{T_\mathrm{max}}$,150.0,unpaired,7.462874289324068,36.624900931708865
Set A,B4145_D80_a0.16_ms100,$t_{T_\mathrm{max}}$,150.0,unpaired,7.502678458622867,36.07901392036504
Set A,B4145_D80_a0.16_ms100,$t_{T_\mathrm{max}}$,150.0,unpaired,7.542476310802275,35.527485983372195
Set A,B4145_D80_a0.16_ms100,$t_{T_\mathrm{max}}$,150.0,unpaired,7.5822741629816806,34.96932263352694
Set A,B4145_D80_a0.16_ms100,$t_{T_\mathrm{max}}$,150.0,unpaired,7.622072015161087,34.40650649088956
Set A,B4145_D80_a0.16_ms100,$t_{T_\mathrm{max}}$,150.0,unpaired,7.661869867340493,33.83748426533479
Set A,B4145_D80_a0.16_ms100,$t_{T_\mathrm{max}}$,150.0,unpaired,7.701674036639292,33.26348193073801
Set A,B4145_D80_a0.16_ms100,$t_{T_\mathrm{max}}$,150.0,unpaired,7.741471888818699,32.685389724133174
Set A,B4145_D80_a0.16_ms100,$t_{T_\mathrm{max}}$,150.0,unpaired,7.7812697409981055,32.1027915424016
Set A,B4145_D80_a0.16_ms100,$t_{T_\mathrm{max}}$,150.0,unpaired,7.821067593177512,31.51723871274479
Set A,B4145_D80_a0.16_ms100,$t_{T_\mathrm{max}}$,150.0,unpaired,7.860871762476311,30.927883125020628
Set A,B4145_D80_a0.16_ms100,$t_{T_\mathrm{max}}$,150.0,unpaired,7.900669614655716,30.33692786159752
Set A,B4145_D80_a0.16_ms100,$t_{T_\mathrm{max}}$,150.0,unpaired,7.940467466835124,29.743281689480934
Set A,B4145_D80_a0.16_ms100,$t_{T_\mathrm{max}}$,150.0,unpaired,7.98026531901453,29.14892196494964
Set A,B4145_D80_a0.16_ms100,$t_{T_\mathrm{max}}$,150.0,unpaired,8.020069488313329,28.55416453262989
Set A,B4145_D80_a0.16_ms100,$t_{T_\mathrm{max}}$,150.0,unpaired,8.059867340492735,27.95853509928762
Set A,B4145_D80_a0.16_ms100,$t_{T_\mathrm{max}}$,150.0,unpaired,8.099665192672141,27.36404009792424
Set A,B4145_D80_a0.16_ms100,$t_{T_\mathrm{max}}$,150.0,unpaired,8.13946304485155,26.77079345306492
Set A,B4145_D80_a0.16_ms100,$t_{T_\mathrm{max}}$,150.0,unpaired,8.179267214150348,26.17956771318382
Set A,B4145_D80_a0.16_ms100,$t_{T_\mathrm{max}}$,150.0,unpaired,8.219065066329753,25.59072986932532
Set A,B4145_D80_a0.16_ms100,$t_{T_\mathrm{max}}$,150.0,unpaired,8.258862918509159,25.005255874034606
Set A,B4145_D80_a0.16_ms100,$t_{T_\mathrm{max}}$,150.0,unpaired,8.298660770688565,24.423505561565403
Set A,B4145_D80_a0.16_ms100,$t_{T_\mathrm{max}}$,150.0,unpaired,8.338458622867973,23.8464746593673
Set A,B4145_D80_a0.16_ms100,$t_{T_\mathrm{max}}$,150.0,unpaired,8.378262792166772,23.2747615415337
Set A,B4145_D80_a0.16_ms100,$t_{T_\mathrm{max}}$,150.0,unpaired,8.418060644346179,22.70836166952134
Set A,B4145_D80_a0.16_ms100,$t_{T_\mathrm{max}}$,150.0,unpaired,8.457858496525585,22.148322397627993
Set A,B4145_D80_a0.16_ms100,$t_{T_\mathrm{max}}$,150.0,unpaired,8.49765634870499,21.59433896838238
Set A,B4145_D80_a0.16_ms100,$t_{T_\mathrm{max}}$,150.0,unpaired,8.53746051800379,21.048464446561862
Set A,B4145_D80_a0.16_ms100,$t_{T_\mathrm{max}}$,150.0,unpaired,8.577258370183197,20.51029025738993
Set A,B4145_D80_a0.16_ms100,$t_{T_\mathrm{max}}$,150.0,unpaired,8.617056222362603,19.98063299255605
Set A,B4145_D80_a0.16_ms100,$t_{T_\mathrm{max}}$,150.0,unpaired,8.656854074542009,19.458815895883603
Set A,B4145_D80_a0.16_ms100,$t_{T_\mathrm{max}}$,150.0,unpaired,8.696658243840808,18.94533682669813
Set A,B4145_D80_a0.16_ms100,$t_{T_\mathrm{max}}$,150.0,unpaired,8.736456096020214,18.44177916368705
Set A,B4145_D80_a0.16_ms100,$t_{T_\mathrm{max}}$,150.0,unpaired,8.77625394819962,17.949071791582426
Set A,B4145_D80_a0.16_ms100,$t_{T_\mathrm{max}}$,150.0,unpaired,8.816051800379027,17.466013241154418
Set A,B4145_D80_a0.16_ms100,$t_{T_\mathrm{max}}$,150.0,unpaired,8.855855969677828,16.991337790818495
Set A,B4145_D80_a0.16_ms100,$t_{T_\mathrm{max}}$,150.0,unpaired,8.895653821857234,16.52628693028382
Set A,B4145_D80_a0.16_ms100,$t_{T_\mathrm{max}}$,150.0,unpaired,8.93545167403664,16.070292578342123
Set A,B4145_D80_a0.16_ms100,$t_{T_\mathrm{max}}$,150.0,unpaired,8.975249526216045,15.625256034112988
Set A,B4145_D80_a0.16_ms100,$t_{T_\mathrm{max}}$,150.0,unpaired,9.015047378395451,15.192137424140673
Set A,B4145_D80_a0.16_ms100,$t_{T_\mathrm{max}}$,150.0,unpaired,9.054851547694252,14.769871476736071
Set A,B4145_D80_a0.16_ms100,$t_{T_\mathrm{max}}$,150.0,unpaired,9.094649399873658,14.356041769350218
Set A,B4145_D80_a0.16_ms100,$t_{T_\mathrm{max}}$,150.0,unpaired,9.134447252053064,13.946413231541419
Set A,B4145_D80_a0.16_ms100,$t_{T_\mathrm{max}}$,150.0,unpaired,9.17424510423247,13.545525939106389
Set A,B4145_D80_a0.16_ms100,$t_{T_\mathrm{max}}$,150.0,unpaired,9.21404927353127,13.156918679909527
Set A,B4145_D80_a0.16_ms100,$t_{T_\mathrm{max}}$,150.0,unpaired,9.253847125710676,12.78251715147958
Set A,B4145_D80_a0.16_ms100,$t_{T_\mathrm{max}}$,150.0,unpaired,9.293644977890082,12.421188262691956
Set A,B4145_D80_a0.16_ms100,$t_{T_\mathrm{max}}$,150.0,unpaired,9.333442830069488,12.070859045063555
Set A,B4145_D80_a0.16_ms100,$t_{T_\mathrm{max}}$,150.0,unpaired,9.373246999368288,11.72901822889025
Set A,B4145_D80_a0.16_ms100,$t_{T_\mathrm{max}}$,150.0,unpaired,9.413044851547696,11.392245525027862
Set A,B4145_D80_a0.16_ms100,$t_{T_\mathrm{max}}$,150.0,unpaired,9.452842703727102,11.060337488665366
Set A,B4145_D80_a0.16_ms100,$t_{T_\mathrm{max}}$,150.0,unpaired,9.492640555906506,10.735533905868168
Set A,B4145_D80_a0.16_ms100,$t_{T_\mathrm{max}}$,150.0,unpaired,9.532438408085913,10.421340493076904
Set A,B4145_D80_a0.16_ms100,$t_{T_\mathrm{max}}$,150.0,unpaired,9.572242577384712,10.123003757914413
Set A,B4145_D80_a0.16_ms100,$t_{T_\mathrm{max}}$,150.0,unpaired,9.61204042956412,9.843801919763578
Set A,B4145_D80_a0.16_ms100,$t_{T_\mathrm{max}}$,150.0,unpaired,9.651838281743526,9.582159179840199
Set A,B4145_D80_a0.16_ms100,$t_{T_\mathrm{max}}$,150.0,unpaired,9.691636133922932,9.320414729635687
Set A,B4145_D80_a0.16_ms100,$t_{T_\mathrm{max}}$,150.0,unpaired,9.731440303221731,9.058268412843374
Set A,B4145_D80_a0.16_ms100,$t_{T_\mathrm{max}}$,150.0,unpaired,9.771238155401138,8.793989814474214
Set A,B4145_D80_a0.16_ms100,$t_{T_\mathrm{max}}$,150.0,unpaired,9.811036007580544,8.527640608706056
Set A,B4145_D80_a0.16_ms100,$t_{T_\mathrm{max}}$,150.0,unpaired,9.85083385975995,8.260143328964297
Set A,B4145_D80_a0.16_ms100,$t_{T_\mathrm{max}}$,150.0,unpaired,9.89063802905875,7.99373440323694
Set A,B4145_D80_a0.16_ms100,$t_{T_\mathrm{max}}$,150.0,unpaired,9.930435881238155,7.733930634958209
Set A,B4145_D80_a0.16_ms100,$t_{T_\mathrm{max}}$,150.0,unpaired,9.970233733417562,7.490367375711378
Set A,B4145_D80_a0.16_ms100,$t_{T_\mathrm{max}}$,150.0,unpaired,10.010031585596968,7.265580234428057
Set A,B4145_D80_a0.16_ms100,$t_{T_\mathrm{max}}$,150.0,unpaired,10.049835754895767,7.057861068730873
Set A,B4145_D80_a0.16_ms100,$t_{T_\mathrm{max}}$,150.0,unpaired,10.089633607075173,6.863168172859039
Set A,B4145_D80_a0.16_ms100,$t_{T_\mathrm{max}}$,150.0,unpaired,10.12943145925458,6.677272142787451
Set A,B4145_D80_a0.16_ms100,$t_{T_\mathrm{max}}$,150.0,unpaired,10.169229311433986,6.495834775858257
Set A,B4145_D80_a0.16_ms100,$t_{T_\mathrm{max}}$,150.0,unpaired,10.209027163613394,6.3147249541217265
Set A,B4145_D80_a0.16_ms100,$t_{T_\mathrm{max}}$,150.0,unpaired,10.248831332912193,6.126183553021024
Set A,B4145_D80_a0.16_ms100,$t_{T_\mathrm{max}}$,150.0,unpaired,10.288629185091597,5.927904186738285
Set A,B4145_D80_a0.16_ms100,$t_{T_\mathrm{max}}$,150.0,unpaired,10.328427037271004,5.712090991606299
Set A,B4145_D80_a0.16_ms100,$t_{T_\mathrm{max}}$,150.0,unpaired,10.36822488945041,5.481579586659903
Set A,B4145_D80_a0.16_ms100,$t_{T_\mathrm{max}}$,150.0,unpaired,10.40802905874921,5.248940584131016
Set A,B4145_D80_a0.16_ms100,$t_{T_\mathrm{max}}$,150.0,unpaired,10.447826910928617,5.030638091418286
Set A,B4145_D80_a0.16_ms100,$t_{T_\mathrm{max}}$,150.0,unpaired,10.487624763108023,4.8372906950317835
Set A,B4145_D80_a0.16_ms100,$t_{T_\mathrm{max}}$,150.0,unpaired,10.52742261528743,4.671261152515224
Set A,B4145_D80_a0.16_ms100,$t_{T_\mathrm{max}}$,150.0,unpaired,10.567226784586229,4.530355217479148
Set A,B4145_D80_a0.16_ms100,$t_{T_\mathrm{max}}$,150.0,unpaired,10.607024636765635,4.433625629895676
Set A,B4145_D80_a0.16_ms100,$t_{T_\mathrm{max}}$,150.0,unpaired,10.646822488945041,4.346949633234904
Set A,B4145_D80_a0.16_ms100,$t_{T_\mathrm{max}}$,150.0,unpaired,10.686620341124447,4.263553103458
Set A,B4145_D80_a0.16_ms100,$t_{T_\mathrm{max}}$,150.0,unpaired,10.726424510423248,4.182315544722837
Set A,B4145_D80_a0.16_ms100,$t_{T_\mathrm{max}}$,150.0,unpaired,10.766222362602655,4.102471725286667
Set A,B4145_D80_a0.16_ms100,$t_{T_\mathrm{max}}$,150.0,unpaired,10.806020214782059,4.023187015076737
Set A,B4145_D80_a0.16_ms100,$t_{T_\mathrm{max}}$,150.0,unpaired,10.845818066961465,3.9438791187424904
Set A,B4145_D80_a0.16_ms100,$t_{T_\mathrm{max}}$,150.0,unpaired,10.885615919140871,3.8635348519340345
Set A,B4145_D80_a0.16_ms100,$t_{T_\mathrm{max}}$,150.0,unpaired,10.925420088439672,3.7811342007899382
Set A,B4145_D80_a0.16_ms100,$t_{T_\mathrm{max}}$,150.0,unpaired,10.965217940619079,3.6959674152279125
Set A,B4145_D80_a0.16_ms100,$t_{T_\mathrm{max}}$,150.0,unpaired,11.005015792798485,3.6072008111881297
Set A,B4145_D80_a0.16_ms100,$t_{T_\mathrm{max}}$,150.0,unpaired,11.044813644977891,3.51430951995756
Set A,B4145_D80_a0.16_ms100,$t_{T_\mathrm{max}}$,150.0,unpaired,11.08461781427669,3.417050027984911
Set A,B4145_D80_a0.16_ms100,$t_{T_\mathrm{max}}$,150.0,unpaired,11.124415666456096,3.3155191584504666
Set A,B4145_D80_a0.16_ms100,$t_{T_\mathrm{max}}$,150.0,unpaired,11.164213518635503,3.210095913567431
Set A,B4145_D80_a0.16_ms100,$t_{T_\mathrm{max}}$,150.0,unpaired,11.204011370814909,3.101698362826616
Set A,B4145_D80_a0.16_ms100,$t_{T_\mathrm{max}}$,150.0,unpaired,11.243815540113708,2.9918953948702867
Set A,B4145_D80_a0.16_ms100,$t_{T_\mathrm{max}}$,150.0,unpaired,11.283613392293114,2.882406656514811
Set A,B4145_D80_a0.16_ms100,$t_{T_\mathrm{max}}$,150.0,unpaired,11.32341124447252,2.775993115843953
Set A,B4145_D80_a0.16_ms100,$t_{T_\mathrm{max}}$,150.0,unpaired,11.363209096651927,2.6737170432385153
Set A,B4145_D80_a0.16_ms100,$t_{T_\mathrm{max}}$,150.0,unpaired,11.403006948831333,2.577020264205006
Set A,B4145_D80_a0.16_ms100,$t_{T_\mathrm{max}}$,150.0,unpaired,11.442811118130132,2.4869244094207636
Set A,B4145_D80_a0.16_ms100,$t_{T_\mathrm{max}}$,150.0,unpaired,11.482608970309538,2.4039203851192465
Set A,B4145_D80_a0.16_ms100,$t_{T_\mathrm{max}}$,150.0,unpaired,11.522406822488946,2.3284794191864457
Set A,B4145_D80_a0.16_ms100,$t_{T_\mathrm{max}}$,150.0,unpaired,11.562204674668353,2.2601113524390586
Set A,B4145_D80_a0.16_ms100,$t_{T_\mathrm{max}}$,150.0,unpaired,11.602008843967152,2.1986220526009213
Set A,B4145_D80_a0.16_ms100,$t_{T_\mathrm{max}}$,150.0,unpaired,11.641806696146556,2.143049033345023
Set A,B4145_D80_a0.16_ms100,$t_{T_\mathrm{max}}$,150.0,unpaired,11.681604548325963,2.092603554578481
Set A,B4145_D80_a0.16_ms100,$t_{T_\mathrm{max}}$,150.0,unpaired,11.72140240050537,2.046675811782587
Set A,B4145_D80_a0.16_ms100,$t_{T_\mathrm{max}}$,150.0,unpaired,11.76120656980417,2.0049782307592166
Set A,B4145_D80_a0.16_ms100,$t_{T_\mathrm{max}}$,150.0,unpaired,11.801004421983576,1.9670306080992386
Set A,B4145_D80_a0.16_ms100,$t_{T_\mathrm{max}}$,150.0,unpaired,11.840802274162982,1.9323220873598694
Set A,B4145_D80_a0.16_ms100,$t_{T_\mathrm{max}}$,150.0,unpaired,11.880600126342388,1.9004128108079394
Set A,B4145_D80_a0.16_ms100,$t_{T_\mathrm{max}}$,150.0,unpaired,11.920404295641188,1.8709742169488173
Set A,B4145_D80_a0.16_ms100,$t_{T_\mathrm{max}}$,150.0,unpaired,11.960202147820594,1.8437059996617453
Set A,B4145_D80_a0.16_ms100,$t_{T_\mathrm{max}}$,150.0,unpaired,12.0,1.8183836849970232
Set A,B4145_D80_a0.16_ms100,$t_{T_\mathrm{max}}$,150.0,cfl,0.25919734680985473,98.46003447947982
Set A,B4145_D80_a0.16_ms100,$t_{T_\mathrm{max}}$,150.0,cfl,0.2989966519267214,96.57107124823375
Set A,B4145_D80_a0.16_ms100,$t_{T_\mathrm{max}}$,150.0,cfl,0.33879595704358817,94.85451143714657
Set A,B4145_D80_a0.16_ms100,$t_{T_\mathrm{max}}$,150.0,cfl,0.3785953253316488,93.28158506703078
Set A,B4145_D80_a0.16_ms100,$t_{T_\mathrm{max}}$,150.0,cfl,0.4183946304485155,91.8306149589484
Set A,B4145_D80_a0.16_ms100,$t_{T_\mathrm{max}}$,150.0,cfl,0.4581939987365761,90.48486869116137
Set A,B4145_D80_a0.16_ms100,$t_{T_\mathrm{max}}$,150.0,cfl,0.49799330385344287,89.23124717702532
Set A,B4145_D80_a0.16_ms100,$t_{T_\mathrm{max}}$,150.0,cfl,0.5377926721415035,88.05926931769264
Set A,B4145_D80_a0.16_ms100,$t_{T_\mathrm{max}}$,150.0,cfl,0.5775919772583702,86.96037094829094
Set A,B4145_D80_a0.16_ms100,$t_{T_\mathrm{max}}$,150.0,cfl,0.6173912823752369,85.9275060335979
Set A,B4145_D80_a0.16_ms100,$t_{T_\mathrm{max}}$,150.0,cfl,0.6571907770056854,84.954671000684
Set A,B4145_D80_a0.16_ms100,$t_{T_\mathrm{max}}$,150.0,cfl,0.6969898926089704,84.03671687255698
Set A,B4145_D80_a0.16_ms100,$t_{T_\mathrm{max}}$,150.0,cfl,0.7367890082122552,83.16915520183392
Set A,B4145_D80_a0.16_ms100,$t_{T_\mathrm{max}}$,150.0,cfl,0.7765887555274795,82.34796074026289
Set A,B4145_D80_a0.16_ms100,$t_{T_\mathrm{max}}$,150.0,cfl,0.8163878711307644,81.5695617117359
Set A,B4145_D80_a0.16_ms100,$t_{T_\mathrm{max}}$,150.0,cfl,0.8561869867340492,80.8306582844307
Set A,B4145_D80_a0.16_ms100,$t_{T_\mathrm{max}}$,150.0,cfl,0.8959867340492736,80.12830540935371
Set A,B4145_D80_a0.16_ms100,$t_{T_\mathrm{max}}$,150.0,cfl,0.9357858496525585,79.45973870996173
Set A,B4145_D80_a0.16_ms100,$t_{T_\mathrm{max}}$,150.0,cfl,0.9755855969677827,78.82243873293555
Set A,B4145_D80_a0.16_ms100,$t_{T_\mathrm{max}}$,150.0,cfl,1.0153847125710675,78.21409799782339
Set A,B4145_D80_a0.16_ms100,$t_{T_\mathrm{max}}$,150.0,cfl,1.0551838281743526,77.63258487091015
Set A,B4145_D80_a0.16_ms100,$t_{T_\mathrm{max}}$,150.0,cfl,1.0949835754895767,77.07590327997842
Set A,B4145_D80_a0.16_ms100,$t_{T_\mathrm{max}}$,150.0,cfl,1.1347826910928616,76.54225556210848
Set A,B4145_D80_a0.16_ms100,$t_{T_\mathrm{max}}$,150.0,cfl,1.1745818066961466,76.03000376577316
Set A,B4145_D80_a0.16_ms100,$t_{T_\mathrm{max}}$,150.0,cfl,1.214381554011371,75.53757891412518
Set A,B4145_D80_a0.16_ms100,$t_{T_\mathrm{max}}$,150.0,cfl,1.2541806696146558,75.06361093330224
Set A,B4145_D80_a0.16_ms100,$t_{T_\mathrm{max}}$,150.0,cfl,1.2939797852179407,74.60681560941002
Set A,B4145_D80_a0.16_ms100,$t_{T_\mathrm{max}}$,150.0,cfl,1.333779532533165,74.16604235034255
Set A,B4145_D80_a0.16_ms100,$t_{T_\mathrm{max}}$,150.0,cfl,1.3735786481364498,73.74022562471298
Set A,B4145_D80_a0.16_ms100,$t_{T_\mathrm{max}}$,150.0,cfl,1.413377763739735,73.32840428163574
Set A,B4145_D80_a0.16_ms100,$t_{T_\mathrm{max}}$,150.0,cfl,1.453177511054959,72.9297234544735
Set A,B4145_D80_a0.16_ms100,$t_{T_\mathrm{max}}$,150.0,cfl,1.4929766266582438,72.54335206264012
Set A,B4145_D80_a0.16_ms100,$t_{T_\mathrm{max}}$,150.0,cfl,1.532775742261529,72.16860944004647
Set A,B4145_D80_a0.16_ms100,$t_{T_\mathrm{max}}$,150.0,cfl,1.5725754895767532,71.80480459322045
Set A,B4145_D80_a0.16_ms100,$t_{T_\mathrm{max}}$,150.0,cfl,1.6123746051800378,71.45139895779705
Set A,B4145_D80_a0.16_ms100,$t_{T_\mathrm{max}}$,150.0,cfl,1.652173720783323,71.10776758623727
Set A,B4145_D80_a0.16_ms100,$t_{T_\mathrm{max}}$,150.0,cfl,1.6919734680985472,70.77349162404475
Set A,B4145_D80_a0.16_ms100,$t_{T_\mathrm{max}}$,150.0,cfl,1.7317725837018318,70.44808577412981
Set A,B4145_D80_a0.16_ms100,$t_{T_\mathrm{max}}$,150.0,cfl,1.771571699305117,70.13112374097399
Set A,B4145_D80_a0.16_ms100,$t_{T_\mathrm{max}}$,150.0,cfl,1.8113714466203412,69.82228703969426
Set A,B4145_D80_a0.16_ms100,$t_{T_\mathrm{max}}$,150.0,cfl,1.8511705622236259,69.52120745910379
Set A,B4145_D80_a0.16_ms100,$t_{T_\mathrm{max}}$,150.0,cfl,1.890969677826911,69.22763938670646
Set A,B4145_D80_a0.16_ms100,$t_{T_\mathrm{max}}$,150.0,cfl,1.9307694251421352,68.94125058714823
Set A,B4145_D80_a0.16_ms100,$t_{T_\mathrm{max}}$,150.0,cfl,1.9705685407454203,68.66186576520455
Set A,B4145_D80_a0.16_ms100,$t_{T_\mathrm{max}}$,150.0,cfl,2.010367656348705,68.38921754434288
Set A,B4145_D80_a0.16_ms100,$t_{T_\mathrm{max}}$,150.0,cfl,2.050167403663929,68.12309292707376
Set A,B4145_D80_a0.16_ms100,$t_{T_\mathrm{max}}$,150.0,cfl,2.089966519267214,67.86332642953188
Set A,B4145_D80_a0.16_ms100,$t_{T_\mathrm{max}}$,150.0,cfl,2.129765634870499,67.60962952498014
Set A,B4145_D80_a0.16_ms100,$t_{T_\mathrm{max}}$,150.0,cfl,2.169565382185723,67.36188778837716
Set A,B4145_D80_a0.16_ms100,$t_{T_\mathrm{max}}$,150.0,cfl,2.209364497789008,67.11981470498921
Set A,B4145_D80_a0.16_ms100,$t_{T_\mathrm{max}}$,150.0,cfl,2.249163613392293,66.88329574125996
Set A,B4145_D80_a0.16_ms100,$t_{T_\mathrm{max}}$,150.0,cfl,2.2889633607075175,66.65213423198486
Set A,B4145_D80_a0.16_ms100,$t_{T_\mathrm{max}}$,150.0,cfl,2.328762476310802,66.42616207564016
Set A,B4145_D80_a0.16_ms100,$t_{T_\mathrm{max}}$,150.0,cfl,2.368561591914087,66.20519676787171
Set A,B4145_D80_a0.16_ms100,$t_{T_\mathrm{max}}$,150.0,cfl,2.4083613392293115,65.98912252771318
Set A,B4145_D80_a0.16_ms100,$t_{T_\mathrm{max}}$,150.0,cfl,2.448160454832596,65.77784949645459
Set A,B4145_D80_a0.16_ms100,$t_{T_\mathrm{max}}$,150.0,cfl,2.4879595704358817,65.57126564816673
Set A,B4145_D80_a0.16_ms100,$t_{T_\mathrm{max}}$,150.0,cfl,2.5277593177511055,65.36929427578248
Set A,B4145_D80_a0.16_ms100,$t_{T_\mathrm{max}}$,150.0,cfl,2.56755843335439,65.17193833735593
Set A,B4145_D80_a0.16_ms100,$t_{T_\mathrm{max}}$,150.0,cfl,2.6073575489576757,64.9790404657235
Set A,B4145_D80_a0.16_ms100,$t_{T_\mathrm{max}}$,150.0,cfl,2.6471572962728995,64.79056351427327
Set A,B4145_D80_a0.16_ms100,$t_{T_\mathrm{max}}$,150.0,cfl,2.686956411876184,64.60644382904891
Set A,B4145_D80_a0.16_ms100,$t_{T_\mathrm{max}}$,150.0,cfl,2.726756159191409,64.42651864598052
Set A,B4145_D80_a0.16_ms100,$t_{T_\mathrm{max}}$,150.0,cfl,2.7665552747946935,64.25077473430115
Set A,B4145_D80_a0.16_ms100,$t_{T_\mathrm{max}}$,150.0,cfl,2.8063543903979786,64.07903639615307
Set A,B4145_D80_a0.16_ms100,$t_{T_\mathrm{max}}$,150.0,cfl,2.846154137713203,63.91121482462092
Set A,B4145_D80_a0.16_ms100,$t_{T_\mathrm{max}}$,150.0,cfl,2.8859532533164876,63.747166568539726
Set A,B4145_D80_a0.16_ms100,$t_{T_\mathrm{max}}$,150.0,cfl,2.9257523689197726,63.58649139110763
Set A,B4145_D80_a0.16_ms100,$t_{T_\mathrm{max}}$,150.0,cfl,2.965552116234997,63.42938934444562
Set A,B4145_D80_a0.16_ms100,$t_{T_\mathrm{max}}$,150.0,cfl,3.0053512318382816,63.27496715788994
Set A,B4145_D80_a0.16_ms100,$t_{T_\mathrm{max}}$,150.0,cfl,3.0451503474415667,63.12359891122233
Set A,B4145_D80_a0.16_ms100,$t_{T_\mathrm{max}}$,150.0,cfl,3.084950094756791,62.97480696131286
Set A,B4145_D80_a0.16_ms100,$t_{T_\mathrm{max}}$,150.0,cfl,3.124749210360076,62.82871818412535
Set A,B4145_D80_a0.16_ms100,$t_{T_\mathrm{max}}$,150.0,cfl,3.1645483259633607,62.684682080381016
Set A,B4145_D80_a0.16_ms100,$t_{T_\mathrm{max}}$,150.0,cfl,3.204348073278585,62.54282086129062
Set A,B4145_D80_a0.16_ms100,$t_{T_\mathrm{max}}$,150.0,cfl,3.2441471888818696,62.40306933716535
Set A,B4145_D80_a0.16_ms100,$t_{T_\mathrm{max}}$,150.0,cfl,3.283946304485155,62.26505178540111
Set A,B4145_D80_a0.16_ms100,$t_{T_\mathrm{max}}$,150.0,cfl,3.323746051800379,62.12848320608066
Set A,B4145_D80_a0.16_ms100,$t_{T_\mathrm{max}}$,150.0,cfl,3.3635451674036636,61.993480030485074
Set A,B4145_D80_a0.16_ms100,$t_{T_\mathrm{max}}$,150.0,cfl,3.403344283006949,61.859532406693475
Set A,B4145_D80_a0.16_ms100,$t_{T_\mathrm{max}}$,150.0,cfl,3.443144030322173,61.72738362228944
Set A,B4145_D80_a0.16_ms100,$t_{T_\mathrm{max}}$,150.0,cfl,3.4829431459254576,61.59634712138415
Set A,B4145_D80_a0.16_ms100,$t_{T_\mathrm{max}}$,150.0,cfl,3.522742261528743,61.46710779708247
Set A,B4145_D80_a0.16_ms100,$t_{T_\mathrm{max}}$,150.0,cfl,3.562542008843967,61.33966460193874
Set A,B4145_D80_a0.16_ms100,$t_{T_\mathrm{max}}$,150.0,cfl,3.6023411244472525,61.2136741417859
Set A,B4145_D80_a0.16_ms100,$t_{T_\mathrm{max}}$,150.0,cfl,3.642140240050537,61.089542888748795
Set A,B4145_D80_a0.16_ms100,$t_{T_\mathrm{max}}$,150.0,cfl,3.681939987365761,60.96705079133826
Set A,B4145_D80_a0.16_ms100,$t_{T_\mathrm{max}}$,150.0,cfl,3.7217391029690465,60.8465283109773
Set A,B4145_D80_a0.16_ms100,$t_{T_\mathrm{max}}$,150.0,cfl,3.761538218572331,60.72749929926276
Set A,B4145_D80_a0.16_ms100,$t_{T_\mathrm{max}}$,150.0,cfl,3.801337965887555,60.610172181934146
Set A,B4145_D80_a0.16_ms100,$t_{T_\mathrm{max}}$,150.0,cfl,3.8411370814908405,60.49481531361615
Set A,B4145_D80_a0.16_ms100,$t_{T_\mathrm{max}}$,150.0,cfl,3.880936197094125,60.381074215714236
Set A,B4145_D80_a0.16_ms100,$t_{T_\mathrm{max}}$,150.0,cfl,3.92073594440935,60.268911910430056
Set A,B4145_D80_a0.16_ms100,$t_{T_\mathrm{max}}$,150.0,cfl,3.9605350600126346,60.15809709295686
Set A,B4145_D80_a0.16_ms100,$t_{T_\mathrm{max}}$,150.0,cfl,4.00033417561592,60.04879382613725
Set A,B4145_D80_a0.16_ms100,$t_{T_\mathrm{max}}$,150.0,cfl,4.040133922931144,59.941241950324915
Set A,B4145_D80_a0.16_ms100,$t_{T_\mathrm{max}}$,150.0,cfl,4.079933038534429,59.834188780020895
Set A,B4145_D80_a0.16_ms100,$t_{T_\mathrm{max}}$,150.0,cfl,4.119732154137713,59.72820281874251
Set A,B4145_D80_a0.16_ms100,$t_{T_\mathrm{max}}$,150.0,cfl,4.1595319014529375,59.62208696175397
Set A,B4145_D80_a0.16_ms100,$t_{T_\mathrm{max}}$,150.0,cfl,4.199331017056222,59.51545429664047
Set A,B4145_D80_a0.16_ms100,$t_{T_\mathrm{max}}$,150.0,cfl,4.239130132659508,59.408110028899394
Set A,B4145_D80_a0.16_ms100,$t_{T_\mathrm{max}}$,150.0,cfl,4.278929879974732,59.299203102499575
Set A,B4145_D80_a0.16_ms100,$t_{T_\mathrm{max}}$,150.0,cfl,4.318728995578017,59.18824812557103
Set A,B4145_D80_a0.16_ms100,$t_{T_\mathrm{max}}$,150.0,cfl,4.358528742893241,59.075095580090405
Set A,B4145_D80_a0.16_ms100,$t_{T_\mathrm{max}}$,150.0,cfl,4.3983278584965255,58.95850886449299
Set A,B4145_D80_a0.16_ms100,$t_{T_\mathrm{max}}$,150.0,cfl,4.43812697409981,58.83806724853294
Set A,B4145_D80_a0.16_ms100,$t_{T_\mathrm{max}}$,150.0,cfl,4.477926721415035,58.712426959003544
Set A,B4145_D80_a0.16_ms100,$t_{T_\mathrm{max}}$,150.0,cfl,4.51772583701832,58.579907360552376
Set A,B4145_D80_a0.16_ms100,$t_{T_\mathrm{max}}$,150.0,cfl,4.557524952621605,58.439938126605426
Set A,B4145_D80_a0.16_ms100,$t_{T_\mathrm{max}}$,150.0,cfl,4.597324699936829,58.28845229913989
Set A,B4145_D80_a0.16_ms100,$t_{T_\mathrm{max}}$,150.0,cfl,4.6371238155401135,58.12269126437398
Set A,B4145_D80_a0.16_ms100,$t_{T_\mathrm{max}}$,150.0,cfl,4.676922931143398,57.93438591759324
Set A,B4145_D80_a0.16_ms100,$t_{T_\mathrm{max}}$,150.0,cfl,4.716722678458623,57.714003586505086
Set A,B4145_D80_a0.16_ms100,$t_{T_\mathrm{max}}$,150.0,cfl,4.756521794061908,57.44572819370258
Set A,B4145_D80_a0.16_ms100,$t_{T_\mathrm{max}}$,150.0,cfl,4.796320909665193,57.104645084683106
Set A,B4145_D80_a0.16_ms100,$t_{T_\mathrm{max}}$,150.0,cfl,4.836120656980417,56.64604777592266
Set A,B4145_D80_a0.16_ms100,$t_{T_\mathrm{max}}$,150.0,cfl,4.875919772583702,56.04140752011125
Set A,B4145_D80_a0.16_ms100,$t_{T_\mathrm{max}}$,150.0,cfl,4.915718888186986,55.3864040469618
Set A,B4145_D80_a0.16_ms100,$t_{T_\mathrm{max}}$,150.0,cfl,4.955518635502211,54.72338167693384
Set A,B4145_D80_a0.16_ms100,$t_{T_\mathrm{max}}$,150.0,cfl,4.995317751105496,54.03820168615376
Set A,B4145_D80_a0.16_ms100,$t_{T_\mathrm{max}}$,150.0,cfl,5.035116866708781,53.32417255406121
Set A,B4145_D80_a0.16_ms100,$t_{T_\mathrm{max}}$,150.0,cfl,5.074916614024005,52.577825338873474
Set A,B4145_D80_a0.16_ms100,$t_{T_\mathrm{max}}$,150.0,cfl,5.11471572962729,51.80805926188356
Set A,B4145_D80_a0.16_ms100,$t_{T_\mathrm{max}}$,150.0,cfl,5.154514845230575,51.01651090061489
Set A,B4145_D80_a0.16_ms100,$t_{T_\mathrm{max}}$,150.0,cfl,5.194314592545799,50.20597835408195
Set A,B4145_D80_a0.16_ms100,$t_{T_\mathrm{max}}$,150.0,cfl,5.234113708149084,49.3760690282557
Set A,B4145_D80_a0.16_ms100,$t_{T_\mathrm{max}}$,150.0,cfl,5.273912823752369,48.52898132441403
Set A,B4145_D80_a0.16_ms100,$t_{T_\mathrm{max}}$,150.0,cfl,5.313712571067593,47.67121795033279
Set A,B4145_D80_a0.16_ms100,$t_{T_\mathrm{max}}$,150.0,cfl,5.353511686670878,46.80150639410226
Set A,B4145_D80_a0.16_ms100,$t_{T_\mathrm{max}}$,150.0,cfl,5.393310802274163,45.9286592201206
Set A,B4145_D80_a0.16_ms100,$t_{T_\mathrm{max}}$,150.0,cfl,5.433110549589387,45.0502060547317
Set A,B4145_D80_a0.16_ms100,$t_{T_\mathrm{max}}$,150.0,cfl,5.472909665192672,44.17185903062712
Set A,B4145_D80_a0.16_ms100,$t_{T_\mathrm{max}}$,150.0,cfl,5.512708780795958,43.29783442838399
Set A,B4145_D80_a0.16_ms100,$t_{T_\mathrm{max}}$,150.0,cfl,5.552508528111181,42.429785183584436
Set A,B4145_D80_a0.16_ms100,$t_{T_\mathrm{max}}$,150.0,cfl,5.592307643714466,41.57021383832653
Set A,B4145_D80_a0.16_ms100,$t_{T_\mathrm{max}}$,150.0,cfl,5.632106759317751,40.71954393648045
Set A,B4145_D80_a0.16_ms100,$t_{T_\mathrm{max}}$,150.0,cfl,5.6719065066329755,39.881860423259845
Set A,B4145_D80_a0.16_ms100,$t_{T_\mathrm{max}}$,150.0,cfl,5.711705622236261,39.05623498433984
Set A,B4145_D80_a0.16_ms100,$t_{T_\mathrm{max}}$,150.0,cfl,5.751504737839546,38.24656612574751
Set A,B4145_D80_a0.16_ms100,$t_{T_\mathrm{max}}$,150.0,cfl,5.791304485154769,37.45219251587767
Set A,B4145_D80_a0.16_ms100,$t_{T_\mathrm{max}}$,150.0,cfl,5.831103600758055,36.67412873612599
Set A,B4145_D80_a0.16_ms100,$t_{T_\mathrm{max}}$,150.0,cfl,5.870902716361339,35.91230343920533
Set A,B4145_D80_a0.16_ms100,$t_{T_\mathrm{max}}$,150.0,cfl,5.9107024636765635,35.16630592493866
Set A,B4145_D80_a0.16_ms100,$t_{T_\mathrm{max}}$,150.0,cfl,5.950501579279849,34.436712957314434
Set A,B4145_D80_a0.16_ms100,$t_{T_\mathrm{max}}$,150.0,cfl,5.990300694883134,33.72378340475378
Set A,B4145_D80_a0.16_ms100,$t_{T_\mathrm{max}}$,150.0,cfl,6.030100442198358,33.02693062746
Set A,B4145_D80_a0.16_ms100,$t_{T_\mathrm{max}}$,150.0,cfl,6.069899557801643,32.3451603352725
Set A,B4145_D80_a0.16_ms100,$t_{T_\mathrm{max}}$,150.0,cfl,6.109699305116867,31.678702497403165
Set A,B4145_D80_a0.16_ms100,$t_{T_\mathrm{max}}$,150.0,cfl,6.149498420720152,31.026623824191482
Set A,B4145_D80_a0.16_ms100,$t_{T_\mathrm{max}}$,150.0,cfl,6.189297536323437,30.390503760171708
Set A,B4145_D80_a0.16_ms100,$t_{T_\mathrm{max}}$,150.0,cfl,6.22909728363866,29.766581482866243
Set A,B4145_D80_a0.16_ms100,$t_{T_\mathrm{max}}$,150.0,cfl,6.268896399241946,29.157191368112404
Set A,B4145_D80_a0.16_ms100,$t_{T_\mathrm{max}}$,150.0,cfl,6.308695514845231,28.560175498593637
Set A,B4145_D80_a0.16_ms100,$t_{T_\mathrm{max}}$,150.0,cfl,6.348496525584333,27.976489424068784
Set A,B4145_D80_a0.16_ms100,$t_{T_\mathrm{max}}$,150.0,cfl,6.3882943777637395,27.404942297715852
Set A,B4145_D80_a0.16_ms100,$t_{T_\mathrm{max}}$,150.0,cfl,6.428092229943147,26.844516273211358
Set A,B4145_D80_a0.16_ms100,$t_{T_\mathrm{max}}$,150.0,cfl,6.467890082122553,26.29606478170315
Set A,B4145_D80_a0.16_ms100,$t_{T_\mathrm{max}}$,150.0,cfl,6.507694251421352,25.757820818790467
Set A,B4145_D80_a0.16_ms100,$t_{T_\mathrm{max}}$,150.0,cfl,6.547492103600758,25.230961635687695
Set A,B4145_D80_a0.16_ms100,$t_{T_\mathrm{max}}$,150.0,cfl,6.587289955780164,24.714004654226446
Set A,B4145_D80_a0.16_ms100,$t_{T_\mathrm{max}}$,150.0,cfl,6.62708780795957,24.207220392799375
Set A,B4145_D80_a0.16_ms100,$t_{T_\mathrm{max}}$,150.0,cfl,6.666891977258371,23.710436247223257
Set A,B4145_D80_a0.16_ms100,$t_{T_\mathrm{max}}$,150.0,cfl,6.706689829437776,23.22306677250855
Set A,B4145_D80_a0.16_ms100,$t_{T_\mathrm{max}}$,150.0,cfl,6.746487681617182,22.744395833100548
Set A,B4145_D80_a0.16_ms100,$t_{T_\mathrm{max}}$,150.0,cfl,6.786285533796589,22.27544262936013
Set A,B4145_D80_a0.16_ms100,$t_{T_\mathrm{max}}$,150.0,cfl,6.826089703095389,21.815538799877935
Set A,B4145_D80_a0.16_ms100,$t_{T_\mathrm{max}}$,150.0,cfl,6.865887555274795,21.364085810926383
Set A,B4145_D80_a0.16_ms100,$t_{T_\mathrm{max}}$,150.0,cfl,6.905685407454201,20.921147348806812
Set A,B4145_D80_a0.16_ms100,$t_{T_\mathrm{max}}$,150.0,cfl,6.9454832596336065,20.48685397180002
Set A,B4145_D80_a0.16_ms100,$t_{T_\mathrm{max}}$,150.0,cfl,6.985287428932407,20.06003005428147
Set A,B4145_D80_a0.16_ms100,$t_{T_\mathrm{max}}$,150.0,cfl,7.025085281111814,19.641286722445543
Set A,B4145_D80_a0.16_ms100,$t_{T_\mathrm{max}}$,150.0,cfl,7.064883133291219,19.230736200510805
Set A,B4145_D80_a0.16_ms100,$t_{T_\mathrm{max}}$,150.0,cfl,7.104680985470625,18.828651374699877
Set A,B4145_D80_a0.16_ms100,$t_{T_\mathrm{max}}$,150.0,cfl,7.1444788376500314,18.434689192500443
Set A,B4145_D80_a0.16_ms100,$t_{T_\mathrm{max}}$,150.0,cfl,7.1842830069488315,18.04842893196963
Set A,B4145_D80_a0.16_ms100,$t_{T_\mathrm{max}}$,150.0,cfl,7.224080859128238,17.669303941307867
Set A,B4145_D80_a0.16_ms100,$t_{T_\mathrm{max}}$,150.0,cfl,7.263878711307644,17.297456023483786
Set A,B4145_D80_a0.16_ms100,$t_{T_\mathrm{max}}$,150.0,cfl,7.30367656348705,16.93284547839335
Set A,B4145_D80_a0.16_ms100,$t_{T_\mathrm{max}}$,150.0,cfl,7.34348073278585,16.57483003242023
Set A,B4145_D80_a0.16_ms100,$t_{T_\mathrm{max}}$,150.0,cfl,7.3832785849652565,16.224619590948045
Set A,B4145_D80_a0.16_ms100,$t_{T_\mathrm{max}}$,150.0,cfl,7.423076437144663,15.882176614066982
Set A,B4145_D80_a0.16_ms100,$t_{T_\mathrm{max}}$,150.0,cfl,7.462874289324068,15.547458952164758
Set A,B4145_D80_a0.16_ms100,$t_{T_\mathrm{max}}$,150.0,cfl,7.502678458622867,15.220633652909937
Set A,B4145_D80_a0.16_ms100,$t_{T_\mathrm{max}}$,150.0,cfl,7.542476310802275,14.898292804391525
Set A,B4145_D80_a0.16_ms100,$t_{T_\mathrm{max}}$,150.0,cfl,7.5822741629816806,14.580716051736713
Set A,B4145_D80_a0.16_ms100,$t_{T_\mathrm{max}}$,150.0,cfl,7.622072015161087,14.268224139657319
Set A,B4145_D80_a0.16_ms100,$t_{T_\mathrm{max}}$,150.0,cfl,7.661869867340493,13.96068230086928
Set A,B4145_D80_a0.16_ms100,$t_{T_\mathrm{max}}$,150.0,cfl,7.701674036639292,13.658739864502058
Set A,B4145_D80_a0.16_ms100,$t_{T_\mathrm{max}}$,150.0,cfl,7.741471888818699,13.363709399499593
Set A,B4145_D80_a0.16_ms100,$t_{T_\mathrm{max}}$,150.0,cfl,7.7812697409981055,13.076366586250955
Set A,B4145_D80_a0.16_ms100,$t_{T_\mathrm{max}}$,150.0,cfl,7.821067593177512,12.796786171795848
Set A,B4145_D80_a0.16_ms100,$t_{T_\mathrm{max}}$,150.0,cfl,7.860871762476311,12.524652692301027
Set A,B4145_D80_a0.16_ms100,$t_{T_\mathrm{max}}$,150.0,cfl,7.900669614655716,12.25866837499412
Set A,B4145_D80_a0.16_ms100,$t_{T_\mathrm{max}}$,150.0,cfl,7.940467466835124,11.99788145767187
Set A,B4145_D80_a0.16_ms100,$t_{T_\mathrm{max}}$,150.0,cfl,7.98026531901453,11.741068123671496
Set A,B4145_D80_a0.16_ms100,$t_{T_\mathrm{max}}$,150.0,cfl,8.020069488313329,11.486912909654787
Set A,B4145_D80_a0.16_ms100,$t_{T_\mathrm{max}}$,150.0,cfl,8.059867340492735,11.23590031935263
Set A,B4145_D80_a0.16_ms100,$t_{T_\mathrm{max}}$,150.0,cfl,8.099665192672141,10.988294126301026
Set A,B4145_D80_a0.16_ms100,$t_{T_\mathrm{max}}$,150.0,cfl,8.13946304485155,10.745842761818343
Set A,B4145_D80_a0.16_ms100,$t_{T_\mathrm{max}}$,150.0,cfl,8.179267214150348,10.510363533731493
Set A,B4145_D80_a0.16_ms100,$t_{T_\mathrm{max}}$,150.0,cfl,8.219065066329753,10.283348557439393
Set A,B4145_D80_a0.16_ms100,$t_{T_\mathrm{max}}$,150.0,cfl,8.258862918509159,10.06698057860517
Set A,B4145_D80_a0.16_ms100,$t_{T_\mathrm{max}}$,150.0,cfl,8.298660770688565,9.861989679532766
Set A,B4145_D80_a0.16_ms100,$t_{T_\mathrm{max}}$,150.0,cfl,8.338458622867973,9.663156564545087
Set A,B4145_D80_a0.16_ms100,$t_{T_\mathrm{max}}$,150.0,cfl,8.378262792166772,9.466030990699437
Set A,B4145_D80_a0.16_ms100,$t_{T_\mathrm{max}}$,150.0,cfl,8.418060644346179,9.269292428496716
Set A,B4145_D80_a0.16_ms100,$t_{T_\mathrm{max}}$,150.0,cfl,8.457858496525585,9.071912407834024
Set A,B4145_D80_a0.16_ms100,$t_{T_\mathrm{max}}$,150.0,cfl,8.49765634870499,8.873215690419858
Set A,B4145_D80_a0.16_ms100,$t_{T_\mathrm{max}}$,150.0,cfl,8.53746051800379,8.673210956955929
Set A,B4145_D80_a0.16_ms100,$t_{T_\mathrm{max}}$,150.0,cfl,8.577258370183197,8.472044412549533
Set A,B4145_D80_a0.16_ms100,$t_{T_\mathrm{max}}$,150.0,cfl,8.617056222362603,8.270185064236689
Set A,B4145_D80_a0.16_ms100,$t_{T_\mathrm{max}}$,150.0,cfl,8.656854074542009,8.069071126781436
Set A,B4145_D80_a0.16_ms100,$t_{T_\mathrm{max}}$,150.0,cfl,8.696658243840808,7.870178053658352
Set A,B4145_D80_a0.16_ms100,$t_{T_\mathrm{max}}$,150.0,cfl,8.736456096020214,7.677578679848978
Set A,B4145_D80_a0.16_ms100,$t_{T_\mathrm{max}}$,150.0,cfl,8.77625394819962,7.494798332717195
Set A,B4145_D80_a0.16_ms100,$t_{T_\mathrm{max}}$,150.0,cfl,8.816051800379027,7.322416042760153
Set A,B4145_D80_a0.16_ms100,$t_{T_\mathrm{max}}$,150.0,cfl,8.855855969677828,7.159922447021558
Set A,B4145_D80_a0.16_ms100,$t_{T_\mathrm{max}}$,150.0,cfl,8.895653821857234,7.005565511027434
Set A,B4145_D80_a0.16_ms100,$t_{T_\mathrm{max}}$,150.0,cfl,8.93545167403664,6.857692797390346
Set A,B4145_D80_a0.16_ms100,$t_{T_\mathrm{max}}$,150.0,cfl,8.975249526216045,6.714369799137968
Set A,B4145_D80_a0.16_ms100,$t_{T_\mathrm{max}}$,150.0,cfl,9.015047378395451,6.573526244662323
Set A,B4145_D80_a0.16_ms100,$t_{T_\mathrm{max}}$,150.0,cfl,9.054851547694252,6.433395336794189
Set A,B4145_D80_a0.16_ms100,$t_{T_\mathrm{max}}$,150.0,cfl,9.094649399873658,6.29193130064226
Set A,B4145_D80_a0.16_ms100,$t_{T_\mathrm{max}}$,150.0,cfl,9.134447252053064,6.146403887293262
Set A,B4145_D80_a0.16_ms100,$t_{T_\mathrm{max}}$,150.0,cfl,9.17424510423247,5.993691979506699
Set A,B4145_D80_a0.16_ms100,$t_{T_\mathrm{max}}$,150.0,cfl,9.21404927353127,5.830160429963943
Set A,B4145_D80_a0.16_ms100,$t_{T_\mathrm{max}}$,150.0,cfl,9.253847125710676,5.655129853446302
Set A,B4145_D80_a0.16_ms100,$t_{T_\mathrm{max}}$,150.0,cfl,9.293644977890082,5.471924995323436
Set A,B4145_D80_a0.16_ms100,$t_{T_\mathrm{max}}$,150.0,cfl,9.333442830069488,5.287854912810767
Set A,B4145_D80_a0.16_ms100,$t_{T_\mathrm{max}}$,150.0,cfl,9.373246999368288,5.111406496073664
Set A,B4145_D80_a0.16_ms100,$t_{T_\mathrm{max}}$,150.0,cfl,9.413044851547696,4.948792509247178
Set A,B4145_D80_a0.16_ms100,$t_{T_\mathrm{max}}$,150.0,cfl,9.452842703727102,4.803041756573352
Set A,B4145_D80_a0.16_ms100,$t_{T_\mathrm{max}}$,150.0,cfl,9.492640555906506,4.674152767871371
Set A,B4145_D80_a0.16_ms100,$t_{T_\mathrm{max}}$,150.0,cfl,9.532438408085913,4.560684102542355
Set A,B4145_D80_a0.16_ms100,$t_{T_\mathrm{max}}$,150.0,cfl,9.572242577384712,4.475507008169277
Set A,B4145_D80_a0.16_ms100,$t_{T_\mathrm{max}}$,150.0,cfl,9.61204042956412,4.40464835234828
Set A,B4145_D80_a0.16_ms100,$t_{T_\mathrm{max}}$,150.0,cfl,9.651838281743526,4.3362513387164485
Set A,B4145_D80_a0.16_ms100,$t_{T_\mathrm{max}}$,150.0,cfl,9.691636133922932,4.269647447225716
Set A,B4145_D80_a0.16_ms100,$t_{T_\mathrm{max}}$,150.0,cfl,9.731440303221731,4.204330791565042
Set A,B4145_D80_a0.16_ms100,$t_{T_\mathrm{max}}$,150.0,cfl,9.771238155401138,4.139931165195419
Set A,B4145_D80_a0.16_ms100,$t_{T_\mathrm{max}}$,150.0,cfl,9.811036007580544,4.075934699341336
Set A,B4145_D80_a0.16_ms100,$t_{T_\mathrm{max}}$,150.0,cfl,9.85083385975995,4.012028638641834
Set A,B4145_D80_a0.16_ms100,$t_{T_\mathrm{max}}$,150.0,cfl,9.89063802905875,3.9479102091165914
Set A,B4145_D80_a0.16_ms100,$t_{T_\mathrm{max}}$,150.0,cfl,9.930435881238155,3.882957952379647
Set A,B4145_D80_a0.16_ms100,$t_{T_\mathrm{max}}$,150.0,cfl,9.970233733417562,3.8166834262754485
Set A,B4145_D80_a0.16_ms100,$t_{T_\mathrm{max}}$,150.0,cfl,10.010031585596968,3.748593915997911
Set A,B4145_D80_a0.16_ms100,$t_{T_\mathrm{max}}$,150.0,cfl,10.049835754895767,3.6783485016782054
Set A,B4145_D80_a0.16_ms100,$t_{T_\mathrm{max}}$,150.0,cfl,10.089633607075173,3.6055289676304363
Set A,B4145_D80_a0.16_ms100,$t_{T_\mathrm{max}}$,150.0,cfl,10.12943145925458,3.5296951725819623
Set A,B4145_D80_a0.16_ms100,$t_{T_\mathrm{max}}$,150.0,cfl,10.169229311433986,3.4508325523184227
Set A,B4145_D80_a0.16_ms100,$t_{T_\mathrm{max}}$,150.0,cfl,10.209027163613394,3.36887954094938
Set A,B4145_D80_a0.16_ms100,$t_{T_\mathrm{max}}$,150.0,cfl,10.248831332912193,3.283636667165123
Set A,B4145_D80_a0.16_ms100,$t_{T_\mathrm{max}}$,150.0,cfl,10.288629185091597,3.195998019317401
Set A,B4145_D80_a0.16_ms100,$t_{T_\mathrm{max}}$,150.0,cfl,10.328427037271004,3.106224197547027
Set A,B4145_D80_a0.16_ms100,$t_{T_\mathrm{max}}$,150.0,cfl,10.36822488945041,3.015226392676958
Set A,B4145_D80_a0.16_ms100,$t_{T_\mathrm{max}}$,150.0,cfl,10.40802905874921,2.9240032715980178
Set A,B4145_D80_a0.16_ms100,$t_{T_\mathrm{max}}$,150.0,cfl,10.447826910928617,2.8337721507878553
Set A,B4145_D80_a0.16_ms100,$t_{T_\mathrm{max}}$,150.0,cfl,10.487624763108023,2.7462692152473283
Set A,B4145_D80_a0.16_ms100,$t_{T_\mathrm{max}}$,150.0,cfl,10.52742261528743,2.661715700994448
Set A,B4145_D80_a0.16_ms100,$t_{T_\mathrm{max}}$,150.0,cfl,10.567226784586229,2.5810197238493573
Set A,B4145_D80_a0.16_ms100,$t_{T_\mathrm{max}}$,150.0,cfl,10.607024636765635,2.504773207966704
Set A,B4145_D80_a0.16_ms100,$t_{T_\mathrm{max}}$,150.0,cfl,10.646822488945041,2.4333490958069115
Set A,B4145_D80_a0.16_ms100,$t_{T_\mathrm{max}}$,150.0,cfl,10.686620341124447,2.366900792070085
Set A,B4145_D80_a0.16_ms100,$t_{T_\mathrm{max}}$,150.0,cfl,10.726424510423248,2.305300587580656
Set A,B4145_D80_a0.16_ms100,$t_{T_\mathrm{max}}$,150.0,cfl,10.766222362602655,2.248414457214041
Set A,B4145_D80_a0.16_ms100,$t_{T_\mathrm{max}}$,150.0,cfl,10.806020214782059,2.1959775756579245
Set A,B4145_D80_a0.16_ms100,$t_{T_\mathrm{max}}$,150.0,cfl,10.845818066961465,2.1476873574131683
Set A,B4145_D80_a0.16_ms100,$t_{T_\mathrm{max}}$,150.0,cfl,10.885615919140871,2.1032430928058603
Set A,B4145_D80_a0.16_ms100,$t_{T_\mathrm{max}}$,150.0,cfl,10.925420088439672,2.0622156567357144
Set A,B4145_D80_a0.16_ms100,$t_{T_\mathrm{max}}$,150.0,cfl,10.965217940619079,2.0244408817947375
Set A,B4145_D80_a0.16_ms100,$t_{T_\mathrm{max}}$,150.0,cfl,11.005015792798485,1.9896409303629963
Set A,B4145_D80_a0.16_ms100,$t_{T_\mathrm{max}}$,150.0,cfl,11.044813644977891,1.9574936224673427
Set A,B4145_D80_a0.16_ms100,$t_{T_\mathrm{max}}$,150.0,cfl,11.08461781427669,1.9276855774097361
Set A,B4145_D80_a0.16_ms100,$t_{T_\mathrm{max}}$,150.0,cfl,11.124415666456096,1.8999503333875511
Set A,B4145_D80_a0.16_ms100,$t_{T_\mathrm{max}}$,150.0,cfl,11.164213518635503,1.874067277104594
Set A,B4145_D80_a0.16_ms100,$t_{T_\mathrm{max}}$,150.0,cfl,11.204011370814909,1.849835550466969
Set A,B4145_D80_a0.16_ms100,$t_{T_\mathrm{max}}$,150.0,cfl,11.243815540113708,1.8271257924434556
Set A,B4145_D80_a0.16_ms100,$t_{T_\mathrm{max}}$,150.0,cfl,11.283613392293114,1.8057676562059084
Set A,B4145_D80_a0.16_ms100,$t_{T_\mathrm{max}}$,150.0,cfl,11.32341124447252,1.785665325732821
Set A,B4145_D80_a0.16_ms100,$t_{T_\mathrm{max}}$,150.0,cfl,11.363209096651927,1.7666927599029731
Set A,B4145_D80_a0.16_ms100,$t_{T_\mathrm{max}}$,150.0,cfl,11.403006948831333,1.7487641149219557
Set A,B4145_D80_a0.16_ms100,$t_{T_\mathrm{max}}$,150.0,cfl,11.442811118130132,1.731799850590252
Set A,B4145_D80_a0.16_ms100,$t_{T_\mathrm{max}}$,150.0,cfl,11.482608970309538,1.715725919020429
Set A,B4145_D80_a0.16_ms100,$t_{T_\mathrm{max}}$,150.0,cfl,11.522406822488946,1.7005605860058557
Set A,B4145_D80_a0.16_ms100,$t_{T_\mathrm{max}}$,150.0,cfl,11.562204674668353,1.685759121386408
Set A,B4145_D80_a0.16_ms100,$t_{T_\mathrm{max}}$,150.0,cfl,11.602008843967152,1.6715686379664183
Set A,B4145_D80_a0.16_ms100,$t_{T_\mathrm{max}}$,150.0,cfl,11.641806696146556,1.658071951392755
Set A,B4145_D80_a0.16_ms100,$t_{T_\mathrm{max}}$,150.0,cfl,11.681604548325963,1.6451755303420652
Set A,B4145_D80_a0.16_ms100,$t_{T_\mathrm{max}}$,150.0,cfl,11.72140240050537,1.6328328851912597
Set A,B4145_D80_a0.16_ms100,$t_{T_\mathrm{max}}$,150.0,cfl,11.76120656980417,1.621015450689543
Set A,B4145_D80_a0.16_ms100,$t_{T_\mathrm{max}}$,150.0,cfl,11.801004421983576,1.6097001230635928
Set A,B4145_D80_a0.16_ms100,$t_{T_\mathrm{max}}$,150.0,cfl,11.840802274162982,1.5988566141039466
Set A,B4145_D80_a0.16_ms100,$t_{T_\mathrm{max}}$,150.0,cfl,11.880600126342388,1.5884559011606052
Set A,B4145_D80_a0.16_ms100,$t_{T_\mathrm{max}}$,150.0,cfl,11.920404295641188,1.578479845929648
Set A,B4145_D80_a0.16_ms100,$t_{T_\mathrm{max}}$,150.0,cfl,11.960202147820594,1.568902319152822
Set A,B4145_D80_a0.16_ms100,$t_{T_\mathrm{max}}$,150.0,cfl,12.0,1.5597075572388697
Set A,B4145_D80_a0.16_ms100,$t_{T_\mathrm{max}}$,150.0,unpCFL,0.25919734680985473,98.34555174209692
Set A,B4145_D80_a0.16_ms100,$t_{T_\mathrm{max}}$,150.0,unpCFL,0.2989966519267214,96.4190255102204
Set A,B4145_D80_a0.16_ms100,$t_{T_\mathrm{max}}$,150.0,unpCFL,0.33879595704358817,94.65569471701963
Set A,B4145_D80_a0.16_ms100,$t_{T_\mathrm{max}}$,150.0,unpCFL,0.3785953253316488,93.02663070320632
Set A,B4145_D80_a0.16_ms100,$t_{T_\mathrm{max}}$,150.0,unpCFL,0.4183946304485155,91.51038011898201
Set A,B4145_D80_a0.16_ms100,$t_{T_\mathrm{max}}$,150.0,unpCFL,0.4581939987365761,90.09077721134149
Set A,B4145_D80_a0.16_ms100,$t_{T_\mathrm{max}}$,150.0,unpCFL,0.49799330385344287,88.75558734701436
Set A,B4145_D80_a0.16_ms100,$t_{T_\mathrm{max}}$,150.0,unpCFL,0.5377926721415035,87.49541722340652
Set A,B4145_D80_a0.16_ms100,$t_{T_\mathrm{max}}$,150.0,unpCFL,0.5775919772583702,86.30293486523077
Set A,B4145_D80_a0.16_ms100,$t_{T_\mathrm{max}}$,150.0,unpCFL,0.6173912823752369,85.17244293157594
Set A,B4145_D80_a0.16_ms100,$t_{T_\mathrm{max}}$,150.0,unpCFL,0.6571907770056854,84.09935539245019
Set A,B4145_D80_a0.16_ms100,$t_{T_\mathrm{max}}$,150.0,unpCFL,0.6969898926089704,83.0798709750369
Set A,B4145_D80_a0.16_ms100,$t_{T_\mathrm{max}}$,150.0,unpCFL,0.7367890082122552,82.11086137294464
Set A,B4145_D80_a0.16_ms100,$t_{T_\mathrm{max}}$,150.0,unpCFL,0.7765887555274795,81.18950716825289
Set A,B4145_D80_a0.16_ms100,$t_{T_\mathrm{max}}$,150.0,unpCFL,0.8163878711307644,80.31336088677216
Set A,B4145_D80_a0.16_ms100,$t_{T_\mathrm{max}}$,150.0,unpCFL,0.8561869867340492,79.48005380278876
Set A,B4145_D80_a0.16_ms100,$t_{T_\mathrm{max}}$,150.0,unpCFL,0.8959867340492736,78.68742069503993
Set A,B4145_D80_a0.16_ms100,$t_{T_\mathrm{max}}$,150.0,unpCFL,0.9357858496525585,77.93336797664692
Set A,B4145_D80_a0.16_ms100,$t_{T_\mathrm{max}}$,150.0,unpCFL,0.9755855969677827,77.21586946097695
Set A,B4145_D80_a0.16_ms100,$t_{T_\mathrm{max}}$,150.0,unpCFL,1.0153847125710675,76.53293346172012
Set A,B4145_D80_a0.16_ms100,$t_{T_\mathrm{max}}$,150.0,unpCFL,1.0551838281743526,75.88264186821083
Set A,B4145_D80_a0.16_ms100,$t_{T_\mathrm{max}}$,150.0,unpCFL,1.0949835754895767,75.26312596660988
Set A,B4145_D80_a0.16_ms100,$t_{T_\mathrm{max}}$,150.0,unpCFL,1.1347826910928616,74.67259023205162
Set A,B4145_D80_a0.16_ms100,$t_{T_\mathrm{max}}$,150.0,unpCFL,1.1745818066961466,74.1093492025916
Set A,B4145_D80_a0.16_ms100,$t_{T_\mathrm{max}}$,150.0,unpCFL,1.214381554011371,73.5717413094336
Set A,B4145_D80_a0.16_ms100,$t_{T_\mathrm{max}}$,150.0,unpCFL,1.2541806696146558,73.05818575980523
Set A,B4145_D80_a0.16_ms100,$t_{T_\mathrm{max}}$,150.0,unpCFL,1.2939797852179407,72.56721008024935
Set A,B4145_D80_a0.16_ms100,$t_{T_\mathrm{max}}$,150.0,unpCFL,1.333779532533165,72.0974133235159
Set A,B4145_D80_a0.16_ms100,$t_{T_\mathrm{max}}$,150.0,unpCFL,1.3735786481364498,71.64745645618503
Set A,B4145_D80_a0.16_ms100,$t_{T_\mathrm{max}}$,150.0,unpCFL,1.413377763739735,71.21614660544664
Set A,B4145_D80_a0.16_ms100,$t_{T_\mathrm{max}}$,150.0,unpCFL,1.453177511054959,70.80235933145343
Set A,B4145_D80_a0.16_ms100,$t_{T_\mathrm{max}}$,150.0,unpCFL,1.4929766266582438,70.40499032865301
Set A,B4145_D80_a0.16_ms100,$t_{T_\mathrm{max}}$,150.0,unpCFL,1.532775742261529,70.0230843327599
Set A,B4145_D80_a0.16_ms100,$t_{T_\mathrm{max}}$,150.0,unpCFL,1.5725754895767532,69.6557313140321
Set A,B4145_D80_a0.16_ms100,$t_{T_\mathrm{max}}$,150.0,unpCFL,1.6123746051800378,69.30207832299405
Set A,B4145_D80_a0.16_ms100,$t_{T_\mathrm{max}}$,150.0,unpCFL,1.652173720783323,68.96136246825756
Set A,B4145_D80_a0.16_ms100,$t_{T_\mathrm{max}}$,150.0,unpCFL,1.6919734680985472,68.63288793688832
Set A,B4145_D80_a0.16_ms100,$t_{T_\mathrm{max}}$,150.0,unpCFL,1.7317725837018318,68.3159718847059
Set A,B4145_D80_a0.16_ms100,$t_{T_\mathrm{max}}$,150.0,unpCFL,1.771571699305117,68.01006163951472
Set A,B4145_D80_a0.16_ms100,$t_{T_\mathrm{max}}$,150.0,unpCFL,1.8113714466203412,67.71452340935923
Set A,B4145_D80_a0.16_ms100,$t_{T_\mathrm{max}}$,150.0,unpCFL,1.8511705622236259,67.4288977289777
Set A,B4145_D80_a0.16_ms100,$t_{T_\mathrm{max}}$,150.0,unpCFL,1.890969677826911,67.15273462116457
Set A,B4145_D80_a0.16_ms100,$t_{T_\mathrm{max}}$,150.0,unpCFL,1.9307694251421352,66.88558085482155
Set A,B4145_D80_a0.16_ms100,$t_{T_\mathrm{max}}$,150.0,unpCFL,1.9705685407454203,66.62701437355871
Set A,B4145_D80_a0.16_ms100,$t_{T_\mathrm{max}}$,150.0,unpCFL,2.010367656348705,66.37669228612923
Set A,B4145_D80_a0.16_ms100,$t_{T_\mathrm{max}}$,150.0,unpCFL,2.050167403663929,66.13422287411231
Set A,B4145_D80_a0.16_ms100,$t_{T_\mathrm{max}}$,150.0,unpCFL,2.089966519267214,65.89935087417265
Set A,B4145_D80_a0.16_ms100,$t_{T_\mathrm{max}}$,150.0,unpCFL,2.129765634870499,65.67168756045827
Set A,B4145_D80_a0.16_ms100,$t_{T_\mathrm{max}}$,150.0,unpCFL,2.169565382185723,65.45104147509797
Set A,B4145_D80_a0.16_ms100,$t_{T_\mathrm{max}}$,150.0,unpCFL,2.209364497789008,65.2370858098672
Set A,B4145_D80_a0.16_ms100,$t_{T_\mathrm{max}}$,150.0,unpCFL,2.249163613392293,65.0295793902734
Set A,B4145_D80_a0.16_ms100,$t_{T_\mathrm{max}}$,150.0,unpCFL,2.2889633607075175,64.82833063383661
Set A,B4145_D80_a0.16_ms100,$t_{T_\mathrm{max}}$,150.0,unpCFL,2.328762476310802,64.63302074664878
Set A,B4145_D80_a0.16_ms100,$t_{T_\mathrm{max}}$,150.0,unpCFL,2.368561591914087,64.4435103678677
Set A,B4145_D80_a0.16_ms100,$t_{T_\mathrm{max}}$,150.0,unpCFL,2.4083613392293115,64.25954037275977
Set A,B4145_D80_a0.16_ms100,$t_{T_\mathrm{max}}$,150.0,unpCFL,2.448160454832596,64.08094455193536
Set A,B4145_D80_a0.16_ms100,$t_{T_\mathrm{max}}$,150.0,unpCFL,2.4879595704358817,63.90749931987425
Set A,B4145_D80_a0.16_ms100,$t_{T_\mathrm{max}}$,150.0,unpCFL,2.5277593177511055,63.73901786046867
Set A,B4145_D80_a0.16_ms100,$t_{T_\mathrm{max}}$,150.0,unpCFL,2.56755843335439,63.57530460073048
Set A,B4145_D80_a0.16_ms100,$t_{T_\mathrm{max}}$,150.0,unpCFL,2.6073575489576757,63.416183930809666
Set A,B4145_D80_a0.16_ms100,$t_{T_\mathrm{max}}$,150.0,unpCFL,2.6471572962728995,63.26148698216075
Set A,B4145_D80_a0.16_ms100,$t_{T_\mathrm{max}}$,150.0,unpCFL,2.686956411876184,63.111035655477785
Set A,B4145_D80_a0.16_ms100,$t_{T_\mathrm{max}}$,150.0,unpCFL,2.726756159191409,62.96462681231152
Set A,B4145_D80_a0.16_ms100,$t_{T_\mathrm{max}}$,150.0,unpCFL,2.7665552747946935,62.822165670548785
Set A,B4145_D80_a0.16_ms100,$t_{T_\mathrm{max}}$,150.0,unpCFL,2.8063543903979786,62.68337656698564
Set A,B4145_D80_a0.16_ms100,$t_{T_\mathrm{max}}$,150.0,unpCFL,2.846154137713203,62.54801540967896
Set A,B4145_D80_a0.16_ms100,$t_{T_\mathrm{max}}$,150.0,unpCFL,2.8859532533164876,62.4164252334953
Set A,B4145_D80_a0.16_ms100,$t_{T_\mathrm{max}}$,150.0,unpCFL,2.9257523689197726,62.287623835515156
Set A,B4145_D80_a0.16_ms100,$t_{T_\mathrm{max}}$,150.0,unpCFL,2.965552116234997,62.1622499120675
Set A,B4145_D80_a0.16_ms100,$t_{T_\mathrm{max}}$,150.0,unpCFL,3.0053512318382816,62.03974439416469
Set A,B4145_D80_a0.16_ms100,$t_{T_\mathrm{max}}$,150.0,unpCFL,3.0451503474415667,61.91961812492152
Set A,B4145_D80_a0.16_ms100,$t_{T_\mathrm{max}}$,150.0,unpCFL,3.084950094756791,61.8024213575643
Set A,B4145_D80_a0.16_ms100,$t_{T_\mathrm{max}}$,150.0,unpCFL,3.124749210360076,61.68761085638909
Set A,B4145_D80_a0.16_ms100,$t_{T_\mathrm{max}}$,150.0,unpCFL,3.1645483259633607,61.575094439368996
Set A,B4145_D80_a0.16_ms100,$t_{T_\mathrm{max}}$,150.0,unpCFL,3.204348073278585,61.4645556570283
Set A,B4145_D80_a0.16_ms100,$t_{T_\mathrm{max}}$,150.0,unpCFL,3.2441471888818696,61.356358121479715
Set A,B4145_D80_a0.16_ms100,$t_{T_\mathrm{max}}$,150.0,unpCFL,3.283946304485155,61.249808958653695
Set A,B4145_D80_a0.16_ms100,$t_{T_\mathrm{max}}$,150.0,unpCFL,3.323746051800379,61.144791090391614
Set A,B4145_D80_a0.16_ms100,$t_{T_\mathrm{max}}$,150.0,unpCFL,3.3635451674036636,61.04148145069043
Set A,B4145_D80_a0.16_ms100,$t_{T_\mathrm{max}}$,150.0,unpCFL,3.403344283006949,60.93936772831559
Set A,B4145_D80_a0.16_ms100,$t_{T_\mathrm{max}}$,150.0,unpCFL,3.443144030322173,60.83872176578706
Set A,B4145_D80_a0.16_ms100,$t_{T_\mathrm{max}}$,150.0,unpCFL,3.4829431459254576,60.739028464631915
Set A,B4145_D80_a0.16_ms100,$t_{T_\mathrm{max}}$,150.0,unpCFL,3.522742261528743,60.64029861975635
Set A,B4145_D80_a0.16_ms100,$t_{T_\mathrm{max}}$,150.0,unpCFL,3.562542008843967,60.542546721914654
Set A,B4145_D80_a0.16_ms100,$t_{T_\mathrm{max}}$,150.0,unpCFL,3.6023411244472525,60.4452382809671
Set A,B4145_D80_a0.16_ms100,$t_{T_\mathrm{max}}$,150.0,unpCFL,3.642140240050537,60.34877892827058
Set A,B4145_D80_a0.16_ms100,$t_{T_\mathrm{max}}$,150.0,unpCFL,3.681939987365761,60.25235690711483
Set A,B4145_D80_a0.16_ms100,$t_{T_\mathrm{max}}$,150.0,unpCFL,3.7217391029690465,60.15666196563486
Set A,B4145_D80_a0.16_ms100,$t_{T_\mathrm{max}}$,150.0,unpCFL,3.761538218572331,60.06086179318037
Set A,B4145_D80_a0.16_ms100,$t_{T_\mathrm{max}}$,150.0,unpCFL,3.801337965887555,59.96497480136697
Set A,B4145_D80_a0.16_ms100,$t_{T_\mathrm{max}}$,150.0,unpCFL,3.8411370814908405,59.86919776397241
Set A,B4145_D80_a0.16_ms100,$t_{T_\mathrm{max}}$,150.0,unpCFL,3.880936197094125,59.77328737512955
Set A,B4145_D80_a0.16_ms100,$t_{T_\mathrm{max}}$,150.0,unpCFL,3.92073594440935,59.67689305748487
Set A,B4145_D80_a0.16_ms100,$t_{T_\mathrm{max}}$,150.0,unpCFL,3.9605350600126346,59.57997346780498
Set A,B4145_D80_a0.16_ms100,$t_{T_\mathrm{max}}$,150.0,unpCFL,4.00033417561592,59.482438259428164
Set A,B4145_D80_a0.16_ms100,$t_{T_\mathrm{max}}$,150.0,unpCFL,4.040133922931144,59.384482177235824
Set A,B4145_D80_a0.16_ms100,$t_{T_\mathrm{max}}$,150.0,unpCFL,4.079933038534429,59.28522257767694
Set A,B4145_D80_a0.16_ms100,$t_{T_\mathrm{max}}$,150.0,unpCFL,4.119732154137713,59.18564267474062
Set A,B4145_D80_a0.16_ms100,$t_{T_\mathrm{max}}$,150.0,unpCFL,4.1595319014529375,59.084591806242074
Set A,B4145_D80_a0.16_ms100,$t_{T_\mathrm{max}}$,150.0,unpCFL,4.199331017056222,58.982350755205
Set A,B4145_D80_a0.16_ms100,$t_{T_\mathrm{max}}$,150.0,unpCFL,4.239130132659508,58.879181573686076
Set A,B4145_D80_a0.16_ms100,$t_{T_\mathrm{max}}$,150.0,unpCFL,4.278929879974732,58.774266795196745
Set A,B4145_D80_a0.16_ms100,$t_{T_\mathrm{max}}$,150.0,unpCFL,4.318728995578017,58.66781965111541
Set A,B4145_D80_a0.16_ms100,$t_{T_\mathrm{max}}$,150.0,unpCFL,4.358528742893241,58.56026260570132
Set A,B4145_D80_a0.16_ms100,$t_{T_\mathrm{max}}$,150.0,unpCFL,4.3983278584965255,58.45061985380247
Set A,B4145_D80_a0.16_ms100,$t_{T_\mathrm{max}}$,150.0,unpCFL,4.43812697409981,58.339368711699365
Set A,B4145_D80_a0.16_ms100,$t_{T_\mathrm{max}}$,150.0,unpCFL,4.477926721415035,58.22620016245968
Set A,B4145_D80_a0.16_ms100,$t_{T_\mathrm{max}}$,150.0,unpCFL,4.51772583701832,58.11054859102817
Set A,B4145_D80_a0.16_ms100,$t_{T_\mathrm{max}}$,150.0,unpCFL,4.557524952621605,57.99356117025336
Set A,B4145_D80_a0.16_ms100,$t_{T_\mathrm{max}}$,150.0,unpCFL,4.597324699936829,57.87365885335206
Set A,B4145_D80_a0.16_ms100,$t_{T_\mathrm{max}}$,150.0,unpCFL,4.6371238155401135,57.75197053218178
Set A,B4145_D80_a0.16_ms100,$t_{T_\mathrm{max}}$,150.0,unpCFL,4.676922931143398,57.627331431272516
Set A,B4145_D80_a0.16_ms100,$t_{T_\mathrm{max}}$,150.0,unpCFL,4.716722678458623,57.50056499886851
Set A,B4145_D80_a0.16_ms100,$t_{T_\mathrm{max}}$,150.0,unpCFL,4.756521794061908,57.3709596910556
Set A,B4145_D80_a0.16_ms100,$t_{T_\mathrm{max}}$,150.0,unpCFL,4.796320909665193,57.238751897952234
Set A,B4145_D80_a0.16_ms100,$t_{T_\mathrm{max}}$,150.0,unpCFL,4.836120656980417,57.1033275900841
Set A,B4145_D80_a0.16_ms100,$t_{T_\mathrm{max}}$,150.0,unpCFL,4.875919772583702,56.9652130529975
Set A,B4145_D80_a0.16_ms100,$t_{T_\mathrm{max}}$,150.0,unpCFL,4.915718888186986,56.82378500860555
Set A,B4145_D80_a0.16_ms100,$t_{T_\mathrm{max}}$,150.0,unpCFL,4.955518635502211,56.67920388231959
Set A,B4145_D80_a0.16_ms100,$t_{T_\mathrm{max}}$,150.0,unpCFL,4.995317751105496,56.53155054400641
Set A,B4145_D80_a0.16_ms100,$t_{T_\mathrm{max}}$,150.0,unpCFL,5.035116866708781,56.38049173646859
Set A,B4145_D80_a0.16_ms100,$t_{T_\mathrm{max}}$,150.0,unpCFL,5.074916614024005,56.22599340077725
Set A,B4145_D80_a0.16_ms100,$t_{T_\mathrm{max}}$,150.0,unpCFL,5.11471572962729,56.067371902185535
Set A,B4145_D80_a0.16_ms100,$t_{T_\mathrm{max}}$,150.0,unpCFL,5.154514845230575,55.905428191921885
Set A,B4145_D80_a0.16_ms100,$t_{T_\mathrm{max}}$,150.0,unpCFL,5.194314592545799,55.74009978815576
Set A,B4145_D80_a0.16_ms100,$t_{T_\mathrm{max}}$,150.0,unpCFL,5.234113708149084,55.57007080304682
Set A,B4145_D80_a0.16_ms100,$t_{T_\mathrm{max}}$,150.0,unpCFL,5.273912823752369,55.396854592339054
Set A,B4145_D80_a0.16_ms100,$t_{T_\mathrm{max}}$,150.0,unpCFL,5.313712571067593,55.21882964048516
Set A,B4145_D80_a0.16_ms100,$t_{T_\mathrm{max}}$,150.0,unpCFL,5.353511686670878,55.03726610365804
Set A,B4145_D80_a0.16_ms100,$t_{T_\mathrm{max}}$,150.0,unpCFL,5.393310802274163,54.85124165165212
Set A,B4145_D80_a0.16_ms100,$t_{T_\mathrm{max}}$,150.0,unpCFL,5.433110549589387,54.66053219868003
Set A,B4145_D80_a0.16_ms100,$t_{T_\mathrm{max}}$,150.0,unpCFL,5.472909665192672,54.46560206717621
Set A,B4145_D80_a0.16_ms100,$t_{T_\mathrm{max}}$,150.0,unpCFL,5.512708780795958,54.265482527823615
Set A,B4145_D80_a0.16_ms100,$t_{T_\mathrm{max}}$,150.0,unpCFL,5.552508528111181,54.06109731022499
Set A,B4145_D80_a0.16_ms100,$t_{T_\mathrm{max}}$,150.0,unpCFL,5.592307643714466,53.85106592860609
Set A,B4145_D80_a0.16_ms100,$t_{T_\mathrm{max}}$,150.0,unpCFL,5.632106759317751,53.63646053537483
Set A,B4145_D80_a0.16_ms100,$t_{T_\mathrm{max}}$,150.0,unpCFL,5.6719065066329755,53.416540378321166
Set A,B4145_D80_a0.16_ms100,$t_{T_\mathrm{max}}$,150.0,unpCFL,5.711705622236261,53.19186980062974
Set A,B4145_D80_a0.16_ms100,$t_{T_\mathrm{max}}$,150.0,unpCFL,5.751504737839546,52.961447170832905
Set A,B4145_D80_a0.16_ms100,$t_{T_\mathrm{max}}$,150.0,unpCFL,5.791304485154769,52.72581227326605
Set A,B4145_D80_a0.16_ms100,$t_{T_\mathrm{max}}$,150.0,unpCFL,5.831103600758055,52.48530064424373
Set A,B4145_D80_a0.16_ms100,$t_{T_\mathrm{max}}$,150.0,unpCFL,5.870902716361339,52.23896719774063
Set A,B4145_D80_a0.16_ms100,$t_{T_\mathrm{max}}$,150.0,unpCFL,5.9107024636765635,51.98671682657165
Set A,B4145_D80_a0.16_ms100,$t_{T_\mathrm{max}}$,150.0,unpCFL,5.950501579279849,51.72894329287838
Set A,B4145_D80_a0.16_ms100,$t_{T_\mathrm{max}}$,150.0,unpCFL,5.990300694883134,51.464561645212946
Set A,B4145_D80_a0.16_ms100,$t_{T_\mathrm{max}}$,150.0,unpCFL,6.030100442198358,51.19374759626233
Set A,B4145_D80_a0.16_ms100,$t_{T_\mathrm{max}}$,150.0,unpCFL,6.069899557801643,50.91702159532342
Set A,B4145_D80_a0.16_ms100,$t_{T_\mathrm{max}}$,150.0,unpCFL,6.109699305116867,50.63327659607544
Set A,B4145_D80_a0.16_ms100,$t_{T_\mathrm{max}}$,150.0,unpCFL,6.149498420720152,50.34365517996119
Set A,B4145_D80_a0.16_ms100,$t_{T_\mathrm{max}}$,150.0,unpCFL,6.189297536323437,50.04815605181464
Set A,B4145_D80_a0.16_ms100,$t_{T_\mathrm{max}}$,150.0,unpCFL,6.22909728363866,49.74616875707711
Set A,B4145_D80_a0.16_ms100,$t_{T_\mathrm{max}}$,150.0,unpCFL,6.268896399241946,49.43760460826862
Set A,B4145_D80_a0.16_ms100,$t_{T_\mathrm{max}}$,150.0,unpCFL,6.308695514845231,49.121688051020705
Set A,B4145_D80_a0.16_ms100,$t_{T_\mathrm{max}}$,150.0,unpCFL,6.348496525584333,48.798562375222495
Set A,B4145_D80_a0.16_ms100,$t_{T_\mathrm{max}}$,150.0,unpCFL,6.3882943777637395,48.46733592387599
Set A,B4145_D80_a0.16_ms100,$t_{T_\mathrm{max}}$,150.0,unpCFL,6.428092229943147,48.12876506299169
Set A,B4145_D80_a0.16_ms100,$t_{T_\mathrm{max}}$,150.0,unpCFL,6.467890082122553,47.782395884022534
Set A,B4145_D80_a0.16_ms100,$t_{T_\mathrm{max}}$,150.0,unpCFL,6.507694251421352,47.42987705337923
Set A,B4145_D80_a0.16_ms100,$t_{T_\mathrm{max}}$,150.0,unpCFL,6.547492103600758,47.071298684053666
Set A,B4145_D80_a0.16_ms100,$t_{T_\mathrm{max}}$,150.0,unpCFL,6.587289955780164,46.70440151639625
Set A,B4145_D80_a0.16_ms100,$t_{T_\mathrm{max}}$,150.0,unpCFL,6.62708780795957,46.32970374535862
Set A,B4145_D80_a0.16_ms100,$t_{T_\mathrm{max}}$,150.0,unpCFL,6.666891977258371,45.945429222362414
Set A,B4145_D80_a0.16_ms100,$t_{T_\mathrm{max}}$,150.0,unpCFL,6.706689829437776,45.551966237643434
Set A,B4145_D80_a0.16_ms100,$t_{T_\mathrm{max}}$,150.0,unpCFL,6.746487681617182,45.15216210742969
Set A,B4145_D80_a0.16_ms100,$t_{T_\mathrm{max}}$,150.0,unpCFL,6.786285533796589,44.74684593133322
Set A,B4145_D80_a0.16_ms100,$t_{T_\mathrm{max}}$,150.0,unpCFL,6.826089703095389,44.335090778778444
Set A,B4145_D80_a0.16_ms100,$t_{T_\mathrm{max}}$,150.0,unpCFL,6.865887555274795,43.91422967782195
Set A,B4145_D80_a0.16_ms100,$t_{T_\mathrm{max}}$,150.0,unpCFL,6.905685407454201,43.48226740586243
Set A,B4145_D80_a0.16_ms100,$t_{T_\mathrm{max}}$,150.0,unpCFL,6.9454832596336065,43.040449730959594
Set A,B4145_D80_a0.16_ms100,$t_{T_\mathrm{max}}$,150.0,unpCFL,6.985287428932407,42.593204197331005
Set A,B4145_D80_a0.16_ms100,$t_{T_\mathrm{max}}$,150.0,unpCFL,7.025085281111814,42.14199283742428
Set A,B4145_D80_a0.16_ms100,$t_{T_\mathrm{max}}$,150.0,unpCFL,7.064883133291219,41.6837920044437
Set A,B4145_D80_a0.16_ms100,$t_{T_\mathrm{max}}$,150.0,unpCFL,7.104680985470625,41.212559003739344
Set A,B4145_D80_a0.16_ms100,$t_{T_\mathrm{max}}$,150.0,unpCFL,7.1444788376500314,40.730544479839935
Set A,B4145_D80_a0.16_ms100,$t_{T_\mathrm{max}}$,150.0,unpCFL,7.1842830069488315,40.24235125841728
Set A,B4145_D80_a0.16_ms100,$t_{T_\mathrm{max}}$,150.0,unpCFL,7.224080859128238,39.753902421869384
Set A,B4145_D80_a0.16_ms100,$t_{T_\mathrm{max}}$,150.0,unpCFL,7.263878711307644,39.2567387820003
Set A,B4145_D80_a0.16_ms100,$t_{T_\mathrm{max}}$,150.0,unpCFL,7.30367656348705,38.74254980593317
Set A,B4145_D80_a0.16_ms100,$t_{T_\mathrm{max}}$,150.0,unpCFL,7.34348073278585,38.220456710579036
Set A,B4145_D80_a0.16_ms100,$t_{T_\mathrm{max}}$,150.0,unpCFL,7.3832785849652565,37.69778072181714
Set A,B4145_D80_a0.16_ms100,$t_{T_\mathrm{max}}$,150.0,unpCFL,7.423076437144663,37.17343559133009
Set A,B4145_D80_a0.16_ms100,$t_{T_\mathrm{max}}$,150.0,unpCFL,7.462874289324068,36.632552496984175
Set A,B4145_D80_a0.16_ms100,$t_{T_\mathrm{max}}$,150.0,unpCFL,7.502678458622867,36.07947407907932
Set A,B4145_D80_a0.16_ms100,$t_{T_\mathrm{max}}$,150.0,unpCFL,7.542476310802275,35.52944252048026
Set A,B4145_D80_a0.16_ms100,$t_{T_\mathrm{max}}$,150.0,unpCFL,7.5822741629816806,34.977638194060695
Set A,B4145_D80_a0.16_ms100,$t_{T_\mathrm{max}}$,150.0,unpCFL,7.622072015161087,34.41150406025353
Set A,B4145_D80_a0.16_ms100,$t_{T_\mathrm{max}}$,150.0,unpCFL,7.661869867340493,33.83689188844699
Set A,B4145_D80_a0.16_ms100,$t_{T_\mathrm{max}}$,150.0,unpCFL,7.701674036639292,33.26703855065738
Set A,B4145_D80_a0.16_ms100,$t_{T_\mathrm{max}}$,150.0,unpCFL,7.741471888818699,32.69216906503851
Set A,B4145_D80_a0.16_ms100,$t_{T_\mathrm{max}}$,150.0,unpCFL,7.7812697409981055,32.10332018310514
Set A,B4145_D80_a0.16_ms100,$t_{T_\mathrm{max}}$,150.0,unpCFL,7.821067593177512,31.518921194589943
Set A,B4145_D80_a0.16_ms100,$t_{T_\mathrm{max}}$,150.0,unpCFL,7.860871762476311,30.933219629484395
Set A,B4145_D80_a0.16_ms100,$t_{T_\mathrm{max}}$,150.0,unpCFL,7.900669614655716,30.337663902385035
Set A,B4145_D80_a0.16_ms100,$t_{T_\mathrm{max}}$,150.0,unpCFL,7.940467466835124,29.744322383498535
Set A,B4145_D80_a0.16_ms100,$t_{T_\mathrm{max}}$,150.0,unpCFL,7.98026531901453,29.151212476504412
Set A,B4145_D80_a0.16_ms100,$t_{T_\mathrm{max}}$,150.0,unpCFL,8.020069488313329,28.553712587193072
Set A,B4145_D80_a0.16_ms100,$t_{T_\mathrm{max}}$,150.0,unpCFL,8.059867340492735,27.958639350224246
Set A,B4145_D80_a0.16_ms100,$t_{T_\mathrm{max}}$,150.0,unpCFL,8.099665192672141,27.363860013401016
Set A,B4145_D80_a0.16_ms100,$t_{T_\mathrm{max}}$,150.0,unpCFL,8.13946304485155,26.770179578348717
Set A,B4145_D80_a0.16_ms100,$t_{T_\mathrm{max}}$,150.0,unpCFL,8.179267214150348,26.179630226692197
Set A,B4145_D80_a0.16_ms100,$t_{T_\mathrm{max}}$,150.0,unpCFL,8.219065066329753,25.5906321884738
Set A,B4145_D80_a0.16_ms100,$t_{T_\mathrm{max}}$,150.0,unpCFL,8.258862918509159,25.005360848029948
Set A,B4145_D80_a0.16_ms100,$t_{T_\mathrm{max}}$,150.0,unpCFL,8.298660770688565,24.42347021022193
Set A,B4145_D80_a0.16_ms100,$t_{T_\mathrm{max}}$,150.0,unpCFL,8.338458622867973,23.846477119187124
Set A,B4145_D80_a0.16_ms100,$t_{T_\mathrm{max}}$,150.0,unpCFL,8.378262792166772,23.27477185181016
Set A,B4145_D80_a0.16_ms100,$t_{T_\mathrm{max}}$,150.0,unpCFL,8.418060644346179,22.70835864941118
Set A,B4145_D80_a0.16_ms100,$t_{T_\mathrm{max}}$,150.0,unpCFL,8.457858496525585,22.148322272286908
Set A,B4145_D80_a0.16_ms100,$t_{T_\mathrm{max}}$,150.0,unpCFL,8.49765634870499,21.59433902697885
Set A,B4145_D80_a0.16_ms100,$t_{T_\mathrm{max}}$,150.0,unpCFL,8.53746051800379,21.048464446313194
Set A,B4145_D80_a0.16_ms100,$t_{T_\mathrm{max}}$,150.0,unpCFL,8.577258370183197,20.51029038474341
Set A,B4145_D80_a0.16_ms100,$t_{T_\mathrm{max}}$,150.0,unpCFL,8.617056222362603,19.980632962402726
Set A,B4145_D80_a0.16_ms100,$t_{T_\mathrm{max}}$,150.0,unpCFL,8.656854074542009,19.45881584844281
Set A,B4145_D80_a0.16_ms100,$t_{T_\mathrm{max}}$,150.0,unpCFL,8.696658243840808,18.945336759314227
Set A,B4145_D80_a0.16_ms100,$t_{T_\mathrm{max}}$,150.0,unpCFL,8.736456096020214,18.441779082325585
Set A,B4145_D80_a0.16_ms100,$t_{T_\mathrm{max}}$,150.0,unpCFL,8.77625394819962,17.94907187619454
Set A,B4145_D80_a0.16_ms100,$t_{T_\mathrm{max}}$,150.0,unpCFL,8.816051800379027,17.466013269606094
Set A,B4145_D80_a0.16_ms100,$t_{T_\mathrm{max}}$,150.0,unpCFL,8.855855969677828,16.991337755665587
Set A,B4145_D80_a0.16_ms100,$t_{T_\mathrm{max}}$,150.0,unpCFL,8.895653821857234,16.52628684068913
Set A,B4145_D80_a0.16_ms100,$t_{T_\mathrm{max}}$,150.0,unpCFL,8.93545167403664,16.070292495526758
Set A,B4145_D80_a0.16_ms100,$t_{T_\mathrm{max}}$,150.0,unpCFL,8.975249526216045,15.62525610310175
Set A,B4145_D80_a0.16_ms100,$t_{T_\mathrm{max}}$,150.0,unpCFL,9.015047378395451,15.192137331721943
Set A,B4145_D80_a0.16_ms100,$t_{T_\mathrm{max}}$,150.0,unpCFL,9.054851547694252,14.769871503017528
Set A,B4145_D80_a0.16_ms100,$t_{T_\mathrm{max}}$,150.0,unpCFL,9.094649399873658,14.356041713485855
Set A,B4145_D80_a0.16_ms100,$t_{T_\mathrm{max}}$,150.0,unpCFL,9.134447252053064,13.946413315450963
Set A,B4145_D80_a0.16_ms100,$t_{T_\mathrm{max}}$,150.0,unpCFL,9.17424510423247,13.545525919922138
Set A,B4145_D80_a0.16_ms100,$t_{T_\mathrm{max}}$,150.0,unpCFL,9.21404927353127,13.156918676183858
Set A,B4145_D80_a0.16_ms100,$t_{T_\mathrm{max}}$,150.0,unpCFL,9.253847125710676,12.782517200210442
Set A,B4145_D80_a0.16_ms100,$t_{T_\mathrm{max}}$,150.0,unpCFL,9.293644977890082,12.421188302685351
Set A,B4145_D80_a0.16_ms100,$t_{T_\mathrm{max}}$,150.0,unpCFL,9.333442830069488,12.070859113474741
Set A,B4145_D80_a0.16_ms100,$t_{T_\mathrm{max}}$,150.0,unpCFL,9.373246999368288,11.72901822294578
Set A,B4145_D80_a0.16_ms100,$t_{T_\mathrm{max}}$,150.0,unpCFL,9.413044851547696,11.392245546765501
Set A,B4145_D80_a0.16_ms100,$t_{T_\mathrm{max}}$,150.0,unpCFL,9.452842703727102,11.060337516319025
Set A,B4145_D80_a0.16_ms100,$t_{T_\mathrm{max}}$,150.0,unpCFL,9.492640555906506,10.735533880076563
Set A,B4145_D80_a0.16_ms100,$t_{T_\mathrm{max}}$,150.0,unpCFL,9.532438408085913,10.42134047612126
Set A,B4145_D80_a0.16_ms100,$t_{T_\mathrm{max}}$,150.0,unpCFL,9.572242577384712,10.123003788761075
Set A,B4145_D80_a0.16_ms100,$t_{T_\mathrm{max}}$,150.0,unpCFL,9.61204042956412,9.843801922243541
Set A,B4145_D80_a0.16_ms100,$t_{T_\mathrm{max}}$,150.0,unpCFL,9.651838281743526,9.582159196699184
Set A,B4145_D80_a0.16_ms100,$t_{T_\mathrm{max}}$,150.0,unpCFL,9.691636133922932,9.320414719838205
Set A,B4145_D80_a0.16_ms100,$t_{T_\mathrm{max}}$,150.0,unpCFL,9.731440303221731,9.058268439368014
Set A,B4145_D80_a0.16_ms100,$t_{T_\mathrm{max}}$,150.0,unpCFL,9.771238155401138,8.793989835783414
Set A,B4145_D80_a0.16_ms100,$t_{T_\mathrm{max}}$,150.0,unpCFL,9.811036007580544,8.527640640958571
Set A,B4145_D80_a0.16_ms100,$t_{T_\mathrm{max}}$,150.0,unpCFL,9.85083385975995,8.260143341562648
Set A,B4145_D80_a0.16_ms100,$t_{T_\mathrm{max}}$,150.0,unpCFL,9.89063802905875,7.99373436368916
Set A,B4145_D80_a0.16_ms100,$t_{T_\mathrm{max}}$,150.0,unpCFL,9.930435881238155,7.7339306004332515
Set A,B4145_D80_a0.16_ms100,$t_{T_\mathrm{max}}$,150.0,unpCFL,9.970233733417562,7.490367378601586
Set A,B4145_D80_a0.16_ms100,$t_{T_\mathrm{max}}$,150.0,unpCFL,10.010031585596968,7.265579989742487
Set A,B4145_D80_a0.16_ms100,$t_{T_\mathrm{max}}$,150.0,unpCFL,10.049835754895767,7.057861369780104
Set A,B4145_D80_a0.16_ms100,$t_{T_\mathrm{max}}$,150.0,unpCFL,10.089633607075173,6.86316826157024
Set A,B4145_D80_a0.16_ms100,$t_{T_\mathrm{max}}$,150.0,unpCFL,10.12943145925458,6.677271963766949
Set A,B4145_D80_a0.16_ms100,$t_{T_\mathrm{max}}$,150.0,unpCFL,10.169229311433986,6.495834540175171
Set A,B4145_D80_a0.16_ms100,$t_{T_\mathrm{max}}$,150.0,unpCFL,10.209027163613394,6.314725207925382
Set A,B4145_D80_a0.16_ms100,$t_{T_\mathrm{max}}$,150.0,unpCFL,10.248831332912193,6.1261834432237094
Set A,B4145_D80_a0.16_ms100,$t_{T_\mathrm{max}}$,150.0,unpCFL,10.288629185091597,5.927904154107341
Set A,B4145_D80_a0.16_ms100,$t_{T_\mathrm{max}}$,150.0,unpCFL,10.328427037271004,5.712090720579824
Set A,B4145_D80_a0.16_ms100,$t_{T_\mathrm{max}}$,150.0,unpCFL,10.36822488945041,5.481579661069975
Set A,B4145_D80_a0.16_ms100,$t_{T_\mathrm{max}}$,150.0,unpCFL,10.40802905874921,5.248940460698752
Set A,B4145_D80_a0.16_ms100,$t_{T_\mathrm{max}}$,150.0,unpCFL,10.447826910928617,5.030638207294503
Set A,B4145_D80_a0.16_ms100,$t_{T_\mathrm{max}}$,150.0,unpCFL,10.487624763108023,4.837290724871761
Set A,B4145_D80_a0.16_ms100,$t_{T_\mathrm{max}}$,150.0,unpCFL,10.52742261528743,4.671261125870011
Set A,B4145_D80_a0.16_ms100,$t_{T_\mathrm{max}}$,150.0,unpCFL,10.567226784586229,4.530355151303181
Set A,B4145_D80_a0.16_ms100,$t_{T_\mathrm{max}}$,150.0,unpCFL,10.607024636765635,4.433625731125048
Set A,B4145_D80_a0.16_ms100,$t_{T_\mathrm{max}}$,150.0,unpCFL,10.646822488945041,4.346949697199825
Set A,B4145_D80_a0.16_ms100,$t_{T_\mathrm{max}}$,150.0,unpCFL,10.686620341124447,4.263553069329512
Set A,B4145_D80_a0.16_ms100,$t_{T_\mathrm{max}}$,150.0,unpCFL,10.726424510423248,4.18231557488643
Set A,B4145_D80_a0.16_ms100,$t_{T_\mathrm{max}}$,150.0,unpCFL,10.766222362602655,4.102471709237794
Set A,B4145_D80_a0.16_ms100,$t_{T_\mathrm{max}}$,150.0,unpCFL,10.806020214782059,4.023187054063286
Set A,B4145_D80_a0.16_ms100,$t_{T_\mathrm{max}}$,150.0,unpCFL,10.845818066961465,3.943879185829537
Set A,B4145_D80_a0.16_ms100,$t_{T_\mathrm{max}}$,150.0,unpCFL,10.885615919140871,3.863534836907231
Set A,B4145_D80_a0.16_ms100,$t_{T_\mathrm{max}}$,150.0,unpCFL,10.925420088439672,3.781134228677695
Set A,B4145_D80_a0.16_ms100,$t_{T_\mathrm{max}}$,150.0,unpCFL,10.965217940619079,3.6959674192886856
Set A,B4145_D80_a0.16_ms100,$t_{T_\mathrm{max}}$,150.0,unpCFL,11.005015792798485,3.6072008337324166
Set A,B4145_D80_a0.16_ms100,$t_{T_\mathrm{max}}$,150.0,unpCFL,11.044813644977891,3.5143094879799452
Set A,B4145_D80_a0.16_ms100,$t_{T_\mathrm{max}}$,150.0,unpCFL,11.08461781427669,3.417049978370706
Set A,B4145_D80_a0.16_ms100,$t_{T_\mathrm{max}}$,150.0,unpCFL,11.124415666456096,3.3155191663942007
Set A,B4145_D80_a0.16_ms100,$t_{T_\mathrm{max}}$,150.0,unpCFL,11.164213518635503,3.2100958746128074
Set A,B4145_D80_a0.16_ms100,$t_{T_\mathrm{max}}$,150.0,unpCFL,11.204011370814909,3.1016983194504326
Set A,B4145_D80_a0.16_ms100,$t_{T_\mathrm{max}}$,150.0,unpCFL,11.243815540113708,2.991895315917682
Set A,B4145_D80_a0.16_ms100,$t_{T_\mathrm{max}}$,150.0,unpCFL,11.283613392293114,2.8824066782881226
Set A,B4145_D80_a0.16_ms100,$t_{T_\mathrm{max}}$,150.0,unpCFL,11.32341124447252,2.775993070105929
Set A,B4145_D80_a0.16_ms100,$t_{T_\mathrm{max}}$,150.0,unpCFL,11.363209096651927,2.6737169642943126
Set A,B4145_D80_a0.16_ms100,$t_{T_\mathrm{max}}$,150.0,unpCFL,11.403006948831333,2.5770202258312693
Set A,B4145_D80_a0.16_ms100,$t_{T_\mathrm{max}}$,150.0,unpCFL,11.442811118130132,2.4869243810499126
Set A,B4145_D80_a0.16_ms100,$t_{T_\mathrm{max}}$,150.0,unpCFL,11.482608970309538,2.403920437118257
Set A,B4145_D80_a0.16_ms100,$t_{T_\mathrm{max}}$,150.0,unpCFL,11.522406822488946,2.3284794840703955
Set A,B4145_D80_a0.16_ms100,$t_{T_\mathrm{max}}$,150.0,unpCFL,11.562204674668353,2.2601113351358117
Set A,B4145_D80_a0.16_ms100,$t_{T_\mathrm{max}}$,150.0,unpCFL,11.602008843967152,2.1986220124312914
Set A,B4145_D80_a0.16_ms100,$t_{T_\mathrm{max}}$,150.0,unpCFL,11.641806696146556,2.1430490471687875
Set A,B4145_D80_a0.16_ms100,$t_{T_\mathrm{max}}$,150.0,unpCFL,11.681604548325963,2.0926035241644563
Set A,B4145_D80_a0.16_ms100,$t_{T_\mathrm{max}}$,150.0,unpCFL,11.72140240050537,2.046675814100638
Set A,B4145_D80_a0.16_ms100,$t_{T_\mathrm{max}}$,150.0,unpCFL,11.76120656980417,2.0049782635596154
Set A,B4145_D80_a0.16_ms100,$t_{T_\mathrm{max}}$,150.0,unpCFL,11.801004421983576,1.9670306094351464
Set A,B4145_D80_a0.16_ms100,$t_{T_\mathrm{max}}$,150.0,unpCFL,11.840802274162982,1.9323220585463792
Set A,B4145_D80_a0.16_ms100,$t_{T_\mathrm{max}}$,150.0,unpCFL,11.880600126342388,1.9004128029915615
Set A,B4145_D80_a0.16_ms100,$t_{T_\mathrm{max}}$,150.0,unpCFL,11.920404295641188,1.8709741930149302
Set A,B4145_D80_a0.16_ms100,$t_{T_\mathrm{max}}$,150.0,unpCFL,11.960202147820594,1.8437059868145218
Set A,B4145_D80_a0.16_ms100,$t_{T_\mathrm{max}}$,150.0,unpCFL,12.0,1.8183836775949604
Set B,B4158_D157_a0.13_ms100,$t_0$,150.0,unpaired,0.5377926721415035,99.38147221121997
Set B,B4158_D157_a0.13_ms100,$t_0$,150.0,unpaired,0.5775919772583702,98.42386444836406
Set B,B4158_D157_a0.13_ms100,$t_0$,150.0,unpaired,0.6173912823752369,97.51316682292304
Set B,B4158_D157_a0.13_ms100,$t_0$,150.0,unpaired,0.6571907770056854,96.64686959572524
Set B,B4158_D157_a0.13_ms100,$t_0$,150.0,unpaired,0.6969898926089704,95.82029399759556
Set B,B4158_D157_a0.13_ms100,$t_0$,150.0,unpaired,0.7367890082122552,95.03080024510305
Set B,B4158_D157_a0.13_ms100,$t_0$,150.0,unpaired,0.7765887555274795,94.27528144963806
Set B,B4158_D157_a0.13_ms100,$t_0$,150.0,unpaired,0.8163878711307644,93.55178514073641
Set B,B4158_D157_a0.13_ms100,$t_0$,150.0,unpaired,0.8561869867340492,92.85807351208678
Set B,B4158_D157_a0.13_ms100,$t_0$,150.0,unpaired,0.8959867340492736,92.1922565786178
Set B,B4158_D157_a0.13_ms100,$t_0$,150.0,unpaired,0.9357858496525585,91.5529033401426
Set B,B4158_D157_a0.13_ms100,$t_0$,150.0,unpaired,0.9755855969677827,90.93829644401887
Set B,B4158_D157_a0.13_ms100,$t_0$,150.0,unpaired,1.0153847125710675,90.34705019178192
Set B,B4158_D157_a0.13_ms100,$t_0$,150.0,unpaired,1.0551838281743526,89.77799988743803
Set B,B4158_D157_a0.13_ms100,$t_0$,150.0,unpaired,1.0949835754895767,89.22983011192589
Set B,B4158_D157_a0.13_ms100,$t_0$,150.0,unpaired,1.1347826910928616,88.70134857367162
Set B,B4158_D157_a0.13_ms100,$t_0$,150.0,unpaired,1.1745818066961466,88.19159637765067
Set B,B4158_D157_a0.13_ms100,$t_0$,150.0,unpaired,1.214381554011371,87.69957686182721
Set B,B4158_D157_a0.13_ms100,$t_0$,150.0,unpaired,1.2541806696146558,87.22429299273216
Set B,B4158_D157_a0.13_ms100,$t_0$,150.0,unpaired,1.2939797852179407,86.76481905090722
Set B,B4158_D157_a0.13_ms100,$t_0$,150.0,unpaired,1.333779532533165,86.32038203006151
Set B,B4158_D157_a0.13_ms100,$t_0$,150.0,unpaired,1.3735786481364498,85.89024258652181
Set B,B4158_D157_a0.13_ms100,$t_0$,150.0,unpaired,1.413377763739735,85.47365313676049
Set B,B4158_D157_a0.13_ms100,$t_0$,150.0,unpaired,1.453177511054959,85.06983036913404
Set B,B4158_D157_a0.13_ms100,$t_0$,150.0,unpaired,1.4929766266582438,84.67820972660176
Set B,B4158_D157_a0.13_ms100,$t_0$,150.0,unpaired,1.532775742261529,84.29820345977355
Set B,B4158_D157_a0.13_ms100,$t_0$,150.0,unpaired,1.5725754895767532,83.92928464088273
Set B,B4158_D157_a0.13_ms100,$t_0$,150.0,unpaired,1.6123746051800378,83.57086773332553
Set B,B4158_D157_a0.13_ms100,$t_0$,150.0,unpaired,1.652173720783323,83.22244554288358
Set B,B4158_D157_a0.13_ms100,$t_0$,150.0,unpaired,1.6919734680985472,82.88359215329707
Set B,B4158_D157_a0.13_ms100,$t_0$,150.0,unpaired,1.7317725837018318,82.55386018689609
Set B,B4158_D157_a0.13_ms100,$t_0$,150.0,unpaired,1.771571699305117,82.23290666431025
Set B,B4158_D157_a0.13_ms100,$t_0$,150.0,unpaired,1.8113714466203412,81.92038883190256
Set B,B4158_D157_a0.13_ms100,$t_0$,150.0,unpaired,1.8511705622236259,81.61589392651476
Set B,B4158_D157_a0.13_ms100,$t_0$,150.0,unpaired,1.890969677826911,81.31905640964429
Set B,B4158_D157_a0.13_ms100,$t_0$,150.0,unpaired,1.9307694251421352,81.02963512442051
Set B,B4158_D157_a0.13_ms100,$t_0$,150.0,unpaired,1.9705685407454203,80.74733112624685
Set B,B4158_D157_a0.13_ms100,$t_0$,150.0,unpaired,2.010367656348705,80.47183824349717
Set B,B4158_D157_a0.13_ms100,$t_0$,150.0,unpaired,2.050167403663929,80.2030077920121
Set B,B4158_D157_a0.13_ms100,$t_0$,150.0,unpaired,2.089966519267214,79.94051698209424
Set B,B4158_D157_a0.13_ms100,$t_0$,150.0,unpaired,2.129765634870499,79.68416602661782
Set B,B4158_D157_a0.13_ms100,$t_0$,150.0,unpaired,2.169565382185723,79.43372230627524
Set B,B4158_D157_a0.13_ms100,$t_0$,150.0,unpaired,2.209364497789008,79.18896293606485
Set B,B4158_D157_a0.13_ms100,$t_0$,150.0,unpaired,2.249163613392293,78.94969136295829
Set B,B4158_D157_a0.13_ms100,$t_0$,150.0,unpaired,2.2889633607075175,78.71574777243414
Set B,B4158_D157_a0.13_ms100,$t_0$,150.0,unpaired,2.328762476310802,78.48696019832073
Set B,B4158_D157_a0.13_ms100,$t_0$,150.0,unpaired,2.368561591914087,78.2631459754931
Set B,B4158_D157_a0.13_ms100,$t_0$,150.0,unpaired,2.4083613392293115,78.04415097708724
Set B,B4158_D157_a0.13_ms100,$t_0$,150.0,unpaired,2.448160454832596,77.82980359768436
Set B,B4158_D157_a0.13_ms100,$t_0$,150.0,unpaired,2.4879595704358817,77.61993749309721
Set B,B4158_D157_a0.13_ms100,$t_0$,150.0,unpaired,2.5277593177511055,77.41438423606525
Set B,B4158_D157_a0.13_ms100,$t_0$,150.0,unpaired,2.56755843335439,77.21299092055982
Set B,B4158_D157_a0.13_ms100,$t_0$,150.0,unpaired,2.6073575489576757,77.01562135666273
Set B,B4158_D157_a0.13_ms100,$t_0$,150.0,unpaired,2.6471572962728995,76.82215678245383
Set B,B4158_D157_a0.13_ms100,$t_0$,150.0,unpaired,2.686956411876184,76.63243569881702
Set B,B4158_D157_a0.13_ms100,$t_0$,150.0,unpaired,2.726756159191409,76.44629302328
Set B,B4158_D157_a0.13_ms100,$t_0$,150.0,unpaired,2.7665552747946935,76.26366114222539
Set B,B4158_D157_a0.13_ms100,$t_0$,150.0,unpaired,2.8063543903979786,76.08439298865072
Set B,B4158_D157_a0.13_ms100,$t_0$,150.0,unpaired,2.846154137713203,75.90832391804251
Set B,B4158_D157_a0.13_ms100,$t_0$,150.0,unpaired,2.8859532533164876,75.73529562726235
Set B,B4158_D157_a0.13_ms100,$t_0$,150.0,unpaired,2.9257523689197726,75.56524736143062
Set B,B4158_D157_a0.13_ms100,$t_0$,150.0,unpaired,2.965552116234997,75.39797955196806
Set B,B4158_D157_a0.13_ms100,$t_0$,150.0,unpaired,3.0053512318382816,75.2333548524855
Set B,B4158_D157_a0.13_ms100,$t_0$,150.0,unpaired,3.0451503474415667,75.07131916221658
Set B,B4158_D157_a0.13_ms100,$t_0$,150.0,unpaired,3.084950094756791,74.91170113344987
Set B,B4158_D157_a0.13_ms100,$t_0$,150.0,unpaired,3.124749210360076,74.75436374444143
Set B,B4158_D157_a0.13_ms100,$t_0$,150.0,unpaired,3.1645483259633607,74.59922344578094
Set B,B4158_D157_a0.13_ms100,$t_0$,150.0,unpaired,3.204348073278585,74.4461173687835
Set B,B4158_D157_a0.13_ms100,$t_0$,150.0,unpaired,3.2441471888818696,74.29491444974049
Set B,B4158_D157_a0.13_ms100,$t_0$,150.0,unpaired,3.283946304485155,74.14576690094849
Set B,B4158_D157_a0.13_ms100,$t_0$,150.0,unpaired,3.323746051800379,73.99788442262617
Set B,B4158_D157_a0.13_ms100,$t_0$,150.0,unpaired,3.3635451674036636,73.85175561302388
Set B,B4158_D157_a0.13_ms100,$t_0$,150.0,unpaired,3.403344283006949,73.70727980099898
Set B,B4158_D157_a0.13_ms100,$t_0$,150.0,unpaired,3.443144030322173,73.56391489760865
Set B,B4158_D157_a0.13_ms100,$t_0$,150.0,unpaired,3.4829431459254576,73.4220288158522
Set B,B4158_D157_a0.13_ms100,$t_0$,150.0,unpaired,3.522742261528743,73.28094291875246
Set B,B4158_D157_a0.13_ms100,$t_0$,150.0,unpaired,3.562542008843967,73.14073750878397
Set B,B4158_D157_a0.13_ms100,$t_0$,150.0,unpaired,3.6023411244472525,73.00157114870693
Set B,B4158_D157_a0.13_ms100,$t_0$,150.0,unpaired,3.642140240050537,72.86306263298376
Set B,B4158_D157_a0.13_ms100,$t_0$,150.0,unpaired,3.681939987365761,72.72540658239386
Set B,B4158_D157_a0.13_ms100,$t_0$,150.0,unpaired,3.7217391029690465,72.58775445984796
Set B,B4158_D157_a0.13_ms100,$t_0$,150.0,unpaired,3.761538218572331,72.45087139296092
Set B,B4158_D157_a0.13_ms100,$t_0$,150.0,unpaired,3.801337965887555,72.3141905389809
Set B,B4158_D157_a0.13_ms100,$t_0$,150.0,unpaired,3.8411370814908405,72.17782308098508
Set B,B4158_D157_a0.13_ms100,$t_0$,150.0,unpaired,3.880936197094125,72.04134175638592
Set B,B4158_D157_a0.13_ms100,$t_0$,150.0,unpaired,3.92073594440935,71.90527655517235
Set B,B4158_D157_a0.13_ms100,$t_0$,150.0,unpaired,3.9605350600126346,71.76867426739614
Set B,B4158_D157_a0.13_ms100,$t_0$,150.0,unpaired,4.00033417561592,71.6317056365313
Set B,B4158_D157_a0.13_ms100,$t_0$,150.0,unpaired,4.040133922931144,71.49456572988977
Set B,B4158_D157_a0.13_ms100,$t_0$,150.0,unpaired,4.079933038534429,71.35677419568978
Set B,B4158_D157_a0.13_ms100,$t_0$,150.0,unpaired,4.119732154137713,71.21849518988131
Set B,B4158_D157_a0.13_ms100,$t_0$,150.0,unpaired,4.1595319014529375,71.07935736302758
Set B,B4158_D157_a0.13_ms100,$t_0$,150.0,unpaired,4.199331017056222,70.93973959567893
Set B,B4158_D157_a0.13_ms100,$t_0$,150.0,unpaired,4.239130132659508,70.79914961714479
Set B,B4158_D157_a0.13_ms100,$t_0$,150.0,unpaired,4.278929879974732,70.65711884193784
Set B,B4158_D157_a0.13_ms100,$t_0$,150.0,unpaired,4.318728995578017,70.51440086487868
Set B,B4158_D157_a0.13_ms100,$t_0$,150.0,unpaired,4.358528742893241,70.37055348310591
Set B,B4158_D157_a0.13_ms100,$t_0$,150.0,unpaired,4.3983278584965255,70.22523041957751
Set B,B4158_D157_a0.13_ms100,$t_0$,150.0,unpaired,4.43812697409981,70.07831751137986
Set B,B4158_D157_a0.13_ms100,$t_0$,150.0,unpaired,4.477926721415035,69.93007858631991
Set B,B4158_D157_a0.13_ms100,$t_0$,150.0,unpaired,4.51772583701832,69.77986119749711
Set B,B4158_D157_a0.13_ms100,$t_0$,150.0,unpaired,4.557524952621605,69.62833744346024
Set B,B4158_D157_a0.13_ms100,$t_0$,150.0,unpaired,4.597324699936829,69.47476756587903
Set B,B4158_D157_a0.13_ms100,$t_0$,150.0,unpaired,4.6371238155401135,69.3191401401099
Set B,B4158_D157_a0.13_ms100,$t_0$,150.0,unpaired,4.676922931143398,69.16170564223987
Set B,B4158_D157_a0.13_ms100,$t_0$,150.0,unpaired,4.716722678458623,69.00182518245359
Set B,B4158_D157_a0.13_ms100,$t_0$,150.0,unpaired,4.756521794061908,68.83982142886819
Set B,B4158_D157_a0.13_ms100,$t_0$,150.0,unpaired,4.796320909665193,68.67522320552125
Set B,B4158_D157_a0.13_ms100,$t_0$,150.0,unpaired,4.836120656980417,68.50842597778377
Set B,B4158_D157_a0.13_ms100,$t_0$,150.0,unpaired,4.875919772583702,68.33882121352464
Set B,B4158_D157_a0.13_ms100,$t_0$,150.0,unpaired,4.915718888186986,68.16679829561615
Set B,B4158_D157_a0.13_ms100,$t_0$,150.0,unpaired,4.955518635502211,67.99160334339699
Set B,B4158_D157_a0.13_ms100,$t_0$,150.0,unpaired,4.995317751105496,67.81398310859025
Set B,B4158_D157_a0.13_ms100,$t_0$,150.0,unpaired,5.035116866708781,67.63288033340338
Set B,B4158_D157_a0.13_ms100,$t_0$,150.0,unpaired,5.074916614024005,67.44892409118198
Set B,B4158_D157_a0.13_ms100,$t_0$,150.0,unpaired,5.11471572962729,67.26172739861481
Set B,B4158_D157_a0.13_ms100,$t_0$,150.0,unpaired,5.154514845230575,67.07089774372548
Set B,B4158_D157_a0.13_ms100,$t_0$,150.0,unpaired,5.194314592545799,66.8765308241047
Set B,B4158_D157_a0.13_ms100,$t_0$,150.0,unpaired,5.234113708149084,66.67910012564346
Set B,B4158_D157_a0.13_ms100,$t_0$,150.0,unpaired,5.273912823752369,66.47745013075436
Set B,B4158_D157_a0.13_ms100,$t_0$,150.0,unpaired,5.313712571067593,66.27217866367266
Set B,B4158_D157_a0.13_ms100,$t_0$,150.0,unpaired,5.353511686670878,66.06330463484296
Set B,B4158_D157_a0.13_ms100,$t_0$,150.0,unpaired,5.393310802274163,65.8499187042111
Set B,B4158_D157_a0.13_ms100,$t_0$,150.0,unpaired,5.433110549589387,65.63270510882172
Set B,B4158_D157_a0.13_ms100,$t_0$,150.0,unpaired,5.472909665192672,65.41082116014714
Set B,B4158_D157_a0.13_ms100,$t_0$,150.0,unpaired,5.512708780795958,65.1849805823336
Set B,B4158_D157_a0.13_ms100,$t_0$,150.0,unpaired,5.552508528111181,64.9544143002796
Set B,B4158_D157_a0.13_ms100,$t_0$,150.0,unpaired,5.592307643714466,64.71889772665357
Set B,B4158_D157_a0.13_ms100,$t_0$,150.0,unpaired,5.632106759317751,64.47906677953429
Set B,B4158_D157_a0.13_ms100,$t_0$,150.0,unpaired,5.6719065066329755,64.23436692669759
Set B,B4158_D157_a0.13_ms100,$t_0$,150.0,unpaired,5.711705622236261,63.984148980844445
Set B,B4158_D157_a0.13_ms100,$t_0$,150.0,unpaired,5.751504737839546,63.72935716673973
Set B,B4158_D157_a0.13_ms100,$t_0$,150.0,unpaired,5.791304485154769,63.46877319691085
Set B,B4158_D157_a0.13_ms100,$t_0$,150.0,unpaired,5.831103600758055,63.20305618839255
Set B,B4158_D157_a0.13_ms100,$t_0$,150.0,unpaired,5.870902716361339,62.93200907704394
Set B,B4158_D157_a0.13_ms100,$t_0$,150.0,unpaired,5.9107024636765635,62.65451896107216
Set B,B4158_D157_a0.13_ms100,$t_0$,150.0,unpaired,5.950501579279849,62.37183926356854
Set B,B4158_D157_a0.13_ms100,$t_0$,150.0,unpaired,5.990300694883134,62.083055419078626
Set B,B4158_D157_a0.13_ms100,$t_0$,150.0,unpaired,6.030100442198358,61.7885464344487
Set B,B4158_D157_a0.13_ms100,$t_0$,150.0,unpaired,6.069899557801643,61.48758602351791
Set B,B4158_D157_a0.13_ms100,$t_0$,150.0,unpaired,6.109699305116867,61.18004745379143
Set B,B4158_D157_a0.13_ms100,$t_0$,150.0,unpaired,6.149498420720152,60.86561083289848
Set B,B4158_D157_a0.13_ms100,$t_0$,150.0,unpaired,6.189297536323437,60.5450193521688
Set B,B4158_D157_a0.13_ms100,$t_0$,150.0,unpaired,6.22909728363866,60.21798189972052
Set B,B4158_D157_a0.13_ms100,$t_0$,150.0,unpaired,6.268896399241946,59.88364092809375
Set B,B4158_D157_a0.13_ms100,$t_0$,150.0,unpaired,6.308695514845231,59.54180393202569
Set B,B4158_D157_a0.13_ms100,$t_0$,150.0,unpaired,6.348496525584333,59.19307823032739
Set B,B4158_D157_a0.13_ms100,$t_0$,150.0,unpaired,6.3882943777637395,58.836504535557516
Set B,B4158_D157_a0.13_ms100,$t_0$,150.0,unpaired,6.428092229943147,58.47275983994786
Set B,B4158_D157_a0.13_ms100,$t_0$,150.0,unpaired,6.467890082122553,58.10106818865321
Set B,B4158_D157_a0.13_ms100,$t_0$,150.0,unpaired,6.507694251421352,57.72163464997969
Set B,B4158_D157_a0.13_ms100,$t_0$,150.0,unpaired,6.547492103600758,57.33438029737081
Set B,B4158_D157_a0.13_ms100,$t_0$,150.0,unpaired,6.587289955780164,56.93838645032775
Set B,B4158_D157_a0.13_ms100,$t_0$,150.0,unpaired,6.62708780795957,56.53433937951061
Set B,B4158_D157_a0.13_ms100,$t_0$,150.0,unpaired,6.666891977258371,56.12127930699865
Set B,B4158_D157_a0.13_ms100,$t_0$,150.0,unpaired,6.706689829437776,55.699707475564836
Set B,B4158_D157_a0.13_ms100,$t_0$,150.0,unpaired,6.746487681617182,55.26954708195011
Set B,B4158_D157_a0.13_ms100,$t_0$,150.0,unpaired,6.786285533796589,54.83045171118352
Set B,B4158_D157_a0.13_ms100,$t_0$,150.0,unpaired,6.826089703095389,54.382020602919035
Set B,B4158_D157_a0.13_ms100,$t_0$,150.0,unpaired,6.865887555274795,53.92390672478641
Set B,B4158_D157_a0.13_ms100,$t_0$,150.0,unpaired,6.905685407454201,53.456706552085954
Set B,B4158_D157_a0.13_ms100,$t_0$,150.0,unpaired,6.9454832596336065,52.979567447784646
Set B,B4158_D157_a0.13_ms100,$t_0$,150.0,unpaired,6.985287428932407,52.49244384888624
Set B,B4158_D157_a0.13_ms100,$t_0$,150.0,unpaired,7.025085281111814,51.995782360345196
Set B,B4158_D157_a0.13_ms100,$t_0$,150.0,unpaired,7.064883133291219,51.488620635927425
Set B,B4158_D157_a0.13_ms100,$t_0$,150.0,unpaired,7.104680985470625,50.971650451664075
Set B,B4158_D157_a0.13_ms100,$t_0$,150.0,unpaired,7.1444788376500314,50.443944039452035
Set B,B4158_D157_a0.13_ms100,$t_0$,150.0,unpaired,7.1842830069488315,49.90634154884435
Set B,B4158_D157_a0.13_ms100,$t_0$,150.0,unpaired,7.224080859128238,49.35785633847185
Set B,B4158_D157_a0.13_ms100,$t_0$,150.0,unpaired,7.263878711307644,48.79854494071313
Set B,B4158_D157_a0.13_ms100,$t_0$,150.0,unpaired,7.30367656348705,48.22856049667694
Set B,B4158_D157_a0.13_ms100,$t_0$,150.0,unpaired,7.34348073278585,47.64776262862663
Set B,B4158_D157_a0.13_ms100,$t_0$,150.0,unpaired,7.3832785849652565,47.055903381961855
Set B,B4158_D157_a0.13_ms100,$t_0$,150.0,unpaired,7.423076437144663,46.45335325304796
Set B,B4158_D157_a0.13_ms100,$t_0$,150.0,unpaired,7.462874289324068,45.840161536834636
Set B,B4158_D157_a0.13_ms100,$t_0$,150.0,unpaired,7.502678458622867,45.21595990157997
Set B,B4158_D157_a0.13_ms100,$t_0$,150.0,unpaired,7.542476310802275,44.58061432152718
Set B,B4158_D157_a0.13_ms100,$t_0$,150.0,unpaired,7.5822741629816806,43.93439195875799
Set B,B4158_D157_a0.13_ms100,$t_0$,150.0,unpaired,7.622072015161087,43.278350163401925
Set B,B4158_D157_a0.13_ms100,$t_0$,150.0,unpaired,7.661869867340493,42.61100299857351
Set B,B4158_D157_a0.13_ms100,$t_0$,150.0,unpaired,7.701674036639292,41.93457279229896
Set B,B4158_D157_a0.13_ms100,$t_0$,150.0,unpaired,7.741471888818699,41.24724181503584
Set B,B4158_D157_a0.13_ms100,$t_0$,150.0,unpaired,7.7812697409981055,40.54996488940663
Set B,B4158_D157_a0.13_ms100,$t_0$,150.0,unpaired,7.821067593177512,39.84400956961742
Set B,B4158_D157_a0.13_ms100,$t_0$,150.0,unpaired,7.860871762476311,39.12837832245171
Set B,B4158_D157_a0.13_ms100,$t_0$,150.0,unpaired,7.900669614655716,38.40476734153349
Set B,B4158_D157_a0.13_ms100,$t_0$,150.0,unpaired,7.940467466835124,37.6726168851453
Set B,B4158_D157_a0.13_ms100,$t_0$,150.0,unpaired,7.98026531901453,36.93354009611675
Set B,B4158_D157_a0.13_ms100,$t_0$,150.0,unpaired,8.020069488313329,36.18734266352629
Set B,B4158_D157_a0.13_ms100,$t_0$,150.0,unpaired,8.059867340492735,35.43576386695805
Set B,B4158_D157_a0.13_ms100,$t_0$,150.0,unpaired,8.099665192672141,34.67807615516911
Set B,B4158_D157_a0.13_ms100,$t_0$,150.0,unpaired,8.13946304485155,33.91699444032136
Set B,B4158_D157_a0.13_ms100,$t_0$,150.0,unpaired,8.179267214150348,33.15141319618967
Set B,B4158_D157_a0.13_ms100,$t_0$,150.0,unpaired,8.219065066329753,32.384413344057904
Set B,B4158_D157_a0.13_ms100,$t_0$,150.0,unpaired,8.258862918509159,31.61513129547934
Set B,B4158_D157_a0.13_ms100,$t_0$,150.0,unpaired,8.298660770688565,30.84604045649446
Set B,B4158_D157_a0.13_ms100,$t_0$,150.0,unpaired,8.338458622867973,30.077268625220714
Set B,B4158_D157_a0.13_ms100,$t_0$,150.0,unpaired,8.378262792166772,29.31106520690652
Set B,B4158_D157_a0.13_ms100,$t_0$,150.0,unpaired,8.418060644346179,28.547515352902593
Set B,B4158_D157_a0.13_ms100,$t_0$,150.0,unpaired,8.457858496525585,27.78912522237254
Set B,B4158_D157_a0.13_ms100,$t_0$,150.0,unpaired,8.49765634870499,27.03524714290333
Set B,B4158_D157_a0.13_ms100,$t_0$,150.0,unpaired,8.53746051800379,26.28902469546359
Set B,B4158_D157_a0.13_ms100,$t_0$,150.0,unpaired,8.577258370183197,25.549778575539413
Set B,B4158_D157_a0.13_ms100,$t_0$,150.0,unpaired,8.617056222362603,24.81993986451625
Set B,B4158_D157_a0.13_ms100,$t_0$,150.0,unpaired,8.656854074542009,24.100053853662153
Set B,B4158_D157_a0.13_ms100,$t_0$,150.0,unpaired,8.696658243840808,23.39171311673373
Set B,B4158_D157_a0.13_ms100,$t_0$,150.0,unpaired,8.736456096020214,22.694917046158736
Set B,B4158_D157_a0.13_ms100,$t_0$,150.0,unpaired,8.77625394819962,22.009843069375282
Set B,B4158_D157_a0.13_ms100,$t_0$,150.0,unpaired,8.816051800379027,21.338650942913734
Set B,B4158_D157_a0.13_ms100,$t_0$,150.0,unpaired,8.855855969677828,20.681790878932844
Set B,B4158_D157_a0.13_ms100,$t_0$,150.0,unpaired,8.895653821857234,20.040021321700028
Set B,B4158_D157_a0.13_ms100,$t_0$,150.0,unpaired,8.93545167403664,19.412445652148367
Set B,B4158_D157_a0.13_ms100,$t_0$,150.0,unpaired,8.975249526216045,18.799206389332365
Set B,B4158_D157_a0.13_ms100,$t_0$,150.0,unpaired,9.015047378395451,18.203788462042656
Set B,B4158_D157_a0.13_ms100,$t_0$,150.0,unpaired,9.054851547694252,17.62517386113099
Set B,B4158_D157_a0.13_ms100,$t_0$,150.0,unpaired,9.094649399873658,17.06111357890154
Set B,B4158_D157_a0.13_ms100,$t_0$,150.0,unpaired,9.134447252053064,16.51175736426496
Set B,B4158_D157_a0.13_ms100,$t_0$,150.0,unpaired,9.17424510423247,15.97735082550725
Set B,B4158_D157_a0.13_ms100,$t_0$,150.0,unpaired,9.21404927353127,15.460216528399355
Set B,B4158_D157_a0.13_ms100,$t_0$,150.0,unpaired,9.253847125710676,14.961049280719724
Set B,B4158_D157_a0.13_ms100,$t_0$,150.0,unpaired,9.293644977890082,14.476260572799745
Set B,B4158_D157_a0.13_ms100,$t_0$,150.0,unpaired,9.333442830069488,14.00037588374144
Set B,B4158_D157_a0.13_ms100,$t_0$,150.0,unpaired,9.373246999368288,13.536507214203109
Set B,B4158_D157_a0.13_ms100,$t_0$,150.0,unpaired,9.413044851547696,13.09039258787235
Set B,B4158_D157_a0.13_ms100,$t_0$,150.0,unpaired,9.452842703727102,12.664111845875583
Set B,B4158_D157_a0.13_ms100,$t_0$,150.0,unpaired,9.492640555906506,12.255468708698823
Set B,B4158_D157_a0.13_ms100,$t_0$,150.0,unpaired,9.532438408085913,11.861124018173502
Set B,B4158_D157_a0.13_ms100,$t_0$,150.0,unpaired,9.572242577384712,11.475900348378014
Set B,B4158_D157_a0.13_ms100,$t_0$,150.0,unpaired,9.61204042956412,11.097548042798538
Set B,B4158_D157_a0.13_ms100,$t_0$,150.0,unpaired,9.651838281743526,10.729028156438622
Set B,B4158_D157_a0.13_ms100,$t_0$,150.0,unpaired,9.691636133922932,10.37549271089304
Set B,B4158_D157_a0.13_ms100,$t_0$,150.0,unpaired,9.731440303221731,10.04318324694664
Set B,B4158_D157_a0.13_ms100,$t_0$,150.0,unpaired,9.771238155401138,9.737009380277435
Set B,B4158_D157_a0.13_ms100,$t_0$,150.0,unpaired,9.811036007580544,9.44456674952424
Set B,B4158_D157_a0.13_ms100,$t_0$,150.0,unpaired,9.85083385975995,9.151527317323625
Set B,B4158_D157_a0.13_ms100,$t_0$,150.0,unpaired,9.89063802905875,8.857139995667366
Set B,B4158_D157_a0.13_ms100,$t_0$,150.0,unpaired,9.930435881238155,8.56065781379586
Set B,B4158_D157_a0.13_ms100,$t_0$,150.0,unpaired,9.970233733417562,8.262964727964487
Set B,B4158_D157_a0.13_ms100,$t_0$,150.0,unpaired,10.010031585596968,7.967659976016644
Set B,B4158_D157_a0.13_ms100,$t_0$,150.0,unpaired,10.049835754895767,7.682109622302187
Set B,B4158_D157_a0.13_ms100,$t_0$,150.0,unpaired,10.089633607075173,7.418103015763727
Set B,B4158_D157_a0.13_ms100,$t_0$,150.0,unpaired,10.12943145925458,7.177392953192619
Set B,B4158_D157_a0.13_ms100,$t_0$,150.0,unpaired,10.169229311433986,6.955896447563335
Set B,B4158_D157_a0.13_ms100,$t_0$,150.0,unpaired,10.209027163613394,6.747760273965374
Set B,B4158_D157_a0.13_ms100,$t_0$,150.0,unpaired,10.248831332912193,6.547398199777764
Set B,B4158_D157_a0.13_ms100,$t_0$,150.0,unpaired,10.288629185091597,6.3490656726502195
Set B,B4158_D157_a0.13_ms100,$t_0$,150.0,unpaired,10.328427037271004,6.146370441725535
Set B,B4158_D157_a0.13_ms100,$t_0$,150.0,unpaired,10.36822488945041,5.931285799254409
Set B,B4158_D157_a0.13_ms100,$t_0$,150.0,unpaired,10.40802905874921,5.692923294166782
Set B,B4158_D157_a0.13_ms100,$t_0$,150.0,unpaired,10.447826910928617,5.44083799146287
Set B,B4158_D157_a0.13_ms100,$t_0$,150.0,unpaired,10.487624763108023,5.1895847061784925
Set B,B4158_D157_a0.13_ms100,$t_0$,150.0,unpaired,10.52742261528743,4.960282282121276
Set B,B4158_D157_a0.13_ms100,$t_0$,150.0,unpaired,10.567226784586229,4.762419311354027
Set B,B4158_D157_a0.13_ms100,$t_0$,150.0,unpaired,10.607024636765635,4.596142132620825
Set B,B4158_D157_a0.13_ms100,$t_0$,150.0,unpaired,10.646822488945041,4.470523664949224
Set B,B4158_D157_a0.13_ms100,$t_0$,150.0,unpaired,10.686620341124447,4.375313835335352
Set B,B4158_D157_a0.13_ms100,$t_0$,150.0,unpaired,10.726424510423248,4.284484490297653
Set B,B4158_D157_a0.13_ms100,$t_0$,150.0,unpaired,10.766222362602655,4.196682720212972
Set B,B4158_D157_a0.13_ms100,$t_0$,150.0,unpaired,10.806020214782059,4.110712285558523
Set B,B4158_D157_a0.13_ms100,$t_0$,150.0,unpaired,10.845818066961465,4.025582231931957
Set B,B4158_D157_a0.13_ms100,$t_0$,150.0,unpaired,10.885615919140871,3.9405438817754326
Set B,B4158_D157_a0.13_ms100,$t_0$,150.0,unpaired,10.925420088439672,3.854368166369612
Set B,B4158_D157_a0.13_ms100,$t_0$,150.0,unpaired,10.965217940619079,3.765838513088586
Set B,B4158_D157_a0.13_ms100,$t_0$,150.0,unpaired,11.005015792798485,3.6740990705157377
Set B,B4158_D157_a0.13_ms100,$t_0$,150.0,unpaired,11.044813644977891,3.5781510759393185
Set B,B4158_D157_a0.13_ms100,$t_0$,150.0,unpaired,11.08461781427669,3.4774961616558366
Set B,B4158_D157_a0.13_ms100,$t_0$,150.0,unpaired,11.124415666456096,3.3720281203483795
Set B,B4158_D157_a0.13_ms100,$t_0$,150.0,unpaired,11.164213518635503,3.261949254082999
Set B,B4158_D157_a0.13_ms100,$t_0$,150.0,unpaired,11.204011370814909,3.1481042109740383
Set B,B4158_D157_a0.13_ms100,$t_0$,150.0,unpaired,11.243815540113708,3.0318930374111632
Set B,B4158_D157_a0.13_ms100,$t_0$,150.0,unpaired,11.283613392293114,2.915453258077095
Set B,B4158_D157_a0.13_ms100,$t_0$,150.0,unpaired,11.32341124447252,2.801596644760102
Set B,B4158_D157_a0.13_ms100,$t_0$,150.0,unpaired,11.363209096651927,2.6923365134571595
Set B,B4158_D157_a0.13_ms100,$t_0$,150.0,unpaired,11.403006948831333,2.5891479363454537
Set B,B4158_D157_a0.13_ms100,$t_0$,150.0,unpaired,11.442811118130132,2.493287444811022
Set B,B4158_D157_a0.13_ms100,$t_0$,150.0,unpaired,11.482608970309538,2.4053406285605274
Set B,B4158_D157_a0.13_ms100,$t_0$,150.0,unpaired,11.522406822488946,2.326008050557752
Set B,B4158_D157_a0.13_ms100,$t_0$,150.0,unpaired,11.562204674668353,2.254412018333608
Set B,B4158_D157_a0.13_ms100,$t_0$,150.0,unpaired,11.602008843967152,2.1905722390774915
Set B,B4158_D157_a0.13_ms100,$t_0$,150.0,unpaired,11.641806696146556,2.1330527447593526
Set B,B4158_D157_a0.13_ms100,$t_0$,150.0,unpaired,11.681604548325963,2.0810942942944544
Set B,B4158_D157_a0.13_ms100,$t_0$,150.0,unpaired,11.72140240050537,2.034103730966558
Set B,B4158_D157_a0.13_ms100,$t_0$,150.0,unpaired,11.76120656980417,1.991666641604827
Set B,B4158_D157_a0.13_ms100,$t_0$,150.0,unpaired,11.801004421983576,1.953175334684603
Set B,B4158_D157_a0.13_ms100,$t_0$,150.0,unpaired,11.840802274162982,1.9180672704727095
Set B,B4158_D157_a0.13_ms100,$t_0$,150.0,unpaired,11.880600126342388,1.8858974072350476
Set B,B4158_D157_a0.13_ms100,$t_0$,150.0,unpaired,11.920404295641188,1.856286435867903
Set B,B4158_D157_a0.13_ms100,$t_0$,150.0,unpaired,11.960202147820594,1.8289247343805117
Set B,B4158_D157_a0.13_ms100,$t_0$,150.0,unpaired,12.0,1.8035715461271973
Set B,B4158_D157_a0.13_ms100,$t_0$,150.0,cfl,0.4183946304485155,97.84290477994966
Set B,B4158_D157_a0.13_ms100,$t_0$,150.0,cfl,0.4581939987365761,95.38495284123432
Set B,B4158_D157_a0.13_ms100,$t_0$,150.0,cfl,0.49799330385344287,92.76648777952482
Set B,B4158_D157_a0.13_ms100,$t_0$,150.0,cfl,0.5377926721415035,89.91600362952511
Set B,B4158_D157_a0.13_ms100,$t_0$,150.0,cfl,0.5775919772583702,86.72413747177727
Set B,B4158_D157_a0.13_ms100,$t_0$,150.0,cfl,0.6173912823752369,83.00487834820501
Set B,B4158_D157_a0.13_ms100,$t_0$,150.0,cfl,0.6571907770056854,78.39699686706568
Set B,B4158_D157_a0.13_ms100,$t_0$,150.0,cfl,0.6969898926089704,72.10018384481323
Set B,B4158_D157_a0.13_ms100,$t_0$,150.0,cfl,0.7367890082122552,63.162573126132195
Set B,B4158_D157_a0.13_ms100,$t_0$,150.0,cfl,0.7765887555274795,55.52164370989232
Set B,B4158_D157_a0.13_ms100,$t_0$,150.0,cfl,0.8163878711307644,50.96843337731476
Set B,B4158_D157_a0.13_ms100,$t_0$,150.0,cfl,0.8561869867340492,47.90431849870311
Set B,B4158_D157_a0.13_ms100,$t_0$,150.0,cfl,0.8959867340492736,45.59700566011077
Set B,B4158_D157_a0.13_ms100,$t_0$,150.0,cfl,0.9357858496525585,43.73690769541571
Set B,B4158_D157_a0.13_ms100,$t_0$,150.0,cfl,0.9755855969677827,42.16983625924361
Set B,B4158_D157_a0.13_ms100,$t_0$,150.0,cfl,1.0153847125710675,40.80831965651764
Set B,B4158_D157_a0.13_ms100,$t_0$,150.0,cfl,1.0551838281743526,39.59852972610641
Set B,B4158_D157_a0.13_ms100,$t_0$,150.0,cfl,1.0949835754895767,38.504571507217115
Set B,B4158_D157_a0.13_ms100,$t_0$,150.0,cfl,1.1347826910928616,37.50184614840639
Set B,B4158_D157_a0.13_ms100,$t_0$,150.0,cfl,1.1745818066961466,36.57259625052092
Set B,B4158_D157_a0.13_ms100,$t_0$,150.0,cfl,1.214381554011371,35.703522113227706
Set B,B4158_D157_a0.13_ms100,$t_0$,150.0,cfl,1.2541806696146558,34.8846307624645
Set B,B4158_D157_a0.13_ms100,$t_0$,150.0,cfl,1.2939797852179407,34.10818086092006
Set B,B4158_D157_a0.13_ms100,$t_0$,150.0,cfl,1.333779532533165,33.367942896042386
Set B,B4158_D157_a0.13_ms100,$t_0$,150.0,cfl,1.3735786481364498,32.65914792957918
Set B,B4158_D157_a0.13_ms100,$t_0$,150.0,cfl,1.413377763739735,31.977795625765904
Set B,B4158_D157_a0.13_ms100,$t_0$,150.0,cfl,1.453177511054959,31.320584134877766
Set B,B4158_D157_a0.13_ms100,$t_0$,150.0,cfl,1.4929766266582438,30.685000512781997
Set B,B4158_D157_a0.13_ms100,$t_0$,150.0,cfl,1.532775742261529,30.068777657030857
Set B,B4158_D157_a0.13_ms100,$t_0$,150.0,cfl,1.5725754895767532,29.470110907872375
Set B,B4158_D157_a0.13_ms100,$t_0$,150.0,cfl,1.6123746051800378,28.887468060670884
Set B,B4158_D157_a0.13_ms100,$t_0$,150.0,cfl,1.652173720783323,28.31960459101299
Set B,B4158_D157_a0.13_ms100,$t_0$,150.0,cfl,1.6919734680985472,27.765355707387673
Set B,B4158_D157_a0.13_ms100,$t_0$,150.0,cfl,1.7317725837018318,27.22382484830311
Set B,B4158_D157_a0.13_ms100,$t_0$,150.0,cfl,1.771571699305117,26.694407726731168
Set B,B4158_D157_a0.13_ms100,$t_0$,150.0,cfl,1.8113714466203412,26.176394569195807
Set B,B4158_D157_a0.13_ms100,$t_0$,150.0,cfl,1.8511705622236259,25.66913170716032
Set B,B4158_D157_a0.13_ms100,$t_0$,150.0,cfl,1.890969677826911,25.17218579217505
Set B,B4158_D157_a0.13_ms100,$t_0$,150.0,cfl,1.9307694251421352,24.68531041544499
Set B,B4158_D157_a0.13_ms100,$t_0$,150.0,cfl,1.9705685407454203,24.208250444579196
Set B,B4158_D157_a0.13_ms100,$t_0$,150.0,cfl,2.010367656348705,23.74091299125965
Set B,B4158_D157_a0.13_ms100,$t_0$,150.0,cfl,2.050167403663929,23.28261184819701
Set B,B4158_D157_a0.13_ms100,$t_0$,150.0,cfl,2.089966519267214,22.83355313269103
Set B,B4158_D157_a0.13_ms100,$t_0$,150.0,cfl,2.129765634870499,22.393440487831743
Set B,B4158_D157_a0.13_ms100,$t_0$,150.0,cfl,2.169565382185723,21.96246963142655
Set B,B4158_D157_a0.13_ms100,$t_0$,150.0,cfl,2.209364497789008,21.540313553145005
Set B,B4158_D157_a0.13_ms100,$t_0$,150.0,cfl,2.249163613392293,21.127511267065756
Set B,B4158_D157_a0.13_ms100,$t_0$,150.0,cfl,2.2889633607075175,20.723900291357467
Set B,B4158_D157_a0.13_ms100,$t_0$,150.0,cfl,2.328762476310802,20.329473505455525
Set B,B4158_D157_a0.13_ms100,$t_0$,150.0,cfl,2.368561591914087,19.94409884565508
Set B,B4158_D157_a0.13_ms100,$t_0$,150.0,cfl,2.4083613392293115,19.5674463647107
Set B,B4158_D157_a0.13_ms100,$t_0$,150.0,cfl,2.448160454832596,19.200407615869022
Set B,B4158_D157_a0.13_ms100,$t_0$,150.0,cfl,2.4879595704358817,18.843552068964453
Set B,B4158_D157_a0.13_ms100,$t_0$,150.0,cfl,2.5277593177511055,18.49652764542221
Set B,B4158_D157_a0.13_ms100,$t_0$,150.0,cfl,2.56755843335439,18.159328133780583
Set B,B4158_D157_a0.13_ms100,$t_0$,150.0,cfl,2.6073575489576757,17.83199480111585
Set B,B4158_D157_a0.13_ms100,$t_0$,150.0,cfl,2.6471572962728995,17.5138343326763
Set B,B4158_D157_a0.13_ms100,$t_0$,150.0,cfl,2.686956411876184,17.2046222903649
Set B,B4158_D157_a0.13_ms100,$t_0$,150.0,cfl,2.726756159191409,16.904708366738205
Set B,B4158_D157_a0.13_ms100,$t_0$,150.0,cfl,2.7665552747946935,16.613628895686826
Set B,B4158_D157_a0.13_ms100,$t_0$,150.0,cfl,2.8063543903979786,16.331708395737902
Set B,B4158_D157_a0.13_ms100,$t_0$,150.0,cfl,2.846154137713203,16.058391905826035
Set B,B4158_D157_a0.13_ms100,$t_0$,150.0,cfl,2.8859532533164876,15.794017131807701
Set B,B4158_D157_a0.13_ms100,$t_0$,150.0,cfl,2.9257523689197726,15.538149202006236
Set B,B4158_D157_a0.13_ms100,$t_0$,150.0,cfl,2.965552116234997,15.289987354954752
Set B,B4158_D157_a0.13_ms100,$t_0$,150.0,cfl,3.0053512318382816,15.048161678319111
Set B,B4158_D157_a0.13_ms100,$t_0$,150.0,cfl,3.0451503474415667,14.811520264150095
Set B,B4158_D157_a0.13_ms100,$t_0$,150.0,cfl,3.084950094756791,14.580265405395554
Set B,B4158_D157_a0.13_ms100,$t_0$,150.0,cfl,3.124749210360076,14.353731139742413
Set B,B4158_D157_a0.13_ms100,$t_0$,150.0,cfl,3.1645483259633607,14.13191943991639
Set B,B4158_D157_a0.13_ms100,$t_0$,150.0,cfl,3.204348073278585,13.914261332641821
Set B,B4158_D157_a0.13_ms100,$t_0$,150.0,cfl,3.2441471888818696,13.700952303075509
Set B,B4158_D157_a0.13_ms100,$t_0$,150.0,cfl,3.283946304485155,13.49253567010527
Set B,B4158_D157_a0.13_ms100,$t_0$,150.0,cfl,3.323746051800379,13.288887842745526
Set B,B4158_D157_a0.13_ms100,$t_0$,150.0,cfl,3.3635451674036636,13.090187647709703
Set B,B4158_D157_a0.13_ms100,$t_0$,150.0,cfl,3.403344283006949,12.896160606229866
Set B,B4158_D157_a0.13_ms100,$t_0$,150.0,cfl,3.443144030322173,12.706547842392565
Set B,B4158_D157_a0.13_ms100,$t_0$,150.0,cfl,3.4829431459254576,12.521068540151017
Set B,B4158_D157_a0.13_ms100,$t_0$,150.0,cfl,3.522742261528743,12.33929288011251
Set B,B4158_D157_a0.13_ms100,$t_0$,150.0,cfl,3.562542008843967,12.160644328213024
Set B,B4158_D157_a0.13_ms100,$t_0$,150.0,cfl,3.6023411244472525,11.985008030698419
Set B,B4158_D157_a0.13_ms100,$t_0$,150.0,cfl,3.642140240050537,11.811772988564268
Set B,B4158_D157_a0.13_ms100,$t_0$,150.0,cfl,3.681939987365761,11.640535032695926
Set B,B4158_D157_a0.13_ms100,$t_0$,150.0,cfl,3.7217391029690465,11.47131775770147
Set B,B4158_D157_a0.13_ms100,$t_0$,150.0,cfl,3.761538218572331,11.304078250389928
Set B,B4158_D157_a0.13_ms100,$t_0$,150.0,cfl,3.801337965887555,11.139174312021257
Set B,B4158_D157_a0.13_ms100,$t_0$,150.0,cfl,3.8411370814908405,10.976951764048675
Set B,B4158_D157_a0.13_ms100,$t_0$,150.0,cfl,3.880936197094125,10.817755503539049
Set B,B4158_D157_a0.13_ms100,$t_0$,150.0,cfl,3.92073594440935,10.662129264225744
Set B,B4158_D157_a0.13_ms100,$t_0$,150.0,cfl,3.9605350600126346,10.510671138350943
Set B,B4158_D157_a0.13_ms100,$t_0$,150.0,cfl,4.00033417561592,10.363830218202589
Set B,B4158_D157_a0.13_ms100,$t_0$,150.0,cfl,4.040133922931144,10.221824049005763
Set B,B4158_D157_a0.13_ms100,$t_0$,150.0,cfl,4.079933038534429,10.08526625858717
Set B,B4158_D157_a0.13_ms100,$t_0$,150.0,cfl,4.119732154137713,9.954197195762353
Set B,B4158_D157_a0.13_ms100,$t_0$,150.0,cfl,4.1595319014529375,9.828554419973266
Set B,B4158_D157_a0.13_ms100,$t_0$,150.0,cfl,4.199331017056222,9.704845202046824
Set B,B4158_D157_a0.13_ms100,$t_0$,150.0,cfl,4.239130132659508,9.582958240987734
Set B,B4158_D157_a0.13_ms100,$t_0$,150.0,cfl,4.278929879974732,9.46241771253594
Set B,B4158_D157_a0.13_ms100,$t_0$,150.0,cfl,4.318728995578017,9.34288340386528
Set B,B4158_D157_a0.13_ms100,$t_0$,150.0,cfl,4.358528742893241,9.224213985194574
Set B,B4158_D157_a0.13_ms100,$t_0$,150.0,cfl,4.3983278584965255,9.106249553199532
Set B,B4158_D157_a0.13_ms100,$t_0$,150.0,cfl,4.43812697409981,8.988760359855133
Set B,B4158_D157_a0.13_ms100,$t_0$,150.0,cfl,4.477926721415035,8.871927917008358
Set B,B4158_D157_a0.13_ms100,$t_0$,150.0,cfl,4.51772583701832,8.75554849602167
Set B,B4158_D157_a0.13_ms100,$t_0$,150.0,cfl,4.557524952621605,8.639983771152007
Set B,B4158_D157_a0.13_ms100,$t_0$,150.0,cfl,4.597324699936829,8.525204378484531
Set B,B4158_D157_a0.13_ms100,$t_0$,150.0,cfl,4.6371238155401135,8.411561371920644
Set B,B4158_D157_a0.13_ms100,$t_0$,150.0,cfl,4.676922931143398,8.299424204726616
Set B,B4158_D157_a0.13_ms100,$t_0$,150.0,cfl,4.716722678458623,8.189127990168574
Set B,B4158_D157_a0.13_ms100,$t_0$,150.0,cfl,4.756521794061908,8.081102543153289
Set B,B4158_D157_a0.13_ms100,$t_0$,150.0,cfl,4.796320909665193,7.975651898345553
Set B,B4158_D157_a0.13_ms100,$t_0$,150.0,cfl,4.836120656980417,7.873551664554866
Set B,B4158_D157_a0.13_ms100,$t_0$,150.0,cfl,4.875919772583702,7.77537982680787
Set B,B4158_D157_a0.13_ms100,$t_0$,150.0,cfl,4.915718888186986,7.6816271773357645
Set B,B4158_D157_a0.13_ms100,$t_0$,150.0,cfl,4.955518635502211,7.592507709046364
Set B,B4158_D157_a0.13_ms100,$t_0$,150.0,cfl,4.995317751105496,7.507985661365974
Set B,B4158_D157_a0.13_ms100,$t_0$,150.0,cfl,5.035116866708781,7.427670834994989
Set B,B4158_D157_a0.13_ms100,$t_0$,150.0,cfl,5.074916614024005,7.351156999435923
Set B,B4158_D157_a0.13_ms100,$t_0$,150.0,cfl,5.11471572962729,7.277982272171086
Set B,B4158_D157_a0.13_ms100,$t_0$,150.0,cfl,5.154514845230575,7.207575565369637
Set B,B4158_D157_a0.13_ms100,$t_0$,150.0,cfl,5.194314592545799,7.13929650536639
Set B,B4158_D157_a0.13_ms100,$t_0$,150.0,cfl,5.234113708149084,7.072846156702785
Set B,B4158_D157_a0.13_ms100,$t_0$,150.0,cfl,5.273912823752369,7.007608823159629
Set B,B4158_D157_a0.13_ms100,$t_0$,150.0,cfl,5.313712571067593,6.94324241445939
Set B,B4158_D157_a0.13_ms100,$t_0$,150.0,cfl,5.353511686670878,6.879321783566625
Set B,B4158_D157_a0.13_ms100,$t_0$,150.0,cfl,5.393310802274163,6.8155016712191
Set B,B4158_D157_a0.13_ms100,$t_0$,150.0,cfl,5.433110549589387,6.7515909925926145
Set B,B4158_D157_a0.13_ms100,$t_0$,150.0,cfl,5.472909665192672,6.687216943615012
Set B,B4158_D157_a0.13_ms100,$t_0$,150.0,cfl,5.512708780795958,6.622184335670219
Set B,B4158_D157_a0.13_ms100,$t_0$,150.0,cfl,5.552508528111181,6.556279166012771
Set B,B4158_D157_a0.13_ms100,$t_0$,150.0,cfl,5.592307643714466,6.489126266085465
Set B,B4158_D157_a0.13_ms100,$t_0$,150.0,cfl,5.632106759317751,6.420615299613427
Set B,B4158_D157_a0.13_ms100,$t_0$,150.0,cfl,5.6719065066329755,6.350369919140764
Set B,B4158_D157_a0.13_ms100,$t_0$,150.0,cfl,5.711705622236261,6.2781296013432195
Set B,B4158_D157_a0.13_ms100,$t_0$,150.0,cfl,5.751504737839546,6.203380818806852
Set B,B4158_D157_a0.13_ms100,$t_0$,150.0,cfl,5.791304485154769,6.12566720633889
Set B,B4158_D157_a0.13_ms100,$t_0$,150.0,cfl,5.831103600758055,6.044544503919079
Set B,B4158_D157_a0.13_ms100,$t_0$,150.0,cfl,5.870902716361339,5.959013986165586
Set B,B4158_D157_a0.13_ms100,$t_0$,150.0,cfl,5.9107024636765635,5.868633965860057
Set B,B4158_D157_a0.13_ms100,$t_0$,150.0,cfl,5.950501579279849,5.773018474684996
Set B,B4158_D157_a0.13_ms100,$t_0$,150.0,cfl,5.990300694883134,5.672373480668681
Set B,B4158_D157_a0.13_ms100,$t_0$,150.0,cfl,6.030100442198358,5.56711746138835
Set B,B4158_D157_a0.13_ms100,$t_0$,150.0,cfl,6.069899557801643,5.458335001375332
Set B,B4158_D157_a0.13_ms100,$t_0$,150.0,cfl,6.109699305116867,5.34770807316924
Set B,B4158_D157_a0.13_ms100,$t_0$,150.0,cfl,6.149498420720152,5.237172299003584
Set B,B4158_D157_a0.13_ms100,$t_0$,150.0,cfl,6.189297536323437,5.128627668098349
Set B,B4158_D157_a0.13_ms100,$t_0$,150.0,cfl,6.22909728363866,5.02379885226505
Set B,B4158_D157_a0.13_ms100,$t_0$,150.0,cfl,6.268896399241946,4.923906530451456
Set B,B4158_D157_a0.13_ms100,$t_0$,150.0,cfl,6.308695514845231,4.8297017190366445
Set B,B4158_D157_a0.13_ms100,$t_0$,150.0,cfl,6.348496525584333,4.741444423603574
Set B,B4158_D157_a0.13_ms100,$t_0$,150.0,cfl,6.3882943777637395,4.659203561957476
Set B,B4158_D157_a0.13_ms100,$t_0$,150.0,cfl,6.428092229943147,4.582778109982064
Set B,B4158_D157_a0.13_ms100,$t_0$,150.0,cfl,6.467890082122553,4.511819672755899
Set B,B4158_D157_a0.13_ms100,$t_0$,150.0,cfl,6.507694251421352,4.461479631658309
Set B,B4158_D157_a0.13_ms100,$t_0$,150.0,cfl,6.547492103600758,4.4128232307081605
Set B,B4158_D157_a0.13_ms100,$t_0$,150.0,cfl,6.587289955780164,4.365068837514554
Set B,B4158_D157_a0.13_ms100,$t_0$,150.0,cfl,6.62708780795957,4.3180995892334195
Set B,B4158_D157_a0.13_ms100,$t_0$,150.0,cfl,6.666891977258371,4.271795923976494
Set B,B4158_D157_a0.13_ms100,$t_0$,150.0,cfl,6.706689829437776,4.22616837075146
Set B,B4158_D157_a0.13_ms100,$t_0$,150.0,cfl,6.746487681617182,4.181201961398312
Set B,B4158_D157_a0.13_ms100,$t_0$,150.0,cfl,6.786285533796589,4.136788232503872
Set B,B4158_D157_a0.13_ms100,$t_0$,150.0,cfl,6.826089703095389,4.092912600276607
Set B,B4158_D157_a0.13_ms100,$t_0$,150.0,cfl,6.865887555274795,4.049502395397258
Set B,B4158_D157_a0.13_ms100,$t_0$,150.0,cfl,6.905685407454201,4.006544244588522
Set B,B4158_D157_a0.13_ms100,$t_0$,150.0,cfl,6.9454832596336065,3.963858724259254
Set B,B4158_D157_a0.13_ms100,$t_0$,150.0,cfl,6.985287428932407,3.9213184018821408
Set B,B4158_D157_a0.13_ms100,$t_0$,150.0,cfl,7.025085281111814,3.8786917412185264
Set B,B4158_D157_a0.13_ms100,$t_0$,150.0,cfl,7.064883133291219,3.8358193467584085
Set B,B4158_D157_a0.13_ms100,$t_0$,150.0,cfl,7.104680985470625,3.792534461069618
Set B,B4158_D157_a0.13_ms100,$t_0$,150.0,cfl,7.1444788376500314,3.7486696916289666
Set B,B4158_D157_a0.13_ms100,$t_0$,150.0,cfl,7.1842830069488315,3.7041104011154
Set B,B4158_D157_a0.13_ms100,$t_0$,150.0,cfl,7.224080859128238,3.658675295567164
Set B,B4158_D157_a0.13_ms100,$t_0$,150.0,cfl,7.263878711307644,3.6123318543630187
Set B,B4158_D157_a0.13_ms100,$t_0$,150.0,cfl,7.30367656348705,3.5648478054909623
Set B,B4158_D157_a0.13_ms100,$t_0$,150.0,cfl,7.34348073278585,3.5161557685277884
Set B,B4158_D157_a0.13_ms100,$t_0$,150.0,cfl,7.3832785849652565,3.466244556427253
Set B,B4158_D157_a0.13_ms100,$t_0$,150.0,cfl,7.423076437144663,3.41505113603231
Set B,B4158_D157_a0.13_ms100,$t_0$,150.0,cfl,7.462874289324068,3.3626187734303277
Set B,B4158_D157_a0.13_ms100,$t_0$,150.0,cfl,7.502678458622867,3.308921875346792
Set B,B4158_D157_a0.13_ms100,$t_0$,150.0,cfl,7.542476310802275,3.2540540900684993
Set B,B4158_D157_a0.13_ms100,$t_0$,150.0,cfl,7.5822741629816806,3.198075613108587
Set B,B4158_D157_a0.13_ms100,$t_0$,150.0,cfl,7.622072015161087,3.1411333775001853
Set B,B4158_D157_a0.13_ms100,$t_0$,150.0,cfl,7.661869867340493,3.0834549861685474
Set B,B4158_D157_a0.13_ms100,$t_0$,150.0,cfl,7.701674036639292,3.025218718203766
Set B,B4158_D157_a0.13_ms100,$t_0$,150.0,cfl,7.741471888818699,2.9667523677063383
Set B,B4158_D157_a0.13_ms100,$t_0$,150.0,cfl,7.7812697409981055,2.9082844715139298
Set B,B4158_D157_a0.13_ms100,$t_0$,150.0,cfl,7.821067593177512,2.8501509757208248
Set B,B4158_D157_a0.13_ms100,$t_0$,150.0,cfl,7.860871762476311,2.793043774160194
Set B,B4158_D157_a0.13_ms100,$t_0$,150.0,cfl,7.900669614655716,2.7368984376619534
Set B,B4158_D157_a0.13_ms100,$t_0$,150.0,cfl,7.940467466835124,2.6818832740969096
Set B,B4158_D157_a0.13_ms100,$t_0$,150.0,cfl,7.98026531901453,2.628262260217371
Set B,B4158_D157_a0.13_ms100,$t_0$,150.0,cfl,8.020069488313329,2.576267356385068
Set B,B4158_D157_a0.13_ms100,$t_0$,150.0,cfl,8.059867340492735,2.526045388102307
Set B,B4158_D157_a0.13_ms100,$t_0$,150.0,cfl,8.099665192672141,2.4777070078844083
Set B,B4158_D157_a0.13_ms100,$t_0$,150.0,cfl,8.13946304485155,2.431371551503382
Set B,B4158_D157_a0.13_ms100,$t_0$,150.0,cfl,8.179267214150348,2.3870459125034804
Set B,B4158_D157_a0.13_ms100,$t_0$,150.0,cfl,8.219065066329753,2.344765562246359
Set B,B4158_D157_a0.13_ms100,$t_0$,150.0,cfl,8.258862918509159,2.3044890428792018
Set B,B4158_D157_a0.13_ms100,$t_0$,150.0,cfl,8.298660770688565,2.266168294240558
Set B,B4158_D157_a0.13_ms100,$t_0$,150.0,cfl,8.338458622867973,2.2297508875174072
Set B,B4158_D157_a0.13_ms100,$t_0$,150.0,cfl,8.378262792166772,2.1951906497424702
Set B,B4158_D157_a0.13_ms100,$t_0$,150.0,cfl,8.418060644346179,2.162385705672373
Set B,B4158_D157_a0.13_ms100,$t_0$,150.0,cfl,8.457858496525585,2.1312547260708787
Set B,B4158_D157_a0.13_ms100,$t_0$,150.0,cfl,8.49765634870499,2.1017332255183496
Set B,B4158_D157_a0.13_ms100,$t_0$,150.0,cfl,8.53746051800379,2.0736610617803395
Set B,B4158_D157_a0.13_ms100,$t_0$,150.0,cfl,8.577258370183197,2.047062826401718
Set B,B4158_D157_a0.13_ms100,$t_0$,150.0,cfl,8.617056222362603,2.0218475718676974
Set B,B4158_D157_a0.13_ms100,$t_0$,150.0,cfl,8.656854074542009,1.9979415162525909
Set B,B4158_D157_a0.13_ms100,$t_0$,150.0,cfl,8.696658243840808,1.9752398090660095
Set B,B4158_D157_a0.13_ms100,$t_0$,150.0,cfl,8.736456096020214,1.9536467408261216
Set B,B4158_D157_a0.13_ms100,$t_0$,150.0,cfl,8.77625394819962,1.933089077773897
Set B,B4158_D157_a0.13_ms100,$t_0$,150.0,cfl,8.816051800379027,1.9134862886379835
Set B,B4158_D157_a0.13_ms100,$t_0$,150.0,cfl,8.855855969677828,1.8947574785831054
Set B,B4158_D157_a0.13_ms100,$t_0$,150.0,cfl,8.895653821857234,1.8768423651915462
Set B,B4158_D157_a0.13_ms100,$t_0$,150.0,cfl,8.93545167403664,1.8597076380665525
Set B,B4158_D157_a0.13_ms100,$t_0$,150.0,cfl,8.975249526216045,1.8432803079609144
Set B,B4158_D157_a0.13_ms100,$t_0$,150.0,cfl,9.015047378395451,1.827516791401904
Set B,B4158_D157_a0.13_ms100,$t_0$,150.0,cfl,9.054851547694252,1.8123861408984963
Set B,B4158_D157_a0.13_ms100,$t_0$,150.0,cfl,9.094649399873658,1.7978505747460891
Set B,B4158_D157_a0.13_ms100,$t_0$,150.0,cfl,9.134447252053064,1.7838753480533778
Set B,B4158_D157_a0.13_ms100,$t_0$,150.0,cfl,9.17424510423247,1.7704202668416371
Set B,B4158_D157_a0.13_ms100,$t_0$,150.0,cfl,9.21404927353127,1.7574649638724134
Set B,B4158_D157_a0.13_ms100,$t_0$,150.0,cfl,9.253847125710676,1.7449832937739544
Set B,B4158_D157_a0.13_ms100,$t_0$,150.0,cfl,9.293644977890082,1.73294182596899
Set B,B4158_D157_a0.13_ms100,$t_0$,150.0,cfl,9.333442830069488,1.7213337601119303
Set B,B4158_D157_a0.13_ms100,$t_0$,150.0,cfl,9.373246999368288,1.7101224462216262
Set B,B4158_D157_a0.13_ms100,$t_0$,150.0,cfl,9.413044851547696,1.6992955930290616
Set B,B4158_D157_a0.13_ms100,$t_0$,150.0,cfl,9.452842703727102,1.6884347061923088
Set B,B4158_D157_a0.13_ms100,$t_0$,150.0,cfl,9.492640555906506,1.6778365104190207
Set B,B4158_D157_a0.13_ms100,$t_0$,150.0,cfl,9.532438408085913,1.6675785376759293
Set B,B4158_D157_a0.13_ms100,$t_0$,150.0,cfl,9.572242577384712,1.657634831580841
Set B,B4158_D157_a0.13_ms100,$t_0$,150.0,cfl,9.61204042956412,1.6479990899622627
Set B,B4158_D157_a0.13_ms100,$t_0$,150.0,cfl,9.651838281743526,1.6386588968840223
Set B,B4158_D157_a0.13_ms100,$t_0$,150.0,cfl,9.691636133922932,1.6296029383569404
Set B,B4158_D157_a0.13_ms100,$t_0$,150.0,cfl,9.731440303221731,1.6208201058702736
Set B,B4158_D157_a0.13_ms100,$t_0$,150.0,cfl,9.771238155401138,1.6122998609433303
Set B,B4158_D157_a0.13_ms100,$t_0$,150.0,cfl,9.811036007580544,1.6040321630814571
Set B,B4158_D157_a0.13_ms100,$t_0$,150.0,cfl,9.85083385975995,1.596007755744945
Set B,B4158_D157_a0.13_ms100,$t_0$,150.0,cfl,9.89063802905875,1.5882130953791551
Set B,B4158_D157_a0.13_ms100,$t_0$,150.0,cfl,9.930435881238155,1.580648630132699
Set B,B4158_D157_a0.13_ms100,$t_0$,150.0,cfl,9.970233733417562,1.5733017026225575
Set B,B4158_D157_a0.13_ms100,$t_0$,150.0,cfl,10.010031585596968,1.5661600526829704
Set B,B4158_D157_a0.13_ms100,$t_0$,150.0,cfl,10.049835754895767,1.5592247028760555
Set B,B4158_D157_a0.13_ms100,$t_0$,150.0,cfl,10.089633607075173,1.552480808495174
Set B,B4158_D157_a0.13_ms100,$t_0$,150.0,cfl,10.12943145925458,1.5459288720171227
Set B,B4158_D157_a0.13_ms100,$t_0$,150.0,cfl,10.169229311433986,1.5395552513037625
Set B,B4158_D157_a0.13_ms100,$t_0$,150.0,cfl,10.209027163613394,1.5333609927320007
Set B,B4158_D157_a0.13_ms100,$t_0$,150.0,cfl,10.248831332912193,1.5273333684364447
Set B,B4158_D157_a0.13_ms100,$t_0$,150.0,cfl,10.288629185091597,1.5214707267232905
Set B,B4158_D157_a0.13_ms100,$t_0$,150.0,cfl,10.328427037271004,1.5157685876805986
Set B,B4158_D157_a0.13_ms100,$t_0$,150.0,cfl,10.36822488945041,1.5102201870354721
Set B,B4158_D157_a0.13_ms100,$t_0$,150.0,cfl,10.40802905874921,1.5048111778300002
Set B,B4158_D157_a0.13_ms100,$t_0$,150.0,cfl,10.447826910928617,1.4995535147823689
Set B,B4158_D157_a0.13_ms100,$t_0$,150.0,cfl,10.487624763108023,1.4944320168185594
Set B,B4158_D157_a0.13_ms100,$t_0$,150.0,cfl,10.52742261528743,1.4894451951721774
Set B,B4158_D157_a0.13_ms100,$t_0$,150.0,cfl,10.567226784586229,1.4845913077155906
Set B,B4158_D157_a0.13_ms100,$t_0$,150.0,cfl,10.607024636765635,1.4798611264677546
Set B,B4158_D157_a0.13_ms100,$t_0$,150.0,cfl,10.646822488945041,1.4752558333967414
Set B,B4158_D157_a0.13_ms100,$t_0$,150.0,cfl,10.686620341124447,1.4707667602327643
Set B,B4158_D157_a0.13_ms100,$t_0$,150.0,cfl,10.726424510423248,1.4663928305464071
Set B,B4158_D157_a0.13_ms100,$t_0$,150.0,cfl,10.766222362602655,1.46213265737995
Set B,B4158_D157_a0.13_ms100,$t_0$,150.0,cfl,10.806020214782059,1.4579785578172006
Set B,B4158_D157_a0.13_ms100,$t_0$,150.0,cfl,10.845818066961465,1.4539295193079655
Set B,B4158_D157_a0.13_ms100,$t_0$,150.0,cfl,10.885615919140871,1.4501158033513286
Set B,B4158_D157_a0.13_ms100,$t_0$,150.0,cfl,10.925420088439672,1.4501158033513286
Set B,B4158_D157_a0.13_ms100,$t_0$,150.0,cfl,10.965217940619079,1.4501158033513286
Set B,B4158_D157_a0.13_ms100,$t_0$,150.0,cfl,11.005015792798485,1.4501158033513286
Set B,B4158_D157_a0.13_ms100,$t_0$,150.0,cfl,11.044813644977891,1.4501158033513286
Set B,B4158_D157_a0.13_ms100,$t_0$,150.0,cfl,11.08461781427669,1.4501158033513286
Set B,B4158_D157_a0.13_ms100,$t_0$,150.0,cfl,11.124415666456096,1.4501158033513286
Set B,B4158_D157_a0.13_ms100,$t_0$,150.0,cfl,11.164213518635503,1.4501158033513286
Set B,B4158_D157_a0.13_ms100,$t_0$,150.0,cfl,11.204011370814909,1.4501158033513286
Set B,B4158_D157_a0.13_ms100,$t_0$,150.0,cfl,11.243815540113708,1.4501158033513286
Set B,B4158_D157_a0.13_ms100,$t_0$,150.0,cfl,11.283613392293114,1.4501158033513286
Set B,B4158_D157_a0.13_ms100,$t_0$,150.0,cfl,11.32341124447252,1.4501158033513286
Set B,B4158_D157_a0.13_ms100,$t_0$,150.0,cfl,11.363209096651927,1.4501158033513286
Set B,B4158_D157_a0.13_ms100,$t_0$,150.0,cfl,11.403006948831333,1.4501158033513286
Set B,B4158_D157_a0.13_ms100,$t_0$,150.0,cfl,11.442811118130132,1.4501158033513286
Set B,B4158_D157_a0.13_ms100,$t_0$,150.0,cfl,11.482608970309538,1.4501158033513286
Set B,B4158_D157_a0.13_ms100,$t_0$,150.0,cfl,11.522406822488946,1.4501158033513286
Set B,B4158_D157_a0.13_ms100,$t_0$,150.0,cfl,11.562204674668353,1.4501158033513286
Set B,B4158_D157_a0.13_ms100,$t_0$,150.0,cfl,11.602008843967152,1.4501158033513286
Set B,B4158_D157_a0.13_ms100,$t_0$,150.0,cfl,11.641806696146556,1.4501158033513286
Set B,B4158_D157_a0.13_ms100,$t_0$,150.0,cfl,11.681604548325963,1.4501158033513286
Set B,B4158_D157_a0.13_ms100,$t_0$,150.0,cfl,11.72140240050537,1.4501158033513286
Set B,B4158_D157_a0.13_ms100,$t_0$,150.0,cfl,11.76120656980417,1.4501158033513286
Set B,B4158_D157_a0.13_ms100,$t_0$,150.0,cfl,11.801004421983576,1.4501158033513286
Set B,B4158_D157_a0.13_ms100,$t_0$,150.0,cfl,11.840802274162982,1.4501158033513286
Set B,B4158_D157_a0.13_ms100,$t_0$,150.0,cfl,11.880600126342388,1.4501158033513286
Set B,B4158_D157_a0.13_ms100,$t_0$,150.0,cfl,11.920404295641188,1.4501158033513286
Set B,B4158_D157_a0.13_ms100,$t_0$,150.0,cfl,11.960202147820594,1.4501158033513286
Set B,B4158_D157_a0.13_ms100,$t_0$,150.0,cfl,12.0,1.4501158033513286
Set B,B4158_D157_a0.13_ms100,$t_0$,150.0,unpCFL,0.4183946304485155,97.84290480835314
Set B,B4158_D157_a0.13_ms100,$t_0$,150.0,unpCFL,0.4581939987365761,95.38495281483496
Set B,B4158_D157_a0.13_ms100,$t_0$,150.0,unpCFL,0.49799330385344287,92.76648787227518
Set B,B4158_D157_a0.13_ms100,$t_0$,150.0,unpCFL,0.5377926721415035,89.91600360211785
Set B,B4158_D157_a0.13_ms100,$t_0$,150.0,unpCFL,0.5775919772583702,86.72413744493052
Set B,B4158_D157_a0.13_ms100,$t_0$,150.0,unpCFL,0.6173912823752369,83.00487801826773
Set B,B4158_D157_a0.13_ms100,$t_0$,150.0,unpCFL,0.6571907770056854,78.39699697868635
Set B,B4158_D157_a0.13_ms100,$t_0$,150.0,unpCFL,0.6969898926089704,72.10018340947559
Set B,B4158_D157_a0.13_ms100,$t_0$,150.0,unpCFL,0.7367890082122552,63.16257383613209
Set B,B4158_D157_a0.13_ms100,$t_0$,150.0,unpCFL,0.7765887555274795,55.52164390939688
Set B,B4158_D157_a0.13_ms100,$t_0$,150.0,unpCFL,0.8163878711307644,50.96843316469667
Set B,B4158_D157_a0.13_ms100,$t_0$,150.0,unpCFL,0.8561869867340492,47.90431810467785
Set B,B4158_D157_a0.13_ms100,$t_0$,150.0,unpCFL,0.8959867340492736,45.59700592932269
Set B,B4158_D157_a0.13_ms100,$t_0$,150.0,unpCFL,0.9357858496525585,43.73690795751212
Set B,B4158_D157_a0.13_ms100,$t_0$,150.0,unpCFL,0.9755855969677827,42.16983640481643
Set B,B4158_D157_a0.13_ms100,$t_0$,150.0,unpCFL,1.0153847125710675,40.808320179720035
Set B,B4158_D157_a0.13_ms100,$t_0$,150.0,unpCFL,1.0551838281743526,39.59852999524549
Set B,B4158_D157_a0.13_ms100,$t_0$,150.0,unpCFL,1.0949835754895767,38.5045709873748
Set B,B4158_D157_a0.13_ms100,$t_0$,150.0,unpCFL,1.1347826910928616,37.50184620996742
Set B,B4158_D157_a0.13_ms100,$t_0$,150.0,unpCFL,1.1745818066961466,36.572596174467904
Set B,B4158_D157_a0.13_ms100,$t_0$,150.0,unpCFL,1.214381554011371,35.70352199809963
Set B,B4158_D157_a0.13_ms100,$t_0$,150.0,unpCFL,1.2541806696146558,34.88463040520841
Set B,B4158_D157_a0.13_ms100,$t_0$,150.0,unpCFL,1.2939797852179407,34.108180915938895
Set B,B4158_D157_a0.13_ms100,$t_0$,150.0,unpCFL,1.333779532533165,33.367942862049645
Set B,B4158_D157_a0.13_ms100,$t_0$,150.0,unpCFL,1.3735786481364498,32.65914780802437
Set B,B4158_D157_a0.13_ms100,$t_0$,150.0,unpCFL,1.413377763739735,31.97779527127702
Set B,B4158_D157_a0.13_ms100,$t_0$,150.0,unpCFL,1.453177511054959,31.320584080384755
Set B,B4158_D157_a0.13_ms100,$t_0$,150.0,unpCFL,1.4929766266582438,30.685000502223875
Set B,B4158_D157_a0.13_ms100,$t_0$,150.0,unpCFL,1.532775742261529,30.068777861171657
Set B,B4158_D157_a0.13_ms100,$t_0$,150.0,unpCFL,1.5725754895767532,29.470111062377352
Set B,B4158_D157_a0.13_ms100,$t_0$,150.0,unpCFL,1.6123746051800378,28.887467897521873
Set B,B4158_D157_a0.13_ms100,$t_0$,150.0,unpCFL,1.652173720783323,28.319604317799012
Set B,B4158_D157_a0.13_ms100,$t_0$,150.0,unpCFL,1.6919734680985472,27.765355646153182
Set B,B4158_D157_a0.13_ms100,$t_0$,150.0,unpCFL,1.7317725837018318,27.223824760715786
Set B,B4158_D157_a0.13_ms100,$t_0$,150.0,unpCFL,1.771571699305117,26.694407744637058
Set B,B4158_D157_a0.13_ms100,$t_0$,150.0,unpCFL,1.8113714466203412,26.176394797463676
Set B,B4158_D157_a0.13_ms100,$t_0$,150.0,unpCFL,1.8511705622236259,25.66913177063265
Set B,B4158_D157_a0.13_ms100,$t_0$,150.0,unpCFL,1.890969677826911,25.172185752112387
Set B,B4158_D157_a0.13_ms100,$t_0$,150.0,unpCFL,1.9307694251421352,24.685310300747368
Set B,B4158_D157_a0.13_ms100,$t_0$,150.0,unpCFL,1.9705685407454203,24.20825041621543
Set B,B4158_D157_a0.13_ms100,$t_0$,150.0,unpCFL,2.010367656348705,23.74091311568039
Set B,B4158_D157_a0.13_ms100,$t_0$,150.0,unpCFL,2.050167403663929,23.28261157388195
Set B,B4158_D157_a0.13_ms100,$t_0$,150.0,unpCFL,2.089966519267214,22.833553184060513
Set B,B4158_D157_a0.13_ms100,$t_0$,150.0,unpCFL,2.129765634870499,22.3934413868015
Set B,B4158_D157_a0.13_ms100,$t_0$,150.0,unpCFL,2.169565382185723,21.962469140755914
Set B,B4158_D157_a0.13_ms100,$t_0$,150.0,unpCFL,2.209364497789008,21.54031464453215
Set B,B4158_D157_a0.13_ms100,$t_0$,150.0,unpCFL,2.249163613392293,21.127511950293798
Set B,B4158_D157_a0.13_ms100,$t_0$,150.0,unpCFL,2.2889633607075175,20.723901060276916
Set B,B4158_D157_a0.13_ms100,$t_0$,150.0,unpCFL,2.328762476310802,20.329473162768874
Set B,B4158_D157_a0.13_ms100,$t_0$,150.0,unpCFL,2.368561591914087,19.944099727335516
Set B,B4158_D157_a0.13_ms100,$t_0$,150.0,unpCFL,2.4083613392293115,19.567445859139013
Set B,B4158_D157_a0.13_ms100,$t_0$,150.0,unpCFL,2.448160454832596,19.20040742120784
Set B,B4158_D157_a0.13_ms100,$t_0$,150.0,unpCFL,2.4879595704358817,18.84355290120394
Set B,B4158_D157_a0.13_ms100,$t_0$,150.0,unpCFL,2.5277593177511055,18.496527638347278
Set B,B4158_D157_a0.13_ms100,$t_0$,150.0,unpCFL,2.56755843335439,18.15932752230806
Set B,B4158_D157_a0.13_ms100,$t_0$,150.0,unpCFL,2.6073575489576757,17.831995423764457
Set B,B4158_D157_a0.13_ms100,$t_0$,150.0,unpCFL,2.6471572962728995,17.51383362297503
Set B,B4158_D157_a0.13_ms100,$t_0$,150.0,unpCFL,2.686956411876184,17.20462268353675
Set B,B4158_D157_a0.13_ms100,$t_0$,150.0,unpCFL,2.726756159191409,16.914393006154214
Set B,B4158_D157_a0.13_ms100,$t_0$,150.0,unpCFL,2.7665552747946935,16.70406899823803
Set B,B4158_D157_a0.13_ms100,$t_0$,150.0,unpCFL,2.8063543903979786,16.68641949391893
Set B,B4158_D157_a0.13_ms100,$t_0$,150.0,unpCFL,2.846154137713203,16.672508497837047
Set B,B4158_D157_a0.13_ms100,$t_0$,150.0,unpCFL,2.8859532533164876,16.659635561792822
Set B,B4158_D157_a0.13_ms100,$t_0$,150.0,unpCFL,2.9257523689197726,16.647765461480873
Set B,B4158_D157_a0.13_ms100,$t_0$,150.0,unpCFL,2.965552116234997,16.63682010144658
Set B,B4158_D157_a0.13_ms100,$t_0$,150.0,unpCFL,3.0053512318382816,16.62672322641694
Set B,B4158_D157_a0.13_ms100,$t_0$,150.0,unpCFL,3.0451503474415667,16.617414290841143
Set B,B4158_D157_a0.13_ms100,$t_0$,150.0,unpCFL,3.084950094756791,16.608838999359893
Set B,B4158_D157_a0.13_ms100,$t_0$,150.0,unpCFL,3.124749210360076,16.60091463978979
Set B,B4158_D157_a0.13_ms100,$t_0$,150.0,unpCFL,3.1645483259633607,16.593593129424626
Set B,B4158_D157_a0.13_ms100,$t_0$,150.0,unpCFL,3.204348073278585,16.58678979308409
Set B,B4158_D157_a0.13_ms100,$t_0$,150.0,unpCFL,3.2441471888818696,16.5805039994128
Set B,B4158_D157_a0.13_ms100,$t_0$,150.0,unpCFL,3.283946304485155,16.574625168972368
Set B,B4158_D157_a0.13_ms100,$t_0$,150.0,unpCFL,3.323746051800379,16.569119250058613
Set B,B4158_D157_a0.13_ms100,$t_0$,150.0,unpCFL,3.3635451674036636,16.563957277495184
Set B,B4158_D157_a0.13_ms100,$t_0$,150.0,unpCFL,3.403344283006949,16.559086398852006
Set B,B4158_D157_a0.13_ms100,$t_0$,150.0,unpCFL,3.443144030322173,16.55444821992318
Set B,B4158_D157_a0.13_ms100,$t_0$,150.0,unpCFL,3.4829431459254576,16.550010800751167
Set B,B4158_D157_a0.13_ms100,$t_0$,150.0,unpCFL,3.522742261528743,16.545723710950174
Set B,B4158_D157_a0.13_ms100,$t_0$,150.0,unpCFL,3.562542008843967,16.541585389441657
Set B,B4158_D157_a0.13_ms100,$t_0$,150.0,unpCFL,3.6023411244472525,16.537517956750907
Set B,B4158_D157_a0.13_ms100,$t_0$,150.0,unpCFL,3.642140240050537,16.53353687403733
Set B,B4158_D157_a0.13_ms100,$t_0$,150.0,unpCFL,3.681939987365761,16.52956419076394
Set B,B4158_D157_a0.13_ms100,$t_0$,150.0,unpCFL,3.7217391029690465,16.52560702403308
Set B,B4158_D157_a0.13_ms100,$t_0$,150.0,unpCFL,3.761538218572331,16.521614441388415
Set B,B4158_D157_a0.13_ms100,$t_0$,150.0,unpCFL,3.801337965887555,16.517574345627263
Set B,B4158_D157_a0.13_ms100,$t_0$,150.0,unpCFL,3.8411370814908405,16.513445559444072
Set B,B4158_D157_a0.13_ms100,$t_0$,150.0,unpCFL,3.880936197094125,16.509250047608653
Set B,B4158_D157_a0.13_ms100,$t_0$,150.0,unpCFL,3.92073594440935,16.504917858880297
Set B,B4158_D157_a0.13_ms100,$t_0$,150.0,unpCFL,3.9605350600126346,16.500436350644428
Set B,B4158_D157_a0.13_ms100,$t_0$,150.0,unpCFL,4.00033417561592,16.495812172937804
Set B,B4158_D157_a0.13_ms100,$t_0$,150.0,unpCFL,4.040133922931144,16.491006889173494
Set B,B4158_D157_a0.13_ms100,$t_0$,150.0,unpCFL,4.079933038534429,16.486009306406846
Set B,B4158_D157_a0.13_ms100,$t_0$,150.0,unpCFL,4.119732154137713,16.480796016596056
Set B,B4158_D157_a0.13_ms100,$t_0$,150.0,unpCFL,4.1595319014529375,16.47535271797778
Set B,B4158_D157_a0.13_ms100,$t_0$,150.0,unpCFL,4.199331017056222,16.46965494717268
Set B,B4158_D157_a0.13_ms100,$t_0$,150.0,unpCFL,4.239130132659508,16.4637259589207
Set B,B4158_D157_a0.13_ms100,$t_0$,150.0,unpCFL,4.278929879974732,16.457527408461498
Set B,B4158_D157_a0.13_ms100,$t_0$,150.0,unpCFL,4.318728995578017,16.451051468941788
Set B,B4158_D157_a0.13_ms100,$t_0$,150.0,unpCFL,4.358528742893241,16.444252371920644
Set B,B4158_D157_a0.13_ms100,$t_0$,150.0,unpCFL,4.3983278584965255,16.437166930719016
Set B,B4158_D157_a0.13_ms100,$t_0$,150.0,unpCFL,4.43812697409981,16.429798637736106
Set B,B4158_D157_a0.13_ms100,$t_0$,150.0,unpCFL,4.477926721415035,16.422051206604262
Set B,B4158_D157_a0.13_ms100,$t_0$,150.0,unpCFL,4.51772583701832,16.414012792702994
Set B,B4158_D157_a0.13_ms100,$t_0$,150.0,unpCFL,4.557524952621605,16.405578243613867
Set B,B4158_D157_a0.13_ms100,$t_0$,150.0,unpCFL,4.597324699936829,16.39682769693934
Set B,B4158_D157_a0.13_ms100,$t_0$,150.0,unpCFL,4.6371238155401135,16.387729451766912
Set B,B4158_D157_a0.13_ms100,$t_0$,150.0,unpCFL,4.676922931143398,16.378289031346696
Set B,B4158_D157_a0.13_ms100,$t_0$,150.0,unpCFL,4.716722678458623,16.368445613353735
Set B,B4158_D157_a0.13_ms100,$t_0$,150.0,unpCFL,4.756521794061908,16.358235757405613
Set B,B4158_D157_a0.13_ms100,$t_0$,150.0,unpCFL,4.796320909665193,16.347616101654335
Set B,B4158_D157_a0.13_ms100,$t_0$,150.0,unpCFL,4.836120656980417,16.336653319239808
Set B,B4158_D157_a0.13_ms100,$t_0$,150.0,unpCFL,4.875919772583702,16.325318996365027
Set B,B4158_D157_a0.13_ms100,$t_0$,150.0,unpCFL,4.915718888186986,16.313613633933024
Set B,B4158_D157_a0.13_ms100,$t_0$,150.0,unpCFL,4.955518635502211,16.301501663240344
Set B,B4158_D157_a0.13_ms100,$t_0$,150.0,unpCFL,4.995317751105496,16.288995951699935
Set B,B4158_D157_a0.13_ms100,$t_0$,150.0,unpCFL,5.035116866708781,16.27606836513079
Set B,B4158_D157_a0.13_ms100,$t_0$,150.0,unpCFL,5.074916614024005,16.262819153599583
Set B,B4158_D157_a0.13_ms100,$t_0$,150.0,unpCFL,5.11471572962729,16.249108242107134
Set B,B4158_D157_a0.13_ms100,$t_0$,150.0,unpCFL,5.154514845230575,16.235069299401534
Set B,B4158_D157_a0.13_ms100,$t_0$,150.0,unpCFL,5.194314592545799,16.22058762919963
Set B,B4158_D157_a0.13_ms100,$t_0$,150.0,unpCFL,5.234113708149084,16.205690247272628
Set B,B4158_D157_a0.13_ms100,$t_0$,150.0,unpCFL,5.273912823752369,16.19040815159044
Set B,B4158_D157_a0.13_ms100,$t_0$,150.0,unpCFL,5.313712571067593,16.174709208817685
Set B,B4158_D157_a0.13_ms100,$t_0$,150.0,unpCFL,5.353511686670878,16.158604894065277
Set B,B4158_D157_a0.13_ms100,$t_0$,150.0,unpCFL,5.393310802274163,16.14202826974549
Set B,B4158_D157_a0.13_ms100,$t_0$,150.0,unpCFL,5.433110549589387,16.12505720291968
Set B,B4158_D157_a0.13_ms100,$t_0$,150.0,unpCFL,5.472909665192672,16.107596595193563
Set B,B4158_D157_a0.13_ms100,$t_0$,150.0,unpCFL,5.512708780795958,16.089668939468268
Set B,B4158_D157_a0.13_ms100,$t_0$,150.0,unpCFL,5.552508528111181,16.071286213592206
Set B,B4158_D157_a0.13_ms100,$t_0$,150.0,unpCFL,5.592307643714466,16.052382761689756
Set B,B4158_D157_a0.13_ms100,$t_0$,150.0,unpCFL,5.632106759317751,16.032978868105957
Set B,B4158_D157_a0.13_ms100,$t_0$,150.0,unpCFL,5.6719065066329755,16.01301417913499
Set B,B4158_D157_a0.13_ms100,$t_0$,150.0,unpCFL,5.711705622236261,15.992568623087774
Set B,B4158_D157_a0.13_ms100,$t_0$,150.0,unpCFL,5.751504737839546,15.97149569979781
Set B,B4158_D157_a0.13_ms100,$t_0$,150.0,unpCFL,5.791304485154769,15.9498846255848
Set B,B4158_D157_a0.13_ms100,$t_0$,150.0,unpCFL,5.831103600758055,15.92766324849566
Set B,B4158_D157_a0.13_ms100,$t_0$,150.0,unpCFL,5.870902716361339,15.904780359445068
Set B,B4158_D157_a0.13_ms100,$t_0$,150.0,unpCFL,5.9107024636765635,15.881242212125144
Set B,B4158_D157_a0.13_ms100,$t_0$,150.0,unpCFL,5.950501579279849,15.857072076322119
Set B,B4158_D157_a0.13_ms100,$t_0$,150.0,unpCFL,5.990300694883134,15.832211492160928
Set B,B4158_D157_a0.13_ms100,$t_0$,150.0,unpCFL,6.030100442198358,15.80666311553534
Set B,B4158_D157_a0.13_ms100,$t_0$,150.0,unpCFL,6.069899557801643,15.780335338888294
Set B,B4158_D157_a0.13_ms100,$t_0$,150.0,unpCFL,6.109699305116867,15.753344115071537
Set B,B4158_D157_a0.13_ms100,$t_0$,150.0,unpCFL,6.149498420720152,15.725525172527682
Set B,B4158_D157_a0.13_ms100,$t_0$,150.0,unpCFL,6.189297536323437,15.69699307713361
Set B,B4158_D157_a0.13_ms100,$t_0$,150.0,unpCFL,6.22909728363866,15.667636427616145
Set B,B4158_D157_a0.13_ms100,$t_0$,150.0,unpCFL,6.268896399241946,15.637504315657573
Set B,B4158_D157_a0.13_ms100,$t_0$,150.0,unpCFL,6.308695514845231,15.606597017330724
Set B,B4158_D157_a0.13_ms100,$t_0$,150.0,unpCFL,6.348496525584333,15.57485623599672
Set B,B4158_D157_a0.13_ms100,$t_0$,150.0,unpCFL,6.3882943777637395,15.542312629105252
Set B,B4158_D157_a0.13_ms100,$t_0$,150.0,unpCFL,6.428092229943147,15.50894262381613
Set B,B4158_D157_a0.13_ms100,$t_0$,150.0,unpCFL,6.467890082122553,15.474755337337625
Set B,B4158_D157_a0.13_ms100,$t_0$,150.0,unpCFL,6.507694251421352,15.43969197454696
Set B,B4158_D157_a0.13_ms100,$t_0$,150.0,unpCFL,6.547492103600758,15.403815418085061
Set B,B4158_D157_a0.13_ms100,$t_0$,150.0,unpCFL,6.587289955780164,15.367095437500597
Set B,B4158_D157_a0.13_ms100,$t_0$,150.0,unpCFL,6.62708780795957,15.329499786939525
Set B,B4158_D157_a0.13_ms100,$t_0$,150.0,unpCFL,6.666891977258371,15.291112604432215
Set B,B4158_D157_a0.13_ms100,$t_0$,150.0,unpCFL,6.706689829437776,15.251757299537985
Set B,B4158_D157_a0.13_ms100,$t_0$,150.0,unpCFL,6.746487681617182,15.211621483946866
Set B,B4158_D157_a0.13_ms100,$t_0$,150.0,unpCFL,6.786285533796589,15.170590364078281
Set B,B4158_D157_a0.13_ms100,$t_0$,150.0,unpCFL,6.826089703095389,15.128658640234624
Set B,B4158_D157_a0.13_ms100,$t_0$,150.0,unpCFL,6.865887555274795,15.085813293640387
Set B,B4158_D157_a0.13_ms100,$t_0$,150.0,unpCFL,6.905685407454201,15.042064628699848
Set B,B4158_D157_a0.13_ms100,$t_0$,150.0,unpCFL,6.9454832596336065,14.997390364289968
Set B,B4158_D157_a0.13_ms100,$t_0$,150.0,unpCFL,6.985287428932407,14.951797454054166
Set B,B4158_D157_a0.13_ms100,$t_0$,150.0,unpCFL,7.025085281111814,14.905224196189632
Set B,B4158_D157_a0.13_ms100,$t_0$,150.0,unpCFL,7.064883133291219,14.857693243325848
Set B,B4158_D157_a0.13_ms100,$t_0$,150.0,unpCFL,7.104680985470625,14.809152963194164
Set B,B4158_D157_a0.13_ms100,$t_0$,150.0,unpCFL,7.1444788376500314,14.759643116529425
Set B,B4158_D157_a0.13_ms100,$t_0$,150.0,unpCFL,7.1842830069488315,14.709064926414566
Set B,B4158_D157_a0.13_ms100,$t_0$,150.0,unpCFL,7.224080859128238,14.657321454478254
Set B,B4158_D157_a0.13_ms100,$t_0$,150.0,unpCFL,7.263878711307644,14.604335427782253
Set B,B4158_D157_a0.13_ms100,$t_0$,150.0,unpCFL,7.30367656348705,14.55017086847789
Set B,B4158_D157_a0.13_ms100,$t_0$,150.0,unpCFL,7.34348073278585,14.494956138646907
Set B,B4158_D157_a0.13_ms100,$t_0$,150.0,unpCFL,7.3832785849652565,14.438580851506078
Set B,B4158_D157_a0.13_ms100,$t_0$,150.0,unpCFL,7.423076437144663,14.381076885083239
Set B,B4158_D157_a0.13_ms100,$t_0$,150.0,unpCFL,7.462874289324068,14.322396106655125
Set B,B4158_D157_a0.13_ms100,$t_0$,150.0,unpCFL,7.502678458622867,14.262593013683796
Set B,B4158_D157_a0.13_ms100,$t_0$,150.0,unpCFL,7.542476310802275,14.201526051535762
Set B,B4158_D157_a0.13_ms100,$t_0$,150.0,unpCFL,7.5822741629816806,14.139185247232765
Set B,B4158_D157_a0.13_ms100,$t_0$,150.0,unpCFL,7.622072015161087,14.07572811762908
Set B,B4158_D157_a0.13_ms100,$t_0$,150.0,unpCFL,7.661869867340493,14.010906664693753
Set B,B4158_D157_a0.13_ms100,$t_0$,150.0,unpCFL,7.701674036639292,13.944881654869452
Set B,B4158_D157_a0.13_ms100,$t_0$,150.0,unpCFL,7.741471888818699,13.877501804640193
Set B,B4158_D157_a0.13_ms100,$t_0$,150.0,unpCFL,7.7812697409981055,13.808880656252953
Set B,B4158_D157_a0.13_ms100,$t_0$,150.0,unpCFL,7.821067593177512,13.739018801449207
Set B,B4158_D157_a0.13_ms100,$t_0$,150.0,unpCFL,7.860871762476311,13.66788783254719
Set B,B4158_D157_a0.13_ms100,$t_0$,150.0,unpCFL,7.900669614655716,13.595548378976872
Set B,B4158_D157_a0.13_ms100,$t_0$,150.0,unpCFL,7.940467466835124,13.521896188603328
Set B,B4158_D157_a0.13_ms100,$t_0$,150.0,unpCFL,7.98026531901453,13.44708747991619
Set B,B4158_D157_a0.13_ms100,$t_0$,150.0,unpCFL,8.020069488313329,13.371026378203375
Set B,B4158_D157_a0.13_ms100,$t_0$,150.0,unpCFL,8.059867340492735,13.293745461688168
Set B,B4158_D157_a0.13_ms100,$t_0$,150.0,unpCFL,8.099665192672141,13.215284120797927
Set B,B4158_D157_a0.13_ms100,$t_0$,150.0,unpCFL,8.13946304485155,13.13555476702712
Set B,B4158_D157_a0.13_ms100,$t_0$,150.0,unpCFL,8.179267214150348,13.054634670378642
Set B,B4158_D157_a0.13_ms100,$t_0$,150.0,unpCFL,8.219065066329753,12.972440918673962
Set B,B4158_D157_a0.13_ms100,$t_0$,150.0,unpCFL,8.258862918509159,12.889098219415796
Set B,B4158_D157_a0.13_ms100,$t_0$,150.0,unpCFL,8.298660770688565,12.804411550165932
Set B,B4158_D157_a0.13_ms100,$t_0$,150.0,unpCFL,8.338458622867973,12.718506897675027
Set B,B4158_D157_a0.13_ms100,$t_0$,150.0,unpCFL,8.378262792166772,12.63126798843869
Set B,B4158_D157_a0.13_ms100,$t_0$,150.0,unpCFL,8.418060644346179,12.542684147056386
Set B,B4158_D157_a0.13_ms100,$t_0$,150.0,unpCFL,8.457858496525585,12.452758630285619
Set B,B4158_D157_a0.13_ms100,$t_0$,150.0,unpCFL,8.49765634870499,12.361423671835494
Set B,B4158_D157_a0.13_ms100,$t_0$,150.0,unpCFL,8.53746051800379,12.268633787974952
Set B,B4158_D157_a0.13_ms100,$t_0$,150.0,unpCFL,8.577258370183197,12.174337939572505
Set B,B4158_D157_a0.13_ms100,$t_0$,150.0,unpCFL,8.617056222362603,12.078371927352961
Set B,B4158_D157_a0.13_ms100,$t_0$,150.0,unpCFL,8.656854074542009,11.980753146727345
Set B,B4158_D157_a0.13_ms100,$t_0$,150.0,unpCFL,8.696658243840808,11.881388072611808
Set B,B4158_D157_a0.13_ms100,$t_0$,150.0,unpCFL,8.736456096020214,11.780163408222542
Set B,B4158_D157_a0.13_ms100,$t_0$,150.0,unpCFL,8.77625394819962,11.676838617124302
Set B,B4158_D157_a0.13_ms100,$t_0$,150.0,unpCFL,8.816051800379027,11.571505937356736
Set B,B4158_D157_a0.13_ms100,$t_0$,150.0,unpCFL,8.855855969677828,11.463915988812342
Set B,B4158_D157_a0.13_ms100,$t_0$,150.0,unpCFL,8.895653821857234,11.354188583467593
Set B,B4158_D157_a0.13_ms100,$t_0$,150.0,unpCFL,8.93545167403664,11.242273684552254
Set B,B4158_D157_a0.13_ms100,$t_0$,150.0,unpCFL,8.975249526216045,11.128185360633557
Set B,B4158_D157_a0.13_ms100,$t_0$,150.0,unpCFL,9.015047378395451,11.012049563309779
Set B,B4158_D157_a0.13_ms100,$t_0$,150.0,unpCFL,9.054851547694252,10.893883065450707
Set B,B4158_D157_a0.13_ms100,$t_0$,150.0,unpCFL,9.094649399873658,10.774072613736065
Set B,B4158_D157_a0.13_ms100,$t_0$,150.0,unpCFL,9.134447252053064,10.652565647817703
Set B,B4158_D157_a0.13_ms100,$t_0$,150.0,unpCFL,9.17424510423247,10.52985164334774
Set B,B4158_D157_a0.13_ms100,$t_0$,150.0,unpCFL,9.21404927353127,10.40626092573003
Set B,B4158_D157_a0.13_ms100,$t_0$,150.0,unpCFL,9.253847125710676,10.281970958224276
Set B,B4158_D157_a0.13_ms100,$t_0$,150.0,unpCFL,9.293644977890082,10.157576333317897
Set B,B4158_D157_a0.13_ms100,$t_0$,150.0,unpCFL,9.333442830069488,10.033418379805626
Set B,B4158_D157_a0.13_ms100,$t_0$,150.0,unpCFL,9.373246999368288,9.909873105859974
Set B,B4158_D157_a0.13_ms100,$t_0$,150.0,unpCFL,9.413044851547696,9.787049703031803
Set B,B4158_D157_a0.13_ms100,$t_0$,150.0,unpCFL,9.452842703727102,9.663709669246987
Set B,B4158_D157_a0.13_ms100,$t_0$,150.0,unpCFL,9.492640555906506,9.536200793347545
Set B,B4158_D157_a0.13_ms100,$t_0$,150.0,unpCFL,9.532438408085913,9.405416712653931
Set B,B4158_D157_a0.13_ms100,$t_0$,150.0,unpCFL,9.572242577384712,9.270858848180373
Set B,B4158_D157_a0.13_ms100,$t_0$,150.0,unpCFL,9.61204042956412,9.132103938068152
Set B,B4158_D157_a0.13_ms100,$t_0$,150.0,unpCFL,9.651838281743526,8.988645549436747
Set B,B4158_D157_a0.13_ms100,$t_0$,150.0,unpCFL,9.691636133922932,8.840109563723722
Set B,B4158_D157_a0.13_ms100,$t_0$,150.0,unpCFL,9.731440303221731,8.686261354272366
Set B,B4158_D157_a0.13_ms100,$t_0$,150.0,unpCFL,9.771238155401138,8.526797922902428
Set B,B4158_D157_a0.13_ms100,$t_0$,150.0,unpCFL,9.811036007580544,8.361917853601787
Set B,B4158_D157_a0.13_ms100,$t_0$,150.0,unpCFL,9.85083385975995,8.191756075147117
Set B,B4158_D157_a0.13_ms100,$t_0$,150.0,unpCFL,9.89063802905875,8.016703911471515
Set B,B4158_D157_a0.13_ms100,$t_0$,150.0,unpCFL,9.930435881238155,7.838320936883226
Set B,B4158_D157_a0.13_ms100,$t_0$,150.0,unpCFL,9.970233733417562,7.659898757566429
Set B,B4158_D157_a0.13_ms100,$t_0$,150.0,unpCFL,10.010031585596968,7.484661806258097
Set B,B4158_D157_a0.13_ms100,$t_0$,150.0,unpCFL,10.049835754895767,7.313634395538234
Set B,B4158_D157_a0.13_ms100,$t_0$,150.0,unpCFL,10.089633607075173,7.146925391435215
Set B,B4158_D157_a0.13_ms100,$t_0$,150.0,unpCFL,10.12943145925458,6.983418744622458
Set B,B4158_D157_a0.13_ms100,$t_0$,150.0,unpCFL,10.169229311433986,6.821498783687244
Set B,B4158_D157_a0.13_ms100,$t_0$,150.0,unpCFL,10.209027163613394,6.658845043718987
Set B,B4158_D157_a0.13_ms100,$t_0$,150.0,unpCFL,10.248831332912193,6.492825348247704
Set B,B4158_D157_a0.13_ms100,$t_0$,150.0,unpCFL,10.288629185091597,6.319811349271201
Set B,B4158_D157_a0.13_ms100,$t_0$,150.0,unpCFL,10.328427037271004,6.134646139845178
Set B,B4158_D157_a0.13_ms100,$t_0$,150.0,unpCFL,10.36822488945041,5.929499361393093
Set B,B4158_D157_a0.13_ms100,$t_0$,150.0,unpCFL,10.40802905874921,5.692923363962657
Set B,B4158_D157_a0.13_ms100,$t_0$,150.0,unpCFL,10.447826910928617,5.440837700365558
Set B,B4158_D157_a0.13_ms100,$t_0$,150.0,unpCFL,10.487624763108023,5.189584777448122
Set B,B4158_D157_a0.13_ms100,$t_0$,150.0,unpCFL,10.52742261528743,4.9602824338116545
Set B,B4158_D157_a0.13_ms100,$t_0$,150.0,unpCFL,10.567226784586229,4.762419177299278
Set B,B4158_D157_a0.13_ms100,$t_0$,150.0,unpCFL,10.607024636765635,4.5961420420210635
Set B,B4158_D157_a0.13_ms100,$t_0$,150.0,unpCFL,10.646822488945041,4.470523646742097
Set B,B4158_D157_a0.13_ms100,$t_0$,150.0,unpCFL,10.686620341124447,4.3753138512197545
Set B,B4158_D157_a0.13_ms100,$t_0$,150.0,unpCFL,10.726424510423248,4.284484590465168
Set B,B4158_D157_a0.13_ms100,$t_0$,150.0,unpCFL,10.766222362602655,4.196682794902439
Set B,B4158_D157_a0.13_ms100,$t_0$,150.0,unpCFL,10.806020214782059,4.110712295977668
Set B,B4158_D157_a0.13_ms100,$t_0$,150.0,unpCFL,10.845818066961465,4.025582234640444
Set B,B4158_D157_a0.13_ms100,$t_0$,150.0,unpCFL,10.885615919140871,3.940543941056631
Set B,B4158_D157_a0.13_ms100,$t_0$,150.0,unpCFL,10.925420088439672,3.8543681804980414
Set B,B4158_D157_a0.13_ms100,$t_0$,150.0,unpCFL,10.965217940619079,3.765838456720789
Set B,B4158_D157_a0.13_ms100,$t_0$,150.0,unpCFL,11.005015792798485,3.6740990167355814
Set B,B4158_D157_a0.13_ms100,$t_0$,150.0,unpCFL,11.044813644977891,3.5781510663152654
Set B,B4158_D157_a0.13_ms100,$t_0$,150.0,unpCFL,11.08461781427669,3.4774961078109388
Set B,B4158_D157_a0.13_ms100,$t_0$,150.0,unpCFL,11.124415666456096,3.3720281490838984
Set B,B4158_D157_a0.13_ms100,$t_0$,150.0,unpCFL,11.164213518635503,3.261949274560466
Set B,B4158_D157_a0.13_ms100,$t_0$,150.0,unpCFL,11.204011370814909,3.148104263395709
Set B,B4158_D157_a0.13_ms100,$t_0$,150.0,unpCFL,11.243815540113708,3.0318930646444895
Set B,B4158_D157_a0.13_ms100,$t_0$,150.0,unpCFL,11.283613392293114,2.915453316896137
Set B,B4158_D157_a0.13_ms100,$t_0$,150.0,unpCFL,11.32341124447252,2.8015967263757178
Set B,B4158_D157_a0.13_ms100,$t_0$,150.0,unpCFL,11.363209096651927,2.692336551351554
Set B,B4158_D157_a0.13_ms100,$t_0$,150.0,unpCFL,11.403006948831333,2.589147968634034
Set B,B4158_D157_a0.13_ms100,$t_0$,150.0,unpCFL,11.442811118130132,2.4932873787862215
Set B,B4158_D157_a0.13_ms100,$t_0$,150.0,unpCFL,11.482608970309538,2.4053406575369984
Set B,B4158_D157_a0.13_ms100,$t_0$,150.0,unpCFL,11.522406822488946,2.326008061511304
Set B,B4158_D157_a0.13_ms100,$t_0$,150.0,unpCFL,11.562204674668353,2.254411966487893
Set B,B4158_D157_a0.13_ms100,$t_0$,150.0,unpCFL,11.602008843967152,2.1905722417160525
Set B,B4158_D157_a0.13_ms100,$t_0$,150.0,unpCFL,11.641806696146556,2.13305278739096
Set B,B4158_D157_a0.13_ms100,$t_0$,150.0,unpCFL,11.681604548325963,2.0810942608379306
Set B,B4158_D157_a0.13_ms100,$t_0$,150.0,unpCFL,11.72140240050537,2.0341037207749624
Set B,B4158_D157_a0.13_ms100,$t_0$,150.0,unpCFL,11.76120656980417,1.9916666287816516
Set B,B4158_D157_a0.13_ms100,$t_0$,150.0,unpCFL,11.801004421983576,1.953175319016126
Set B,B4158_D157_a0.13_ms100,$t_0$,150.0,unpCFL,11.840802274162982,1.918067285375799
Set B,B4158_D157_a0.13_ms100,$t_0$,150.0,unpCFL,11.880600126342388,1.8858973978221616
Set B,B4158_D157_a0.13_ms100,$t_0$,150.0,unpCFL,11.920404295641188,1.8562864480162216
Set B,B4158_D157_a0.13_ms100,$t_0$,150.0,unpCFL,11.960202147820594,1.828924720924205
Set B,B4158_D157_a0.13_ms100,$t_0$,150.0,unpCFL,12.0,1.8035715553217813
Set B,B4158_D157_a0.13_ms100,$t_0$,200.0,unpaired,1.453177511054959,99.93918779878697
Set B,B4158_D157_a0.13_ms100,$t_0$,200.0,unpaired,1.4929766266582438,99.58255364586655
Set B,B4158_D157_a0.13_ms100,$t_0$,200.0,unpaired,1.532775742261529,99.23492237656674
Set B,B4158_D157_a0.13_ms100,$t_0$,200.0,unpaired,1.5725754895767532,98.89620298797323
Set B,B4158_D157_a0.13_ms100,$t_0$,200.0,unpaired,1.6123746051800378,98.56593525349696
Set B,B4158_D157_a0.13_ms100,$t_0$,200.0,unpaired,1.652173720783323,98.24371469375178
Set B,B4158_D157_a0.13_ms100,$t_0$,200.0,unpaired,1.6919734680985472,97.92923617303443
Set B,B4158_D157_a0.13_ms100,$t_0$,200.0,unpaired,1.7317725837018318,97.62220035663269
Set B,B4158_D157_a0.13_ms100,$t_0$,200.0,unpaired,1.771571699305117,97.32234045400808
Set B,B4158_D157_a0.13_ms100,$t_0$,200.0,unpaired,1.8113714466203412,97.02942362193019
Set B,B4158_D157_a0.13_ms100,$t_0$,200.0,unpaired,1.8511705622236259,96.74316106924924
Set B,B4158_D157_a0.13_ms100,$t_0$,200.0,unpaired,1.890969677826911,96.46330188557626
Set B,B4158_D157_a0.13_ms100,$t_0$,200.0,unpaired,1.9307694251421352,96.18960754785643
Set B,B4158_D157_a0.13_ms100,$t_0$,200.0,unpaired,1.9705685407454203,95.92182732359997
Set B,B4158_D157_a0.13_ms100,$t_0$,200.0,unpaired,2.010367656348705,95.65975383679286
Set B,B4158_D157_a0.13_ms100,$t_0$,200.0,unpaired,2.050167403663929,95.40317307883532
Set B,B4158_D157_a0.13_ms100,$t_0$,200.0,unpaired,2.089966519267214,95.15193800717098
Set B,B4158_D157_a0.13_ms100,$t_0$,200.0,unpaired,2.129765634870499,94.9058699311796
Set B,B4158_D157_a0.13_ms100,$t_0$,200.0,unpaired,2.169565382185723,94.66477393169126
Set B,B4158_D157_a0.13_ms100,$t_0$,200.0,unpaired,2.209364497789008,94.42848033151641
Set B,B4158_D157_a0.13_ms100,$t_0$,200.0,unpaired,2.249163613392293,94.19680818392938
Set B,B4158_D157_a0.13_ms100,$t_0$,200.0,unpaired,2.2889633607075175,93.96962310202538
Set B,B4158_D157_a0.13_ms100,$t_0$,200.0,unpaired,2.328762476310802,93.74674245198248
Set B,B4158_D157_a0.13_ms100,$t_0$,200.0,unpaired,2.368561591914087,93.52802555756094
Set B,B4158_D157_a0.13_ms100,$t_0$,200.0,unpaired,2.4083613392293115,93.31336623477327
Set B,B4158_D157_a0.13_ms100,$t_0$,200.0,unpaired,2.448160454832596,93.10261347936728
Set B,B4158_D157_a0.13_ms100,$t_0$,200.0,unpaired,2.4879595704358817,92.89565066281969
Set B,B4158_D157_a0.13_ms100,$t_0$,200.0,unpaired,2.5277593177511055,92.6923159065517
Set B,B4158_D157_a0.13_ms100,$t_0$,200.0,unpaired,2.56755843335439,92.49251717409402
Set B,B4158_D157_a0.13_ms100,$t_0$,200.0,unpaired,2.6073575489576757,92.29609228078426
Set B,B4158_D157_a0.13_ms100,$t_0$,200.0,unpaired,2.6471572962728995,92.10294893314267
Set B,B4158_D157_a0.13_ms100,$t_0$,200.0,unpaired,2.686956411876184,91.91296331783039
Set B,B4158_D157_a0.13_ms100,$t_0$,200.0,unpaired,2.726756159191409,91.72600295952682
Set B,B4158_D157_a0.13_ms100,$t_0$,200.0,unpaired,2.7665552747946935,91.54193722005654
Set B,B4158_D157_a0.13_ms100,$t_0$,200.0,unpaired,2.8063543903979786,91.36069327736284
Set B,B4158_D157_a0.13_ms100,$t_0$,200.0,unpaired,2.846154137713203,91.18218647746754
Set B,B4158_D157_a0.13_ms100,$t_0$,200.0,unpaired,2.8859532533164876,91.00625676871633
Set B,B4158_D157_a0.13_ms100,$t_0$,200.0,unpaired,2.9257523689197726,90.83284618759438
Set B,B4158_D157_a0.13_ms100,$t_0$,200.0,unpaired,2.965552116234997,90.66179227150587
Set B,B4158_D157_a0.13_ms100,$t_0$,200.0,unpaired,3.0053512318382816,90.4930615613761
Set B,B4158_D157_a0.13_ms100,$t_0$,200.0,unpaired,3.0451503474415667,90.32646765743432
Set B,B4158_D157_a0.13_ms100,$t_0$,200.0,unpaired,3.084950094756791,90.1619783591951
Set B,B4158_D157_a0.13_ms100,$t_0$,200.0,unpaired,3.124749210360076,89.99943915047994
Set B,B4158_D157_a0.13_ms100,$t_0$,200.0,unpaired,3.1645483259633607,89.83880198223044
Set B,B4158_D157_a0.13_ms100,$t_0$,200.0,unpaired,3.204348073278585,89.67991773482241
Set B,B4158_D157_a0.13_ms100,$t_0$,200.0,unpaired,3.2441471888818696,89.52269275865184
Set B,B4158_D157_a0.13_ms100,$t_0$,200.0,unpaired,3.283946304485155,89.36705957433205
Set B,B4158_D157_a0.13_ms100,$t_0$,200.0,unpaired,3.323746051800379,89.21295581465237
Set B,B4158_D157_a0.13_ms100,$t_0$,200.0,unpaired,3.3635451674036636,89.0602419878994
Set B,B4158_D157_a0.13_ms100,$t_0$,200.0,unpaired,3.403344283006949,88.90882567373404
Set B,B4158_D157_a0.13_ms100,$t_0$,200.0,unpaired,3.443144030322173,88.75859004585614
Set B,B4158_D157_a0.13_ms100,$t_0$,200.0,unpaired,3.4829431459254576,88.60949180919701
Set B,B4158_D157_a0.13_ms100,$t_0$,200.0,unpaired,3.522742261528743,88.46145680205701
Set B,B4158_D157_a0.13_ms100,$t_0$,200.0,unpaired,3.562542008843967,88.31432315935828
Set B,B4158_D157_a0.13_ms100,$t_0$,200.0,unpaired,3.6023411244472525,88.16805150571764
Set B,B4158_D157_a0.13_ms100,$t_0$,200.0,unpaired,3.642140240050537,88.02254666836767
Set B,B4158_D157_a0.13_ms100,$t_0$,200.0,unpaired,3.681939987365761,87.87769513988206
Set B,B4158_D157_a0.13_ms100,$t_0$,200.0,unpaired,3.7217391029690465,87.73336193889104
Set B,B4158_D157_a0.13_ms100,$t_0$,200.0,unpaired,3.761538218572331,87.58960977581773
Set B,B4158_D157_a0.13_ms100,$t_0$,200.0,unpaired,3.801337965887555,87.44620449938229
Set B,B4158_D157_a0.13_ms100,$t_0$,200.0,unpaired,3.8411370814908405,87.30332550024347
Set B,B4158_D157_a0.13_ms100,$t_0$,200.0,unpaired,3.880936197094125,87.16039576738743
Set B,B4158_D157_a0.13_ms100,$t_0$,200.0,unpaired,3.92073594440935,87.0178518862484
Set B,B4158_D157_a0.13_ms100,$t_0$,200.0,unpaired,3.9605350600126346,86.87528328096376
Set B,B4158_D157_a0.13_ms100,$t_0$,200.0,unpaired,4.00033417561592,86.73268859433944
Set B,B4158_D157_a0.13_ms100,$t_0$,200.0,unpaired,4.040133922931144,86.58999337107186
Set B,B4158_D157_a0.13_ms100,$t_0$,200.0,unpaired,4.079933038534429,86.44713516606693
Set B,B4158_D157_a0.13_ms100,$t_0$,200.0,unpaired,4.119732154137713,86.30406543857123
Set B,B4158_D157_a0.13_ms100,$t_0$,200.0,unpaired,4.1595319014529375,86.16066053155758
Set B,B4158_D157_a0.13_ms100,$t_0$,200.0,unpaired,4.199331017056222,86.01682491493268
Set B,B4158_D157_a0.13_ms100,$t_0$,200.0,unpaired,4.239130132659508,85.87241164924599
Set B,B4158_D157_a0.13_ms100,$t_0$,200.0,unpaired,4.278929879974732,85.72758175557863
Set B,B4158_D157_a0.13_ms100,$t_0$,200.0,unpaired,4.318728995578017,85.58188743894483
Set B,B4158_D157_a0.13_ms100,$t_0$,200.0,unpaired,4.358528742893241,85.43553680664859
Set B,B4158_D157_a0.13_ms100,$t_0$,200.0,unpaired,4.3983278584965255,85.28843993086545
Set B,B4158_D157_a0.13_ms100,$t_0$,200.0,unpaired,4.43812697409981,85.14029665942748
Set B,B4158_D157_a0.13_ms100,$t_0$,200.0,unpaired,4.477926721415035,84.99128969014923
Set B,B4158_D157_a0.13_ms100,$t_0$,200.0,unpaired,4.51772583701832,84.84131493514305
Set B,B4158_D157_a0.13_ms100,$t_0$,200.0,unpaired,4.557524952621605,84.69003787636595
Set B,B4158_D157_a0.13_ms100,$t_0$,200.0,unpaired,4.597324699936829,84.53767395314392
Set B,B4158_D157_a0.13_ms100,$t_0$,200.0,unpaired,4.6371238155401135,84.38378318483876
Set B,B4158_D157_a0.13_ms100,$t_0$,200.0,unpaired,4.676922931143398,84.22894511416318
Set B,B4158_D157_a0.13_ms100,$t_0$,200.0,unpaired,4.716722678458623,84.07226377717731
Set B,B4158_D157_a0.13_ms100,$t_0$,200.0,unpaired,4.756521794061908,83.9140157355078
Set B,B4158_D157_a0.13_ms100,$t_0$,200.0,unpaired,4.796320909665193,83.754349054509
Set B,B4158_D157_a0.13_ms100,$t_0$,200.0,unpaired,4.836120656980417,83.5931322879208
Set B,B4158_D157_a0.13_ms100,$t_0$,200.0,unpaired,4.875919772583702,83.4296920486706
Set B,B4158_D157_a0.13_ms100,$t_0$,200.0,unpaired,4.915718888186986,83.26474334747115
Set B,B4158_D157_a0.13_ms100,$t_0$,200.0,unpaired,4.955518635502211,83.09752143470625
Set B,B4158_D157_a0.13_ms100,$t_0$,200.0,unpaired,4.995317751105496,82.92874199934752
Set B,B4158_D157_a0.13_ms100,$t_0$,200.0,unpaired,5.035116866708781,82.75754190397751
Set B,B4158_D157_a0.13_ms100,$t_0$,200.0,unpaired,5.074916614024005,82.58415787254377
Set B,B4158_D157_a0.13_ms100,$t_0$,200.0,unpaired,5.11471572962729,82.40860408684841
Set B,B4158_D157_a0.13_ms100,$t_0$,200.0,unpaired,5.154514845230575,82.23083681257144
Set B,B4158_D157_a0.13_ms100,$t_0$,200.0,unpaired,5.194314592545799,82.05037772491185
Set B,B4158_D157_a0.13_ms100,$t_0$,200.0,unpaired,5.234113708149084,81.86752034001887
Set B,B4158_D157_a0.13_ms100,$t_0$,200.0,unpaired,5.273912823752369,81.68211292386634
Set B,B4158_D157_a0.13_ms100,$t_0$,200.0,unpaired,5.313712571067593,81.49367224846192
Set B,B4158_D157_a0.13_ms100,$t_0$,200.0,unpaired,5.353511686670878,81.30269059081188
Set B,B4158_D157_a0.13_ms100,$t_0$,200.0,unpaired,5.393310802274163,81.10895188893826
Set B,B4158_D157_a0.13_ms100,$t_0$,200.0,unpaired,5.433110549589387,80.91194959149168
Set B,B4158_D157_a0.13_ms100,$t_0$,200.0,unpaired,5.472909665192672,80.71217827272523
Set B,B4158_D157_a0.13_ms100,$t_0$,200.0,unpaired,5.512708780795958,80.50939126170456
Set B,B4158_D157_a0.13_ms100,$t_0$,200.0,unpaired,5.552508528111181,80.30315889014298
Set B,B4158_D157_a0.13_ms100,$t_0$,200.0,unpaired,5.592307643714466,80.09339037077314
Set B,B4158_D157_a0.13_ms100,$t_0$,200.0,unpaired,5.632106759317751,79.8807078538568
Set B,B4158_D157_a0.13_ms100,$t_0$,200.0,unpaired,5.6719065066329755,79.66420607599265
Set B,B4158_D157_a0.13_ms100,$t_0$,200.0,unpaired,5.711705622236261,79.44409051791214
Set B,B4158_D157_a0.13_ms100,$t_0$,200.0,unpaired,5.751504737839546,79.22074337324914
Set B,B4158_D157_a0.13_ms100,$t_0$,200.0,unpaired,5.791304485154769,78.99326555890622
Set B,B4158_D157_a0.13_ms100,$t_0$,200.0,unpaired,5.831103600758055,78.76166090311035
Set B,B4158_D157_a0.13_ms100,$t_0$,200.0,unpaired,5.870902716361339,78.5265027875845
Set B,B4158_D157_a0.13_ms100,$t_0$,200.0,unpaired,5.9107024636765635,78.28701204658228
Set B,B4158_D157_a0.13_ms100,$t_0$,200.0,unpaired,5.950501579279849,78.04363705942166
Set B,B4158_D157_a0.13_ms100,$t_0$,200.0,unpaired,5.990300694883134,77.79587151363667
Set B,B4158_D157_a0.13_ms100,$t_0$,200.0,unpaired,6.030100442198358,77.54390405944044
Set B,B4158_D157_a0.13_ms100,$t_0$,200.0,unpaired,6.069899557801643,77.28714995365996
Set B,B4158_D157_a0.13_ms100,$t_0$,200.0,unpaired,6.109699305116867,77.02577427104566
Set B,B4158_D157_a0.13_ms100,$t_0$,200.0,unpaired,6.149498420720152,76.75996948806417
Set B,B4158_D157_a0.13_ms100,$t_0$,200.0,unpaired,6.189297536323437,76.4892168247066
Set B,B4158_D157_a0.13_ms100,$t_0$,200.0,unpaired,6.22909728363866,76.2136373303353
Set B,B4158_D157_a0.13_ms100,$t_0$,200.0,unpaired,6.268896399241946,75.93314412991151
Set B,B4158_D157_a0.13_ms100,$t_0$,200.0,unpaired,6.308695514845231,75.64762170940487
Set B,B4158_D157_a0.13_ms100,$t_0$,200.0,unpaired,6.348496525584333,75.35653013027874
Set B,B4158_D157_a0.13_ms100,$t_0$,200.0,unpaired,6.3882943777637395,75.06045894129683
Set B,B4158_D157_a0.13_ms100,$t_0$,200.0,unpaired,6.428092229943147,74.7584220595907
Set B,B4158_D157_a0.13_ms100,$t_0$,200.0,unpaired,6.467890082122553,74.45113580823187
Set B,B4158_D157_a0.13_ms100,$t_0$,200.0,unpaired,6.507694251421352,74.13826924895523
Set B,B4158_D157_a0.13_ms100,$t_0$,200.0,unpaired,6.547492103600758,73.81950517843947
Set B,B4158_D157_a0.13_ms100,$t_0$,200.0,unpaired,6.587289955780164,73.49475473803152
Set B,B4158_D157_a0.13_ms100,$t_0$,200.0,unpaired,6.62708780795957,73.16405907205791
Set B,B4158_D157_a0.13_ms100,$t_0$,200.0,unpaired,6.666891977258371,72.82680470475705
Set B,B4158_D157_a0.13_ms100,$t_0$,200.0,unpaired,6.706689829437776,72.48352256026885
Set B,B4158_D157_a0.13_ms100,$t_0$,200.0,unpaired,6.746487681617182,72.13388187041159
Set B,B4158_D157_a0.13_ms100,$t_0$,200.0,unpaired,6.786285533796589,71.77759672998863
Set B,B4158_D157_a0.13_ms100,$t_0$,200.0,unpaired,6.826089703095389,71.41439360495171
Set B,B4158_D157_a0.13_ms100,$t_0$,200.0,unpaired,6.865887555274795,71.04442155190827
Set B,B4158_D157_a0.13_ms100,$t_0$,200.0,unpaired,6.905685407454201,70.66748478614795
Set B,B4158_D157_a0.13_ms100,$t_0$,200.0,unpaired,6.9454832596336065,70.28345886556825
Set B,B4158_D157_a0.13_ms100,$t_0$,200.0,unpaired,6.985287428932407,69.8926162768231
Set B,B4158_D157_a0.13_ms100,$t_0$,200.0,unpaired,7.025085281111814,69.49377689627065
Set B,B4158_D157_a0.13_ms100,$t_0$,200.0,unpaired,7.064883133291219,69.08769291532685
Set B,B4158_D157_a0.13_ms100,$t_0$,200.0,unpaired,7.104680985470625,68.67344696573649
Set B,B4158_D157_a0.13_ms100,$t_0$,200.0,unpaired,7.1444788376500314,68.2522025977076
Set B,B4158_D157_a0.13_ms100,$t_0$,200.0,unpaired,7.1842830069488315,67.82218394821462
Set B,B4158_D157_a0.13_ms100,$t_0$,200.0,unpaired,7.224080859128238,67.38450451389079
Set B,B4158_D157_a0.13_ms100,$t_0$,200.0,unpaired,7.263878711307644,66.9382626924019
Set B,B4158_D157_a0.13_ms100,$t_0$,200.0,unpaired,7.30367656348705,66.48399114197272
Set B,B4158_D157_a0.13_ms100,$t_0$,200.0,unpaired,7.34348073278585,66.02063752487082
Set B,B4158_D157_a0.13_ms100,$t_0$,200.0,unpaired,7.3832785849652565,65.54890726666686
Set B,B4158_D157_a0.13_ms100,$t_0$,200.0,unpaired,7.423076437144663,65.06807279407423
Set B,B4158_D157_a0.13_ms100,$t_0$,200.0,unpaired,7.462874289324068,64.57876957818941
Set B,B4158_D157_a0.13_ms100,$t_0$,200.0,unpaired,7.502678458622867,64.07969205310611
Set B,B4158_D157_a0.13_ms100,$t_0$,200.0,unpaired,7.542476310802275,63.57131116341086
Set B,B4158_D157_a0.13_ms100,$t_0$,200.0,unpaired,7.5822741629816806,63.05344612065658
Set B,B4158_D157_a0.13_ms100,$t_0$,200.0,unpaired,7.622072015161087,62.52574877746822
Set B,B4158_D157_a0.13_ms100,$t_0$,200.0,unpaired,7.661869867340493,61.98853279912552
Set B,B4158_D157_a0.13_ms100,$t_0$,200.0,unpaired,7.701674036639292,61.44185586096745
Set B,B4158_D157_a0.13_ms100,$t_0$,200.0,unpaired,7.741471888818699,60.88448006875028
Set B,B4158_D157_a0.13_ms100,$t_0$,200.0,unpaired,7.7812697409981055,60.3166052612283
Set B,B4158_D157_a0.13_ms100,$t_0$,200.0,unpaired,7.821067593177512,59.739007426998334
Set B,B4158_D157_a0.13_ms100,$t_0$,200.0,unpaired,7.860871762476311,59.15084438475857
Set B,B4158_D157_a0.13_ms100,$t_0$,200.0,unpaired,7.900669614655716,58.551905175058664
Set B,B4158_D157_a0.13_ms100,$t_0$,200.0,unpaired,7.940467466835124,57.942625095014066
Set B,B4158_D157_a0.13_ms100,$t_0$,200.0,unpaired,7.98026531901453,57.32212851176595
Set B,B4158_D157_a0.13_ms100,$t_0$,200.0,unpaired,8.020069488313329,56.69116876619129
Set B,B4158_D157_a0.13_ms100,$t_0$,200.0,unpaired,8.059867340492735,56.048898062908044
Set B,B4158_D157_a0.13_ms100,$t_0$,200.0,unpaired,8.099665192672141,55.39596048160047
Set B,B4158_D157_a0.13_ms100,$t_0$,200.0,unpaired,8.13946304485155,54.732263726076106
Set B,B4158_D157_a0.13_ms100,$t_0$,200.0,unpaired,8.179267214150348,54.05722559021271
Set B,B4158_D157_a0.13_ms100,$t_0$,200.0,unpaired,8.219065066329753,53.370567338216176
Set B,B4158_D157_a0.13_ms100,$t_0$,200.0,unpaired,8.258862918509159,52.67352316388214
Set B,B4158_D157_a0.13_ms100,$t_0$,200.0,unpaired,8.298660770688565,51.96521154503201
Set B,B4158_D157_a0.13_ms100,$t_0$,200.0,unpaired,8.338458622867973,51.24636133113966
Set B,B4158_D157_a0.13_ms100,$t_0$,200.0,unpaired,8.378262792166772,50.51624423181574
Set B,B4158_D157_a0.13_ms100,$t_0$,200.0,unpaired,8.418060644346179,49.77602124294123
Set B,B4158_D157_a0.13_ms100,$t_0$,200.0,unpaired,8.457858496525585,49.02539291925555
Set B,B4158_D157_a0.13_ms100,$t_0$,200.0,unpaired,8.49765634870499,48.26446337195431
Set B,B4158_D157_a0.13_ms100,$t_0$,200.0,unpaired,8.53746051800379,47.49340248989033
Set B,B4158_D157_a0.13_ms100,$t_0$,200.0,unpaired,8.577258370183197,46.712514206679764
Set B,B4158_D157_a0.13_ms100,$t_0$,200.0,unpaired,8.617056222362603,45.92243677833318
Set B,B4158_D157_a0.13_ms100,$t_0$,200.0,unpaired,8.656854074542009,45.12399067478172
Set B,B4158_D157_a0.13_ms100,$t_0$,200.0,unpaired,8.696658243840808,44.31745916883927
Set B,B4158_D157_a0.13_ms100,$t_0$,200.0,unpaired,8.736456096020214,43.502538074310785
Set B,B4158_D157_a0.13_ms100,$t_0$,200.0,unpaired,8.77625394819962,42.680826588257936
Set B,B4158_D157_a0.13_ms100,$t_0$,200.0,unpaired,8.816051800379027,41.85249071899611
Set B,B4158_D157_a0.13_ms100,$t_0$,200.0,unpaired,8.855855969677828,41.01823685828275
Set B,B4158_D157_a0.13_ms100,$t_0$,200.0,unpaired,8.895653821857234,40.179174788965824
Set B,B4158_D157_a0.13_ms100,$t_0$,200.0,unpaired,8.93545167403664,39.336485473522835
Set B,B4158_D157_a0.13_ms100,$t_0$,200.0,unpaired,8.975249526216045,38.48984781278269
Set B,B4158_D157_a0.13_ms100,$t_0$,200.0,unpaired,9.015047378395451,37.64107097017761
Set B,B4158_D157_a0.13_ms100,$t_0$,200.0,unpaired,9.054851547694252,36.79165513671685
Set B,B4158_D157_a0.13_ms100,$t_0$,200.0,unpaired,9.094649399873658,35.94158376342827
Set B,B4158_D157_a0.13_ms100,$t_0$,200.0,unpaired,9.134447252053064,35.09231052588024
Set B,B4158_D157_a0.13_ms100,$t_0$,200.0,unpaired,9.17424510423247,34.24555647460869
Set B,B4158_D157_a0.13_ms100,$t_0$,200.0,unpaired,9.21404927353127,33.40223343820079
Set B,B4158_D157_a0.13_ms100,$t_0$,200.0,unpaired,9.253847125710676,32.563022265938876
Set B,B4158_D157_a0.13_ms100,$t_0$,200.0,unpaired,9.293644977890082,31.729258893093547
Set B,B4158_D157_a0.13_ms100,$t_0$,200.0,unpaired,9.333442830069488,30.90235063017708
Set B,B4158_D157_a0.13_ms100,$t_0$,200.0,unpaired,9.373246999368288,30.08296964687042
Set B,B4158_D157_a0.13_ms100,$t_0$,200.0,unpaired,9.413044851547696,29.27257910888862
Set B,B4158_D157_a0.13_ms100,$t_0$,200.0,unpaired,9.452842703727102,28.472276114822286
Set B,B4158_D157_a0.13_ms100,$t_0$,200.0,unpaired,9.492640555906506,27.683095872898132
Set B,B4158_D157_a0.13_ms100,$t_0$,200.0,unpaired,9.532438408085913,26.905342444579244
Set B,B4158_D157_a0.13_ms100,$t_0$,200.0,unpaired,9.572242577384712,26.140965894654265
Set B,B4158_D157_a0.13_ms100,$t_0$,200.0,unpaired,9.61204042956412,25.389417536277648
Set B,B4158_D157_a0.13_ms100,$t_0$,200.0,unpaired,9.651838281743526,24.652344678816604
Set B,B4158_D157_a0.13_ms100,$t_0$,200.0,unpaired,9.691636133922932,23.9298098918347
Set B,B4158_D157_a0.13_ms100,$t_0$,200.0,unpaired,9.731440303221731,23.22276016460298
Set B,B4158_D157_a0.13_ms100,$t_0$,200.0,unpaired,9.771238155401138,22.531085784513085
Set B,B4158_D157_a0.13_ms100,$t_0$,200.0,unpaired,9.811036007580544,21.855520992794915
Set B,B4158_D157_a0.13_ms100,$t_0$,200.0,unpaired,9.85083385975995,21.195991140880615
Set B,B4158_D157_a0.13_ms100,$t_0$,200.0,unpaired,9.89063802905875,20.55298915685507
Set B,B4158_D157_a0.13_ms100,$t_0$,200.0,unpaired,9.930435881238155,19.92688694361808
Set B,B4158_D157_a0.13_ms100,$t_0$,200.0,unpaired,9.970233733417562,19.316733777296765
Set B,B4158_D157_a0.13_ms100,$t_0$,200.0,unpaired,10.010031585596968,18.722715093634022
Set B,B4158_D157_a0.13_ms100,$t_0$,200.0,unpaired,10.049835754895767,18.147192517607746
Set B,B4158_D157_a0.13_ms100,$t_0$,200.0,unpaired,10.089633607075173,17.58861336945612
Set B,B4158_D157_a0.13_ms100,$t_0$,200.0,unpaired,10.12943145925458,17.045009131094453
Set B,B4158_D157_a0.13_ms100,$t_0$,200.0,unpaired,10.169229311433986,16.516371539928876
Set B,B4158_D157_a0.13_ms100,$t_0$,200.0,unpaired,10.209027163613394,16.00284636231256
Set B,B4158_D157_a0.13_ms100,$t_0$,200.0,unpaired,10.248831332912193,15.50612395899365
Set B,B4158_D157_a0.13_ms100,$t_0$,200.0,unpaired,10.288629185091597,15.02699326139133
Set B,B4158_D157_a0.13_ms100,$t_0$,200.0,unpaired,10.328427037271004,14.562481200632735
Set B,B4158_D157_a0.13_ms100,$t_0$,200.0,unpaired,10.36822488945041,14.108212075592949
Set B,B4158_D157_a0.13_ms100,$t_0$,200.0,unpaired,10.40802905874921,13.662203205386222
Set B,B4158_D157_a0.13_ms100,$t_0$,200.0,unpaired,10.447826910928617,13.210168078238105
Set B,B4158_D157_a0.13_ms100,$t_0$,200.0,unpaired,10.487624763108023,12.791152425997078
Set B,B4158_D157_a0.13_ms100,$t_0$,200.0,unpaired,10.52742261528743,12.397965531858302
Set B,B4158_D157_a0.13_ms100,$t_0$,200.0,unpaired,10.567226784586229,12.01800442494884
Set B,B4158_D157_a0.13_ms100,$t_0$,200.0,unpaired,10.607024636765635,11.648582693994907
Set B,B4158_D157_a0.13_ms100,$t_0$,200.0,unpaired,10.646822488945041,11.28590957963732
Set B,B4158_D157_a0.13_ms100,$t_0$,200.0,unpaired,10.686620341124447,10.930354948937897
Set B,B4158_D157_a0.13_ms100,$t_0$,200.0,unpaired,10.726424510423248,10.58583257181966
Set B,B4158_D157_a0.13_ms100,$t_0$,200.0,unpaired,10.766222362602655,10.257192745655383
Set B,B4158_D157_a0.13_ms100,$t_0$,200.0,unpaired,10.806020214782059,9.950063204274244
Set B,B4158_D157_a0.13_ms100,$t_0$,200.0,unpaired,10.845818066961465,9.666372149553535
Set B,B4158_D157_a0.13_ms100,$t_0$,200.0,unpaired,10.885615919140871,9.388478403048138
Set B,B4158_D157_a0.13_ms100,$t_0$,200.0,unpaired,10.925420088439672,9.110842706106737
Set B,B4158_D157_a0.13_ms100,$t_0$,200.0,unpaired,10.965217940619079,8.832014177853345
Set B,B4158_D157_a0.13_ms100,$t_0$,200.0,unpaired,11.005015792798485,8.551332360105826
Set B,B4158_D157_a0.13_ms100,$t_0$,200.0,unpaired,11.044813644977891,8.269664598027934
Set B,B4158_D157_a0.13_ms100,$t_0$,200.0,unpaired,11.08461781427669,7.9901749897477234
Set B,B4158_D157_a0.13_ms100,$t_0$,200.0,unpaired,11.124415666456096,7.7187072695447245
Set B,B4158_D157_a0.13_ms100,$t_0$,200.0,unpaired,11.164213518635503,7.465782356648975
Set B,B4158_D157_a0.13_ms100,$t_0$,200.0,unpaired,11.204011370814909,7.233957654206595
Set B,B4158_D157_a0.13_ms100,$t_0$,200.0,unpaired,11.243815540113708,7.0204084417064525
Set B,B4158_D157_a0.13_ms100,$t_0$,200.0,unpaired,11.283613392293114,6.820433194496564
Set B,B4158_D157_a0.13_ms100,$t_0$,200.0,unpaired,11.32341124447252,6.629093524914005
Set B,B4158_D157_a0.13_ms100,$t_0$,200.0,unpaired,11.363209096651927,6.441785804795449
Set B,B4158_D157_a0.13_ms100,$t_0$,200.0,unpaired,11.403006948831333,6.253371874834345
Set B,B4158_D157_a0.13_ms100,$t_0$,200.0,unpaired,11.442811118130132,6.057859188892985
Set B,B4158_D157_a0.13_ms100,$t_0$,200.0,unpaired,11.482608970309538,5.847534043943686
Set B,B4158_D157_a0.13_ms100,$t_0$,200.0,unpaired,11.522406822488946,5.619773760193722
Set B,B4158_D157_a0.13_ms100,$t_0$,200.0,unpaired,11.562204674668353,5.383057996486599
Set B,B4158_D157_a0.13_ms100,$t_0$,200.0,unpaired,11.602008843967152,5.153294955640848
Set B,B4158_D157_a0.13_ms100,$t_0$,200.0,unpaired,11.641806696146556,4.9455435100301095
Set B,B4158_D157_a0.13_ms100,$t_0$,200.0,unpaired,11.681604548325963,4.764687319995704
Set B,B4158_D157_a0.13_ms100,$t_0$,200.0,unpaired,11.72140240050537,4.61037082169234
Set B,B4158_D157_a0.13_ms100,$t_0$,200.0,unpaired,11.76120656980417,4.487728866587577
Set B,B4158_D157_a0.13_ms100,$t_0$,200.0,unpaired,11.801004421983576,4.3990525873460395
Set B,B4158_D157_a0.13_ms100,$t_0$,200.0,unpaired,11.840802274162982,4.314465000504139
Set B,B4158_D157_a0.13_ms100,$t_0$,200.0,unpaired,11.880600126342388,4.232763826128942
Set B,B4158_D157_a0.13_ms100,$t_0$,200.0,unpaired,11.920404295641188,4.152958928910372
Set B,B4158_D157_a0.13_ms100,$t_0$,200.0,unpaired,11.960202147820594,4.074229547577035
Set B,B4158_D157_a0.13_ms100,$t_0$,200.0,unpaired,12.0,3.995963129458525
Set B,B4158_D157_a0.13_ms100,$t_0$,200.0,cfl,1.0551838281743526,99.68763139646883
Set B,B4158_D157_a0.13_ms100,$t_0$,200.0,cfl,1.0949835754895767,98.75569821908496
Set B,B4158_D157_a0.13_ms100,$t_0$,200.0,cfl,1.1347826910928616,97.81939518723429
Set B,B4158_D157_a0.13_ms100,$t_0$,200.0,cfl,1.1745818066961466,96.87765044652846
Set B,B4158_D157_a0.13_ms100,$t_0$,200.0,cfl,1.214381554011371,95.92948627345315
Set B,B4158_D157_a0.13_ms100,$t_0$,200.0,cfl,1.2541806696146558,94.97378063350794
Set B,B4158_D157_a0.13_ms100,$t_0$,200.0,cfl,1.2939797852179407,94.00954674002176
Set B,B4158_D157_a0.13_ms100,$t_0$,200.0,cfl,1.333779532533165,93.03558642754477
Set B,B4158_D157_a0.13_ms100,$t_0$,200.0,cfl,1.3735786481364498,92.05078010776973
Set B,B4158_D157_a0.13_ms100,$t_0$,200.0,cfl,1.413377763739735,91.05395098838602
Set B,B4158_D157_a0.13_ms100,$t_0$,200.0,cfl,1.453177511054959,90.04378182840338
Set B,B4158_D157_a0.13_ms100,$t_0$,200.0,cfl,1.4929766266582438,89.01899666509429
Set B,B4158_D157_a0.13_ms100,$t_0$,200.0,cfl,1.532775742261529,87.97835435406155
Set B,B4158_D157_a0.13_ms100,$t_0$,200.0,cfl,1.5725754895767532,86.92050147777297
Set B,B4158_D157_a0.13_ms100,$t_0$,200.0,cfl,1.6123746051800378,85.84404818890935
Set B,B4158_D157_a0.13_ms100,$t_0$,200.0,cfl,1.652173720783323,84.7476651173453
Set B,B4158_D157_a0.13_ms100,$t_0$,200.0,cfl,1.6919734680985472,83.6301259085474
Set B,B4158_D157_a0.13_ms100,$t_0$,200.0,cfl,1.7317725837018318,82.49010987394009
Set B,B4158_D157_a0.13_ms100,$t_0$,200.0,cfl,1.771571699305117,81.32657285726488
Set B,B4158_D157_a0.13_ms100,$t_0$,200.0,cfl,1.8113714466203412,80.13863975275434
Set B,B4158_D157_a0.13_ms100,$t_0$,200.0,cfl,1.8511705622236259,78.92557983226406
Set B,B4158_D157_a0.13_ms100,$t_0$,200.0,cfl,1.890969677826911,77.68703246252655
Set B,B4158_D157_a0.13_ms100,$t_0$,200.0,cfl,1.9307694251421352,76.42308138586391
Set B,B4158_D157_a0.13_ms100,$t_0$,200.0,cfl,1.9705685407454203,75.134326249589
Set B,B4158_D157_a0.13_ms100,$t_0$,200.0,cfl,2.010367656348705,73.82190395903734
Set B,B4158_D157_a0.13_ms100,$t_0$,200.0,cfl,2.050167403663929,72.48794082966269
Set B,B4158_D157_a0.13_ms100,$t_0$,200.0,cfl,2.089966519267214,71.13494362856204
Set B,B4158_D157_a0.13_ms100,$t_0$,200.0,cfl,2.129765634870499,69.7664594709275
Set B,B4158_D157_a0.13_ms100,$t_0$,200.0,cfl,2.169565382185723,68.38652685833205
Set B,B4158_D157_a0.13_ms100,$t_0$,200.0,cfl,2.209364497789008,67.00024243882538
Set B,B4158_D157_a0.13_ms100,$t_0$,200.0,cfl,2.249163613392293,65.61265080434389
Set B,B4158_D157_a0.13_ms100,$t_0$,200.0,cfl,2.2889633607075175,64.22948395240785
Set B,B4158_D157_a0.13_ms100,$t_0$,200.0,cfl,2.328762476310802,62.856158468016844
Set B,B4158_D157_a0.13_ms100,$t_0$,200.0,cfl,2.368561591914087,61.498018619206746
Set B,B4158_D157_a0.13_ms100,$t_0$,200.0,cfl,2.4083613392293115,60.159749887825754
Set B,B4158_D157_a0.13_ms100,$t_0$,200.0,cfl,2.448160454832596,58.84547951347618
Set B,B4158_D157_a0.13_ms100,$t_0$,200.0,cfl,2.4879595704358817,57.55871996104424
Set B,B4158_D157_a0.13_ms100,$t_0$,200.0,cfl,2.5277593177511055,56.3019597123063
Set B,B4158_D157_a0.13_ms100,$t_0$,200.0,cfl,2.56755843335439,55.07707596261179
Set B,B4158_D157_a0.13_ms100,$t_0$,200.0,cfl,2.6073575489576757,53.885034545968104
Set B,B4158_D157_a0.13_ms100,$t_0$,200.0,cfl,2.6471572962728995,52.72700876537374
Set B,B4158_D157_a0.13_ms100,$t_0$,200.0,cfl,2.686956411876184,51.603112463183045
Set B,B4158_D157_a0.13_ms100,$t_0$,200.0,cfl,2.726756159191409,50.51237127568925
Set B,B4158_D157_a0.13_ms100,$t_0$,200.0,cfl,2.7665552747946935,49.45408825030369
Set B,B4158_D157_a0.13_ms100,$t_0$,200.0,cfl,2.8063543903979786,48.42781481287656
Set B,B4158_D157_a0.13_ms100,$t_0$,200.0,cfl,2.846154137713203,47.433236817023804
Set B,B4158_D157_a0.13_ms100,$t_0$,200.0,cfl,2.8859532533164876,46.468657859562526
Set B,B4158_D157_a0.13_ms100,$t_0$,200.0,cfl,2.9257523689197726,45.53277728878576
Set B,B4158_D157_a0.13_ms100,$t_0$,200.0,cfl,2.965552116234997,44.625053939867115
Set B,B4158_D157_a0.13_ms100,$t_0$,200.0,cfl,3.0053512318382816,43.74349966898925
Set B,B4158_D157_a0.13_ms100,$t_0$,200.0,cfl,3.0451503474415667,42.88767365309221
Set B,B4158_D157_a0.13_ms100,$t_0$,200.0,cfl,3.084950094756791,42.056459260488914
Set B,B4158_D157_a0.13_ms100,$t_0$,200.0,cfl,3.124749210360076,41.24878666458837
Set B,B4158_D157_a0.13_ms100,$t_0$,200.0,cfl,3.1645483259633607,40.46318276003779
Set B,B4158_D157_a0.13_ms100,$t_0$,200.0,cfl,3.204348073278585,39.69972271239896
Set B,B4158_D157_a0.13_ms100,$t_0$,200.0,cfl,3.2441471888818696,38.95660803882331
Set B,B4158_D157_a0.13_ms100,$t_0$,200.0,cfl,3.283946304485155,38.23289601827134
Set B,B4158_D157_a0.13_ms100,$t_0$,200.0,cfl,3.323746051800379,37.52849931767056
Set B,B4158_D157_a0.13_ms100,$t_0$,200.0,cfl,3.3635451674036636,36.84225513477513
Set B,B4158_D157_a0.13_ms100,$t_0$,200.0,cfl,3.403344283006949,36.173170472478716
Set B,B4158_D157_a0.13_ms100,$t_0$,200.0,cfl,3.443144030322173,35.52129461732133
Set B,B4158_D157_a0.13_ms100,$t_0$,200.0,cfl,3.4829431459254576,34.88554043098151
Set B,B4158_D157_a0.13_ms100,$t_0$,200.0,cfl,3.522742261528743,34.26565213579692
Set B,B4158_D157_a0.13_ms100,$t_0$,200.0,cfl,3.562542008843967,33.66077342215854
Set B,B4158_D157_a0.13_ms100,$t_0$,200.0,cfl,3.6023411244472525,33.069956411798074
Set B,B4158_D157_a0.13_ms100,$t_0$,200.0,cfl,3.642140240050537,32.49353709440215
Set B,B4158_D157_a0.13_ms100,$t_0$,200.0,cfl,3.681939987365761,31.931004574241133
Set B,B4158_D157_a0.13_ms100,$t_0$,200.0,cfl,3.7217391029690465,31.38160743934708
Set B,B4158_D157_a0.13_ms100,$t_0$,200.0,cfl,3.761538218572331,30.845033261577825
Set B,B4158_D157_a0.13_ms100,$t_0$,200.0,cfl,3.801337965887555,30.320734123435862
Set B,B4158_D157_a0.13_ms100,$t_0$,200.0,cfl,3.8411370814908405,29.808598044482313
Set B,B4158_D157_a0.13_ms100,$t_0$,200.0,cfl,3.880936197094125,29.308683805779815
Set B,B4158_D157_a0.13_ms100,$t_0$,200.0,cfl,3.92073594440935,28.82008036002865
Set B,B4158_D157_a0.13_ms100,$t_0$,200.0,cfl,3.9605350600126346,28.342678194435074
Set B,B4158_D157_a0.13_ms100,$t_0$,200.0,cfl,4.00033417561592,27.876491585488587
Set B,B4158_D157_a0.13_ms100,$t_0$,200.0,cfl,4.040133922931144,27.42092436464526
Set B,B4158_D157_a0.13_ms100,$t_0$,200.0,cfl,4.079933038534429,26.97610750932582
Set B,B4158_D157_a0.13_ms100,$t_0$,200.0,cfl,4.119732154137713,26.54169141071192
Set B,B4158_D157_a0.13_ms100,$t_0$,200.0,cfl,4.1595319014529375,26.11693401605835
Set B,B4158_D157_a0.13_ms100,$t_0$,200.0,cfl,4.199331017056222,25.702529833475797
Set B,B4158_D157_a0.13_ms100,$t_0$,200.0,cfl,4.239130132659508,25.297736915910086
Set B,B4158_D157_a0.13_ms100,$t_0$,200.0,cfl,4.278929879974732,24.902595425272175
Set B,B4158_D157_a0.13_ms100,$t_0$,200.0,cfl,4.318728995578017,24.517052650519144
Set B,B4158_D157_a0.13_ms100,$t_0$,200.0,cfl,4.358528742893241,24.14061175572404
Set B,B4158_D157_a0.13_ms100,$t_0$,200.0,cfl,4.3983278584965255,23.773207413898074
Set B,B4158_D157_a0.13_ms100,$t_0$,200.0,cfl,4.43812697409981,23.414724472645165
Set B,B4158_D157_a0.13_ms100,$t_0$,200.0,cfl,4.477926721415035,23.064798520803173
Set B,B4158_D157_a0.13_ms100,$t_0$,200.0,cfl,4.51772583701832,22.72338196945751
Set B,B4158_D157_a0.13_ms100,$t_0$,200.0,cfl,4.557524952621605,22.390622363681015
Set B,B4158_D157_a0.13_ms100,$t_0$,200.0,cfl,4.597324699936829,22.06616105746856
Set B,B4158_D157_a0.13_ms100,$t_0$,200.0,cfl,4.6371238155401135,21.749382635666
Set B,B4158_D157_a0.13_ms100,$t_0$,200.0,cfl,4.676922931143398,21.440695340639476
Set B,B4158_D157_a0.13_ms100,$t_0$,200.0,cfl,4.716722678458623,21.139903477953858
Set B,B4158_D157_a0.13_ms100,$t_0$,200.0,cfl,4.756521794061908,20.846501255461774
Set B,B4158_D157_a0.13_ms100,$t_0$,200.0,cfl,4.796320909665193,20.560021558390954
Set B,B4158_D157_a0.13_ms100,$t_0$,200.0,cfl,4.836120656980417,20.28064101926655
Set B,B4158_D157_a0.13_ms100,$t_0$,200.0,cfl,4.875919772583702,20.007873942153
Set B,B4158_D157_a0.13_ms100,$t_0$,200.0,cfl,4.915718888186986,19.741363723896388
Set B,B4158_D157_a0.13_ms100,$t_0$,200.0,cfl,4.955518635502211,19.48150964627236
Set B,B4158_D157_a0.13_ms100,$t_0$,200.0,cfl,4.995317751105496,19.227513610384356
Set B,B4158_D157_a0.13_ms100,$t_0$,200.0,cfl,5.035116866708781,18.979442037742057
Set B,B4158_D157_a0.13_ms100,$t_0$,200.0,cfl,5.074916614024005,18.736771682237574
Set B,B4158_D157_a0.13_ms100,$t_0$,200.0,cfl,5.11471572962729,18.499312597864424
Set B,B4158_D157_a0.13_ms100,$t_0$,200.0,cfl,5.154514845230575,18.266816452812062
Set B,B4158_D157_a0.13_ms100,$t_0$,200.0,cfl,5.194314592545799,18.03855804593923
Set B,B4158_D157_a0.13_ms100,$t_0$,200.0,cfl,5.234113708149084,17.81439482728605
Set B,B4158_D157_a0.13_ms100,$t_0$,200.0,cfl,5.273912823752369,17.59386228439414
Set B,B4158_D157_a0.13_ms100,$t_0$,200.0,cfl,5.313712571067593,17.376460674136197
Set B,B4158_D157_a0.13_ms100,$t_0$,200.0,cfl,5.353511686670878,17.161998878484358
Set B,B4158_D157_a0.13_ms100,$t_0$,200.0,cfl,5.393310802274163,16.949962384059745
Set B,B4158_D157_a0.13_ms100,$t_0$,200.0,cfl,5.433110549589387,16.740248316263084
Set B,B4158_D157_a0.13_ms100,$t_0$,200.0,cfl,5.472909665192672,16.532526106255943
Set B,B4158_D157_a0.13_ms100,$t_0$,200.0,cfl,5.512708780795958,16.32659954615518
Set B,B4158_D157_a0.13_ms100,$t_0$,200.0,cfl,5.552508528111181,16.122435366163618
Set B,B4158_D157_a0.13_ms100,$t_0$,200.0,cfl,5.592307643714466,15.919745854931044
Set B,B4158_D157_a0.13_ms100,$t_0$,200.0,cfl,5.632106759317751,15.718581692184406
Set B,B4158_D157_a0.13_ms100,$t_0$,200.0,cfl,5.6719065066329755,15.51873678814183
Set B,B4158_D157_a0.13_ms100,$t_0$,200.0,cfl,5.711705622236261,15.320315836344442
Set B,B4158_D157_a0.13_ms100,$t_0$,200.0,cfl,5.751504737839546,15.122822127819687
Set B,B4158_D157_a0.13_ms100,$t_0$,200.0,cfl,5.791304485154769,14.926093921183371
Set B,B4158_D157_a0.13_ms100,$t_0$,200.0,cfl,5.831103600758055,14.729652677286117
Set B,B4158_D157_a0.13_ms100,$t_0$,200.0,cfl,5.870902716361339,14.531933462538799
Set B,B4158_D157_a0.13_ms100,$t_0$,200.0,cfl,5.9107024636765635,14.33420016809339
Set B,B4158_D157_a0.13_ms100,$t_0$,200.0,cfl,5.950501579279849,14.136353416340622
Set B,B4158_D157_a0.13_ms100,$t_0$,200.0,cfl,5.990300694883134,13.938514847420368
Set B,B4158_D157_a0.13_ms100,$t_0$,200.0,cfl,6.030100442198358,13.740888333482783
Set B,B4158_D157_a0.13_ms100,$t_0$,200.0,cfl,6.069899557801643,13.54418496460946
Set B,B4158_D157_a0.13_ms100,$t_0$,200.0,cfl,6.109699305116867,13.348887150877664
Set B,B4158_D157_a0.13_ms100,$t_0$,200.0,cfl,6.149498420720152,13.155396077229964
Set B,B4158_D157_a0.13_ms100,$t_0$,200.0,cfl,6.189297536323437,12.963746290459515
Set B,B4158_D157_a0.13_ms100,$t_0$,200.0,cfl,6.22909728363866,12.7741298515224
Set B,B4158_D157_a0.13_ms100,$t_0$,200.0,cfl,6.268896399241946,12.586438186131867
Set B,B4158_D157_a0.13_ms100,$t_0$,200.0,cfl,6.308695514845231,12.400536930215637
Set B,B4158_D157_a0.13_ms100,$t_0$,200.0,cfl,6.348496525584333,12.216062752259207
Set B,B4158_D157_a0.13_ms100,$t_0$,200.0,cfl,6.3882943777637395,12.033057551749938
Set B,B4158_D157_a0.13_ms100,$t_0$,200.0,cfl,6.428092229943147,11.851015047122097
Set B,B4158_D157_a0.13_ms100,$t_0$,200.0,cfl,6.467890082122553,11.669419492585542
Set B,B4158_D157_a0.13_ms100,$t_0$,200.0,cfl,6.507694251421352,11.488165651452281
Set B,B4158_D157_a0.13_ms100,$t_0$,200.0,cfl,6.547492103600758,11.307535122562033
Set B,B4158_D157_a0.13_ms100,$t_0$,200.0,cfl,6.587289955780164,11.127685442238882
Set B,B4158_D157_a0.13_ms100,$t_0$,200.0,cfl,6.62708780795957,10.949334084842171
Set B,B4158_D157_a0.13_ms100,$t_0$,200.0,cfl,6.666891977258371,10.773245868484404
Set B,B4158_D157_a0.13_ms100,$t_0$,200.0,cfl,6.706689829437776,10.60023811070223
Set B,B4158_D157_a0.13_ms100,$t_0$,200.0,cfl,6.746487681617182,10.431360072602384
Set B,B4158_D157_a0.13_ms100,$t_0$,200.0,cfl,6.786285533796589,10.267301847033414
Set B,B4158_D157_a0.13_ms100,$t_0$,200.0,cfl,6.826089703095389,10.109066840765063
Set B,B4158_D157_a0.13_ms100,$t_0$,200.0,cfl,6.865887555274795,9.95709603611753
Set B,B4158_D157_a0.13_ms100,$t_0$,200.0,cfl,6.905685407454201,9.811301595509459
Set B,B4158_D157_a0.13_ms100,$t_0$,200.0,cfl,6.9454832596336065,9.66718764241074
Set B,B4158_D157_a0.13_ms100,$t_0$,200.0,cfl,6.985287428932407,9.524453810344847
Set B,B4158_D157_a0.13_ms100,$t_0$,200.0,cfl,7.025085281111814,9.382491068210573
Set B,B4158_D157_a0.13_ms100,$t_0$,200.0,cfl,7.064883133291219,9.240762045011333
Set B,B4158_D157_a0.13_ms100,$t_0$,200.0,cfl,7.104680985470625,9.099055402728453
Set B,B4158_D157_a0.13_ms100,$t_0$,200.0,cfl,7.1444788376500314,8.957015403600602
Set B,B4158_D157_a0.13_ms100,$t_0$,200.0,cfl,7.1842830069488315,8.814598069121173
Set B,B4158_D157_a0.13_ms100,$t_0$,200.0,cfl,7.224080859128238,8.671790384628018
Set B,B4158_D157_a0.13_ms100,$t_0$,200.0,cfl,7.263878711307644,8.52882682274369
Set B,B4158_D157_a0.13_ms100,$t_0$,200.0,cfl,7.30367656348705,8.385623416794344
Set B,B4158_D157_a0.13_ms100,$t_0$,200.0,cfl,7.34348073278585,8.242636135037472
Set B,B4158_D157_a0.13_ms100,$t_0$,200.0,cfl,7.3832785849652565,8.100299708018802
Set B,B4158_D157_a0.13_ms100,$t_0$,200.0,cfl,7.423076437144663,7.959017415923642
Set B,B4158_D157_a0.13_ms100,$t_0$,200.0,cfl,7.462874289324068,7.819955839535767
Set B,B4158_D157_a0.13_ms100,$t_0$,200.0,cfl,7.502678458622867,7.68469575940958
Set B,B4158_D157_a0.13_ms100,$t_0$,200.0,cfl,7.542476310802275,7.554447817098796
Set B,B4158_D157_a0.13_ms100,$t_0$,200.0,cfl,7.5822741629816806,7.429557768677861
Set B,B4158_D157_a0.13_ms100,$t_0$,200.0,cfl,7.622072015161087,7.309805608028014
Set B,B4158_D157_a0.13_ms100,$t_0$,200.0,cfl,7.661869867340493,7.194951637234263
Set B,B4158_D157_a0.13_ms100,$t_0$,200.0,cfl,7.701674036639292,7.084448922261039
Set B,B4158_D157_a0.13_ms100,$t_0$,200.0,cfl,7.741471888818699,6.977522813590731
Set B,B4158_D157_a0.13_ms100,$t_0$,200.0,cfl,7.7812697409981055,6.873671321355696
Set B,B4158_D157_a0.13_ms100,$t_0$,200.0,cfl,7.821067593177512,6.772183466116727
Set B,B4158_D157_a0.13_ms100,$t_0$,200.0,cfl,7.860871762476311,6.672331343568587
Set B,B4158_D157_a0.13_ms100,$t_0$,200.0,cfl,7.900669614655716,6.5734646749281875
Set B,B4158_D157_a0.13_ms100,$t_0$,200.0,cfl,7.940467466835124,6.474944877621247
Set B,B4158_D157_a0.13_ms100,$t_0$,200.0,cfl,7.98026531901453,6.376068148425781
Set B,B4158_D157_a0.13_ms100,$t_0$,200.0,cfl,8.020069488313329,6.275942145351525
Set B,B4158_D157_a0.13_ms100,$t_0$,200.0,cfl,8.059867340492735,6.173612524498299
Set B,B4158_D157_a0.13_ms100,$t_0$,200.0,cfl,8.099665192672141,6.068078277189272
Set B,B4158_D157_a0.13_ms100,$t_0$,200.0,cfl,8.13946304485155,5.957968366014345
Set B,B4158_D157_a0.13_ms100,$t_0$,200.0,cfl,8.179267214150348,5.841976374721154
Set B,B4158_D157_a0.13_ms100,$t_0$,200.0,cfl,8.219065066329753,5.720137930171048
Set B,B4158_D157_a0.13_ms100,$t_0$,200.0,cfl,8.258862918509159,5.593225671001424
Set B,B4158_D157_a0.13_ms100,$t_0$,200.0,cfl,8.298660770688565,5.463049338501966
Set B,B4158_D157_a0.13_ms100,$t_0$,200.0,cfl,8.338458622867973,5.332422001083013
Set B,B4158_D157_a0.13_ms100,$t_0$,200.0,cfl,8.378262792166772,5.204454221512935
Set B,B4158_D157_a0.13_ms100,$t_0$,200.0,cfl,8.418060644346179,5.081867900762097
Set B,B4158_D157_a0.13_ms100,$t_0$,200.0,cfl,8.457858496525585,4.966545353258652
Set B,B4158_D157_a0.13_ms100,$t_0$,200.0,cfl,8.49765634870499,4.85959855136309
Set B,B4158_D157_a0.13_ms100,$t_0$,200.0,cfl,8.53746051800379,4.761178812310356
Set B,B4158_D157_a0.13_ms100,$t_0$,200.0,cfl,8.577258370183197,4.671018321103696
Set B,B4158_D157_a0.13_ms100,$t_0$,200.0,cfl,8.617056222362603,4.588661399767227
Set B,B4158_D157_a0.13_ms100,$t_0$,200.0,cfl,8.656854074542009,4.514161966325365
Set B,B4158_D157_a0.13_ms100,$t_0$,200.0,cfl,8.696658243840808,4.461869864639778
Set B,B4158_D157_a0.13_ms100,$t_0$,200.0,cfl,8.736456096020214,4.4111028717266665
Set B,B4158_D157_a0.13_ms100,$t_0$,200.0,cfl,8.77625394819962,4.3615469690394395
Set B,B4158_D157_a0.13_ms100,$t_0$,200.0,cfl,8.816051800379027,4.313037097568188
Set B,B4158_D157_a0.13_ms100,$t_0$,200.0,cfl,8.855855969677828,4.265285345685499
Set B,B4158_D157_a0.13_ms100,$t_0$,200.0,cfl,8.895653821857234,4.218112856864196
Set B,B4158_D157_a0.13_ms100,$t_0$,200.0,cfl,8.93545167403664,4.171402531202809
Set B,B4158_D157_a0.13_ms100,$t_0$,200.0,cfl,8.975249526216045,4.1249473703023165
Set B,B4158_D157_a0.13_ms100,$t_0$,200.0,cfl,9.015047378395451,4.078597672731849
Set B,B4158_D157_a0.13_ms100,$t_0$,200.0,cfl,9.054851547694252,4.032278198405932
Set B,B4158_D157_a0.13_ms100,$t_0$,200.0,cfl,9.094649399873658,3.985807646574309
Set B,B4158_D157_a0.13_ms100,$t_0$,200.0,cfl,9.134447252053064,3.9390431888990274
Set B,B4158_D157_a0.13_ms100,$t_0$,200.0,cfl,9.17424510423247,3.8917296187173966
Set B,B4158_D157_a0.13_ms100,$t_0$,200.0,cfl,9.21404927353127,3.8437149209937154
Set B,B4158_D157_a0.13_ms100,$t_0$,200.0,cfl,9.253847125710676,3.7947537037118524
Set B,B4158_D157_a0.13_ms100,$t_0$,200.0,cfl,9.293644977890082,3.7446922761568313
Set B,B4158_D157_a0.13_ms100,$t_0$,200.0,cfl,9.333442830069488,3.6933831889420325
Set B,B4158_D157_a0.13_ms100,$t_0$,200.0,cfl,9.373246999368288,3.6406615935050946
Set B,B4158_D157_a0.13_ms100,$t_0$,200.0,cfl,9.413044851547696,3.586361530275847
Set B,B4158_D157_a0.13_ms100,$t_0$,200.0,cfl,9.452842703727102,3.530302837323531
Set B,B4158_D157_a0.13_ms100,$t_0$,200.0,cfl,9.492640555906506,3.472517825000959
Set B,B4158_D157_a0.13_ms100,$t_0$,200.0,cfl,9.532438408085913,3.412956383904996
Set B,B4158_D157_a0.13_ms100,$t_0$,200.0,cfl,9.572242577384712,3.3516155042780467
Set B,B4158_D157_a0.13_ms100,$t_0$,200.0,cfl,9.61204042956412,3.2885802470500103
Set B,B4158_D157_a0.13_ms100,$t_0$,200.0,cfl,9.651838281743526,3.223983363963732
Set B,B4158_D157_a0.13_ms100,$t_0$,200.0,cfl,9.691636133922932,3.158036923251643
Set B,B4158_D157_a0.13_ms100,$t_0$,200.0,cfl,9.731440303221731,3.091031923410121
Set B,B4158_D157_a0.13_ms100,$t_0$,200.0,cfl,9.771238155401138,3.02332946784185
Set B,B4158_D157_a0.13_ms100,$t_0$,200.0,cfl,9.811036007580544,2.9553613656588555
Set B,B4158_D157_a0.13_ms100,$t_0$,200.0,cfl,9.85083385975995,2.887604331706556
Set B,B4158_D157_a0.13_ms100,$t_0$,200.0,cfl,9.89063802905875,2.8207435991158496
Set B,B4158_D157_a0.13_ms100,$t_0$,200.0,cfl,9.930435881238155,2.7552977807278443
Set B,B4158_D157_a0.13_ms100,$t_0$,200.0,cfl,9.970233733417562,2.6913960952147846
Set B,B4158_D157_a0.13_ms100,$t_0$,200.0,cfl,10.010031585596968,2.6293862938516135
Set B,B4158_D157_a0.13_ms100,$t_0$,200.0,cfl,10.049835754895767,2.569644997591961
Set B,B4158_D157_a0.13_ms100,$t_0$,200.0,cfl,10.089633607075173,2.5123625173549664
Set B,B4158_D157_a0.13_ms100,$t_0$,200.0,cfl,10.12943145925458,2.45774504552966
Set B,B4158_D157_a0.13_ms100,$t_0$,200.0,cfl,10.169229311433986,2.4058289090425036
Set B,B4158_D157_a0.13_ms100,$t_0$,200.0,cfl,10.209027163613394,2.3566903908922967
Set B,B4158_D157_a0.13_ms100,$t_0$,200.0,cfl,10.248831332912193,2.310249522104043
Set B,B4158_D157_a0.13_ms100,$t_0$,200.0,cfl,10.288629185091597,2.2664656138681187
Set B,B4158_D157_a0.13_ms100,$t_0$,200.0,cfl,10.328427037271004,2.2252473679835454
Set B,B4158_D157_a0.13_ms100,$t_0$,200.0,cfl,10.36822488945041,2.186469602339763
Set B,B4158_D157_a0.13_ms100,$t_0$,200.0,cfl,10.40802905874921,2.1499348044480096
Set B,B4158_D157_a0.13_ms100,$t_0$,200.0,cfl,10.447826910928617,2.1156311305861855
Set B,B4158_D157_a0.13_ms100,$t_0$,200.0,cfl,10.487624763108023,2.083315985357115
Set B,B4158_D157_a0.13_ms100,$t_0$,200.0,cfl,10.52742261528743,2.05290407954851
Set B,B4158_D157_a0.13_ms100,$t_0$,200.0,cfl,10.567226784586229,2.0243467915647266
Set B,B4158_D157_a0.13_ms100,$t_0$,200.0,cfl,10.607024636765635,1.9974766024747235
Set B,B4158_D157_a0.13_ms100,$t_0$,200.0,cfl,10.646822488945041,1.972187301757039
Set B,B4158_D157_a0.13_ms100,$t_0$,200.0,cfl,10.686620341124447,1.9483089842570975
Set B,B4158_D157_a0.13_ms100,$t_0$,200.0,cfl,10.726424510423248,1.9257285545408234
Set B,B4158_D157_a0.13_ms100,$t_0$,200.0,cfl,10.766222362602655,1.904345610486677
Set B,B4158_D157_a0.13_ms100,$t_0$,200.0,cfl,10.806020214782059,1.8840413919739794
Set B,B4158_D157_a0.13_ms100,$t_0$,200.0,cfl,10.845818066961465,1.864742176844386
Set B,B4158_D157_a0.13_ms100,$t_0$,200.0,cfl,10.885615919140871,1.8463722012900627
Set B,B4158_D157_a0.13_ms100,$t_0$,200.0,cfl,10.925420088439672,1.8288639688878598
Set B,B4158_D157_a0.13_ms100,$t_0$,200.0,cfl,10.965217940619079,1.8121574949961974
Set B,B4158_D157_a0.13_ms100,$t_0$,200.0,cfl,11.005015792798485,1.7961971927627132
Set B,B4158_D157_a0.13_ms100,$t_0$,200.0,cfl,11.044813644977891,1.7809356017697495
Set B,B4158_D157_a0.13_ms100,$t_0$,200.0,cfl,11.08461781427669,1.766326466394594
Set B,B4158_D157_a0.13_ms100,$t_0$,200.0,cfl,11.124415666456096,1.7523312305820928
Set B,B4158_D157_a0.13_ms100,$t_0$,200.0,cfl,11.164213518635503,1.73890331483892
Set B,B4158_D157_a0.13_ms100,$t_0$,200.0,cfl,11.204011370814909,1.726025314520777
Set B,B4158_D157_a0.13_ms100,$t_0$,200.0,cfl,11.243815540113708,1.713650309886976
Set B,B4158_D157_a0.13_ms100,$t_0$,200.0,cfl,11.283613392293114,1.7017579428604164
Set B,B4158_D157_a0.13_ms100,$t_0$,200.0,cfl,11.32341124447252,1.6900226724694423
Set B,B4158_D157_a0.13_ms100,$t_0$,200.0,cfl,11.363209096651927,1.6784979281180599
Set B,B4158_D157_a0.13_ms100,$t_0$,200.0,cfl,11.403006948831333,1.6673837270013827
Set B,B4158_D157_a0.13_ms100,$t_0$,200.0,cfl,11.442811118130132,1.6566609691217133
Set B,B4158_D157_a0.13_ms100,$t_0$,200.0,cfl,11.482608970309538,1.6463067649973433
Set B,B4158_D157_a0.13_ms100,$t_0$,200.0,cfl,11.522406822488946,1.6363846421085286
Set B,B4158_D157_a0.13_ms100,$t_0$,200.0,cfl,11.562204674668353,1.626816115964647
Set B,B4158_D157_a0.13_ms100,$t_0$,200.0,cfl,11.602008843967152,1.6176736570520422
Set B,B4158_D157_a0.13_ms100,$t_0$,200.0,cfl,11.641806696146556,1.608839321511918
Set B,B4158_D157_a0.13_ms100,$t_0$,200.0,cfl,11.681604548325963,1.6002877731093974
Set B,B4158_D157_a0.13_ms100,$t_0$,200.0,cfl,11.72140240050537,1.5920024870378675
Set B,B4158_D157_a0.13_ms100,$t_0$,200.0,cfl,11.76120656980417,1.5839773838127944
Set B,B4158_D157_a0.13_ms100,$t_0$,200.0,cfl,11.801004421983576,1.576199277513709
Set B,B4158_D157_a0.13_ms100,$t_0$,200.0,cfl,11.840802274162982,1.5686583438247812
Set B,B4158_D157_a0.13_ms100,$t_0$,200.0,cfl,11.880600126342388,1.5613479159922565
Set B,B4158_D157_a0.13_ms100,$t_0$,200.0,cfl,11.920404295641188,1.5542574066185104
Set B,B4158_D157_a0.13_ms100,$t_0$,200.0,cfl,11.960202147820594,1.5473775492061785
Set B,B4158_D157_a0.13_ms100,$t_0$,200.0,cfl,12.0,1.5407034865065432
Set B,B4158_D157_a0.13_ms100,$t_0$,200.0,unpCFL,1.0551838281743526,99.6876317815925
Set B,B4158_D157_a0.13_ms100,$t_0$,200.0,unpCFL,1.0949835754895767,98.75569814304478
Set B,B4158_D157_a0.13_ms100,$t_0$,200.0,unpCFL,1.1347826910928616,97.81939506163542
Set B,B4158_D157_a0.13_ms100,$t_0$,200.0,unpCFL,1.1745818066961466,96.87765062864258
Set B,B4158_D157_a0.13_ms100,$t_0$,200.0,unpCFL,1.214381554011371,95.92948639182545
Set B,B4158_D157_a0.13_ms100,$t_0$,200.0,unpCFL,1.2541806696146558,94.97378069232686
Set B,B4158_D157_a0.13_ms100,$t_0$,200.0,unpCFL,1.2939797852179407,94.00954689856887
Set B,B4158_D157_a0.13_ms100,$t_0$,200.0,unpCFL,1.333779532533165,93.03558651659188
Set B,B4158_D157_a0.13_ms100,$t_0$,200.0,unpCFL,1.3735786481364498,92.05078006725131
Set B,B4158_D157_a0.13_ms100,$t_0$,200.0,unpCFL,1.413377763739735,91.05395100060485
Set B,B4158_D157_a0.13_ms100,$t_0$,200.0,unpCFL,1.453177511054959,90.04378190753836
Set B,B4158_D157_a0.13_ms100,$t_0$,200.0,unpCFL,1.4929766266582438,89.01899676842511
Set B,B4158_D157_a0.13_ms100,$t_0$,200.0,unpCFL,1.532775742261529,87.97835433639004
Set B,B4158_D157_a0.13_ms100,$t_0$,200.0,unpCFL,1.5725754895767532,86.92050113670945
Set B,B4158_D157_a0.13_ms100,$t_0$,200.0,unpCFL,1.6123746051800378,85.84404824099151
Set B,B4158_D157_a0.13_ms100,$t_0$,200.0,unpCFL,1.652173720783323,84.74766556316074
Set B,B4158_D157_a0.13_ms100,$t_0$,200.0,unpCFL,1.6919734680985472,83.63012564009446
Set B,B4158_D157_a0.13_ms100,$t_0$,200.0,unpCFL,1.7317725837018318,82.49011068793845
Set B,B4158_D157_a0.13_ms100,$t_0$,200.0,unpCFL,1.771571699305117,81.32657271979599
Set B,B4158_D157_a0.13_ms100,$t_0$,200.0,unpCFL,1.8113714466203412,80.13863975181228
Set B,B4158_D157_a0.13_ms100,$t_0$,200.0,unpCFL,1.8511705622236259,78.92557986219909
Set B,B4158_D157_a0.13_ms100,$t_0$,200.0,unpCFL,1.890969677826911,77.68703254577613
Set B,B4158_D157_a0.13_ms100,$t_0$,200.0,unpCFL,1.9307694251421352,76.42308217731309
Set B,B4158_D157_a0.13_ms100,$t_0$,200.0,unpCFL,1.9705685407454203,75.13432524838026
Set B,B4158_D157_a0.13_ms100,$t_0$,200.0,unpCFL,2.010367656348705,73.82190351604217
Set B,B4158_D157_a0.13_ms100,$t_0$,200.0,unpCFL,2.050167403663929,72.48794114569408
Set B,B4158_D157_a0.13_ms100,$t_0$,200.0,unpCFL,2.089966519267214,71.13494396064338
Set B,B4158_D157_a0.13_ms100,$t_0$,200.0,unpCFL,2.129765634870499,69.76645987144812
Set B,B4158_D157_a0.13_ms100,$t_0$,200.0,unpCFL,2.169565382185723,68.386527331842
Set B,B4158_D157_a0.13_ms100,$t_0$,200.0,unpCFL,2.209364497789008,67.00024315354409
Set B,B4158_D157_a0.13_ms100,$t_0$,200.0,unpCFL,2.249163613392293,65.61265080426982
Set B,B4158_D157_a0.13_ms100,$t_0$,200.0,unpCFL,2.2889633607075175,64.22948342863975
Set B,B4158_D157_a0.13_ms100,$t_0$,200.0,unpCFL,2.328762476310802,62.85615896896723
Set B,B4158_D157_a0.13_ms100,$t_0$,200.0,unpCFL,2.368561591914087,61.49801910250719
Set B,B4158_D157_a0.13_ms100,$t_0$,200.0,unpCFL,2.4083613392293115,60.159749358248405
Set B,B4158_D157_a0.13_ms100,$t_0$,200.0,unpCFL,2.448160454832596,58.845478851967165
Set B,B4158_D157_a0.13_ms100,$t_0$,200.0,unpCFL,2.4879595704358817,57.55871919654193
Set B,B4158_D157_a0.13_ms100,$t_0$,200.0,unpCFL,2.5277593177511055,56.30195939145163
Set B,B4158_D157_a0.13_ms100,$t_0$,200.0,unpCFL,2.56755843335439,55.07707672756159
Set B,B4158_D157_a0.13_ms100,$t_0$,200.0,unpCFL,2.6073575489576757,53.885034644314395
Set B,B4158_D157_a0.13_ms100,$t_0$,200.0,unpCFL,2.6471572962728995,52.72700901557304
Set B,B4158_D157_a0.13_ms100,$t_0$,200.0,unpCFL,2.686956411876184,51.603112708026075
Set B,B4158_D157_a0.13_ms100,$t_0$,200.0,unpCFL,2.726756159191409,50.512370654132646
Set B,B4158_D157_a0.13_ms100,$t_0$,200.0,unpCFL,2.7665552747946935,49.45409000902688
Set B,B4158_D157_a0.13_ms100,$t_0$,200.0,unpCFL,2.8063543903979786,48.42781314689683
Set B,B4158_D157_a0.13_ms100,$t_0$,200.0,unpCFL,2.846154137713203,47.43323350474014
Set B,B4158_D157_a0.13_ms100,$t_0$,200.0,unpCFL,2.8859532533164876,46.46865893137338
Set B,B4158_D157_a0.13_ms100,$t_0$,200.0,unpCFL,2.9257523689197726,45.53277627910927
Set B,B4158_D157_a0.13_ms100,$t_0$,200.0,unpCFL,2.965552116234997,44.62505684097746
Set B,B4158_D157_a0.13_ms100,$t_0$,200.0,unpCFL,3.0053512318382816,43.743501303719
Set B,B4158_D157_a0.13_ms100,$t_0$,200.0,unpCFL,3.0451503474415667,42.887672473462516
Set B,B4158_D157_a0.13_ms100,$t_0$,200.0,unpCFL,3.084950094756791,42.05645797626589
Set B,B4158_D157_a0.13_ms100,$t_0$,200.0,unpCFL,3.124749210360076,41.248786115850166
Set B,B4158_D157_a0.13_ms100,$t_0$,200.0,unpCFL,3.1645483259633607,40.46318380139016
Set B,B4158_D157_a0.13_ms100,$t_0$,200.0,unpCFL,3.204348073278585,39.69972050010209
Set B,B4158_D157_a0.13_ms100,$t_0$,200.0,unpCFL,3.2441471888818696,38.956608010167244
Set B,B4158_D157_a0.13_ms100,$t_0$,200.0,unpCFL,3.283946304485155,38.23289505480506
Set B,B4158_D157_a0.13_ms100,$t_0$,200.0,unpCFL,3.323746051800379,37.528498882403206
Set B,B4158_D157_a0.13_ms100,$t_0$,200.0,unpCFL,3.3635451674036636,36.84225679902509
Set B,B4158_D157_a0.13_ms100,$t_0$,200.0,unpCFL,3.403344283006949,36.17316975028408
Set B,B4158_D157_a0.13_ms100,$t_0$,200.0,unpCFL,3.443144030322173,35.52129212161513
Set B,B4158_D157_a0.13_ms100,$t_0$,200.0,unpCFL,3.4829431459254576,34.885540536773405
Set B,B4158_D157_a0.13_ms100,$t_0$,200.0,unpCFL,3.522742261528743,34.26565263206995
Set B,B4158_D157_a0.13_ms100,$t_0$,200.0,unpCFL,3.562542008843967,33.66077372483146
Set B,B4158_D157_a0.13_ms100,$t_0$,200.0,unpCFL,3.6023411244472525,33.06995735283701
Set B,B4158_D157_a0.13_ms100,$t_0$,200.0,unpCFL,3.642140240050537,32.49353621058591
Set B,B4158_D157_a0.13_ms100,$t_0$,200.0,unpCFL,3.681939987365761,31.93100634606086
Set B,B4158_D157_a0.13_ms100,$t_0$,200.0,unpCFL,3.7217391029690465,31.3816089854145
Set B,B4158_D157_a0.13_ms100,$t_0$,200.0,unpCFL,3.761538218572331,30.845033859913805
Set B,B4158_D157_a0.13_ms100,$t_0$,200.0,unpCFL,3.801337965887555,30.320734425396424
Set B,B4158_D157_a0.13_ms100,$t_0$,200.0,unpCFL,3.8411370814908405,29.8085997060935
Set B,B4158_D157_a0.13_ms100,$t_0$,200.0,unpCFL,3.880936197094125,29.30868220790904
Set B,B4158_D157_a0.13_ms100,$t_0$,200.0,unpCFL,3.92073594440935,28.820081610928423
Set B,B4158_D157_a0.13_ms100,$t_0$,200.0,unpCFL,3.9605350600126346,28.342677900843036
Set B,B4158_D157_a0.13_ms100,$t_0$,200.0,unpCFL,4.00033417561592,27.876493126614264
Set B,B4158_D157_a0.13_ms100,$t_0$,200.0,unpCFL,4.040133922931144,27.42092464238402
Set B,B4158_D157_a0.13_ms100,$t_0$,200.0,unpCFL,4.079933038534429,26.97610662679392
Set B,B4158_D157_a0.13_ms100,$t_0$,200.0,unpCFL,4.119732154137713,26.541691776584603
Set B,B4158_D157_a0.13_ms100,$t_0$,200.0,unpCFL,4.1595319014529375,26.11693370232458
Set B,B4158_D157_a0.13_ms100,$t_0$,200.0,unpCFL,4.199331017056222,25.702529749872483
Set B,B4158_D157_a0.13_ms100,$t_0$,200.0,unpCFL,4.239130132659508,25.297735918911375
Set B,B4158_D157_a0.13_ms100,$t_0$,200.0,unpCFL,4.278929879974732,24.90259455364758
Set B,B4158_D157_a0.13_ms100,$t_0$,200.0,unpCFL,4.318728995578017,24.517064759332484
Set B,B4158_D157_a0.13_ms100,$t_0$,200.0,unpCFL,4.358528742893241,24.14067330312399
Set B,B4158_D157_a0.13_ms100,$t_0$,200.0,unpCFL,4.3983278584965255,23.77342992744418
Set B,B4158_D157_a0.13_ms100,$t_0$,200.0,unpCFL,4.43812697409981,23.43382031507392
Set B,B4158_D157_a0.13_ms100,$t_0$,200.0,unpCFL,4.477926721415035,22.960179234910463
Set B,B4158_D157_a0.13_ms100,$t_0$,200.0,unpCFL,4.51772583701832,22.773359511342523
Set B,B4158_D157_a0.13_ms100,$t_0$,200.0,unpCFL,4.557524952621605,22.781527358425144
Set B,B4158_D157_a0.13_ms100,$t_0$,200.0,unpCFL,4.597324699936829,22.773569940273106
Set B,B4158_D157_a0.13_ms100,$t_0$,200.0,unpCFL,4.6371238155401135,22.761978233497867
Set B,B4158_D157_a0.13_ms100,$t_0$,200.0,unpCFL,4.676922931143398,22.75070439157268
Set B,B4158_D157_a0.13_ms100,$t_0$,200.0,unpCFL,4.716722678458623,22.739034765376225
Set B,B4158_D157_a0.13_ms100,$t_0$,200.0,unpCFL,4.756521794061908,22.726959620878947
Set B,B4158_D157_a0.13_ms100,$t_0$,200.0,unpCFL,4.796320909665193,22.714565398777896
Set B,B4158_D157_a0.13_ms100,$t_0$,200.0,unpCFL,4.836120656980417,22.701782030205358
Set B,B4158_D157_a0.13_ms100,$t_0$,200.0,unpCFL,4.875919772583702,22.688671512532633
Set B,B4158_D157_a0.13_ms100,$t_0$,200.0,unpCFL,4.915718888186986,22.675193950787147
Set B,B4158_D157_a0.13_ms100,$t_0$,200.0,unpCFL,4.955518635502211,22.661340398381437
Set B,B4158_D157_a0.13_ms100,$t_0$,200.0,unpCFL,4.995317751105496,22.647153604042206
Set B,B4158_D157_a0.13_ms100,$t_0$,200.0,unpCFL,5.035116866708781,22.632599906224698
Set B,B4158_D157_a0.13_ms100,$t_0$,200.0,unpCFL,5.074916614024005,22.61766980188071
Set B,B4158_D157_a0.13_ms100,$t_0$,200.0,unpCFL,5.11471572962729,22.602386805039878
Set B,B4158_D157_a0.13_ms100,$t_0$,200.0,unpCFL,5.154514845230575,22.586742483199533
Set B,B4158_D157_a0.13_ms100,$t_0$,200.0,unpCFL,5.194314592545799,22.570699723944337
Set B,B4158_D157_a0.13_ms100,$t_0$,200.0,unpCFL,5.234113708149084,22.55430305428891
Set B,B4158_D157_a0.13_ms100,$t_0$,200.0,unpCFL,5.273912823752369,22.53751796677777
Set B,B4158_D157_a0.13_ms100,$t_0$,200.0,unpCFL,5.313712571067593,22.52033401768505
Set B,B4158_D157_a0.13_ms100,$t_0$,200.0,unpCFL,5.353511686670878,22.502757717226782
Set B,B4158_D157_a0.13_ms100,$t_0$,200.0,unpCFL,5.393310802274163,22.484742393711322
Set B,B4158_D157_a0.13_ms100,$t_0$,200.0,unpCFL,5.433110549589387,22.46632812102907
Set B,B4158_D157_a0.13_ms100,$t_0$,200.0,unpCFL,5.472909665192672,22.447520347176017
Set B,B4158_D157_a0.13_ms100,$t_0$,200.0,unpCFL,5.512708780795958,22.42825938025265
Set B,B4158_D157_a0.13_ms100,$t_0$,200.0,unpCFL,5.552508528111181,22.408540765187563
Set B,B4158_D157_a0.13_ms100,$t_0$,200.0,unpCFL,5.592307643714466,22.388367810928276
Set B,B4158_D157_a0.13_ms100,$t_0$,200.0,unpCFL,5.632106759317751,22.36770815660137
Set B,B4158_D157_a0.13_ms100,$t_0$,200.0,unpCFL,5.6719065066329755,22.346537276326305
Set B,B4158_D157_a0.13_ms100,$t_0$,200.0,unpCFL,5.711705622236261,22.324859432885916
Set B,B4158_D157_a0.13_ms100,$t_0$,200.0,unpCFL,5.751504737839546,22.302628705236756
Set B,B4158_D157_a0.13_ms100,$t_0$,200.0,unpCFL,5.791304485154769,22.279881485097718
Set B,B4158_D157_a0.13_ms100,$t_0$,200.0,unpCFL,5.831103600758055,22.25656204449792
Set B,B4158_D157_a0.13_ms100,$t_0$,200.0,unpCFL,5.870902716361339,22.232634897971742
Set B,B4158_D157_a0.13_ms100,$t_0$,200.0,unpCFL,5.9107024636765635,22.208129224824923
Set B,B4158_D157_a0.13_ms100,$t_0$,200.0,unpCFL,5.950501579279849,22.183005211431635
Set B,B4158_D157_a0.13_ms100,$t_0$,200.0,unpCFL,5.990300694883134,22.157208835017947
Set B,B4158_D157_a0.13_ms100,$t_0$,200.0,unpCFL,6.030100442198358,22.130761779689205
Set B,B4158_D157_a0.13_ms100,$t_0$,200.0,unpCFL,6.069899557801643,22.10366579927662
Set B,B4158_D157_a0.13_ms100,$t_0$,200.0,unpCFL,6.109699305116867,22.075856904156467
Set B,B4158_D157_a0.13_ms100,$t_0$,200.0,unpCFL,6.149498420720152,22.04734590241207
Set B,B4158_D157_a0.13_ms100,$t_0$,200.0,unpCFL,6.189297536323437,22.018062408172444
Set B,B4158_D157_a0.13_ms100,$t_0$,200.0,unpCFL,6.22909728363866,21.988061143487556
Set B,B4158_D157_a0.13_ms100,$t_0$,200.0,unpCFL,6.268896399241946,21.957288263952798
Set B,B4158_D157_a0.13_ms100,$t_0$,200.0,unpCFL,6.308695514845231,21.925738414585233
Set B,B4158_D157_a0.13_ms100,$t_0$,200.0,unpCFL,6.348496525584333,21.89340175813983
Set B,B4158_D157_a0.13_ms100,$t_0$,200.0,unpCFL,6.3882943777637395,21.86029343510596
Set B,B4158_D157_a0.13_ms100,$t_0$,200.0,unpCFL,6.428092229943147,21.826275489911094
Set B,B4158_D157_a0.13_ms100,$t_0$,200.0,unpCFL,6.467890082122553,21.791499847504998
Set B,B4158_D157_a0.13_ms100,$t_0$,200.0,unpCFL,6.507694251421352,21.755825558456916
Set B,B4158_D157_a0.13_ms100,$t_0$,200.0,unpCFL,6.547492103600758,21.719267170750776
Set B,B4158_D157_a0.13_ms100,$t_0$,200.0,unpCFL,6.587289955780164,21.68183994586386
Set B,B4158_D157_a0.13_ms100,$t_0$,200.0,unpCFL,6.62708780795957,21.64349197183001
Set B,B4158_D157_a0.13_ms100,$t_0$,200.0,unpCFL,6.666891977258371,21.60425402038549
Set B,B4158_D157_a0.13_ms100,$t_0$,200.0,unpCFL,6.706689829437776,21.564135069632417
Set B,B4158_D157_a0.13_ms100,$t_0$,200.0,unpCFL,6.746487681617182,21.523034028012052
Set B,B4158_D157_a0.13_ms100,$t_0$,200.0,unpCFL,6.786285533796589,21.48097325011592
Set B,B4158_D157_a0.13_ms100,$t_0$,200.0,unpCFL,6.826089703095389,21.437980172093702
Set B,B4158_D157_a0.13_ms100,$t_0$,200.0,unpCFL,6.865887555274795,21.39400417938008
Set B,B4158_D157_a0.13_ms100,$t_0$,200.0,unpCFL,6.905685407454201,21.34900630461892
Set B,B4158_D157_a0.13_ms100,$t_0$,200.0,unpCFL,6.9454832596336065,21.303011847993368
Set B,B4158_D157_a0.13_ms100,$t_0$,200.0,unpCFL,6.985287428932407,21.25604044466268
Set B,B4158_D157_a0.13_ms100,$t_0$,200.0,unpCFL,7.025085281111814,21.2079839995002
Set B,B4158_D157_a0.13_ms100,$t_0$,200.0,unpCFL,7.064883133291219,21.158900269536975
Set B,B4158_D157_a0.13_ms100,$t_0$,200.0,unpCFL,7.104680985470625,21.108761988930183
Set B,B4158_D157_a0.13_ms100,$t_0$,200.0,unpCFL,7.1444788376500314,21.057578663227673
Set B,B4158_D157_a0.13_ms100,$t_0$,200.0,unpCFL,7.1842830069488315,21.00521529170701
Set B,B4158_D157_a0.13_ms100,$t_0$,200.0,unpCFL,7.224080859128238,20.951814664651028
Set B,B4158_D157_a0.13_ms100,$t_0$,200.0,unpCFL,7.263878711307644,20.89731258662221
Set B,B4158_D157_a0.13_ms100,$t_0$,200.0,unpCFL,7.30367656348705,20.84164147566084
Set B,B4158_D157_a0.13_ms100,$t_0$,200.0,unpCFL,7.34348073278585,20.7848268543281
Set B,B4158_D157_a0.13_ms100,$t_0$,200.0,unpCFL,7.3832785849652565,20.72689071189188
Set B,B4158_D157_a0.13_ms100,$t_0$,200.0,unpCFL,7.423076437144663,20.667704841941966
Set B,B4158_D157_a0.13_ms100,$t_0$,200.0,unpCFL,7.462874289324068,20.607366702337583
Set B,B4158_D157_a0.13_ms100,$t_0$,200.0,unpCFL,7.502678458622867,20.545730016398196
Set B,B4158_D157_a0.13_ms100,$t_0$,200.0,unpCFL,7.542476310802275,20.48293925043303
Set B,B4158_D157_a0.13_ms100,$t_0$,200.0,unpCFL,7.5822741629816806,20.41891677754009
Set B,B4158_D157_a0.13_ms100,$t_0$,200.0,unpCFL,7.622072015161087,20.35358871572043
Set B,B4158_D157_a0.13_ms100,$t_0$,200.0,unpCFL,7.661869867340493,20.286996100653273
Set B,B4158_D157_a0.13_ms100,$t_0$,200.0,unpCFL,7.701674036639292,20.219099034606003
Set B,B4158_D157_a0.13_ms100,$t_0$,200.0,unpCFL,7.741471888818699,20.149894659501538
Set B,B4158_D157_a0.13_ms100,$t_0$,200.0,unpCFL,7.7812697409981055,20.079361355313917
Set B,B4158_D157_a0.13_ms100,$t_0$,200.0,unpCFL,7.821067593177512,20.007393868505353
Set B,B4158_D157_a0.13_ms100,$t_0$,200.0,unpCFL,7.860871762476311,19.93415048940725
Set B,B4158_D157_a0.13_ms100,$t_0$,200.0,unpCFL,7.900669614655716,19.859453104742965
Set B,B4158_D157_a0.13_ms100,$t_0$,200.0,unpCFL,7.940467466835124,19.783352922700413
Set B,B4158_D157_a0.13_ms100,$t_0$,200.0,unpCFL,7.98026531901453,19.705911114312283
Set B,B4158_D157_a0.13_ms100,$t_0$,200.0,unpCFL,8.020069488313329,19.62698051231418
Set B,B4158_D157_a0.13_ms100,$t_0$,200.0,unpCFL,8.059867340492735,19.546659391277018
Set B,B4158_D157_a0.13_ms100,$t_0$,200.0,unpCFL,8.099665192672141,19.46494529834598
Set B,B4158_D157_a0.13_ms100,$t_0$,200.0,unpCFL,8.13946304485155,19.38171856123672
Set B,B4158_D157_a0.13_ms100,$t_0$,200.0,unpCFL,8.179267214150348,19.29700448960818
Set B,B4158_D157_a0.13_ms100,$t_0$,200.0,unpCFL,8.219065066329753,19.21086859732407
Set B,B4158_D157_a0.13_ms100,$t_0$,200.0,unpCFL,8.258862918509159,19.123232374643255
Set B,B4158_D157_a0.13_ms100,$t_0$,200.0,unpCFL,8.298660770688565,19.03411857444107
Set B,B4158_D157_a0.13_ms100,$t_0$,200.0,unpCFL,8.338458622867973,18.943407544549498
Set B,B4158_D157_a0.13_ms100,$t_0$,200.0,unpCFL,8.378262792166772,18.851301194291786
Set B,B4158_D157_a0.13_ms100,$t_0$,200.0,unpCFL,8.418060644346179,18.757536871996596
Set B,B4158_D157_a0.13_ms100,$t_0$,200.0,unpCFL,8.457858496525585,18.66227622241318
Set B,B4158_D157_a0.13_ms100,$t_0$,200.0,unpCFL,8.49765634870499,18.565325169395297
Set B,B4158_D157_a0.13_ms100,$t_0$,200.0,unpCFL,8.53746051800379,18.46694254448914
Set B,B4158_D157_a0.13_ms100,$t_0$,200.0,unpCFL,8.577258370183197,18.366852146703664
Set B,B4158_D157_a0.13_ms100,$t_0$,200.0,unpCFL,8.617056222362603,18.265111555599553
Set B,B4158_D157_a0.13_ms100,$t_0$,200.0,unpCFL,8.656854074542009,18.161825710505312
Set B,B4158_D157_a0.13_ms100,$t_0$,200.0,unpCFL,8.696658243840808,18.056729820716413
Set B,B4158_D157_a0.13_ms100,$t_0$,200.0,unpCFL,8.736456096020214,17.950050572340125
Set B,B4158_D157_a0.13_ms100,$t_0$,200.0,unpCFL,8.77625394819962,17.84164095026549
Set B,B4158_D157_a0.13_ms100,$t_0$,200.0,unpCFL,8.816051800379027,17.7314788481827
Set B,B4158_D157_a0.13_ms100,$t_0$,200.0,unpCFL,8.855855969677828,17.61947095428317
Set B,B4158_D157_a0.13_ms100,$t_0$,200.0,unpCFL,8.895653821857234,17.505706752459897
Set B,B4158_D157_a0.13_ms100,$t_0$,200.0,unpCFL,8.93545167403664,17.390145884371353
Set B,B4158_D157_a0.13_ms100,$t_0$,200.0,unpCFL,8.975249526216045,17.27269386208422
Set B,B4158_D157_a0.13_ms100,$t_0$,200.0,unpCFL,9.015047378395451,17.153322874921475
Set B,B4158_D157_a0.13_ms100,$t_0$,200.0,unpCFL,9.054851547694252,17.032151887488496
Set B,B4158_D157_a0.13_ms100,$t_0$,200.0,unpCFL,9.094649399873658,16.909044550136066
Set B,B4158_D157_a0.13_ms100,$t_0$,200.0,unpCFL,9.134447252053064,16.784055925500045
Set B,B4158_D157_a0.13_ms100,$t_0$,200.0,unpCFL,9.17424510423247,16.6570530971844
Set B,B4158_D157_a0.13_ms100,$t_0$,200.0,unpCFL,9.21404927353127,16.528192296582525
Set B,B4158_D157_a0.13_ms100,$t_0$,200.0,unpCFL,9.253847125710676,16.397424556349943
Set B,B4158_D157_a0.13_ms100,$t_0$,200.0,unpCFL,9.293644977890082,16.264675210062496
Set B,B4158_D157_a0.13_ms100,$t_0$,200.0,unpCFL,9.333442830069488,16.13006094193037
Set B,B4158_D157_a0.13_ms100,$t_0$,200.0,unpCFL,9.373246999368288,15.993584632101697
Set B,B4158_D157_a0.13_ms100,$t_0$,200.0,unpCFL,9.413044851547696,15.855174386912578
Set B,B4158_D157_a0.13_ms100,$t_0$,200.0,unpCFL,9.452842703727102,15.714997932794434
Set B,B4158_D157_a0.13_ms100,$t_0$,200.0,unpCFL,9.492640555906506,15.572934956600156
Set B,B4158_D157_a0.13_ms100,$t_0$,200.0,unpCFL,9.532438408085913,15.429084755008624
Set B,B4158_D157_a0.13_ms100,$t_0$,200.0,unpCFL,9.572242577384712,15.283428086434064
Set B,B4158_D157_a0.13_ms100,$t_0$,200.0,unpCFL,9.61204042956412,15.135698563717984
Set B,B4158_D157_a0.13_ms100,$t_0$,200.0,unpCFL,9.651838281743526,14.986091734236341
Set B,B4158_D157_a0.13_ms100,$t_0$,200.0,unpCFL,9.691636133922932,14.834191418795927
Set B,B4158_D157_a0.13_ms100,$t_0$,200.0,unpCFL,9.731440303221731,14.679958531988907
Set B,B4158_D157_a0.13_ms100,$t_0$,200.0,unpCFL,9.771238155401138,14.522500279591101
Set B,B4158_D157_a0.13_ms100,$t_0$,200.0,unpCFL,9.811036007580544,14.36215517355713
Set B,B4158_D157_a0.13_ms100,$t_0$,200.0,unpCFL,9.85083385975995,14.199135535865002
Set B,B4158_D157_a0.13_ms100,$t_0$,200.0,unpCFL,9.89063802905875,14.033419432646136
Set B,B4158_D157_a0.13_ms100,$t_0$,200.0,unpCFL,9.930435881238155,13.86516229170403
Set B,B4158_D157_a0.13_ms100,$t_0$,200.0,unpCFL,9.970233733417562,13.694406601329172
Set B,B4158_D157_a0.13_ms100,$t_0$,200.0,unpCFL,10.010031585596968,13.521739287622442
Set B,B4158_D157_a0.13_ms100,$t_0$,200.0,unpCFL,10.049835754895767,13.347265337031443
Set B,B4158_D157_a0.13_ms100,$t_0$,200.0,unpCFL,10.089633607075173,13.171320712224594
Set B,B4158_D157_a0.13_ms100,$t_0$,200.0,unpCFL,10.12943145925458,12.993993014562804
Set B,B4158_D157_a0.13_ms100,$t_0$,200.0,unpCFL,10.169229311433986,12.815140300778566
Set B,B4158_D157_a0.13_ms100,$t_0$,200.0,unpCFL,10.209027163613394,12.634955984665254
Set B,B4158_D157_a0.13_ms100,$t_0$,200.0,unpCFL,10.248831332912193,12.45316252237669
Set B,B4158_D157_a0.13_ms100,$t_0$,200.0,unpCFL,10.288629185091597,12.269637878380442
Set B,B4158_D157_a0.13_ms100,$t_0$,200.0,unpCFL,10.328427037271004,12.083998479875184
Set B,B4158_D157_a0.13_ms100,$t_0$,200.0,unpCFL,10.36822488945041,11.895874629337609
Set B,B4158_D157_a0.13_ms100,$t_0$,200.0,unpCFL,10.40802905874921,11.695613924149942
Set B,B4158_D157_a0.13_ms100,$t_0$,200.0,unpCFL,10.447826910928617,11.500174703525726
Set B,B4158_D157_a0.13_ms100,$t_0$,200.0,unpCFL,10.487624763108023,11.29742690439587
Set B,B4158_D157_a0.13_ms100,$t_0$,200.0,unpCFL,10.52742261528743,11.092892194344753
Set B,B4158_D157_a0.13_ms100,$t_0$,200.0,unpCFL,10.567226784586229,10.884944228871133
Set B,B4158_D157_a0.13_ms100,$t_0$,200.0,unpCFL,10.607024636765635,10.67472044052323
Set B,B4158_D157_a0.13_ms100,$t_0$,200.0,unpCFL,10.646822488945041,10.46325660348913
Set B,B4158_D157_a0.13_ms100,$t_0$,200.0,unpCFL,10.686620341124447,10.252301730517507
Set B,B4158_D157_a0.13_ms100,$t_0$,200.0,unpCFL,10.726424510423248,10.04386004924874
Set B,B4158_D157_a0.13_ms100,$t_0$,200.0,unpCFL,10.766222362602655,9.839311050762285
Set B,B4158_D157_a0.13_ms100,$t_0$,200.0,unpCFL,10.806020214782059,9.637912948922635
Set B,B4158_D157_a0.13_ms100,$t_0$,200.0,unpCFL,10.845818066961465,9.429344119436104
Set B,B4158_D157_a0.13_ms100,$t_0$,200.0,unpCFL,10.885615919140871,9.213608746691888
Set B,B4158_D157_a0.13_ms100,$t_0$,200.0,unpCFL,10.925420088439672,8.98916517300645
Set B,B4158_D157_a0.13_ms100,$t_0$,200.0,unpCFL,10.965217940619079,8.754656775141326
Set B,B4158_D157_a0.13_ms100,$t_0$,200.0,unpCFL,11.005015792798485,8.509241297643902
Set B,B4158_D157_a0.13_ms100,$t_0$,200.0,unpCFL,11.044813644977891,8.252891893394855
Set B,B4158_D157_a0.13_ms100,$t_0$,200.0,unpCFL,11.08461781427669,7.987510142861933
Set B,B4158_D157_a0.13_ms100,$t_0$,200.0,unpCFL,11.124415666456096,7.718707137884573
Set B,B4158_D157_a0.13_ms100,$t_0$,200.0,unpCFL,11.164213518635503,7.465782233319613
Set B,B4158_D157_a0.13_ms100,$t_0$,200.0,unpCFL,11.204011370814909,7.2339577056665
Set B,B4158_D157_a0.13_ms100,$t_0$,200.0,unpCFL,11.243815540113708,7.020408488502626
Set B,B4158_D157_a0.13_ms100,$t_0$,200.0,unpCFL,11.283613392293114,6.820433331269237
Set B,B4158_D157_a0.13_ms100,$t_0$,200.0,unpCFL,11.32341124447252,6.6290935242528075
Set B,B4158_D157_a0.13_ms100,$t_0$,200.0,unpCFL,11.363209096651927,6.441785680651284
Set B,B4158_D157_a0.13_ms100,$t_0$,200.0,unpCFL,11.403006948831333,6.253372009850325
Set B,B4158_D157_a0.13_ms100,$t_0$,200.0,unpCFL,11.442811118130132,6.057859311096673
Set B,B4158_D157_a0.13_ms100,$t_0$,200.0,unpCFL,11.482608970309538,5.8475341225180975
Set B,B4158_D157_a0.13_ms100,$t_0$,200.0,unpCFL,11.522406822488946,5.619773931377872
Set B,B4158_D157_a0.13_ms100,$t_0$,200.0,unpCFL,11.562204674668353,5.383058108580834
Set B,B4158_D157_a0.13_ms100,$t_0$,200.0,unpCFL,11.602008843967152,5.15329495046469
Set B,B4158_D157_a0.13_ms100,$t_0$,200.0,unpCFL,11.641806696146556,4.945543595633479
Set B,B4158_D157_a0.13_ms100,$t_0$,200.0,unpCFL,11.681604548325963,4.764687268627847
Set B,B4158_D157_a0.13_ms100,$t_0$,200.0,unpCFL,11.72140240050537,4.610370772882831
Set B,B4158_D157_a0.13_ms100,$t_0$,200.0,unpCFL,11.76120656980417,4.48772884810482
Set B,B4158_D157_a0.13_ms100,$t_0$,200.0,unpCFL,11.801004421983576,4.3990525515591985
Set B,B4158_D157_a0.13_ms100,$t_0$,200.0,unpCFL,11.840802274162982,4.314464943750354
Set B,B4158_D157_a0.13_ms100,$t_0$,200.0,unpCFL,11.880600126342388,4.232763763526858
Set B,B4158_D157_a0.13_ms100,$t_0$,200.0,unpCFL,11.920404295641188,4.152958891086602
Set B,B4158_D157_a0.13_ms100,$t_0$,200.0,unpCFL,11.960202147820594,4.074229609039588
Set B,B4158_D157_a0.13_ms100,$t_0$,200.0,unpCFL,12.0,3.9959631022104745
Set B,B4158_D157_a0.13_ms100,$t_0$,250.0,unpaired,3.801337965887555,99.90219679805395
Set B,B4158_D157_a0.13_ms100,$t_0$,250.0,unpaired,3.8411370814908405,99.75562083985461
Set B,B4158_D157_a0.13_ms100,$t_0$,250.0,unpaired,3.880936197094125,99.60929493568155
Set B,B4158_D157_a0.13_ms100,$t_0$,250.0,unpaired,3.92073594440935,99.46319088365217
Set B,B4158_D157_a0.13_ms100,$t_0$,250.0,unpaired,3.9605350600126346,99.31723871950251
Set B,B4158_D157_a0.13_ms100,$t_0$,250.0,unpaired,4.00033417561592,99.17131048445445
Set B,B4158_D157_a0.13_ms100,$t_0$,250.0,unpaired,4.040133922931144,99.02535149849268
Set B,B4158_D157_a0.13_ms100,$t_0$,250.0,unpaired,4.079933038534429,98.87952585322166
Set B,B4158_D157_a0.13_ms100,$t_0$,250.0,unpaired,4.119732154137713,98.73341430895707
Set B,B4158_D157_a0.13_ms100,$t_0$,250.0,unpaired,4.1595319014529375,98.58712506776224
Set B,B4158_D157_a0.13_ms100,$t_0$,250.0,unpaired,4.199331017056222,98.44049685365873
Set B,B4158_D157_a0.13_ms100,$t_0$,250.0,unpaired,4.239130132659508,98.29349146603701
Set B,B4158_D157_a0.13_ms100,$t_0$,250.0,unpaired,4.278929879974732,98.14642069126789
Set B,B4158_D157_a0.13_ms100,$t_0$,250.0,unpaired,4.318728995578017,97.99861346623887
Set B,B4158_D157_a0.13_ms100,$t_0$,250.0,unpaired,4.358528742893241,97.85025387671647
Set B,B4158_D157_a0.13_ms100,$t_0$,250.0,unpaired,4.3983278584965255,97.70144792203763
Set B,B4158_D157_a0.13_ms100,$t_0$,250.0,unpaired,4.43812697409981,97.55198675413865
Set B,B4158_D157_a0.13_ms100,$t_0$,250.0,unpaired,4.477926721415035,97.40189031935925
Set B,B4158_D157_a0.13_ms100,$t_0$,250.0,unpaired,4.51772583701832,97.25082091843177
Set B,B4158_D157_a0.13_ms100,$t_0$,250.0,unpaired,4.557524952621605,97.09898256303117
Set B,B4158_D157_a0.13_ms100,$t_0$,250.0,unpaired,4.597324699936829,96.94626492666394
Set B,B4158_D157_a0.13_ms100,$t_0$,250.0,unpaired,4.6371238155401135,96.79249222265881
Set B,B4158_D157_a0.13_ms100,$t_0$,250.0,unpaired,4.676922931143398,96.63789551221144
Set B,B4158_D157_a0.13_ms100,$t_0$,250.0,unpaired,4.716722678458623,96.48212841380801
Set B,B4158_D157_a0.13_ms100,$t_0$,250.0,unpaired,4.756521794061908,96.32518689631615
Set B,B4158_D157_a0.13_ms100,$t_0$,250.0,unpaired,4.796320909665193,96.16699926801932
Set B,B4158_D157_a0.13_ms100,$t_0$,250.0,unpaired,4.836120656980417,96.00737478795509
Set B,B4158_D157_a0.13_ms100,$t_0$,250.0,unpaired,4.875919772583702,95.84631639485147
Set B,B4158_D157_a0.13_ms100,$t_0$,250.0,unpaired,4.915718888186986,95.68424736323827
Set B,B4158_D157_a0.13_ms100,$t_0$,250.0,unpaired,4.955518635502211,95.52030765234166
Set B,B4158_D157_a0.13_ms100,$t_0$,250.0,unpaired,4.995317751105496,95.35501358599906
Set B,B4158_D157_a0.13_ms100,$t_0$,250.0,unpaired,5.035116866708781,95.18795779854345
Set B,B4158_D157_a0.13_ms100,$t_0$,250.0,unpaired,5.074916614024005,95.01926068499277
Set B,B4158_D157_a0.13_ms100,$t_0$,250.0,unpaired,5.11471572962729,94.84899621458254
Set B,B4158_D157_a0.13_ms100,$t_0$,250.0,unpaired,5.154514845230575,94.6767429367035
Set B,B4158_D157_a0.13_ms100,$t_0$,250.0,unpaired,5.194314592545799,94.50271237055226
Set B,B4158_D157_a0.13_ms100,$t_0$,250.0,unpaired,5.234113708149084,94.32661886463404
Set B,B4158_D157_a0.13_ms100,$t_0$,250.0,unpaired,5.273912823752369,94.14835077856662
Set B,B4158_D157_a0.13_ms100,$t_0$,250.0,unpaired,5.313712571067593,93.96816154018771
Set B,B4158_D157_a0.13_ms100,$t_0$,250.0,unpaired,5.353511686670878,93.78600125282983
Set B,B4158_D157_a0.13_ms100,$t_0$,250.0,unpaired,5.393310802274163,93.60115327496041
Set B,B4158_D157_a0.13_ms100,$t_0$,250.0,unpaired,5.433110549589387,93.41443697424585
Set B,B4158_D157_a0.13_ms100,$t_0$,250.0,unpaired,5.472909665192672,93.22511284395121
Set B,B4158_D157_a0.13_ms100,$t_0$,250.0,unpaired,5.512708780795958,93.03344383053457
Set B,B4158_D157_a0.13_ms100,$t_0$,250.0,unpaired,5.552508528111181,92.83908095956934
Set B,B4158_D157_a0.13_ms100,$t_0$,250.0,unpaired,5.592307643714466,92.64242330105097
Set B,B4158_D157_a0.13_ms100,$t_0$,250.0,unpaired,5.632106759317751,92.44280471392571
Set B,B4158_D157_a0.13_ms100,$t_0$,250.0,unpaired,5.6719065066329755,92.24075969338195
Set B,B4158_D157_a0.13_ms100,$t_0$,250.0,unpaired,5.711705622236261,92.0358043426432
Set B,B4158_D157_a0.13_ms100,$t_0$,250.0,unpaired,5.751504737839546,91.82790529869895
Set B,B4158_D157_a0.13_ms100,$t_0$,250.0,unpaired,5.791304485154769,91.61699415816699
Set B,B4158_D157_a0.13_ms100,$t_0$,250.0,unpaired,5.831103600758055,91.40321844489657
Set B,B4158_D157_a0.13_ms100,$t_0$,250.0,unpaired,5.870902716361339,91.18632492932625
Set B,B4158_D157_a0.13_ms100,$t_0$,250.0,unpaired,5.9107024636765635,90.96633036991757
Set B,B4158_D157_a0.13_ms100,$t_0$,250.0,unpaired,5.950501579279849,90.74281822151053
Set B,B4158_D157_a0.13_ms100,$t_0$,250.0,unpaired,5.990300694883134,90.51598520562092
Set B,B4158_D157_a0.13_ms100,$t_0$,250.0,unpaired,6.030100442198358,90.28605955791906
Set B,B4158_D157_a0.13_ms100,$t_0$,250.0,unpaired,6.069899557801643,90.05230270102251
Set B,B4158_D157_a0.13_ms100,$t_0$,250.0,unpaired,6.109699305116867,89.8150889734576
Set B,B4158_D157_a0.13_ms100,$t_0$,250.0,unpaired,6.149498420720152,89.57421495697837
Set B,B4158_D157_a0.13_ms100,$t_0$,250.0,unpaired,6.189297536323437,89.32938857731189
Set B,B4158_D157_a0.13_ms100,$t_0$,250.0,unpaired,6.22909728363866,89.08114717679014
Set B,B4158_D157_a0.13_ms100,$t_0$,250.0,unpaired,6.268896399241946,88.82882821017482
Set B,B4158_D157_a0.13_ms100,$t_0$,250.0,unpaired,6.308695514845231,88.57222515904829
Set B,B4158_D157_a0.13_ms100,$t_0$,250.0,unpaired,6.348496525584333,88.31199728147666
Set B,B4158_D157_a0.13_ms100,$t_0$,250.0,unpaired,6.3882943777637395,88.04716996623362
Set B,B4158_D157_a0.13_ms100,$t_0$,250.0,unpaired,6.428092229943147,87.77844247391812
Set B,B4158_D157_a0.13_ms100,$t_0$,250.0,unpaired,6.467890082122553,87.50527149709625
Set B,B4158_D157_a0.13_ms100,$t_0$,250.0,unpaired,6.507694251421352,87.22734871878677
Set B,B4158_D157_a0.13_ms100,$t_0$,250.0,unpaired,6.547492103600758,86.94507936750553
Set B,B4158_D157_a0.13_ms100,$t_0$,250.0,unpaired,6.587289955780164,86.6585730896442
Set B,B4158_D157_a0.13_ms100,$t_0$,250.0,unpaired,6.62708780795957,86.3667283890754
Set B,B4158_D157_a0.13_ms100,$t_0$,250.0,unpaired,6.666891977258371,86.07039428169671
Set B,B4158_D157_a0.13_ms100,$t_0$,250.0,unpaired,6.706689829437776,85.7694583207441
Set B,B4158_D157_a0.13_ms100,$t_0$,250.0,unpaired,6.746487681617182,85.46304602380579
Set B,B4158_D157_a0.13_ms100,$t_0$,250.0,unpaired,6.786285533796589,85.1517550759448
Set B,B4158_D157_a0.13_ms100,$t_0$,250.0,unpaired,6.826089703095389,84.8350560395904
Set B,B4158_D157_a0.13_ms100,$t_0$,250.0,unpaired,6.865887555274795,84.51314572851523
Set B,B4158_D157_a0.13_ms100,$t_0$,250.0,unpaired,6.905685407454201,84.18580333069217
Set B,B4158_D157_a0.13_ms100,$t_0$,250.0,unpaired,6.9454832596336065,83.85276858632845
Set B,B4158_D157_a0.13_ms100,$t_0$,250.0,unpaired,6.985287428932407,83.51434644232545
Set B,B4158_D157_a0.13_ms100,$t_0$,250.0,unpaired,7.025085281111814,83.17046982964342
Set B,B4158_D157_a0.13_ms100,$t_0$,250.0,unpaired,7.064883133291219,82.82021787947455
Set B,B4158_D157_a0.13_ms100,$t_0$,250.0,unpaired,7.104680985470625,82.46404574475729
Set B,B4158_D157_a0.13_ms100,$t_0$,250.0,unpaired,7.1444788376500314,82.1020375053419
Set B,B4158_D157_a0.13_ms100,$t_0$,250.0,unpaired,7.1842830069488315,81.73362149416504
Set B,B4158_D157_a0.13_ms100,$t_0$,250.0,unpaired,7.224080859128238,81.35912641744511
Set B,B4158_D157_a0.13_ms100,$t_0$,250.0,unpaired,7.263878711307644,80.97787835429575
Set B,B4158_D157_a0.13_ms100,$t_0$,250.0,unpaired,7.30367656348705,80.59036177565754
Set B,B4158_D157_a0.13_ms100,$t_0$,250.0,unpaired,7.34348073278585,80.196315745703
Set B,B4158_D157_a0.13_ms100,$t_0$,250.0,unpaired,7.3832785849652565,79.79534069276365
Set B,B4158_D157_a0.13_ms100,$t_0$,250.0,unpaired,7.423076437144663,79.38728977456492
Set B,B4158_D157_a0.13_ms100,$t_0$,250.0,unpaired,7.462874289324068,78.97228281066175
Set B,B4158_D157_a0.13_ms100,$t_0$,250.0,unpaired,7.502678458622867,78.5502371157249
Set B,B4158_D157_a0.13_ms100,$t_0$,250.0,unpaired,7.542476310802275,78.12083818500136
Set B,B4158_D157_a0.13_ms100,$t_0$,250.0,unpaired,7.5822741629816806,77.68379712335434
Set B,B4158_D157_a0.13_ms100,$t_0$,250.0,unpaired,7.622072015161087,77.23938135875545
Set B,B4158_D157_a0.13_ms100,$t_0$,250.0,unpaired,7.661869867340493,76.78696398440603
Set B,B4158_D157_a0.13_ms100,$t_0$,250.0,unpaired,7.701674036639292,76.32694589440834
Set B,B4158_D157_a0.13_ms100,$t_0$,250.0,unpaired,7.741471888818699,75.85891657358837
Set B,B4158_D157_a0.13_ms100,$t_0$,250.0,unpaired,7.7812697409981055,75.38291264689754
Set B,B4158_D157_a0.13_ms100,$t_0$,250.0,unpaired,7.821067593177512,74.8985398045815
Set B,B4158_D157_a0.13_ms100,$t_0$,250.0,unpaired,7.860871762476311,74.40592463901254
Set B,B4158_D157_a0.13_ms100,$t_0$,250.0,unpaired,7.900669614655716,73.90476411910156
Set B,B4158_D157_a0.13_ms100,$t_0$,250.0,unpaired,7.940467466835124,73.39469672644006
Set B,B4158_D157_a0.13_ms100,$t_0$,250.0,unpaired,7.98026531901453,72.87593847934275
Set B,B4158_D157_a0.13_ms100,$t_0$,250.0,unpaired,8.020069488313329,72.34787726813244
Set B,B4158_D157_a0.13_ms100,$t_0$,250.0,unpaired,8.059867340492735,71.8110529376245
Set B,B4158_D157_a0.13_ms100,$t_0$,250.0,unpaired,8.099665192672141,71.26487278584894
Set B,B4158_D157_a0.13_ms100,$t_0$,250.0,unpaired,8.13946304485155,70.70939286940629
Set B,B4158_D157_a0.13_ms100,$t_0$,250.0,unpaired,8.179267214150348,70.14451104732399
Set B,B4158_D157_a0.13_ms100,$t_0$,250.0,unpaired,8.219065066329753,69.56944215575653
Set B,B4158_D157_a0.13_ms100,$t_0$,250.0,unpaired,8.258862918509159,68.9847873414066
Set B,B4158_D157_a0.13_ms100,$t_0$,250.0,unpaired,8.298660770688565,68.39041690654516
Set B,B4158_D157_a0.13_ms100,$t_0$,250.0,unpaired,8.338458622867973,67.7859574456382
Set B,B4158_D157_a0.13_ms100,$t_0$,250.0,unpaired,8.378262792166772,67.17079517228834
Set B,B4158_D157_a0.13_ms100,$t_0$,250.0,unpaired,8.418060644346179,66.54553359125875
Set B,B4158_D157_a0.13_ms100,$t_0$,250.0,unpaired,8.457858496525585,65.91034394948821
Set B,B4158_D157_a0.13_ms100,$t_0$,250.0,unpaired,8.49765634870499,65.26417961472029
Set B,B4158_D157_a0.13_ms100,$t_0$,250.0,unpaired,8.53746051800379,64.60711101960102
Set B,B4158_D157_a0.13_ms100,$t_0$,250.0,unpaired,8.577258370183197,63.93985871870356
Set B,B4158_D157_a0.13_ms100,$t_0$,250.0,unpaired,8.617056222362603,63.26137115459958
Set B,B4158_D157_a0.13_ms100,$t_0$,250.0,unpaired,8.656854074542009,62.57192916436847
Set B,B4158_D157_a0.13_ms100,$t_0$,250.0,unpaired,8.696658243840808,61.87239336551843
Set B,B4158_D157_a0.13_ms100,$t_0$,250.0,unpaired,8.736456096020214,61.16124935462763
Set B,B4158_D157_a0.13_ms100,$t_0$,250.0,unpaired,8.77625394819962,60.43907821508626
Set B,B4158_D157_a0.13_ms100,$t_0$,250.0,unpaired,8.816051800379027,59.70577205380267
Set B,B4158_D157_a0.13_ms100,$t_0$,250.0,unpaired,8.855855969677828,58.9617763311721
Set B,B4158_D157_a0.13_ms100,$t_0$,250.0,unpaired,8.895653821857234,58.207139769807185
Set B,B4158_D157_a0.13_ms100,$t_0$,250.0,unpaired,8.93545167403664,57.44127746132374
Set B,B4158_D157_a0.13_ms100,$t_0$,250.0,unpaired,8.975249526216045,56.6643267793987
Set B,B4158_D157_a0.13_ms100,$t_0$,250.0,unpaired,9.015047378395451,55.87749990369883
Set B,B4158_D157_a0.13_ms100,$t_0$,250.0,unpaired,9.054851547694252,55.080032170826144
Set B,B4158_D157_a0.13_ms100,$t_0$,250.0,unpaired,9.094649399873658,54.272489062059215
Set B,B4158_D157_a0.13_ms100,$t_0$,250.0,unpaired,9.134447252053064,53.45466591015843
Set B,B4158_D157_a0.13_ms100,$t_0$,250.0,unpaired,9.17424510423247,52.62665416691937
Set B,B4158_D157_a0.13_ms100,$t_0$,250.0,unpaired,9.21404927353127,51.79048251676004
Set B,B4158_D157_a0.13_ms100,$t_0$,250.0,unpaired,9.253847125710676,50.94454857845274
Set B,B4158_D157_a0.13_ms100,$t_0$,250.0,unpaired,9.293644977890082,50.089850036613136
Set B,B4158_D157_a0.13_ms100,$t_0$,250.0,unpaired,9.333442830069488,49.22780914182279
Set B,B4158_D157_a0.13_ms100,$t_0$,250.0,unpaired,9.373246999368288,48.35755165104097
Set B,B4158_D157_a0.13_ms100,$t_0$,250.0,unpaired,9.413044851547696,47.480882707767755
Set B,B4158_D157_a0.13_ms100,$t_0$,250.0,unpaired,9.452842703727102,46.59799588020447
Set B,B4158_D157_a0.13_ms100,$t_0$,250.0,unpaired,9.492640555906506,45.70981546489616
Set B,B4158_D157_a0.13_ms100,$t_0$,250.0,unpaired,9.532438408085913,44.8160844974516
Set B,B4158_D157_a0.13_ms100,$t_0$,250.0,unpaired,9.572242577384712,43.918795799153536
Set B,B4158_D157_a0.13_ms100,$t_0$,250.0,unpaired,9.61204042956412,43.018548021085905
Set B,B4158_D157_a0.13_ms100,$t_0$,250.0,unpaired,9.651838281743526,42.11598355433545
Set B,B4158_D157_a0.13_ms100,$t_0$,250.0,unpaired,9.691636133922932,41.21232614322534
Set B,B4158_D157_a0.13_ms100,$t_0$,250.0,unpaired,9.731440303221731,40.30862300060649
Set B,B4158_D157_a0.13_ms100,$t_0$,250.0,unpaired,9.771238155401138,39.40580210166661
Set B,B4158_D157_a0.13_ms100,$t_0$,250.0,unpaired,9.811036007580544,38.50472560033371
Set B,B4158_D157_a0.13_ms100,$t_0$,250.0,unpaired,9.85083385975995,37.606721487271216
Set B,B4158_D157_a0.13_ms100,$t_0$,250.0,unpaired,9.89063802905875,36.71322352972291
Set B,B4158_D157_a0.13_ms100,$t_0$,250.0,unpaired,9.930435881238155,35.824657138301426
Set B,B4158_D157_a0.13_ms100,$t_0$,250.0,unpaired,9.970233733417562,34.942713427919074
Set B,B4158_D157_a0.13_ms100,$t_0$,250.0,unpaired,10.010031585596968,34.06813058053727
Set B,B4158_D157_a0.13_ms100,$t_0$,250.0,unpaired,10.049835754895767,33.20256504382729
Set B,B4158_D157_a0.13_ms100,$t_0$,250.0,unpaired,10.089633607075173,32.345867350523946
Set B,B4158_D157_a0.13_ms100,$t_0$,250.0,unpaired,10.12943145925458,31.50046888370306
Set B,B4158_D157_a0.13_ms100,$t_0$,250.0,unpaired,10.169229311433986,30.666115896519067
Set B,B4158_D157_a0.13_ms100,$t_0$,250.0,unpaired,10.209027163613394,29.84447570630691
Set B,B4158_D157_a0.13_ms100,$t_0$,250.0,unpaired,10.248831332912193,29.03597620564349
Set B,B4158_D157_a0.13_ms100,$t_0$,250.0,unpaired,10.288629185091597,28.241719361697687
Set B,B4158_D157_a0.13_ms100,$t_0$,250.0,unpaired,10.328427037271004,27.462098363536473
Set B,B4158_D157_a0.13_ms100,$t_0$,250.0,unpaired,10.36822488945041,26.69807163802701
Set B,B4158_D157_a0.13_ms100,$t_0$,250.0,unpaired,10.40802905874921,25.950862490964525
Set B,B4158_D157_a0.13_ms100,$t_0$,250.0,unpaired,10.447826910928617,25.222266618644536
Set B,B4158_D157_a0.13_ms100,$t_0$,250.0,unpaired,10.487624763108023,24.40011419299859
Set B,B4158_D157_a0.13_ms100,$t_0$,250.0,unpaired,10.52742261528743,23.617497076679335
Set B,B4158_D157_a0.13_ms100,$t_0$,250.0,unpaired,10.567226784586229,22.937235447642912
Set B,B4158_D157_a0.13_ms100,$t_0$,250.0,unpaired,10.607024636765635,22.272763580861913
Set B,B4158_D157_a0.13_ms100,$t_0$,250.0,unpaired,10.646822488945041,21.624072239794575
Set B,B4158_D157_a0.13_ms100,$t_0$,250.0,unpaired,10.686620341124447,20.991775554036984
Set B,B4158_D157_a0.13_ms100,$t_0$,250.0,unpaired,10.726424510423248,20.376627073426718
Set B,B4158_D157_a0.13_ms100,$t_0$,250.0,unpaired,10.766222362602655,19.777198575784595
Set B,B4158_D157_a0.13_ms100,$t_0$,250.0,unpaired,10.806020214782059,19.192833348517887
Set B,B4158_D157_a0.13_ms100,$t_0$,250.0,unpaired,10.845818066961465,18.624932213614695
Set B,B4158_D157_a0.13_ms100,$t_0$,250.0,unpaired,10.885615919140871,18.074277548882105
Set B,B4158_D157_a0.13_ms100,$t_0$,250.0,unpaired,10.925420088439672,17.53968864797918
Set B,B4158_D157_a0.13_ms100,$t_0$,250.0,unpaired,10.965217940619079,17.019035018983637
Set B,B4158_D157_a0.13_ms100,$t_0$,250.0,unpaired,11.005015792798485,16.512307917547837
Set B,B4158_D157_a0.13_ms100,$t_0$,250.0,unpaired,11.044813644977891,16.019988335632643
Set B,B4158_D157_a0.13_ms100,$t_0$,250.0,unpaired,11.08461781427669,15.54300059468561
Set B,B4158_D157_a0.13_ms100,$t_0$,250.0,unpaired,11.124415666456096,15.081808201200737
Set B,B4158_D157_a0.13_ms100,$t_0$,250.0,unpaired,11.164213518635503,14.634982964294025
Set B,B4158_D157_a0.13_ms100,$t_0$,250.0,unpaired,11.204011370814909,14.197540653931387
Set B,B4158_D157_a0.13_ms100,$t_0$,250.0,unpaired,11.243815540113708,13.768253019282538
Set B,B4158_D157_a0.13_ms100,$t_0$,250.0,unpaired,11.283613392293114,13.352443464250099
Set B,B4158_D157_a0.13_ms100,$t_0$,250.0,unpaired,11.32341124447252,12.953089214094057
Set B,B4158_D157_a0.13_ms100,$t_0$,250.0,unpaired,11.363209096651927,12.570217456987717
Set B,B4158_D157_a0.13_ms100,$t_0$,250.0,unpaired,11.403006948831333,12.201747582717838
Set B,B4158_D157_a0.13_ms100,$t_0$,250.0,unpaired,11.442811118130132,11.84476585547377
Set B,B4158_D157_a0.13_ms100,$t_0$,250.0,unpaired,11.482608970309538,11.495431219299775
Set B,B4158_D157_a0.13_ms100,$t_0$,250.0,unpaired,11.522406822488946,11.152007263032617
Set B,B4158_D157_a0.13_ms100,$t_0$,250.0,unpaired,11.562204674668353,10.816631829370944
Set B,B4158_D157_a0.13_ms100,$t_0$,250.0,unpaired,11.602008843967152,10.495243596616996
Set B,B4158_D157_a0.13_ms100,$t_0$,250.0,unpaired,11.641806696146556,10.191112121102723
Set B,B4158_D157_a0.13_ms100,$t_0$,250.0,unpaired,11.681604548325963,9.90946393843954
Set B,B4158_D157_a0.13_ms100,$t_0$,250.0,unpaired,11.72140240050537,9.648006937722128
Set B,B4158_D157_a0.13_ms100,$t_0$,250.0,unpaired,11.76120656980417,9.389382018076049
Set B,B4158_D157_a0.13_ms100,$t_0$,250.0,unpaired,11.801004421983576,9.130983537903028
Set B,B4158_D157_a0.13_ms100,$t_0$,250.0,unpaired,11.840802274162982,8.871594662051653
Set B,B4158_D157_a0.13_ms100,$t_0$,250.0,unpaired,11.880600126342388,8.610373022643257
Set B,B4158_D157_a0.13_ms100,$t_0$,250.0,unpaired,11.920404295641188,8.34805375484149
Set B,B4158_D157_a0.13_ms100,$t_0$,250.0,unpaired,11.960202147820594,8.086477977702565
Set B,B4158_D157_a0.13_ms100,$t_0$,250.0,unpaired,12.0,7.829220550403966
Set B,B4158_D157_a0.13_ms100,$t_0$,250.0,cfl,2.5277593177511055,99.92062347031859
Set B,B4158_D157_a0.13_ms100,$t_0$,250.0,cfl,2.56755843335439,99.46451919394521
Set B,B4158_D157_a0.13_ms100,$t_0$,250.0,cfl,2.6073575489576757,99.00496939956214
Set B,B4158_D157_a0.13_ms100,$t_0$,250.0,cfl,2.6471572962728995,98.54165961687663
Set B,B4158_D157_a0.13_ms100,$t_0$,250.0,cfl,2.686956411876184,98.07429120299354
Set B,B4158_D157_a0.13_ms100,$t_0$,250.0,cfl,2.726756159191409,97.60257265468945
Set B,B4158_D157_a0.13_ms100,$t_0$,250.0,cfl,2.7665552747946935,97.12609989155975
Set B,B4158_D157_a0.13_ms100,$t_0$,250.0,cfl,2.8063543903979786,96.64461574865517
Set B,B4158_D157_a0.13_ms100,$t_0$,250.0,cfl,2.846154137713203,96.15762761241534
Set B,B4158_D157_a0.13_ms100,$t_0$,250.0,cfl,2.8859532533164876,95.66475932928421
Set B,B4158_D157_a0.13_ms100,$t_0$,250.0,cfl,2.9257523689197726,95.16565533330247
Set B,B4158_D157_a0.13_ms100,$t_0$,250.0,cfl,2.965552116234997,94.65982274326647
Set B,B4158_D157_a0.13_ms100,$t_0$,250.0,cfl,3.0053512318382816,94.14685482722872
Set B,B4158_D157_a0.13_ms100,$t_0$,250.0,cfl,3.0451503474415667,93.62619705244336
Set B,B4158_D157_a0.13_ms100,$t_0$,250.0,cfl,3.084950094756791,93.09738253927662
Set B,B4158_D157_a0.13_ms100,$t_0$,250.0,cfl,3.124749210360076,92.559846662141
Set B,B4158_D157_a0.13_ms100,$t_0$,250.0,cfl,3.1645483259633607,92.01305841040046
Set B,B4158_D157_a0.13_ms100,$t_0$,250.0,cfl,3.204348073278585,91.45634026702112
Set B,B4158_D157_a0.13_ms100,$t_0$,250.0,cfl,3.2441471888818696,90.8890829718656
Set B,B4158_D157_a0.13_ms100,$t_0$,250.0,cfl,3.283946304485155,90.31062218999823
Set B,B4158_D157_a0.13_ms100,$t_0$,250.0,cfl,3.323746051800379,89.72031350374023
Set B,B4158_D157_a0.13_ms100,$t_0$,250.0,cfl,3.3635451674036636,89.11725336514617
Set B,B4158_D157_a0.13_ms100,$t_0$,250.0,cfl,3.403344283006949,88.50072204637026
Set B,B4158_D157_a0.13_ms100,$t_0$,250.0,cfl,3.443144030322173,87.86973792092573
Set B,B4158_D157_a0.13_ms100,$t_0$,250.0,cfl,3.4829431459254576,87.22367196479728
Set B,B4158_D157_a0.13_ms100,$t_0$,250.0,cfl,3.522742261528743,86.56136110655075
Set B,B4158_D157_a0.13_ms100,$t_0$,250.0,cfl,3.562542008843967,85.88202988372304
Set B,B4158_D157_a0.13_ms100,$t_0$,250.0,cfl,3.6023411244472525,85.18434081307656
Set B,B4158_D157_a0.13_ms100,$t_0$,250.0,cfl,3.642140240050537,84.46761818220723
Set B,B4158_D157_a0.13_ms100,$t_0$,250.0,cfl,3.681939987365761,83.73044525929002
Set B,B4158_D157_a0.13_ms100,$t_0$,250.0,cfl,3.7217391029690465,82.9711083986354
Set B,B4158_D157_a0.13_ms100,$t_0$,250.0,cfl,3.761538218572331,82.18950607684174
Set B,B4158_D157_a0.13_ms100,$t_0$,250.0,cfl,3.801337965887555,81.38389813058748
Set B,B4158_D157_a0.13_ms100,$t_0$,250.0,cfl,3.8411370814908405,80.55278976483872
Set B,B4158_D157_a0.13_ms100,$t_0$,250.0,cfl,3.880936197094125,79.6947303233892
Set B,B4158_D157_a0.13_ms100,$t_0$,250.0,cfl,3.92073594440935,78.80831547590276
Set B,B4158_D157_a0.13_ms100,$t_0$,250.0,cfl,3.9605350600126346,77.89419258535533
Set B,B4158_D157_a0.13_ms100,$t_0$,250.0,cfl,4.00033417561592,76.94921715237025
Set B,B4158_D157_a0.13_ms100,$t_0$,250.0,cfl,4.040133922931144,75.97421847845087
Set B,B4158_D157_a0.13_ms100,$t_0$,250.0,cfl,4.079933038534429,74.96663092775017
Set B,B4158_D157_a0.13_ms100,$t_0$,250.0,cfl,4.119732154137713,73.92703956325335
Set B,B4158_D157_a0.13_ms100,$t_0$,250.0,cfl,4.1595319014529375,72.8541371320097
Set B,B4158_D157_a0.13_ms100,$t_0$,250.0,cfl,4.199331017056222,71.75094660840706
Set B,B4158_D157_a0.13_ms100,$t_0$,250.0,cfl,4.239130132659508,70.61562755695734
Set B,B4158_D157_a0.13_ms100,$t_0$,250.0,cfl,4.278929879974732,69.44971191925816
Set B,B4158_D157_a0.13_ms100,$t_0$,250.0,cfl,4.318728995578017,68.25745877105007
Set B,B4158_D157_a0.13_ms100,$t_0$,250.0,cfl,4.358528742893241,67.03986616654713
Set B,B4158_D157_a0.13_ms100,$t_0$,250.0,cfl,4.3983278584965255,65.80082498102385
Set B,B4158_D157_a0.13_ms100,$t_0$,250.0,cfl,4.43812697409981,64.54464360318804
Set B,B4158_D157_a0.13_ms100,$t_0$,250.0,cfl,4.477926721415035,63.27647616666541
Set B,B4158_D157_a0.13_ms100,$t_0$,250.0,cfl,4.51772583701832,62.00064208018114
Set B,B4158_D157_a0.13_ms100,$t_0$,250.0,cfl,4.557524952621605,60.72141557944136
Set B,B4158_D157_a0.13_ms100,$t_0$,250.0,cfl,4.597324699936829,59.44653160145783
Set B,B4158_D157_a0.13_ms100,$t_0$,250.0,cfl,4.6371238155401135,58.17887770141821
Set B,B4158_D157_a0.13_ms100,$t_0$,250.0,cfl,4.676922931143398,56.92535077720968
Set B,B4158_D157_a0.13_ms100,$t_0$,250.0,cfl,4.716722678458623,55.688700685617405
Set B,B4158_D157_a0.13_ms100,$t_0$,250.0,cfl,4.756521794061908,54.4740697533422
Set B,B4158_D157_a0.13_ms100,$t_0$,250.0,cfl,4.796320909665193,53.282922234963884
Set B,B4158_D157_a0.13_ms100,$t_0$,250.0,cfl,4.836120656980417,52.11845320922683
Set B,B4158_D157_a0.13_ms100,$t_0$,250.0,cfl,4.875919772583702,50.9837894625203
Set B,B4158_D157_a0.13_ms100,$t_0$,250.0,cfl,4.915718888186986,49.8776312737065
Set B,B4158_D157_a0.13_ms100,$t_0$,250.0,cfl,4.955518635502211,48.8027463528265
Set B,B4158_D157_a0.13_ms100,$t_0$,250.0,cfl,4.995317751105496,47.759097068415485
Set B,B4158_D157_a0.13_ms100,$t_0$,250.0,cfl,5.035116866708781,46.746952070340804
Set B,B4158_D157_a0.13_ms100,$t_0$,250.0,cfl,5.074916614024005,45.76639116772927
Set B,B4158_D157_a0.13_ms100,$t_0$,250.0,cfl,5.11471572962729,44.815383522953724
Set B,B4158_D157_a0.13_ms100,$t_0$,250.0,cfl,5.154514845230575,43.89465912349105
Set B,B4158_D157_a0.13_ms100,$t_0$,250.0,cfl,5.194314592545799,43.00286099960277
Set B,B4158_D157_a0.13_ms100,$t_0$,250.0,cfl,5.234113708149084,42.13863652416596
Set B,B4158_D157_a0.13_ms100,$t_0$,250.0,cfl,5.273912823752369,41.30233020172509
Set B,B4158_D157_a0.13_ms100,$t_0$,250.0,cfl,5.313712571067593,40.492118030928424
Set B,B4158_D157_a0.13_ms100,$t_0$,250.0,cfl,5.353511686670878,39.70700795427961
Set B,B4158_D157_a0.13_ms100,$t_0$,250.0,cfl,5.393310802274163,38.94582625643463
Set B,B4158_D157_a0.13_ms100,$t_0$,250.0,cfl,5.433110549589387,38.20807711399139
Set B,B4158_D157_a0.13_ms100,$t_0$,250.0,cfl,5.472909665192672,37.4915186552329
Set B,B4158_D157_a0.13_ms100,$t_0$,250.0,cfl,5.512708780795958,36.796410218250166
Set B,B4158_D157_a0.13_ms100,$t_0$,250.0,cfl,5.552508528111181,36.1209764513632
Set B,B4158_D157_a0.13_ms100,$t_0$,250.0,cfl,5.592307643714466,35.46504193684925
Set B,B4158_D157_a0.13_ms100,$t_0$,250.0,cfl,5.632106759317751,34.82627988771625
Set B,B4158_D157_a0.13_ms100,$t_0$,250.0,cfl,5.6719065066329755,34.20535308419716
Set B,B4158_D157_a0.13_ms100,$t_0$,250.0,cfl,5.711705622236261,33.60028831289764
Set B,B4158_D157_a0.13_ms100,$t_0$,250.0,cfl,5.751504737839546,33.01108400872923
Set B,B4158_D157_a0.13_ms100,$t_0$,250.0,cfl,5.791304485154769,32.436565568939216
Set B,B4158_D157_a0.13_ms100,$t_0$,250.0,cfl,5.831103600758055,31.875370343501835
Set B,B4158_D157_a0.13_ms100,$t_0$,250.0,cfl,5.870902716361339,31.32790605760715
Set B,B4158_D157_a0.13_ms100,$t_0$,250.0,cfl,5.9107024636765635,30.793113233653248
Set B,B4158_D157_a0.13_ms100,$t_0$,250.0,cfl,5.950501579279849,30.26994031252273
Set B,B4158_D157_a0.13_ms100,$t_0$,250.0,cfl,5.990300694883134,29.75774277935232
Set B,B4158_D157_a0.13_ms100,$t_0$,250.0,cfl,6.030100442198358,29.25677831672203
Set B,B4158_D157_a0.13_ms100,$t_0$,250.0,cfl,6.069899557801643,28.76586948275713
Set B,B4158_D157_a0.13_ms100,$t_0$,250.0,cfl,6.109699305116867,28.28481929900622
Set B,B4158_D157_a0.13_ms100,$t_0$,250.0,cfl,6.149498420720152,27.81303541283469
Set B,B4158_D157_a0.13_ms100,$t_0$,250.0,cfl,6.189297536323437,27.35005370555067
Set B,B4158_D157_a0.13_ms100,$t_0$,250.0,cfl,6.22909728363866,26.895658081970634
Set B,B4158_D157_a0.13_ms100,$t_0$,250.0,cfl,6.268896399241946,26.44940116293795
Set B,B4158_D157_a0.13_ms100,$t_0$,250.0,cfl,6.308695514845231,26.010974723118792
Set B,B4158_D157_a0.13_ms100,$t_0$,250.0,cfl,6.348496525584333,25.57975697397572
Set B,B4158_D157_a0.13_ms100,$t_0$,250.0,cfl,6.3882943777637395,25.156059947893684
Set B,B4158_D157_a0.13_ms100,$t_0$,250.0,cfl,6.428092229943147,24.739600689891855
Set B,B4158_D157_a0.13_ms100,$t_0$,250.0,cfl,6.467890082122553,24.329738473133016
Set B,B4158_D157_a0.13_ms100,$t_0$,250.0,cfl,6.507694251421352,23.92692056903261
Set B,B4158_D157_a0.13_ms100,$t_0$,250.0,cfl,6.547492103600758,23.53033083644757
Set B,B4158_D157_a0.13_ms100,$t_0$,250.0,cfl,6.587289955780164,23.140069588770082
Set B,B4158_D157_a0.13_ms100,$t_0$,250.0,cfl,6.62708780795957,22.755833159143133
Set B,B4158_D157_a0.13_ms100,$t_0$,250.0,cfl,6.666891977258371,22.377574381282844
Set B,B4158_D157_a0.13_ms100,$t_0$,250.0,cfl,6.706689829437776,22.005554951580383
Set B,B4158_D157_a0.13_ms100,$t_0$,250.0,cfl,6.746487681617182,21.639132774051593
Set B,B4158_D157_a0.13_ms100,$t_0$,250.0,cfl,6.786285533796589,21.27853838227101
Set B,B4158_D157_a0.13_ms100,$t_0$,250.0,cfl,6.826089703095389,20.923829781574135
Set B,B4158_D157_a0.13_ms100,$t_0$,250.0,cfl,6.865887555274795,20.574547958651102
Set B,B4158_D157_a0.13_ms100,$t_0$,250.0,cfl,6.905685407454201,20.230720596517124
Set B,B4158_D157_a0.13_ms100,$t_0$,250.0,cfl,6.9454832596336065,19.89181898645094
Set B,B4158_D157_a0.13_ms100,$t_0$,250.0,cfl,6.985287428932407,19.55837192749943
Set B,B4158_D157_a0.13_ms100,$t_0$,250.0,cfl,7.025085281111814,19.230268802286012
Set B,B4158_D157_a0.13_ms100,$t_0$,250.0,cfl,7.064883133291219,18.90776928020336
Set B,B4158_D157_a0.13_ms100,$t_0$,250.0,cfl,7.104680985470625,18.59082212039831
Set B,B4158_D157_a0.13_ms100,$t_0$,250.0,cfl,7.1444788376500314,18.279278527510805
Set B,B4158_D157_a0.13_ms100,$t_0$,250.0,cfl,7.1842830069488315,17.972881368478944
Set B,B4158_D157_a0.13_ms100,$t_0$,250.0,cfl,7.224080859128238,17.671207474508805
Set B,B4158_D157_a0.13_ms100,$t_0$,250.0,cfl,7.263878711307644,17.374513084573774
Set B,B4158_D157_a0.13_ms100,$t_0$,250.0,cfl,7.30367656348705,17.082502749852978
Set B,B4158_D157_a0.13_ms100,$t_0$,250.0,cfl,7.34348073278585,16.794972884030383
Set B,B4158_D157_a0.13_ms100,$t_0$,250.0,cfl,7.3832785849652565,16.512332242416118
Set B,B4158_D157_a0.13_ms100,$t_0$,250.0,cfl,7.423076437144663,16.234247452735254
Set B,B4158_D157_a0.13_ms100,$t_0$,250.0,cfl,7.462874289324068,15.961511780924855
Set B,B4158_D157_a0.13_ms100,$t_0$,250.0,cfl,7.502678458622867,15.693701241979966
Set B,B4158_D157_a0.13_ms100,$t_0$,250.0,cfl,7.542476310802275,15.431204980738002
Set B,B4158_D157_a0.13_ms100,$t_0$,250.0,cfl,7.5822741629816806,15.17350999924685
Set B,B4158_D157_a0.13_ms100,$t_0$,250.0,cfl,7.622072015161087,14.919931557538971
Set B,B4158_D157_a0.13_ms100,$t_0$,250.0,cfl,7.661869867340493,14.668503814972535
Set B,B4158_D157_a0.13_ms100,$t_0$,250.0,cfl,7.701674036639292,14.420411892317052
Set B,B4158_D157_a0.13_ms100,$t_0$,250.0,cfl,7.741471888818699,14.1753675863375
Set B,B4158_D157_a0.13_ms100,$t_0$,250.0,cfl,7.7812697409981055,13.933496820274486
Set B,B4158_D157_a0.13_ms100,$t_0$,250.0,cfl,7.821067593177512,13.695240880751324
Set B,B4158_D157_a0.13_ms100,$t_0$,250.0,cfl,7.860871762476311,13.461373053230332
Set B,B4158_D157_a0.13_ms100,$t_0$,250.0,cfl,7.900669614655716,13.23244089273097
Set B,B4158_D157_a0.13_ms100,$t_0$,250.0,cfl,7.940467466835124,13.00851946879343
Set B,B4158_D157_a0.13_ms100,$t_0$,250.0,cfl,7.98026531901453,12.789644087149147
Set B,B4158_D157_a0.13_ms100,$t_0$,250.0,cfl,8.020069488313329,12.575317521870335
Set B,B4158_D157_a0.13_ms100,$t_0$,250.0,cfl,8.059867340492735,12.365349687467061
Set B,B4158_D157_a0.13_ms100,$t_0$,250.0,cfl,8.099665192672141,12.158966015175196
Set B,B4158_D157_a0.13_ms100,$t_0$,250.0,cfl,8.13946304485155,11.955572096186433
Set B,B4158_D157_a0.13_ms100,$t_0$,250.0,cfl,8.179267214150348,11.754805961012954
Set B,B4158_D157_a0.13_ms100,$t_0$,250.0,cfl,8.219065066329753,11.55571186032059
Set B,B4158_D157_a0.13_ms100,$t_0$,250.0,cfl,8.258862918509159,11.358344647438317
Set B,B4158_D157_a0.13_ms100,$t_0$,250.0,cfl,8.298660770688565,11.162880900840495
Set B,B4158_D157_a0.13_ms100,$t_0$,250.0,cfl,8.338458622867973,10.969776110327526
Set B,B4158_D157_a0.13_ms100,$t_0$,250.0,cfl,8.378262792166772,10.77967479500307
Set B,B4158_D157_a0.13_ms100,$t_0$,250.0,cfl,8.418060644346179,10.59349212702102
Set B,B4158_D157_a0.13_ms100,$t_0$,250.0,cfl,8.457858496525585,10.412118418689335
Set B,B4158_D157_a0.13_ms100,$t_0$,250.0,cfl,8.49765634870499,10.236467533626215
Set B,B4158_D157_a0.13_ms100,$t_0$,250.0,cfl,8.53746051800379,10.06720957939138
Set B,B4158_D157_a0.13_ms100,$t_0$,250.0,cfl,8.577258370183197,9.904932245040772
Set B,B4158_D157_a0.13_ms100,$t_0$,250.0,cfl,8.617056222362603,9.749248014013938
Set B,B4158_D157_a0.13_ms100,$t_0$,250.0,cfl,8.656854074542009,9.594359497461717
Set B,B4158_D157_a0.13_ms100,$t_0$,250.0,cfl,8.696658243840808,9.440281239784795
Set B,B4158_D157_a0.13_ms100,$t_0$,250.0,cfl,8.736456096020214,9.286315014762195
Set B,B4158_D157_a0.13_ms100,$t_0$,250.0,cfl,8.77625394819962,9.131906778377711
Set B,B4158_D157_a0.13_ms100,$t_0$,250.0,cfl,8.816051800379027,8.976876995377538
Set B,B4158_D157_a0.13_ms100,$t_0$,250.0,cfl,8.855855969677828,8.820897663254382
Set B,B4158_D157_a0.13_ms100,$t_0$,250.0,cfl,8.895653821857234,8.663997993271591
Set B,B4158_D157_a0.13_ms100,$t_0$,250.0,cfl,8.93545167403664,8.506361574801874
Set B,B4158_D157_a0.13_ms100,$t_0$,250.0,cfl,8.975249526216045,8.348194876221854
Set B,B4158_D157_a0.13_ms100,$t_0$,250.0,cfl,9.015047378395451,8.19011798988345
Set B,B4158_D157_a0.13_ms100,$t_0$,250.0,cfl,9.054851547694252,8.03253360473162
Set B,B4158_D157_a0.13_ms100,$t_0$,250.0,cfl,9.094649399873658,7.876485422212677
Set B,B4158_D157_a0.13_ms100,$t_0$,250.0,cfl,9.134447252053064,7.724294384110817
Set B,B4158_D157_a0.13_ms100,$t_0$,250.0,cfl,9.17424510423247,7.577706426773302
Set B,B4158_D157_a0.13_ms100,$t_0$,250.0,cfl,9.21404927353127,7.437638760973108
Set B,B4158_D157_a0.13_ms100,$t_0$,250.0,cfl,9.253847125710676,7.304101179883781
Set B,B4158_D157_a0.13_ms100,$t_0$,250.0,cfl,9.293644977890082,7.176489091162877
Set B,B4158_D157_a0.13_ms100,$t_0$,250.0,cfl,9.333442830069488,7.054095973012519
Set B,B4158_D157_a0.13_ms100,$t_0$,250.0,cfl,9.373246999368288,6.936071926020373
Set B,B4158_D157_a0.13_ms100,$t_0$,250.0,cfl,9.413044851547696,6.821479020599656
Set B,B4158_D157_a0.13_ms100,$t_0$,250.0,cfl,9.452842703727102,6.709456898815688
Set B,B4158_D157_a0.13_ms100,$t_0$,250.0,cfl,9.492640555906506,6.599009268335612
Set B,B4158_D157_a0.13_ms100,$t_0$,250.0,cfl,9.532438408085913,6.48925899699554
Set B,B4158_D157_a0.13_ms100,$t_0$,250.0,cfl,9.572242577384712,6.379196878510162
Set B,B4158_D157_a0.13_ms100,$t_0$,250.0,cfl,9.61204042956412,6.2677412180244865
Set B,B4158_D157_a0.13_ms100,$t_0$,250.0,cfl,9.651838281743526,6.153606159898164
Set B,B4158_D157_a0.13_ms100,$t_0$,250.0,cfl,9.691636133922932,6.035253600405799
Set B,B4158_D157_a0.13_ms100,$t_0$,250.0,cfl,9.731440303221731,5.910712292976453
Set B,B4158_D157_a0.13_ms100,$t_0$,250.0,cfl,9.771238155401138,5.77905958236671
Set B,B4158_D157_a0.13_ms100,$t_0$,250.0,cfl,9.811036007580544,5.640643661872841
Set B,B4158_D157_a0.13_ms100,$t_0$,250.0,cfl,9.85083385975995,5.497393728652979
Set B,B4158_D157_a0.13_ms100,$t_0$,250.0,cfl,9.89063802905875,5.352724025516381
Set B,B4158_D157_a0.13_ms100,$t_0$,250.0,cfl,9.930435881238155,5.2106801466864505
Set B,B4158_D157_a0.13_ms100,$t_0$,250.0,cfl,9.970233733417562,5.07523724212705
Set B,B4158_D157_a0.13_ms100,$t_0$,250.0,cfl,10.010031585596968,4.948904811306115
Set B,B4158_D157_a0.13_ms100,$t_0$,250.0,cfl,10.049835754895767,4.832840851128405
Set B,B4158_D157_a0.13_ms100,$t_0$,250.0,cfl,10.089633607075173,4.727321791392871
Set B,B4158_D157_a0.13_ms100,$t_0$,250.0,cfl,10.12943145925458,4.6317038823584715
Set B,B4158_D157_a0.13_ms100,$t_0$,250.0,cfl,10.169229311433986,4.545226643177173
Set B,B4158_D157_a0.13_ms100,$t_0$,250.0,cfl,10.209027163613394,4.479172214920913
Set B,B4158_D157_a0.13_ms100,$t_0$,250.0,cfl,10.248831332912193,4.423107628559831
Set B,B4158_D157_a0.13_ms100,$t_0$,250.0,cfl,10.288629185091597,4.368673492555809
Set B,B4158_D157_a0.13_ms100,$t_0$,250.0,cfl,10.328427037271004,4.315522604728648
Set B,B4158_D157_a0.13_ms100,$t_0$,250.0,cfl,10.36822488945041,4.263471308933815
Set B,B4158_D157_a0.13_ms100,$t_0$,250.0,cfl,10.40802905874921,4.211886325109811
Set B,B4158_D157_a0.13_ms100,$t_0$,250.0,cfl,10.447826910928617,4.161074812694322
Set B,B4158_D157_a0.13_ms100,$t_0$,250.0,cfl,10.487624763108023,4.110586100811933
Set B,B4158_D157_a0.13_ms100,$t_0$,250.0,cfl,10.52742261528743,4.060282702409413
Set B,B4158_D157_a0.13_ms100,$t_0$,250.0,cfl,10.567226784586229,4.009955919753505
Set B,B4158_D157_a0.13_ms100,$t_0$,250.0,cfl,10.607024636765635,3.959484420282559
Set B,B4158_D157_a0.13_ms100,$t_0$,250.0,cfl,10.646822488945041,3.908576296457807
Set B,B4158_D157_a0.13_ms100,$t_0$,250.0,cfl,10.686620341124447,3.856958365158436
Set B,B4158_D157_a0.13_ms100,$t_0$,250.0,cfl,10.726424510423248,3.8043610375039565
Set B,B4158_D157_a0.13_ms100,$t_0$,250.0,cfl,10.766222362602655,3.750620514082539
Set B,B4158_D157_a0.13_ms100,$t_0$,250.0,cfl,10.806020214782059,3.6955029958856183
Set B,B4158_D157_a0.13_ms100,$t_0$,250.0,cfl,10.845818066961465,3.6388104732640016
Set B,B4158_D157_a0.13_ms100,$t_0$,250.0,cfl,10.885615919140871,3.58036210105087
Set B,B4158_D157_a0.13_ms100,$t_0$,250.0,cfl,10.925420088439672,3.519998786422664
Set B,B4158_D157_a0.13_ms100,$t_0$,250.0,cfl,10.965217940619079,3.4576846915712345
Set B,B4158_D157_a0.13_ms100,$t_0$,250.0,cfl,11.005015792798485,3.3934350225640935
Set B,B4158_D157_a0.13_ms100,$t_0$,250.0,cfl,11.044813644977891,3.327247110782825
Set B,B4158_D157_a0.13_ms100,$t_0$,250.0,cfl,11.08461781427669,3.2592582136664943
Set B,B4158_D157_a0.13_ms100,$t_0$,250.0,cfl,11.124415666456096,3.1896841808001835
Set B,B4158_D157_a0.13_ms100,$t_0$,250.0,cfl,11.164213518635503,3.11880818647464
Set B,B4158_D157_a0.13_ms100,$t_0$,250.0,cfl,11.204011370814909,3.0470624513450137
Set B,B4158_D157_a0.13_ms100,$t_0$,250.0,cfl,11.243815540113708,2.9748912376944543
Set B,B4158_D157_a0.13_ms100,$t_0$,250.0,cfl,11.283613392293114,2.9028945270121636
Set B,B4158_D157_a0.13_ms100,$t_0$,250.0,cfl,11.32341124447252,2.831794624244178
Set B,B4158_D157_a0.13_ms100,$t_0$,250.0,cfl,11.363209096651927,2.7623402945795337
Set B,B4158_D157_a0.13_ms100,$t_0$,250.0,cfl,11.403006948831333,2.6946414746134857
Set B,B4158_D157_a0.13_ms100,$t_0$,250.0,cfl,11.442811118130132,2.629142475327308
Set B,B4158_D157_a0.13_ms100,$t_0$,250.0,cfl,11.482608970309538,2.5661895540243176
Set B,B4158_D157_a0.13_ms100,$t_0$,250.0,cfl,11.522406822488946,2.5065187913969718
Set B,B4158_D157_a0.13_ms100,$t_0$,250.0,cfl,11.562204674668353,2.4499275493580615
Set B,B4158_D157_a0.13_ms100,$t_0$,250.0,cfl,11.602008843967152,2.396964614214048
Set B,B4158_D157_a0.13_ms100,$t_0$,250.0,cfl,11.641806696146556,2.347026723632714
Set B,B4158_D157_a0.13_ms100,$t_0$,250.0,cfl,11.681604548325963,2.2999749597834476
Set B,B4158_D157_a0.13_ms100,$t_0$,250.0,cfl,11.72140240050537,2.2556959603355704
Set B,B4158_D157_a0.13_ms100,$t_0$,250.0,cfl,11.76120656980417,2.214101263785324
Set B,B4158_D157_a0.13_ms100,$t_0$,250.0,cfl,11.801004421983576,2.175041656363658
Set B,B4158_D157_a0.13_ms100,$t_0$,250.0,cfl,11.840802274162982,2.1383737671281464
Set B,B4158_D157_a0.13_ms100,$t_0$,250.0,cfl,11.880600126342388,2.103962698955136
Set B,B4158_D157_a0.13_ms100,$t_0$,250.0,cfl,11.920404295641188,2.0715997930488874
Set B,B4158_D157_a0.13_ms100,$t_0$,250.0,cfl,11.960202147820594,2.041228907195537
Set B,B4158_D157_a0.13_ms100,$t_0$,250.0,cfl,12.0,2.0127438866164287
Set B,B4158_D157_a0.13_ms100,$t_0$,250.0,unpCFL,2.5277593177511055,99.92062352973046
Set B,B4158_D157_a0.13_ms100,$t_0$,250.0,unpCFL,2.56755843335439,99.46451903118641
Set B,B4158_D157_a0.13_ms100,$t_0$,250.0,unpCFL,2.6073575489576757,99.00496945598725
Set B,B4158_D157_a0.13_ms100,$t_0$,250.0,unpCFL,2.6471572962728995,98.54165987299943
Set B,B4158_D157_a0.13_ms100,$t_0$,250.0,unpCFL,2.686956411876184,98.07429104826639
Set B,B4158_D157_a0.13_ms100,$t_0$,250.0,unpCFL,2.726756159191409,97.60257253559995
Set B,B4158_D157_a0.13_ms100,$t_0$,250.0,unpCFL,2.7665552747946935,97.12609992145438
Set B,B4158_D157_a0.13_ms100,$t_0$,250.0,unpCFL,2.8063543903979786,96.64461560992743
Set B,B4158_D157_a0.13_ms100,$t_0$,250.0,unpCFL,2.846154137713203,96.15762754861397
Set B,B4158_D157_a0.13_ms100,$t_0$,250.0,unpCFL,2.8859532533164876,95.66475932070327
Set B,B4158_D157_a0.13_ms100,$t_0$,250.0,unpCFL,2.9257523689197726,95.16565530764076
Set B,B4158_D157_a0.13_ms100,$t_0$,250.0,unpCFL,2.965552116234997,94.65982303441962
Set B,B4158_D157_a0.13_ms100,$t_0$,250.0,unpCFL,3.0053512318382816,94.14685489092716
Set B,B4158_D157_a0.13_ms100,$t_0$,250.0,unpCFL,3.0451503474415667,93.62619723554015
Set B,B4158_D157_a0.13_ms100,$t_0$,250.0,unpCFL,3.084950094756791,93.0973828038663
Set B,B4158_D157_a0.13_ms100,$t_0$,250.0,unpCFL,3.124749210360076,92.5598467553851
Set B,B4158_D157_a0.13_ms100,$t_0$,250.0,unpCFL,3.1645483259633607,92.01305825434207
Set B,B4158_D157_a0.13_ms100,$t_0$,250.0,unpCFL,3.204348073278585,91.45634031136858
Set B,B4158_D157_a0.13_ms100,$t_0$,250.0,unpCFL,3.2441471888818696,90.8890824877833
Set B,B4158_D157_a0.13_ms100,$t_0$,250.0,unpCFL,3.283946304485155,90.31062206912466
Set B,B4158_D157_a0.13_ms100,$t_0$,250.0,unpCFL,3.323746051800379,89.7203135082451
Set B,B4158_D157_a0.13_ms100,$t_0$,250.0,unpCFL,3.3635451674036636,89.11725333724246
Set B,B4158_D157_a0.13_ms100,$t_0$,250.0,unpCFL,3.403344283006949,88.50072194148096
Set B,B4158_D157_a0.13_ms100,$t_0$,250.0,unpCFL,3.443144030322173,87.86973768084269
Set B,B4158_D157_a0.13_ms100,$t_0$,250.0,unpCFL,3.4829431459254576,87.22370918202488
Set B,B4158_D157_a0.13_ms100,$t_0$,250.0,unpCFL,3.522742261528743,86.56139400251416
Set B,B4158_D157_a0.13_ms100,$t_0$,250.0,unpCFL,3.562542008843967,85.88202341805501
Set B,B4158_D157_a0.13_ms100,$t_0$,250.0,unpCFL,3.6023411244472525,85.18431371914279
Set B,B4158_D157_a0.13_ms100,$t_0$,250.0,unpCFL,3.642140240050537,84.4676021502312
Set B,B4158_D157_a0.13_ms100,$t_0$,250.0,unpCFL,3.681939987365761,83.7304514176939
Set B,B4158_D157_a0.13_ms100,$t_0$,250.0,unpCFL,3.7217391029690465,82.97111654642107
Set B,B4158_D157_a0.13_ms100,$t_0$,250.0,unpCFL,3.761538218572331,82.18951217465745
Set B,B4158_D157_a0.13_ms100,$t_0$,250.0,unpCFL,3.801337965887555,81.38389656307092
Set B,B4158_D157_a0.13_ms100,$t_0$,250.0,unpCFL,3.8411370814908405,80.55278433751458
Set B,B4158_D157_a0.13_ms100,$t_0$,250.0,unpCFL,3.880936197094125,79.69473380813669
Set B,B4158_D157_a0.13_ms100,$t_0$,250.0,unpCFL,3.92073594440935,78.80832248126077
Set B,B4158_D157_a0.13_ms100,$t_0$,250.0,unpCFL,3.9605350600126346,77.89418739999658
Set B,B4158_D157_a0.13_ms100,$t_0$,250.0,unpCFL,4.00033417561592,76.94921861815571
Set B,B4158_D157_a0.13_ms100,$t_0$,250.0,unpCFL,4.040133922931144,75.97422143782632
Set B,B4158_D157_a0.13_ms100,$t_0$,250.0,unpCFL,4.079933038534429,74.96662709657875
Set B,B4158_D157_a0.13_ms100,$t_0$,250.0,unpCFL,4.119732154137713,73.92703924995257
Set B,B4158_D157_a0.13_ms100,$t_0$,250.0,unpCFL,4.1595319014529375,72.85413508573878
Set B,B4158_D157_a0.13_ms100,$t_0$,250.0,unpCFL,4.199331017056222,71.75094355958397
Set B,B4158_D157_a0.13_ms100,$t_0$,250.0,unpCFL,4.239130132659508,70.61562349174794
Set B,B4158_D157_a0.13_ms100,$t_0$,250.0,unpCFL,4.278929879974732,69.44971677051281
Set B,B4158_D157_a0.13_ms100,$t_0$,250.0,unpCFL,4.318728995578017,68.25745741156864
Set B,B4158_D157_a0.13_ms100,$t_0$,250.0,unpCFL,4.358528742893241,67.03987073739961
Set B,B4158_D157_a0.13_ms100,$t_0$,250.0,unpCFL,4.3983278584965255,65.80081908283881
Set B,B4158_D157_a0.13_ms100,$t_0$,250.0,unpCFL,4.43812697409981,64.54464319145924
Set B,B4158_D157_a0.13_ms100,$t_0$,250.0,unpCFL,4.477926721415035,63.27648187063807
Set B,B4158_D157_a0.13_ms100,$t_0$,250.0,unpCFL,4.51772583701832,62.00064398591241
Set B,B4158_D157_a0.13_ms100,$t_0$,250.0,unpCFL,4.557524952621605,60.72141901148669
Set B,B4158_D157_a0.13_ms100,$t_0$,250.0,unpCFL,4.597324699936829,59.4465366300591
Set B,B4158_D157_a0.13_ms100,$t_0$,250.0,unpCFL,4.6371238155401135,58.17888380979061
Set B,B4158_D157_a0.13_ms100,$t_0$,250.0,unpCFL,4.676922931143398,56.92534453491594
Set B,B4158_D157_a0.13_ms100,$t_0$,250.0,unpCFL,4.716722678458623,55.688703097175555
Set B,B4158_D157_a0.13_ms100,$t_0$,250.0,unpCFL,4.756521794061908,54.47407009722667
Set B,B4158_D157_a0.13_ms100,$t_0$,250.0,unpCFL,4.796320909665193,53.28292015351778
Set B,B4158_D157_a0.13_ms100,$t_0$,250.0,unpCFL,4.836120656980417,52.11845118696735
Set B,B4158_D157_a0.13_ms100,$t_0$,250.0,unpCFL,4.875919772583702,50.98378901751823
Set B,B4158_D157_a0.13_ms100,$t_0$,250.0,unpCFL,4.915718888186986,49.87763605329906
Set B,B4158_D157_a0.13_ms100,$t_0$,250.0,unpCFL,4.955518635502211,48.80275144094859
Set B,B4158_D157_a0.13_ms100,$t_0$,250.0,unpCFL,4.995317751105496,47.7590967531979
Set B,B4158_D157_a0.13_ms100,$t_0$,250.0,unpCFL,5.035116866708781,46.74695448678918
Set B,B4158_D157_a0.13_ms100,$t_0$,250.0,unpCFL,5.074916614024005,45.76638834689221
Set B,B4158_D157_a0.13_ms100,$t_0$,250.0,unpCFL,5.11471572962729,44.815387083436576
Set B,B4158_D157_a0.13_ms100,$t_0$,250.0,unpCFL,5.154514845230575,43.894655614482794
Set B,B4158_D157_a0.13_ms100,$t_0$,250.0,unpCFL,5.194314592545799,43.00286046326309
Set B,B4158_D157_a0.13_ms100,$t_0$,250.0,unpCFL,5.234113708149084,42.13863555267825
Set B,B4158_D157_a0.13_ms100,$t_0$,250.0,unpCFL,5.273912823752369,41.30233082629985
Set B,B4158_D157_a0.13_ms100,$t_0$,250.0,unpCFL,5.313712571067593,40.49211863800158
Set B,B4158_D157_a0.13_ms100,$t_0$,250.0,unpCFL,5.353511686670878,39.70700495909243
Set B,B4158_D157_a0.13_ms100,$t_0$,250.0,unpCFL,5.393310802274163,38.94582933124436
Set B,B4158_D157_a0.13_ms100,$t_0$,250.0,unpCFL,5.433110549589387,38.20807562674911
Set B,B4158_D157_a0.13_ms100,$t_0$,250.0,unpCFL,5.472909665192672,37.49152071008468
Set B,B4158_D157_a0.13_ms100,$t_0$,250.0,unpCFL,5.512708780795958,36.79640929386869
Set B,B4158_D157_a0.13_ms100,$t_0$,250.0,unpCFL,5.552508528111181,36.120975088333104
Set B,B4158_D157_a0.13_ms100,$t_0$,250.0,unpCFL,5.592307643714466,35.46504188373874
Set B,B4158_D157_a0.13_ms100,$t_0$,250.0,unpCFL,5.632106759317751,34.8262785507708
Set B,B4158_D157_a0.13_ms100,$t_0$,250.0,unpCFL,5.6719065066329755,34.205350731103174
Set B,B4158_D157_a0.13_ms100,$t_0$,250.0,unpCFL,5.711705622236261,33.600290183068154
Set B,B4158_D157_a0.13_ms100,$t_0$,250.0,unpCFL,5.751504737839546,33.01108317234325
Set B,B4158_D157_a0.13_ms100,$t_0$,250.0,unpCFL,5.791304485154769,32.43656480848197
Set B,B4158_D157_a0.13_ms100,$t_0$,250.0,unpCFL,5.831103600758055,31.875370418679033
Set B,B4158_D157_a0.13_ms100,$t_0$,250.0,unpCFL,5.870902716361339,31.327907090596536
Set B,B4158_D157_a0.13_ms100,$t_0$,250.0,unpCFL,5.9107024636765635,30.79311264588277
Set B,B4158_D157_a0.13_ms100,$t_0$,250.0,unpCFL,5.950501579279849,30.26994654403577
Set B,B4158_D157_a0.13_ms100,$t_0$,250.0,unpCFL,5.990300694883134,29.758052677136764
Set B,B4158_D157_a0.13_ms100,$t_0$,250.0,unpCFL,6.030100442198358,29.14341427860734
Set B,B4158_D157_a0.13_ms100,$t_0$,250.0,unpCFL,6.069899557801643,28.907855624658904
Set B,B4158_D157_a0.13_ms100,$t_0$,250.0,unpCFL,6.109699305116867,28.871012783812688
Set B,B4158_D157_a0.13_ms100,$t_0$,250.0,unpCFL,6.149498420720152,28.839876245466815
Set B,B4158_D157_a0.13_ms100,$t_0$,250.0,unpCFL,6.189297536323437,28.808372498756817
Set B,B4158_D157_a0.13_ms100,$t_0$,250.0,unpCFL,6.22909728363866,28.776131919350647
Set B,B4158_D157_a0.13_ms100,$t_0$,250.0,unpCFL,6.268896399241946,28.743039686318053
Set B,B4158_D157_a0.13_ms100,$t_0$,250.0,unpCFL,6.308695514845231,28.709147293486748
Set B,B4158_D157_a0.13_ms100,$t_0$,250.0,unpCFL,6.348496525584333,28.67441148331517
Set B,B4158_D157_a0.13_ms100,$t_0$,250.0,unpCFL,6.3882943777637395,28.63883073879569
Set B,B4158_D157_a0.13_ms100,$t_0$,250.0,unpCFL,6.428092229943147,28.60242316590979
Set B,B4158_D157_a0.13_ms100,$t_0$,250.0,unpCFL,6.467890082122553,28.565108952322497
Set B,B4158_D157_a0.13_ms100,$t_0$,250.0,unpCFL,6.507694251421352,28.526828474013477
Set B,B4158_D157_a0.13_ms100,$t_0$,250.0,unpCFL,6.547492103600758,28.487677937856564
Set B,B4158_D157_a0.13_ms100,$t_0$,250.0,unpCFL,6.587289955780164,28.4475608399841
Set B,B4158_D157_a0.13_ms100,$t_0$,250.0,unpCFL,6.62708780795957,28.406505521153555
Set B,B4158_D157_a0.13_ms100,$t_0$,250.0,unpCFL,6.666891977258371,28.364412035623335
Set B,B4158_D157_a0.13_ms100,$t_0$,250.0,unpCFL,6.706689829437776,28.321388021065044
Set B,B4158_D157_a0.13_ms100,$t_0$,250.0,unpCFL,6.746487681617182,28.277310345409262
Set B,B4158_D157_a0.13_ms100,$t_0$,250.0,unpCFL,6.786285533796589,28.23223596631098
Set B,B4158_D157_a0.13_ms100,$t_0$,250.0,unpCFL,6.826089703095389,28.186119209791112
Set B,B4158_D157_a0.13_ms100,$t_0$,250.0,unpCFL,6.865887555274795,28.13894420932713
Set B,B4158_D157_a0.13_ms100,$t_0$,250.0,unpCFL,6.905685407454201,28.090664005397457
Set B,B4158_D157_a0.13_ms100,$t_0$,250.0,unpCFL,6.9454832596336065,28.04125931226894
Set B,B4158_D157_a0.13_ms100,$t_0$,250.0,unpCFL,6.985287428932407,27.990768740242856
Set B,B4158_D157_a0.13_ms100,$t_0$,250.0,unpCFL,7.025085281111814,27.939167952602837
Set B,B4158_D157_a0.13_ms100,$t_0$,250.0,unpCFL,7.064883133291219,27.886439814111384
Set B,B4158_D157_a0.13_ms100,$t_0$,250.0,unpCFL,7.104680985470625,27.83253999649873
Set B,B4158_D157_a0.13_ms100,$t_0$,250.0,unpCFL,7.1444788376500314,27.777455262925653
Set B,B4158_D157_a0.13_ms100,$t_0$,250.0,unpCFL,7.1842830069488315,27.72115882407114
Set B,B4158_D157_a0.13_ms100,$t_0$,250.0,unpCFL,7.224080859128238,27.663614331531498
Set B,B4158_D157_a0.13_ms100,$t_0$,250.0,unpCFL,7.263878711307644,27.60491269214907
Set B,B4158_D157_a0.13_ms100,$t_0$,250.0,unpCFL,7.30367656348705,27.54499727474457
Set B,B4158_D157_a0.13_ms100,$t_0$,250.0,unpCFL,7.34348073278585,27.48375662879482
Set B,B4158_D157_a0.13_ms100,$t_0$,250.0,unpCFL,7.3832785849652565,27.421291022138107
Set B,B4158_D157_a0.13_ms100,$t_0$,250.0,unpCFL,7.423076437144663,27.357566571969688
Set B,B4158_D157_a0.13_ms100,$t_0$,250.0,unpCFL,7.462874289324068,27.292458578801
Set B,B4158_D157_a0.13_ms100,$t_0$,250.0,unpCFL,7.502678458622867,27.22605540959655
Set B,B4158_D157_a0.13_ms100,$t_0$,250.0,unpCFL,7.542476310802275,27.15833886240779
Set B,B4158_D157_a0.13_ms100,$t_0$,250.0,unpCFL,7.5822741629816806,27.08928060702746
Set B,B4158_D157_a0.13_ms100,$t_0$,250.0,unpCFL,7.622072015161087,27.018905952128875
Set B,B4158_D157_a0.13_ms100,$t_0$,250.0,unpCFL,7.661869867340493,26.94708303937748
Set B,B4158_D157_a0.13_ms100,$t_0$,250.0,unpCFL,7.701674036639292,26.873848339859425
Set B,B4158_D157_a0.13_ms100,$t_0$,250.0,unpCFL,7.741471888818699,26.799255726927896
Set B,B4158_D157_a0.13_ms100,$t_0$,250.0,unpCFL,7.7812697409981055,26.723263602221436
Set B,B4158_D157_a0.13_ms100,$t_0$,250.0,unpCFL,7.821067593177512,26.645760177595605
Set B,B4158_D157_a0.13_ms100,$t_0$,250.0,unpCFL,7.860871762476311,26.566821569572138
Set B,B4158_D157_a0.13_ms100,$t_0$,250.0,unpCFL,7.900669614655716,26.486437605108506
Set B,B4158_D157_a0.13_ms100,$t_0$,250.0,unpCFL,7.940467466835124,26.404476093664325
Set B,B4158_D157_a0.13_ms100,$t_0$,250.0,unpCFL,7.98026531901453,26.321150320891345
Set B,B4158_D157_a0.13_ms100,$t_0$,250.0,unpCFL,8.020069488313329,26.23622208839465
Set B,B4158_D157_a0.13_ms100,$t_0$,250.0,unpCFL,8.059867340492735,26.149808583988726
Set B,B4158_D157_a0.13_ms100,$t_0$,250.0,unpCFL,8.099665192672141,26.06181490328604
Set B,B4158_D157_a0.13_ms100,$t_0$,250.0,unpCFL,8.13946304485155,25.97223078383592
Set B,B4158_D157_a0.13_ms100,$t_0$,250.0,unpCFL,8.179267214150348,25.88104462913338
Set B,B4158_D157_a0.13_ms100,$t_0$,250.0,unpCFL,8.219065066329753,25.788330521475253
Set B,B4158_D157_a0.13_ms100,$t_0$,250.0,unpCFL,8.258862918509159,25.69399671407931
Set B,B4158_D157_a0.13_ms100,$t_0$,250.0,unpCFL,8.298660770688565,25.59799726336631
Set B,B4158_D157_a0.13_ms100,$t_0$,250.0,unpCFL,8.338458622867973,25.50042767570437
Set B,B4158_D157_a0.13_ms100,$t_0$,250.0,unpCFL,8.378262792166772,25.401204743761173
Set B,B4158_D157_a0.13_ms100,$t_0$,250.0,unpCFL,8.418060644346179,25.300171141233516
Set B,B4158_D157_a0.13_ms100,$t_0$,250.0,unpCFL,8.457858496525585,25.197656274679144
Set B,B4158_D157_a0.13_ms100,$t_0$,250.0,unpCFL,8.49765634870499,25.093332388328143
Set B,B4158_D157_a0.13_ms100,$t_0$,250.0,unpCFL,8.53746051800379,24.987390346525856
Set B,B4158_D157_a0.13_ms100,$t_0$,250.0,unpCFL,8.577258370183197,24.8795876422726
Set B,B4158_D157_a0.13_ms100,$t_0$,250.0,unpCFL,8.617056222362603,24.770149185745453
Set B,B4158_D157_a0.13_ms100,$t_0$,250.0,unpCFL,8.656854074542009,24.658961960629497
Set B,B4158_D157_a0.13_ms100,$t_0$,250.0,unpCFL,8.696658243840808,24.54609734645246
Set B,B4158_D157_a0.13_ms100,$t_0$,250.0,unpCFL,8.736456096020214,24.43131704838232
Set B,B4158_D157_a0.13_ms100,$t_0$,250.0,unpCFL,8.77625394819962,24.314848831510336
Set B,B4158_D157_a0.13_ms100,$t_0$,250.0,unpCFL,8.816051800379027,24.196466356325676
Set B,B4158_D157_a0.13_ms100,$t_0$,250.0,unpCFL,8.855855969677828,24.07634984730028
Set B,B4158_D157_a0.13_ms100,$t_0$,250.0,unpCFL,8.895653821857234,23.954378629074213
Set B,B4158_D157_a0.13_ms100,$t_0$,250.0,unpCFL,8.93545167403664,23.830552614167765
Set B,B4158_D157_a0.13_ms100,$t_0$,250.0,unpCFL,8.975249526216045,23.704850443572013
Set B,B4158_D157_a0.13_ms100,$t_0$,250.0,unpCFL,9.015047378395451,23.577249600414365
Set B,B4158_D157_a0.13_ms100,$t_0$,250.0,unpCFL,9.054851547694252,23.44765843672384
Set B,B4158_D157_a0.13_ms100,$t_0$,250.0,unpCFL,9.094649399873658,23.316260344427132
Set B,B4158_D157_a0.13_ms100,$t_0$,250.0,unpCFL,9.134447252053064,23.18292346434865
Set B,B4158_D157_a0.13_ms100,$t_0$,250.0,unpCFL,9.17424510423247,23.047670029592823
Set B,B4158_D157_a0.13_ms100,$t_0$,250.0,unpCFL,9.21404927353127,22.910471726047316
Set B,B4158_D157_a0.13_ms100,$t_0$,250.0,unpCFL,9.253847125710676,22.77131733756046
Set B,B4158_D157_a0.13_ms100,$t_0$,250.0,unpCFL,9.293644977890082,22.630048758576432
Set B,B4158_D157_a0.13_ms100,$t_0$,250.0,unpCFL,9.333442830069488,22.486965985835223
Set B,B4158_D157_a0.13_ms100,$t_0$,250.0,unpCFL,9.373246999368288,22.341754184425508
Set B,B4158_D157_a0.13_ms100,$t_0$,250.0,unpCFL,9.413044851547696,22.194519160704765
Set B,B4158_D157_a0.13_ms100,$t_0$,250.0,unpCFL,9.452842703727102,22.045290072190895
Set B,B4158_D157_a0.13_ms100,$t_0$,250.0,unpCFL,9.492640555906506,21.894029201792215
Set B,B4158_D157_a0.13_ms100,$t_0$,250.0,unpCFL,9.532438408085913,21.74060348274484
Set B,B4158_D157_a0.13_ms100,$t_0$,250.0,unpCFL,9.572242577384712,21.585170443276855
Set B,B4158_D157_a0.13_ms100,$t_0$,250.0,unpCFL,9.61204042956412,21.427672397152683
Set B,B4158_D157_a0.13_ms100,$t_0$,250.0,unpCFL,9.651838281743526,21.268056410646697
Set B,B4158_D157_a0.13_ms100,$t_0$,250.0,unpCFL,9.691636133922932,21.106407480307478
Set B,B4158_D157_a0.13_ms100,$t_0$,250.0,unpCFL,9.731440303221731,20.942610132223166
Set B,B4158_D157_a0.13_ms100,$t_0$,250.0,unpCFL,9.771238155401138,20.776666360540574
Set B,B4158_D157_a0.13_ms100,$t_0$,250.0,unpCFL,9.811036007580544,20.608627256484755
Set B,B4158_D157_a0.13_ms100,$t_0$,250.0,unpCFL,9.85083385975995,20.438455877867945
Set B,B4158_D157_a0.13_ms100,$t_0$,250.0,unpCFL,9.89063802905875,20.26589429214
Set B,B4158_D157_a0.13_ms100,$t_0$,250.0,unpCFL,9.930435881238155,20.091161991846384
Set B,B4158_D157_a0.13_ms100,$t_0$,250.0,unpCFL,9.970233733417562,19.914205123284546
Set B,B4158_D157_a0.13_ms100,$t_0$,250.0,unpCFL,10.010031585596968,19.73475170112816
Set B,B4158_D157_a0.13_ms100,$t_0$,250.0,unpCFL,10.049835754895767,19.553061342745757
Set B,B4158_D157_a0.13_ms100,$t_0$,250.0,unpCFL,10.089633607075173,19.369347384160754
Set B,B4158_D157_a0.13_ms100,$t_0$,250.0,unpCFL,10.12943145925458,19.183361426228476
Set B,B4158_D157_a0.13_ms100,$t_0$,250.0,unpCFL,10.169229311433986,18.99522639764692
Set B,B4158_D157_a0.13_ms100,$t_0$,250.0,unpCFL,10.209027163613394,18.805013821974256
Set B,B4158_D157_a0.13_ms100,$t_0$,250.0,unpCFL,10.248831332912193,18.6127162846273
Set B,B4158_D157_a0.13_ms100,$t_0$,250.0,unpCFL,10.288629185091597,18.418250192368514
Set B,B4158_D157_a0.13_ms100,$t_0$,250.0,unpCFL,10.328427037271004,18.221826800374192
Set B,B4158_D157_a0.13_ms100,$t_0$,250.0,unpCFL,10.36822488945041,18.023460253330516
Set B,B4158_D157_a0.13_ms100,$t_0$,250.0,unpCFL,10.40802905874921,17.82322017444932
Set B,B4158_D157_a0.13_ms100,$t_0$,250.0,unpCFL,10.447826910928617,17.597673489345084
Set B,B4158_D157_a0.13_ms100,$t_0$,250.0,unpCFL,10.487624763108023,17.39304324696109
Set B,B4158_D157_a0.13_ms100,$t_0$,250.0,unpCFL,10.52742261528743,17.17465867437308
Set B,B4158_D157_a0.13_ms100,$t_0$,250.0,unpCFL,10.567226784586229,16.96156985078523
Set B,B4158_D157_a0.13_ms100,$t_0$,250.0,unpCFL,10.607024636765635,16.74584191239111
Set B,B4158_D157_a0.13_ms100,$t_0$,250.0,unpCFL,10.646822488945041,16.52740297427034
Set B,B4158_D157_a0.13_ms100,$t_0$,250.0,unpCFL,10.686620341124447,16.306314641825306
Set B,B4158_D157_a0.13_ms100,$t_0$,250.0,unpCFL,10.726424510423248,16.08282904582246
Set B,B4158_D157_a0.13_ms100,$t_0$,250.0,unpCFL,10.766222362602655,15.856917807682567
Set B,B4158_D157_a0.13_ms100,$t_0$,250.0,unpCFL,10.806020214782059,15.628753191865576
Set B,B4158_D157_a0.13_ms100,$t_0$,250.0,unpCFL,10.845818066961465,15.398604229044167
Set B,B4158_D157_a0.13_ms100,$t_0$,250.0,unpCFL,10.885615919140871,15.166200931236146
Set B,B4158_D157_a0.13_ms100,$t_0$,250.0,unpCFL,10.925420088439672,14.931319685089308
Set B,B4158_D157_a0.13_ms100,$t_0$,250.0,unpCFL,10.965217940619079,14.693321795998397
Set B,B4158_D157_a0.13_ms100,$t_0$,250.0,unpCFL,11.005015792798485,14.451014615048832
Set B,B4158_D157_a0.13_ms100,$t_0$,250.0,unpCFL,11.044813644977891,14.204108696092128
Set B,B4158_D157_a0.13_ms100,$t_0$,250.0,unpCFL,11.08461781427669,13.953345592115799
Set B,B4158_D157_a0.13_ms100,$t_0$,250.0,unpCFL,11.124415666456096,13.698930711351531
Set B,B4158_D157_a0.13_ms100,$t_0$,250.0,unpCFL,11.164213518635503,13.44228086321566
Set B,B4158_D157_a0.13_ms100,$t_0$,250.0,unpCFL,11.204011370814909,13.184227174033278
Set B,B4158_D157_a0.13_ms100,$t_0$,250.0,unpCFL,11.243815540113708,12.92503228264616
Set B,B4158_D157_a0.13_ms100,$t_0$,250.0,unpCFL,11.283613392293114,12.66491797524405
Set B,B4158_D157_a0.13_ms100,$t_0$,250.0,unpCFL,11.32341124447252,12.403371729179662
Set B,B4158_D157_a0.13_ms100,$t_0$,250.0,unpCFL,11.363209096651927,12.139723066650086
Set B,B4158_D157_a0.13_ms100,$t_0$,250.0,unpCFL,11.403006948831333,11.872817129319001
Set B,B4158_D157_a0.13_ms100,$t_0$,250.0,unpCFL,11.442811118130132,11.601156476211587
Set B,B4158_D157_a0.13_ms100,$t_0$,250.0,unpCFL,11.482608970309538,11.323493420417439
Set B,B4158_D157_a0.13_ms100,$t_0$,250.0,unpCFL,11.522406822488946,11.039907398032346
Set B,B4158_D157_a0.13_ms100,$t_0$,250.0,unpCFL,11.562204674668353,10.752352751723953
Set B,B4158_D157_a0.13_ms100,$t_0$,250.0,unpCFL,11.602008843967152,10.465669877914406
Set B,B4158_D157_a0.13_ms100,$t_0$,250.0,unpCFL,11.641806696146556,10.182783082910571
Set B,B4158_D157_a0.13_ms100,$t_0$,250.0,unpCFL,11.681604548325963,9.909308345295015
Set B,B4158_D157_a0.13_ms100,$t_0$,250.0,unpCFL,11.72140240050537,9.648006961599151
Set B,B4158_D157_a0.13_ms100,$t_0$,250.0,unpCFL,11.76120656980417,9.389382199308503
Set B,B4158_D157_a0.13_ms100,$t_0$,250.0,unpCFL,11.801004421983576,9.130983453524523
Set B,B4158_D157_a0.13_ms100,$t_0$,250.0,unpCFL,11.840802274162982,8.871594694306342
Set B,B4158_D157_a0.13_ms100,$t_0$,250.0,unpCFL,11.880600126342388,8.610373168775817
Set B,B4158_D157_a0.13_ms100,$t_0$,250.0,unpCFL,11.920404295641188,8.348053806598896
Set B,B4158_D157_a0.13_ms100,$t_0$,250.0,unpCFL,11.960202147820594,8.086477970687273
Set B,B4158_D157_a0.13_ms100,$t_0$,250.0,unpCFL,12.0,7.829220556915155
Set B,B4158_D157_a0.13_ms100,$t_{T_\mathrm{max}}$,150.0,unpaired,0.49799330385344287,99.77177590694366
Set B,B4158_D157_a0.13_ms100,$t_{T_\mathrm{max}}$,150.0,unpaired,0.5377926721415035,98.68276269182283
Set B,B4158_D157_a0.13_ms100,$t_{T_\mathrm{max}}$,150.0,unpaired,0.5775919772583702,97.64415212919144
Set B,B4158_D157_a0.13_ms100,$t_{T_\mathrm{max}}$,150.0,unpaired,0.6173912823752369,96.65332398801584
Set B,B4158_D157_a0.13_ms100,$t_{T_\mathrm{max}}$,150.0,unpaired,0.6571907770056854,95.70560054219709
Set B,B4158_D157_a0.13_ms100,$t_{T_\mathrm{max}}$,150.0,unpaired,0.6969898926089704,94.79785158790212
Set B,B4158_D157_a0.13_ms100,$t_{T_\mathrm{max}}$,150.0,unpaired,0.7367890082122552,93.92743888895988
Set B,B4158_D157_a0.13_ms100,$t_{T_\mathrm{max}}$,150.0,unpaired,0.7765887555274795,93.09219305511671
Set B,B4158_D157_a0.13_ms100,$t_{T_\mathrm{max}}$,150.0,unpaired,0.8163878711307644,92.29015281971071
Set B,B4158_D157_a0.13_ms100,$t_{T_\mathrm{max}}$,150.0,unpaired,0.8561869867340492,91.51978794495699
Set B,B4158_D157_a0.13_ms100,$t_{T_\mathrm{max}}$,150.0,unpaired,0.8959867340492736,90.77943207103957
Set B,B4158_D157_a0.13_ms100,$t_{T_\mathrm{max}}$,150.0,unpaired,0.9357858496525585,90.0678983920962
Set B,B4158_D157_a0.13_ms100,$t_{T_\mathrm{max}}$,150.0,unpaired,0.9755855969677827,89.38383225697335
Set B,B4158_D157_a0.13_ms100,$t_{T_\mathrm{max}}$,150.0,unpaired,1.0153847125710675,88.72599826237567
Set B,B4158_D157_a0.13_ms100,$t_{T_\mathrm{max}}$,150.0,unpaired,1.0551838281743526,88.0933904033828
Set B,B4158_D157_a0.13_ms100,$t_{T_\mathrm{max}}$,150.0,unpaired,1.0949835754895767,87.48476314008914
Set B,B4158_D157_a0.13_ms100,$t_{T_\mathrm{max}}$,150.0,unpaired,1.1347826910928616,86.89904874107832
Set B,B4158_D157_a0.13_ms100,$t_{T_\mathrm{max}}$,150.0,unpaired,1.1745818066961466,86.33532492689147
Set B,B4158_D157_a0.13_ms100,$t_{T_\mathrm{max}}$,150.0,unpaired,1.214381554011371,85.79249844239767
Set B,B4158_D157_a0.13_ms100,$t_{T_\mathrm{max}}$,150.0,unpaired,1.2541806696146558,85.26951013325672
Set B,B4158_D157_a0.13_ms100,$t_{T_\mathrm{max}}$,150.0,unpaired,1.2939797852179407,84.76549177947093
Set B,B4158_D157_a0.13_ms100,$t_{T_\mathrm{max}}$,150.0,unpaired,1.333779532533165,84.27958757438968
Set B,B4158_D157_a0.13_ms100,$t_{T_\mathrm{max}}$,150.0,unpaired,1.3735786481364498,83.81081635814172
Set B,B4158_D157_a0.13_ms100,$t_{T_\mathrm{max}}$,150.0,unpaired,1.413377763739735,83.35827741490343
Set B,B4158_D157_a0.13_ms100,$t_{T_\mathrm{max}}$,150.0,unpaired,1.453177511054959,82.9212488228817
Set B,B4158_D157_a0.13_ms100,$t_{T_\mathrm{max}}$,150.0,unpaired,1.4929766266582438,82.49897466030961
Set B,B4158_D157_a0.13_ms100,$t_{T_\mathrm{max}}$,150.0,unpaired,1.532775742261529,82.09068164970591
Set B,B4158_D157_a0.13_ms100,$t_{T_\mathrm{max}}$,150.0,unpaired,1.5725754895767532,81.69566092592504
Set B,B4158_D157_a0.13_ms100,$t_{T_\mathrm{max}}$,150.0,unpaired,1.6123746051800378,81.31321280597773
Set B,B4158_D157_a0.13_ms100,$t_{T_\mathrm{max}}$,150.0,unpaired,1.652173720783323,80.94274726445559
Set B,B4158_D157_a0.13_ms100,$t_{T_\mathrm{max}}$,150.0,unpaired,1.6919734680985472,80.58376440909673
Set B,B4158_D157_a0.13_ms100,$t_{T_\mathrm{max}}$,150.0,unpaired,1.7317725837018318,80.23562425228681
Set B,B4158_D157_a0.13_ms100,$t_{T_\mathrm{max}}$,150.0,unpaired,1.771571699305117,79.89781520672855
Set B,B4158_D157_a0.13_ms100,$t_{T_\mathrm{max}}$,150.0,unpaired,1.8113714466203412,79.56983784476931
Set B,B4158_D157_a0.13_ms100,$t_{T_\mathrm{max}}$,150.0,unpaired,1.8511705622236259,79.25124074113805
Set B,B4158_D157_a0.13_ms100,$t_{T_\mathrm{max}}$,150.0,unpaired,1.890969677826911,78.94161163234392
Set B,B4158_D157_a0.13_ms100,$t_{T_\mathrm{max}}$,150.0,unpaired,1.9307694251421352,78.64056243873709
Set B,B4158_D157_a0.13_ms100,$t_{T_\mathrm{max}}$,150.0,unpaired,1.9705685407454203,78.34773153380127
Set B,B4158_D157_a0.13_ms100,$t_{T_\mathrm{max}}$,150.0,unpaired,2.010367656348705,78.06273495659353
Set B,B4158_D157_a0.13_ms100,$t_{T_\mathrm{max}}$,150.0,unpaired,2.050167403663929,77.7851901530491
Set B,B4158_D157_a0.13_ms100,$t_{T_\mathrm{max}}$,150.0,unpaired,2.089966519267214,77.51484277004482
Set B,B4158_D157_a0.13_ms100,$t_{T_\mathrm{max}}$,150.0,unpaired,2.129765634870499,77.25134269953637
Set B,B4158_D157_a0.13_ms100,$t_{T_\mathrm{max}}$,150.0,unpaired,2.169565382185723,76.99445395099987
Set B,B4158_D157_a0.13_ms100,$t_{T_\mathrm{max}}$,150.0,unpaired,2.209364497789008,76.7439307974669
Set B,B4158_D157_a0.13_ms100,$t_{T_\mathrm{max}}$,150.0,unpaired,2.249163613392293,76.499503449655
Set B,B4158_D157_a0.13_ms100,$t_{T_\mathrm{max}}$,150.0,unpaired,2.2889633607075175,76.26091105058362
Set B,B4158_D157_a0.13_ms100,$t_{T_\mathrm{max}}$,150.0,unpaired,2.328762476310802,76.02793408744441
Set B,B4158_D157_a0.13_ms100,$t_{T_\mathrm{max}}$,150.0,unpaired,2.368561591914087,75.80034022753922
Set B,B4158_D157_a0.13_ms100,$t_{T_\mathrm{max}}$,150.0,unpaired,2.4083613392293115,75.57789751187023
Set B,B4158_D157_a0.13_ms100,$t_{T_\mathrm{max}}$,150.0,unpaired,2.448160454832596,75.36045152028186
Set B,B4158_D157_a0.13_ms100,$t_{T_\mathrm{max}}$,150.0,unpaired,2.4879595704358817,75.14774174379538
Set B,B4158_D157_a0.13_ms100,$t_{T_\mathrm{max}}$,150.0,unpaired,2.5277593177511055,74.93963837437319
Set B,B4158_D157_a0.13_ms100,$t_{T_\mathrm{max}}$,150.0,unpaired,2.56755843335439,74.73597740070741
Set B,B4158_D157_a0.13_ms100,$t_{T_\mathrm{max}}$,150.0,unpaired,2.6073575489576757,74.53651768410572
Set B,B4158_D157_a0.13_ms100,$t_{T_\mathrm{max}}$,150.0,unpaired,2.6471572962728995,74.34114043694248
Set B,B4158_D157_a0.13_ms100,$t_{T_\mathrm{max}}$,150.0,unpaired,2.686956411876184,74.14961243718135
Set B,B4158_D157_a0.13_ms100,$t_{T_\mathrm{max}}$,150.0,unpaired,2.726756159191409,73.96181990794844
Set B,B4158_D157_a0.13_ms100,$t_{T_\mathrm{max}}$,150.0,unpaired,2.7665552747946935,73.77755068623
Set B,B4158_D157_a0.13_ms100,$t_{T_\mathrm{max}}$,150.0,unpaired,2.8063543903979786,73.59668069399892
Set B,B4158_D157_a0.13_ms100,$t_{T_\mathrm{max}}$,150.0,unpaired,2.846154137713203,73.41901603737254
Set B,B4158_D157_a0.13_ms100,$t_{T_\mathrm{max}}$,150.0,unpaired,2.8859532533164876,73.24444133870102
Set B,B4158_D157_a0.13_ms100,$t_{T_\mathrm{max}}$,150.0,unpaired,2.9257523689197726,73.07276811019555
Set B,B4158_D157_a0.13_ms100,$t_{T_\mathrm{max}}$,150.0,unpaired,2.965552116234997,72.90390801020769
Set B,B4158_D157_a0.13_ms100,$t_{T_\mathrm{max}}$,150.0,unpaired,3.0053512318382816,72.73763822228507
Set B,B4158_D157_a0.13_ms100,$t_{T_\mathrm{max}}$,150.0,unpaired,3.0451503474415667,72.5738901156384
Set B,B4158_D157_a0.13_ms100,$t_{T_\mathrm{max}}$,150.0,unpaired,3.084950094756791,72.41248596211116
Set B,B4158_D157_a0.13_ms100,$t_{T_\mathrm{max}}$,150.0,unpaired,3.124749210360076,72.25324546289342
Set B,B4158_D157_a0.13_ms100,$t_{T_\mathrm{max}}$,150.0,unpaired,3.1645483259633607,72.09594825436342
Set B,B4158_D157_a0.13_ms100,$t_{T_\mathrm{max}}$,150.0,unpaired,3.204348073278585,71.94096144532298
Set B,B4158_D157_a0.13_ms100,$t_{T_\mathrm{max}}$,150.0,unpaired,3.2441471888818696,71.78749770506307
Set B,B4158_D157_a0.13_ms100,$t_{T_\mathrm{max}}$,150.0,unpaired,3.283946304485155,71.63538845389296
Set B,B4158_D157_a0.13_ms100,$t_{T_\mathrm{max}}$,150.0,unpaired,3.323746051800379,71.48517861874124
Set B,B4158_D157_a0.13_ms100,$t_{T_\mathrm{max}}$,150.0,unpaired,3.3635451674036636,71.33620375863165
Set B,B4158_D157_a0.13_ms100,$t_{T_\mathrm{max}}$,150.0,unpaired,3.403344283006949,71.18864987495796
Set B,B4158_D157_a0.13_ms100,$t_{T_\mathrm{max}}$,150.0,unpaired,3.443144030322173,71.04181079566
Set B,B4158_D157_a0.13_ms100,$t_{T_\mathrm{max}}$,150.0,unpaired,3.4829431459254576,70.89618953905455
Set B,B4158_D157_a0.13_ms100,$t_{T_\mathrm{max}}$,150.0,unpaired,3.522742261528743,70.75162564511966
Set B,B4158_D157_a0.13_ms100,$t_{T_\mathrm{max}}$,150.0,unpaired,3.562542008843967,70.60746576175052
Set B,B4158_D157_a0.13_ms100,$t_{T_\mathrm{max}}$,150.0,unpaired,3.6023411244472525,70.46411960707496
Set B,B4158_D157_a0.13_ms100,$t_{T_\mathrm{max}}$,150.0,unpaired,3.642140240050537,70.3214849676037
Set B,B4158_D157_a0.13_ms100,$t_{T_\mathrm{max}}$,150.0,unpaired,3.681939987365761,70.17895738812948
Set B,B4158_D157_a0.13_ms100,$t_{T_\mathrm{max}}$,150.0,unpaired,3.7217391029690465,70.03671216913042
Set B,B4158_D157_a0.13_ms100,$t_{T_\mathrm{max}}$,150.0,unpaired,3.761538218572331,69.89461582643075
Set B,B4158_D157_a0.13_ms100,$t_{T_\mathrm{max}}$,150.0,unpaired,3.801337965887555,69.7523846569655
Set B,B4158_D157_a0.13_ms100,$t_{T_\mathrm{max}}$,150.0,unpaired,3.8411370814908405,69.61022622302391
Set B,B4158_D157_a0.13_ms100,$t_{T_\mathrm{max}}$,150.0,unpaired,3.880936197094125,69.46792063453124
Set B,B4158_D157_a0.13_ms100,$t_{T_\mathrm{max}}$,150.0,unpaired,3.92073594440935,69.3253630403411
Set B,B4158_D157_a0.13_ms100,$t_{T_\mathrm{max}}$,150.0,unpaired,3.9605350600126346,69.18234017552945
Set B,B4158_D157_a0.13_ms100,$t_{T_\mathrm{max}}$,150.0,unpaired,4.00033417561592,69.03864013687318
Set B,B4158_D157_a0.13_ms100,$t_{T_\mathrm{max}}$,150.0,unpaired,4.040133922931144,68.89436826418238
Set B,B4158_D157_a0.13_ms100,$t_{T_\mathrm{max}}$,150.0,unpaired,4.079933038534429,68.74930374636831
Set B,B4158_D157_a0.13_ms100,$t_{T_\mathrm{max}}$,150.0,unpaired,4.119732154137713,68.60324980494448
Set B,B4158_D157_a0.13_ms100,$t_{T_\mathrm{max}}$,150.0,unpaired,4.1595319014529375,68.45653668783606
Set B,B4158_D157_a0.13_ms100,$t_{T_\mathrm{max}}$,150.0,unpaired,4.199331017056222,68.30845559051615
Set B,B4158_D157_a0.13_ms100,$t_{T_\mathrm{max}}$,150.0,unpaired,4.239130132659508,68.15951201553115
Set B,B4158_D157_a0.13_ms100,$t_{T_\mathrm{max}}$,150.0,unpaired,4.278929879974732,68.00900195636432
Set B,B4158_D157_a0.13_ms100,$t_{T_\mathrm{max}}$,150.0,unpaired,4.318728995578017,67.85749692253137
Set B,B4158_D157_a0.13_ms100,$t_{T_\mathrm{max}}$,150.0,unpaired,4.358528742893241,67.70408287123797
Set B,B4158_D157_a0.13_ms100,$t_{T_\mathrm{max}}$,150.0,unpaired,4.3983278584965255,67.54925294925965
Set B,B4158_D157_a0.13_ms100,$t_{T_\mathrm{max}}$,150.0,unpaired,4.43812697409981,67.39243018535916
Set B,B4158_D157_a0.13_ms100,$t_{T_\mathrm{max}}$,150.0,unpaired,4.477926721415035,67.23429035008127
Set B,B4158_D157_a0.13_ms100,$t_{T_\mathrm{max}}$,150.0,unpaired,4.51772583701832,67.0740325678727
Set B,B4158_D157_a0.13_ms100,$t_{T_\mathrm{max}}$,150.0,unpaired,4.557524952621605,66.91148329806217
Set B,B4158_D157_a0.13_ms100,$t_{T_\mathrm{max}}$,150.0,unpaired,4.597324699936829,66.74734056902737
Set B,B4158_D157_a0.13_ms100,$t_{T_\mathrm{max}}$,150.0,unpaired,4.6371238155401135,66.58067328431798
Set B,B4158_D157_a0.13_ms100,$t_{T_\mathrm{max}}$,150.0,unpaired,4.676922931143398,66.41145730244013
Set B,B4158_D157_a0.13_ms100,$t_{T_\mathrm{max}}$,150.0,unpaired,4.716722678458623,66.24046528066695
Set B,B4158_D157_a0.13_ms100,$t_{T_\mathrm{max}}$,150.0,unpaired,4.756521794061908,66.066204997079
Set B,B4158_D157_a0.13_ms100,$t_{T_\mathrm{max}}$,150.0,unpaired,4.796320909665193,65.88976519968793
Set B,B4158_D157_a0.13_ms100,$t_{T_\mathrm{max}}$,150.0,unpaired,4.836120656980417,65.71048536435433
Set B,B4158_D157_a0.13_ms100,$t_{T_\mathrm{max}}$,150.0,unpaired,4.875919772583702,65.5286269652433
Set B,B4158_D157_a0.13_ms100,$t_{T_\mathrm{max}}$,150.0,unpaired,4.915718888186986,65.34360536734066
Set B,B4158_D157_a0.13_ms100,$t_{T_\mathrm{max}}$,150.0,unpaired,4.955518635502211,65.1552766608811
Set B,B4158_D157_a0.13_ms100,$t_{T_\mathrm{max}}$,150.0,unpaired,4.995317751105496,64.96390738711766
Set B,B4158_D157_a0.13_ms100,$t_{T_\mathrm{max}}$,150.0,unpaired,5.035116866708781,64.76933111053147
Set B,B4158_D157_a0.13_ms100,$t_{T_\mathrm{max}}$,150.0,unpaired,5.074916614024005,64.5716562198772
Set B,B4158_D157_a0.13_ms100,$t_{T_\mathrm{max}}$,150.0,unpaired,5.11471572962729,64.37033038126486
Set B,B4158_D157_a0.13_ms100,$t_{T_\mathrm{max}}$,150.0,unpaired,5.154514845230575,64.16511396026716
Set B,B4158_D157_a0.13_ms100,$t_{T_\mathrm{max}}$,150.0,unpaired,5.194314592545799,63.956723359763366
Set B,B4158_D157_a0.13_ms100,$t_{T_\mathrm{max}}$,150.0,unpaired,5.234113708149084,63.74412636698333
Set B,B4158_D157_a0.13_ms100,$t_{T_\mathrm{max}}$,150.0,unpaired,5.273912823752369,63.52753029260585
Set B,B4158_D157_a0.13_ms100,$t_{T_\mathrm{max}}$,150.0,unpaired,5.313712571067593,63.307054397921696
Set B,B4158_D157_a0.13_ms100,$t_{T_\mathrm{max}}$,150.0,unpaired,5.353511686670878,63.08273936164024
Set B,B4158_D157_a0.13_ms100,$t_{T_\mathrm{max}}$,150.0,unpaired,5.393310802274163,62.85354416874691
Set B,B4158_D157_a0.13_ms100,$t_{T_\mathrm{max}}$,150.0,unpaired,5.433110549589387,62.62016415805025
Set B,B4158_D157_a0.13_ms100,$t_{T_\mathrm{max}}$,150.0,unpaired,5.472909665192672,62.382384613408846
Set B,B4158_D157_a0.13_ms100,$t_{T_\mathrm{max}}$,150.0,unpaired,5.512708780795958,62.14022525307669
Set B,B4158_D157_a0.13_ms100,$t_{T_\mathrm{max}}$,150.0,unpaired,5.552508528111181,61.893344460394964
Set B,B4158_D157_a0.13_ms100,$t_{T_\mathrm{max}}$,150.0,unpaired,5.592307643714466,61.64097852464175
Set B,B4158_D157_a0.13_ms100,$t_{T_\mathrm{max}}$,150.0,unpaired,5.632106759317751,61.384279765234496
Set B,B4158_D157_a0.13_ms100,$t_{T_\mathrm{max}}$,150.0,unpaired,5.6719065066329755,61.12201970059628
Set B,B4158_D157_a0.13_ms100,$t_{T_\mathrm{max}}$,150.0,unpaired,5.711705622236261,60.85438891454974
Set B,B4158_D157_a0.13_ms100,$t_{T_\mathrm{max}}$,150.0,unpaired,5.751504737839546,60.582147725298675
Set B,B4158_D157_a0.13_ms100,$t_{T_\mathrm{max}}$,150.0,unpaired,5.791304485154769,60.303671508151744
Set B,B4158_D157_a0.13_ms100,$t_{T_\mathrm{max}}$,150.0,unpaired,5.831103600758055,60.0199717307787
Set B,B4158_D157_a0.13_ms100,$t_{T_\mathrm{max}}$,150.0,unpaired,5.870902716361339,59.73029700812672
Set B,B4158_D157_a0.13_ms100,$t_{T_\mathrm{max}}$,150.0,unpaired,5.9107024636765635,59.43489433740535
Set B,B4158_D157_a0.13_ms100,$t_{T_\mathrm{max}}$,150.0,unpaired,5.950501579279849,59.13336268619009
Set B,B4158_D157_a0.13_ms100,$t_{T_\mathrm{max}}$,150.0,unpaired,5.990300694883134,58.826122948006635
Set B,B4158_D157_a0.13_ms100,$t_{T_\mathrm{max}}$,150.0,unpaired,6.030100442198358,58.512381167187066
Set B,B4158_D157_a0.13_ms100,$t_{T_\mathrm{max}}$,150.0,unpaired,6.069899557801643,58.19179991170428
Set B,B4158_D157_a0.13_ms100,$t_{T_\mathrm{max}}$,150.0,unpaired,6.109699305116867,57.8653576738917
Set B,B4158_D157_a0.13_ms100,$t_{T_\mathrm{max}}$,150.0,unpaired,6.149498420720152,57.531855628555405
Set B,B4158_D157_a0.13_ms100,$t_{T_\mathrm{max}}$,150.0,unpaired,6.189297536323437,57.19140323501423
Set B,B4158_D157_a0.13_ms100,$t_{T_\mathrm{max}}$,150.0,unpaired,6.22909728363866,56.84432841197067
Set B,B4158_D157_a0.13_ms100,$t_{T_\mathrm{max}}$,150.0,unpaired,6.268896399241946,56.48996133601506
Set B,B4158_D157_a0.13_ms100,$t_{T_\mathrm{max}}$,150.0,unpaired,6.308695514845231,56.12794784475714
Set B,B4158_D157_a0.13_ms100,$t_{T_\mathrm{max}}$,150.0,unpaired,6.348496525584333,55.75873474921929
Set B,B4158_D157_a0.13_ms100,$t_{T_\mathrm{max}}$,150.0,unpaired,6.3882943777637395,55.38217631279874
Set B,B4158_D157_a0.13_ms100,$t_{T_\mathrm{max}}$,150.0,unpaired,6.428092229943147,54.99786863568809
Set B,B4158_D157_a0.13_ms100,$t_{T_\mathrm{max}}$,150.0,unpaired,6.467890082122553,54.60628431992027
Set B,B4158_D157_a0.13_ms100,$t_{T_\mathrm{max}}$,150.0,unpaired,6.507694251421352,54.20559627299101
Set B,B4158_D157_a0.13_ms100,$t_{T_\mathrm{max}}$,150.0,unpaired,6.547492103600758,53.79771418609034
Set B,B4158_D157_a0.13_ms100,$t_{T_\mathrm{max}}$,150.0,unpaired,6.587289955780164,53.38111945402079
Set B,B4158_D157_a0.13_ms100,$t_{T_\mathrm{max}}$,150.0,unpaired,6.62708780795957,52.95613501956948
Set B,B4158_D157_a0.13_ms100,$t_{T_\mathrm{max}}$,150.0,unpaired,6.666891977258371,52.52336617332034
Set B,B4158_D157_a0.13_ms100,$t_{T_\mathrm{max}}$,150.0,unpaired,6.706689829437776,52.08094154756637
Set B,B4158_D157_a0.13_ms100,$t_{T_\mathrm{max}}$,150.0,unpaired,6.746487681617182,51.63048107264394
Set B,B4158_D157_a0.13_ms100,$t_{T_\mathrm{max}}$,150.0,unpaired,6.786285533796589,51.17082430119514
Set B,B4158_D157_a0.13_ms100,$t_{T_\mathrm{max}}$,150.0,unpaired,6.826089703095389,50.70175496935582
Set B,B4158_D157_a0.13_ms100,$t_{T_\mathrm{max}}$,150.0,unpaired,6.865887555274795,50.22422754401902
Set B,B4158_D157_a0.13_ms100,$t_{T_\mathrm{max}}$,150.0,unpaired,6.905685407454201,49.737218985270104
Set B,B4158_D157_a0.13_ms100,$t_{T_\mathrm{max}}$,150.0,unpaired,6.9454832596336065,49.240587394686884
Set B,B4158_D157_a0.13_ms100,$t_{T_\mathrm{max}}$,150.0,unpaired,6.985287428932407,48.734521436261616
Set B,B4158_D157_a0.13_ms100,$t_{T_\mathrm{max}}$,150.0,unpaired,7.025085281111814,48.21894798563163
Set B,B4158_D157_a0.13_ms100,$t_{T_\mathrm{max}}$,150.0,unpaired,7.064883133291219,47.69357090806351
Set B,B4158_D157_a0.13_ms100,$t_{T_\mathrm{max}}$,150.0,unpaired,7.104680985470625,47.15903953727479
Set B,B4158_D157_a0.13_ms100,$t_{T_\mathrm{max}}$,150.0,unpaired,7.1444788376500314,46.614371099315065
Set B,B4158_D157_a0.13_ms100,$t_{T_\mathrm{max}}$,150.0,unpaired,7.1842830069488315,46.060520613857754
Set B,B4158_D157_a0.13_ms100,$t_{T_\mathrm{max}}$,150.0,unpaired,7.224080859128238,45.49594838585045
Set B,B4158_D157_a0.13_ms100,$t_{T_\mathrm{max}}$,150.0,unpaired,7.263878711307644,44.92231550837301
Set B,B4158_D157_a0.13_ms100,$t_{T_\mathrm{max}}$,150.0,unpaired,7.30367656348705,44.338635663248645
Set B,B4158_D157_a0.13_ms100,$t_{T_\mathrm{max}}$,150.0,unpaired,7.34348073278585,43.745425868902075
Set B,B4158_D157_a0.13_ms100,$t_{T_\mathrm{max}}$,150.0,unpaired,7.3832785849652565,43.142365040621755
Set B,B4158_D157_a0.13_ms100,$t_{T_\mathrm{max}}$,150.0,unpaired,7.423076437144663,42.53027326725998
Set B,B4158_D157_a0.13_ms100,$t_{T_\mathrm{max}}$,150.0,unpaired,7.462874289324068,41.9081476438392
Set B,B4158_D157_a0.13_ms100,$t_{T_\mathrm{max}}$,150.0,unpaired,7.502678458622867,41.277737038431766
Set B,B4158_D157_a0.13_ms100,$t_{T_\mathrm{max}}$,150.0,unpaired,7.542476310802275,40.63746064771531
Set B,B4158_D157_a0.13_ms100,$t_{T_\mathrm{max}}$,150.0,unpaired,7.5822741629816806,39.98889097935746
Set B,B4158_D157_a0.13_ms100,$t_{T_\mathrm{max}}$,150.0,unpaired,7.622072015161087,39.33193434510008
Set B,B4158_D157_a0.13_ms100,$t_{T_\mathrm{max}}$,150.0,unpaired,7.661869867340493,38.66650117328295
Set B,B4158_D157_a0.13_ms100,$t_{T_\mathrm{max}}$,150.0,unpaired,7.701674036639292,37.99399652321947
Set B,B4158_D157_a0.13_ms100,$t_{T_\mathrm{max}}$,150.0,unpaired,7.741471888818699,37.31388786801484
Set B,B4158_D157_a0.13_ms100,$t_{T_\mathrm{max}}$,150.0,unpaired,7.7812697409981055,36.62662301874361
Set B,B4158_D157_a0.13_ms100,$t_{T_\mathrm{max}}$,150.0,unpaired,7.821067593177512,35.93272174531193
Set B,B4158_D157_a0.13_ms100,$t_{T_\mathrm{max}}$,150.0,unpaired,7.860871762476311,35.2337226939344
Set B,B4158_D157_a0.13_ms100,$t_{T_\mathrm{max}}$,150.0,unpaired,7.900669614655716,34.530079971355114
Set B,B4158_D157_a0.13_ms100,$t_{T_\mathrm{max}}$,150.0,unpaired,7.940467466835124,33.82131786016094
Set B,B4158_D157_a0.13_ms100,$t_{T_\mathrm{max}}$,150.0,unpaired,7.98026531901453,33.109442729881806
Set B,B4158_D157_a0.13_ms100,$t_{T_\mathrm{max}}$,150.0,unpaired,8.020069488313329,32.39456688073778
Set B,B4158_D157_a0.13_ms100,$t_{T_\mathrm{max}}$,150.0,unpaired,8.059867340492735,31.677672614447385
Set B,B4158_D157_a0.13_ms100,$t_{T_\mathrm{max}}$,150.0,unpaired,8.099665192672141,30.959726300427143
Set B,B4158_D157_a0.13_ms100,$t_{T_\mathrm{max}}$,150.0,unpaired,8.13946304485155,30.241452145065605
Set B,B4158_D157_a0.13_ms100,$t_{T_\mathrm{max}}$,150.0,unpaired,8.179267214150348,29.52383711816335
Set B,B4158_D157_a0.13_ms100,$t_{T_\mathrm{max}}$,150.0,unpaired,8.219065066329753,28.80830335026088
Set B,B4158_D157_a0.13_ms100,$t_{T_\mathrm{max}}$,150.0,unpaired,8.258862918509159,28.095700562629276
Set B,B4158_D157_a0.13_ms100,$t_{T_\mathrm{max}}$,150.0,unpaired,8.298660770688565,27.386191354016173
Set B,B4158_D157_a0.13_ms100,$t_{T_\mathrm{max}}$,150.0,unpaired,8.338458622867973,26.681642293412626
Set B,B4158_D157_a0.13_ms100,$t_{T_\mathrm{max}}$,150.0,unpaired,8.378262792166772,25.983125715317257
Set B,B4158_D157_a0.13_ms100,$t_{T_\mathrm{max}}$,150.0,unpaired,8.418060644346179,25.29117909304905
Set B,B4158_D157_a0.13_ms100,$t_{T_\mathrm{max}}$,150.0,unpaired,8.457858496525585,24.60659393636438
Set B,B4158_D157_a0.13_ms100,$t_{T_\mathrm{max}}$,150.0,unpaired,8.49765634870499,23.930352960564864
Set B,B4158_D157_a0.13_ms100,$t_{T_\mathrm{max}}$,150.0,unpaired,8.53746051800379,23.263973601905526
Set B,B4158_D157_a0.13_ms100,$t_{T_\mathrm{max}}$,150.0,unpaired,8.577258370183197,22.607158960354155
Set B,B4158_D157_a0.13_ms100,$t_{T_\mathrm{max}}$,150.0,unpaired,8.617056222362603,21.96091043686245
Set B,B4158_D157_a0.13_ms100,$t_{T_\mathrm{max}}$,150.0,unpaired,8.656854074542009,21.325994359728117
Set B,B4158_D157_a0.13_ms100,$t_{T_\mathrm{max}}$,150.0,unpaired,8.696658243840808,20.703676096398848
Set B,B4158_D157_a0.13_ms100,$t_{T_\mathrm{max}}$,150.0,unpaired,8.736456096020214,20.093644286633918
Set B,B4158_D157_a0.13_ms100,$t_{T_\mathrm{max}}$,150.0,unpaired,8.77625394819962,19.496274595492096
Set B,B4158_D157_a0.13_ms100,$t_{T_\mathrm{max}}$,150.0,unpaired,8.816051800379027,18.911559174080338
Set B,B4158_D157_a0.13_ms100,$t_{T_\mathrm{max}}$,150.0,unpaired,8.855855969677828,18.34166115713431
Set B,B4158_D157_a0.13_ms100,$t_{T_\mathrm{max}}$,150.0,unpaired,8.895653821857234,17.786857525609854
Set B,B4158_D157_a0.13_ms100,$t_{T_\mathrm{max}}$,150.0,unpaired,8.93545167403664,17.24503268981638
Set B,B4158_D157_a0.13_ms100,$t_{T_\mathrm{max}}$,150.0,unpaired,8.975249526216045,16.716104462058677
Set B,B4158_D157_a0.13_ms100,$t_{T_\mathrm{max}}$,150.0,unpaired,9.015047378395451,16.20040445195742
Set B,B4158_D157_a0.13_ms100,$t_{T_\mathrm{max}}$,150.0,unpaired,9.054851547694252,15.698665888270751
Set B,B4158_D157_a0.13_ms100,$t_{T_\mathrm{max}}$,150.0,unpaired,9.094649399873658,15.213112155436306
Set B,B4158_D157_a0.13_ms100,$t_{T_\mathrm{max}}$,150.0,unpaired,9.134447252053064,14.742538977602427
Set B,B4158_D157_a0.13_ms100,$t_{T_\mathrm{max}}$,150.0,unpaired,9.17424510423247,14.282838796196279
Set B,B4158_D157_a0.13_ms100,$t_{T_\mathrm{max}}$,150.0,unpaired,9.21404927353127,13.830098282906677
Set B,B4158_D157_a0.13_ms100,$t_{T_\mathrm{max}}$,150.0,unpaired,9.253847125710676,13.390614576854155
Set B,B4158_D157_a0.13_ms100,$t_{T_\mathrm{max}}$,150.0,unpaired,9.293644977890082,12.96830401424872
Set B,B4158_D157_a0.13_ms100,$t_{T_\mathrm{max}}$,150.0,unpaired,9.333442830069488,12.563565478117518
Set B,B4158_D157_a0.13_ms100,$t_{T_\mathrm{max}}$,150.0,unpaired,9.373246999368288,12.174518836667403
Set B,B4158_D157_a0.13_ms100,$t_{T_\mathrm{max}}$,150.0,unpaired,9.413044851547696,11.797215564574811
Set B,B4158_D157_a0.13_ms100,$t_{T_\mathrm{max}}$,150.0,unpaired,9.452842703727102,11.42770114848572
Set B,B4158_D157_a0.13_ms100,$t_{T_\mathrm{max}}$,150.0,unpaired,9.492640555906506,11.064566429324387
Set B,B4158_D157_a0.13_ms100,$t_{T_\mathrm{max}}$,150.0,unpaired,9.532438408085913,10.710050042911938
Set B,B4158_D157_a0.13_ms100,$t_{T_\mathrm{max}}$,150.0,unpaired,9.572242577384712,10.370020877481144
Set B,B4158_D157_a0.13_ms100,$t_{T_\mathrm{max}}$,150.0,unpaired,9.61204042956412,10.049559805017543
Set B,B4158_D157_a0.13_ms100,$t_{T_\mathrm{max}}$,150.0,unpaired,9.651838281743526,9.753248855147232
Set B,B4158_D157_a0.13_ms100,$t_{T_\mathrm{max}}$,150.0,unpaired,9.691636133922932,9.470955009785213
Set B,B4158_D157_a0.13_ms100,$t_{T_\mathrm{max}}$,150.0,unpaired,9.731440303221731,9.187937419286738
Set B,B4158_D157_a0.13_ms100,$t_{T_\mathrm{max}}$,150.0,unpaired,9.771238155401138,8.903661442626595
Set B,B4158_D157_a0.13_ms100,$t_{T_\mathrm{max}}$,150.0,unpaired,9.811036007580544,8.617358628854802
Set B,B4158_D157_a0.13_ms100,$t_{T_\mathrm{max}}$,150.0,unpaired,9.85083385975995,8.32961125823534
Set B,B4158_D157_a0.13_ms100,$t_{T_\mathrm{max}}$,150.0,unpaired,9.89063802905875,8.042775867476342
Set B,B4158_D157_a0.13_ms100,$t_{T_\mathrm{max}}$,150.0,unpaired,9.930435881238155,7.762381871465612
Set B,B4158_D157_a0.13_ms100,$t_{T_\mathrm{max}}$,150.0,unpaired,9.970233733417562,7.499928605145695
Set B,B4158_D157_a0.13_ms100,$t_{T_\mathrm{max}}$,150.0,unpaired,10.010031585596968,7.259316962916546
Set B,B4158_D157_a0.13_ms100,$t_{T_\mathrm{max}}$,150.0,unpaired,10.049835754895767,7.038382200711241
Set B,B4158_D157_a0.13_ms100,$t_{T_\mathrm{max}}$,150.0,unpaired,10.089633607075173,6.83210403412985
Set B,B4158_D157_a0.13_ms100,$t_{T_\mathrm{max}}$,150.0,unpaired,10.12943145925458,6.635274080838065
Set B,B4158_D157_a0.13_ms100,$t_{T_\mathrm{max}}$,150.0,unpaired,10.169229311433986,6.442620739886003
Set B,B4158_D157_a0.13_ms100,$t_{T_\mathrm{max}}$,150.0,unpaired,10.209027163613394,6.24893969322129
Set B,B4158_D157_a0.13_ms100,$t_{T_\mathrm{max}}$,150.0,unpaired,10.248831332912193,6.045173082019969
Set B,B4158_D157_a0.13_ms100,$t_{T_\mathrm{max}}$,150.0,unpaired,10.288629185091597,5.82689774509542
Set B,B4158_D157_a0.13_ms100,$t_{T_\mathrm{max}}$,150.0,unpaired,10.328427037271004,5.589358376115208
Set B,B4158_D157_a0.13_ms100,$t_{T_\mathrm{max}}$,150.0,unpaired,10.36822488945041,5.342118616549356
Set B,B4158_D157_a0.13_ms100,$t_{T_\mathrm{max}}$,150.0,unpaired,10.40802905874921,5.104005000358057
Set B,B4158_D157_a0.13_ms100,$t_{T_\mathrm{max}}$,150.0,unpaired,10.447826910928617,4.890972213904547
Set B,B4158_D157_a0.13_ms100,$t_{T_\mathrm{max}}$,150.0,unpaired,10.487624763108023,4.708496439081121
Set B,B4158_D157_a0.13_ms100,$t_{T_\mathrm{max}}$,150.0,unpaired,10.52742261528743,4.5547666479581475
Set B,B4158_D157_a0.13_ms100,$t_{T_\mathrm{max}}$,150.0,unpaired,10.567226784586229,4.445814590998969
Set B,B4158_D157_a0.13_ms100,$t_{T_\mathrm{max}}$,150.0,unpaired,10.607024636765635,4.35420316149005
Set B,B4158_D157_a0.13_ms100,$t_{T_\mathrm{max}}$,150.0,unpaired,10.646822488945041,4.266480118413268
Set B,B4158_D157_a0.13_ms100,$t_{T_\mathrm{max}}$,150.0,unpaired,10.686620341124447,4.1813110227145165
Set B,B4158_D157_a0.13_ms100,$t_{T_\mathrm{max}}$,150.0,unpaired,10.726424510423248,4.097623949681215
Set B,B4158_D157_a0.13_ms100,$t_{T_\mathrm{max}}$,150.0,unpaired,10.766222362602655,4.014700787404902
Set B,B4158_D157_a0.13_ms100,$t_{T_\mathrm{max}}$,150.0,unpaired,10.806020214782059,3.931617256885228
Set B,B4158_D157_a0.13_ms100,$t_{T_\mathrm{max}}$,150.0,unpaired,10.845818066961465,3.847349741722825
Set B,B4158_D157_a0.13_ms100,$t_{T_\mathrm{max}}$,150.0,unpaired,10.885615919140871,3.760786836474198
Set B,B4158_D157_a0.13_ms100,$t_{T_\mathrm{max}}$,150.0,unpaired,10.925420088439672,3.6709934261719486
Set B,B4158_D157_a0.13_ms100,$t_{T_\mathrm{max}}$,150.0,unpaired,10.965217940619079,3.5772159715322025
Set B,B4158_D157_a0.13_ms100,$t_{T_\mathrm{max}}$,150.0,unpaired,11.005015792798485,3.478874301551842
Set B,B4158_D157_a0.13_ms100,$t_{T_\mathrm{max}}$,150.0,unpaired,11.044813644977891,3.375930716611755
Set B,B4158_D157_a0.13_ms100,$t_{T_\mathrm{max}}$,150.0,unpaired,11.08461781427669,3.26851491016308
Set B,B4158_D157_a0.13_ms100,$t_{T_\mathrm{max}}$,150.0,unpaired,11.124415666456096,3.157423947762142
Set B,B4158_D157_a0.13_ms100,$t_{T_\mathrm{max}}$,150.0,unpaired,11.164213518635503,3.043940307915026
Set B,B4158_D157_a0.13_ms100,$t_{T_\mathrm{max}}$,150.0,unpaired,11.204011370814909,2.9299194847800663
Set B,B4158_D157_a0.13_ms100,$t_{T_\mathrm{max}}$,150.0,unpaired,11.243815540113708,2.818027859265046
Set B,B4158_D157_a0.13_ms100,$t_{T_\mathrm{max}}$,150.0,unpaired,11.283613392293114,2.7102900824571647
Set B,B4158_D157_a0.13_ms100,$t_{T_\mathrm{max}}$,150.0,unpaired,11.32341124447252,2.608109461592848
Set B,B4158_D157_a0.13_ms100,$t_{T_\mathrm{max}}$,150.0,unpaired,11.363209096651927,2.512710853638148
Set B,B4158_D157_a0.13_ms100,$t_{T_\mathrm{max}}$,150.0,unpaired,11.403006948831333,2.4248515684631378
Set B,B4158_D157_a0.13_ms100,$t_{T_\mathrm{max}}$,150.0,unpaired,11.442811118130132,2.3447089432753505
Set B,B4158_D157_a0.13_ms100,$t_{T_\mathrm{max}}$,150.0,unpaired,11.482608970309538,2.272055043267135
Set B,B4158_D157_a0.13_ms100,$t_{T_\mathrm{max}}$,150.0,unpaired,11.522406822488946,2.2067746538703075
Set B,B4158_D157_a0.13_ms100,$t_{T_\mathrm{max}}$,150.0,unpaired,11.562204674668353,2.1480635463578808
Set B,B4158_D157_a0.13_ms100,$t_{T_\mathrm{max}}$,150.0,unpaired,11.602008843967152,2.0955069466532485
Set B,B4158_D157_a0.13_ms100,$t_{T_\mathrm{max}}$,150.0,unpaired,11.641806696146556,2.0480514547402575
Set B,B4158_D157_a0.13_ms100,$t_{T_\mathrm{max}}$,150.0,unpaired,11.681604548325963,2.0051411363649763
Set B,B4158_D157_a0.13_ms100,$t_{T_\mathrm{max}}$,150.0,unpaired,11.72140240050537,1.9661831562775707
Set B,B4158_D157_a0.13_ms100,$t_{T_\mathrm{max}}$,150.0,unpaired,11.76120656980417,1.9306414785888704
Set B,B4158_D157_a0.13_ms100,$t_{T_\mathrm{max}}$,150.0,unpaired,11.801004421983576,1.898070538688918
Set B,B4158_D157_a0.13_ms100,$t_{T_\mathrm{max}}$,150.0,unpaired,11.840802274162982,1.8680846993555884
Set B,B4158_D157_a0.13_ms100,$t_{T_\mathrm{max}}$,150.0,unpaired,11.880600126342388,1.8403651525937972
Set B,B4158_D157_a0.13_ms100,$t_{T_\mathrm{max}}$,150.0,unpaired,11.920404295641188,1.8146708720706919
Set B,B4158_D157_a0.13_ms100,$t_{T_\mathrm{max}}$,150.0,unpaired,11.960202147820594,1.7907730085971956
Set B,B4158_D157_a0.13_ms100,$t_{T_\mathrm{max}}$,150.0,unpaired,12.0,1.7685004348937463
Set B,B4158_D157_a0.13_ms100,$t_{T_\mathrm{max}}$,150.0,cfl,0.3785953253316488,99.48159093070771
Set B,B4158_D157_a0.13_ms100,$t_{T_\mathrm{max}}$,150.0,cfl,0.4183946304485155,96.90559220396038
Set B,B4158_D157_a0.13_ms100,$t_{T_\mathrm{max}}$,150.0,cfl,0.4581939987365761,94.14484734542182
Set B,B4158_D157_a0.13_ms100,$t_{T_\mathrm{max}}$,150.0,cfl,0.49799330385344287,91.10551645241353
Set B,B4158_D157_a0.13_ms100,$t_{T_\mathrm{max}}$,150.0,cfl,0.5377926721415035,87.63114134090885
Set B,B4158_D157_a0.13_ms100,$t_{T_\mathrm{max}}$,150.0,cfl,0.5775919772583702,83.41361422667529
Set B,B4158_D157_a0.13_ms100,$t_{T_\mathrm{max}}$,150.0,cfl,0.6173912823752369,77.65169069228484
Set B,B4158_D157_a0.13_ms100,$t_{T_\mathrm{max}}$,150.0,cfl,0.6571907770056854,66.59124869030734
Set B,B4158_D157_a0.13_ms100,$t_{T_\mathrm{max}}$,150.0,cfl,0.6969898926089704,52.796398430880146
Set B,B4158_D157_a0.13_ms100,$t_{T_\mathrm{max}}$,150.0,cfl,0.7367890082122552,47.78648077440347
Set B,B4158_D157_a0.13_ms100,$t_{T_\mathrm{max}}$,150.0,cfl,0.7765887555274795,44.80255408393104
Set B,B4158_D157_a0.13_ms100,$t_{T_\mathrm{max}}$,150.0,cfl,0.8163878711307644,42.64119132628668
Set B,B4158_D157_a0.13_ms100,$t_{T_\mathrm{max}}$,150.0,cfl,0.8561869867340492,40.92982996121405
Set B,B4158_D157_a0.13_ms100,$t_{T_\mathrm{max}}$,150.0,cfl,0.8959867340492736,39.50248170642899
Set B,B4158_D157_a0.13_ms100,$t_{T_\mathrm{max}}$,150.0,cfl,0.9357858496525585,38.27013147374119
Set B,B4158_D157_a0.13_ms100,$t_{T_\mathrm{max}}$,150.0,cfl,0.9755855969677827,37.17925490109977
Set B,B4158_D157_a0.13_ms100,$t_{T_\mathrm{max}}$,150.0,cfl,1.0153847125710675,36.19527621764964
Set B,B4158_D157_a0.13_ms100,$t_{T_\mathrm{max}}$,150.0,cfl,1.0551838281743526,35.29437820929648
Set B,B4158_D157_a0.13_ms100,$t_{T_\mathrm{max}}$,150.0,cfl,1.0949835754895767,34.45965941749154
Set B,B4158_D157_a0.13_ms100,$t_{T_\mathrm{max}}$,150.0,cfl,1.1347826910928616,33.678603577995624
Set B,B4158_D157_a0.13_ms100,$t_{T_\mathrm{max}}$,150.0,cfl,1.1745818066961466,32.941704347750665
Set B,B4158_D157_a0.13_ms100,$t_{T_\mathrm{max}}$,150.0,cfl,1.214381554011371,32.24183930417652
Set B,B4158_D157_a0.13_ms100,$t_{T_\mathrm{max}}$,150.0,cfl,1.2541806696146558,31.57328725316973
Set B,B4158_D157_a0.13_ms100,$t_{T_\mathrm{max}}$,150.0,cfl,1.2939797852179407,30.93154124691974
Set B,B4158_D157_a0.13_ms100,$t_{T_\mathrm{max}}$,150.0,cfl,1.333779532533165,30.31308541069207
Set B,B4158_D157_a0.13_ms100,$t_{T_\mathrm{max}}$,150.0,cfl,1.3735786481364498,29.71506527878264
Set B,B4158_D157_a0.13_ms100,$t_{T_\mathrm{max}}$,150.0,cfl,1.413377763739735,29.135077728705923
Set B,B4158_D157_a0.13_ms100,$t_{T_\mathrm{max}}$,150.0,cfl,1.453177511054959,28.571382033324685
Set B,B4158_D157_a0.13_ms100,$t_{T_\mathrm{max}}$,150.0,cfl,1.4929766266582438,28.022343845539524
Set B,B4158_D157_a0.13_ms100,$t_{T_\mathrm{max}}$,150.0,cfl,1.532775742261529,27.48673415878328
Set B,B4158_D157_a0.13_ms100,$t_{T_\mathrm{max}}$,150.0,cfl,1.5725754895767532,26.96368915410917
Set B,B4158_D157_a0.13_ms100,$t_{T_\mathrm{max}}$,150.0,cfl,1.6123746051800378,26.452362375595403
Set B,B4158_D157_a0.13_ms100,$t_{T_\mathrm{max}}$,150.0,cfl,1.652173720783323,25.95211507950456
Set B,B4158_D157_a0.13_ms100,$t_{T_\mathrm{max}}$,150.0,cfl,1.6919734680985472,25.462313606038624
Set B,B4158_D157_a0.13_ms100,$t_{T_\mathrm{max}}$,150.0,cfl,1.7317725837018318,24.982706580177158
Set B,B4158_D157_a0.13_ms100,$t_{T_\mathrm{max}}$,150.0,cfl,1.771571699305117,24.513109120462953
Set B,B4158_D157_a0.13_ms100,$t_{T_\mathrm{max}}$,150.0,cfl,1.8113714466203412,24.05333212773812
Set B,B4158_D157_a0.13_ms100,$t_{T_\mathrm{max}}$,150.0,cfl,1.8511705622236259,23.60308413763571
Set B,B4158_D157_a0.13_ms100,$t_{T_\mathrm{max}}$,150.0,cfl,1.890969677826911,23.162367479458187
Set B,B4158_D157_a0.13_ms100,$t_{T_\mathrm{max}}$,150.0,cfl,1.9307694251421352,22.731047498822527
Set B,B4158_D157_a0.13_ms100,$t_{T_\mathrm{max}}$,150.0,cfl,1.9705685407454203,22.309388286678526
Set B,B4158_D157_a0.13_ms100,$t_{T_\mathrm{max}}$,150.0,cfl,2.010367656348705,21.89748313460018
Set B,B4158_D157_a0.13_ms100,$t_{T_\mathrm{max}}$,150.0,cfl,2.050167403663929,21.495095103152064
Set B,B4158_D157_a0.13_ms100,$t_{T_\mathrm{max}}$,150.0,cfl,2.089966519267214,21.10288738638048
Set B,B4158_D157_a0.13_ms100,$t_{T_\mathrm{max}}$,150.0,cfl,2.129765634870499,20.720817557587353
Set B,B4158_D157_a0.13_ms100,$t_{T_\mathrm{max}}$,150.0,cfl,2.169565382185723,20.34881102116203
Set B,B4158_D157_a0.13_ms100,$t_{T_\mathrm{max}}$,150.0,cfl,2.209364497789008,19.986621654456613
Set B,B4158_D157_a0.13_ms100,$t_{T_\mathrm{max}}$,150.0,cfl,2.249163613392293,19.634651127338355
Set B,B4158_D157_a0.13_ms100,$t_{T_\mathrm{max}}$,150.0,cfl,2.2889633607075175,19.2928370427068
Set B,B4158_D157_a0.13_ms100,$t_{T_\mathrm{max}}$,150.0,cfl,2.328762476310802,18.96174470031666
Set B,B4158_D157_a0.13_ms100,$t_{T_\mathrm{max}}$,150.0,cfl,2.368561591914087,18.641308679037788
Set B,B4158_D157_a0.13_ms100,$t_{T_\mathrm{max}}$,150.0,cfl,2.4083613392293115,18.331140957452106
Set B,B4158_D157_a0.13_ms100,$t_{T_\mathrm{max}}$,150.0,cfl,2.448160454832596,18.03081436020803
Set B,B4158_D157_a0.13_ms100,$t_{T_\mathrm{max}}$,150.0,cfl,2.4879595704358817,17.739790962313176
Set B,B4158_D157_a0.13_ms100,$t_{T_\mathrm{max}}$,150.0,cfl,2.5277593177511055,17.457903395267092
Set B,B4158_D157_a0.13_ms100,$t_{T_\mathrm{max}}$,150.0,cfl,2.56755843335439,17.184576362074107
Set B,B4158_D157_a0.13_ms100,$t_{T_\mathrm{max}}$,150.0,cfl,2.6073575489576757,16.919214950941594
Set B,B4158_D157_a0.13_ms100,$t_{T_\mathrm{max}}$,150.0,cfl,2.6471572962728995,16.661730629760918
Set B,B4158_D157_a0.13_ms100,$t_{T_\mathrm{max}}$,150.0,cfl,2.686956411876184,16.411823116246225
Set B,B4158_D157_a0.13_ms100,$t_{T_\mathrm{max}}$,150.0,cfl,2.726756159191409,16.168865377826254
Set B,B4158_D157_a0.13_ms100,$t_{T_\mathrm{max}}$,150.0,cfl,2.7665552747946935,15.932727492118396
Set B,B4158_D157_a0.13_ms100,$t_{T_\mathrm{max}}$,150.0,cfl,2.8063543903979786,15.702895837108695
Set B,B4158_D157_a0.13_ms100,$t_{T_\mathrm{max}}$,150.0,cfl,2.846154137713203,15.478986951543671
Set B,B4158_D157_a0.13_ms100,$t_{T_\mathrm{max}}$,150.0,cfl,2.8859532533164876,15.260394566053417
Set B,B4158_D157_a0.13_ms100,$t_{T_\mathrm{max}}$,150.0,cfl,2.9257523689197726,15.046513837826808
Set B,B4158_D157_a0.13_ms100,$t_{T_\mathrm{max}}$,150.0,cfl,2.965552116234997,14.835539936642022
Set B,B4158_D157_a0.13_ms100,$t_{T_\mathrm{max}}$,150.0,cfl,3.0053512318382816,14.627534119913914
Set B,B4158_D157_a0.13_ms100,$t_{T_\mathrm{max}}$,150.0,cfl,3.0451503474415667,14.422584734911956
Set B,B4158_D157_a0.13_ms100,$t_{T_\mathrm{max}}$,150.0,cfl,3.084950094756791,14.220202787527137
Set B,B4158_D157_a0.13_ms100,$t_{T_\mathrm{max}}$,150.0,cfl,3.124749210360076,14.020262999296829
Set B,B4158_D157_a0.13_ms100,$t_{T_\mathrm{max}}$,150.0,cfl,3.1645483259633607,13.8225509405944
Set B,B4158_D157_a0.13_ms100,$t_{T_\mathrm{max}}$,150.0,cfl,3.204348073278585,13.627676959291673
Set B,B4158_D157_a0.13_ms100,$t_{T_\mathrm{max}}$,150.0,cfl,3.2441471888818696,13.43570205175061
Set B,B4158_D157_a0.13_ms100,$t_{T_\mathrm{max}}$,150.0,cfl,3.283946304485155,13.246821490927168
Set B,B4158_D157_a0.13_ms100,$t_{T_\mathrm{max}}$,150.0,cfl,3.323746051800379,13.061169545804951
Set B,B4158_D157_a0.13_ms100,$t_{T_\mathrm{max}}$,150.0,cfl,3.3635451674036636,12.878543134608174
Set B,B4158_D157_a0.13_ms100,$t_{T_\mathrm{max}}$,150.0,cfl,3.403344283006949,12.698937432352968
Set B,B4158_D157_a0.13_ms100,$t_{T_\mathrm{max}}$,150.0,cfl,3.443144030322173,12.521922848928732
Set B,B4158_D157_a0.13_ms100,$t_{T_\mathrm{max}}$,150.0,cfl,3.4829431459254576,12.34739412281407
Set B,B4158_D157_a0.13_ms100,$t_{T_\mathrm{max}}$,150.0,cfl,3.522742261528743,12.175188744773811
Set B,B4158_D157_a0.13_ms100,$t_{T_\mathrm{max}}$,150.0,cfl,3.562542008843967,12.004745459679668
Set B,B4158_D157_a0.13_ms100,$t_{T_\mathrm{max}}$,150.0,cfl,3.6023411244472525,11.835753494557002
Set B,B4158_D157_a0.13_ms100,$t_{T_\mathrm{max}}$,150.0,cfl,3.642140240050537,11.668176301040946
Set B,B4158_D157_a0.13_ms100,$t_{T_\mathrm{max}}$,150.0,cfl,3.681939987365761,11.501660847181975
Set B,B4158_D157_a0.13_ms100,$t_{T_\mathrm{max}}$,150.0,cfl,3.7217391029690465,11.336286340185323
Set B,B4158_D157_a0.13_ms100,$t_{T_\mathrm{max}}$,150.0,cfl,3.761538218572331,11.17256017195179
Set B,B4158_D157_a0.13_ms100,$t_{T_\mathrm{max}}$,150.0,cfl,3.801337965887555,11.010622558956731
Set B,B4158_D157_a0.13_ms100,$t_{T_\mathrm{max}}$,150.0,cfl,3.8411370814908405,10.851274189737394
Set B,B4158_D157_a0.13_ms100,$t_{T_\mathrm{max}}$,150.0,cfl,3.880936197094125,10.69476960818217
Set B,B4158_D157_a0.13_ms100,$t_{T_\mathrm{max}}$,150.0,cfl,3.92073594440935,10.541877964473278
Set B,B4158_D157_a0.13_ms100,$t_{T_\mathrm{max}}$,150.0,cfl,3.9605350600126346,10.393078404681368
Set B,B4158_D157_a0.13_ms100,$t_{T_\mathrm{max}}$,150.0,cfl,4.00033417561592,10.248944387542608
Set B,B4158_D157_a0.13_ms100,$t_{T_\mathrm{max}}$,150.0,cfl,4.040133922931144,10.109900434423832
Set B,B4158_D157_a0.13_ms100,$t_{T_\mathrm{max}}$,150.0,cfl,4.079933038534429,9.976290291652754
Set B,B4158_D157_a0.13_ms100,$t_{T_\mathrm{max}}$,150.0,cfl,4.119732154137713,9.848180355831543
Set B,B4158_D157_a0.13_ms100,$t_{T_\mathrm{max}}$,150.0,cfl,4.1595319014529375,9.722822315397341
Set B,B4158_D157_a0.13_ms100,$t_{T_\mathrm{max}}$,150.0,cfl,4.199331017056222,9.598917793830433
Set B,B4158_D157_a0.13_ms100,$t_{T_\mathrm{max}}$,150.0,cfl,4.239130132659508,9.476328317318524
Set B,B4158_D157_a0.13_ms100,$t_{T_\mathrm{max}}$,150.0,cfl,4.278929879974732,9.354645741832154
Set B,B4158_D157_a0.13_ms100,$t_{T_\mathrm{max}}$,150.0,cfl,4.318728995578017,9.233592884064802
Set B,B4158_D157_a0.13_ms100,$t_{T_\mathrm{max}}$,150.0,cfl,4.358528742893241,9.113036409222438
Set B,B4158_D157_a0.13_ms100,$t_{T_\mathrm{max}}$,150.0,cfl,4.3983278584965255,8.992818288683372
Set B,B4158_D157_a0.13_ms100,$t_{T_\mathrm{max}}$,150.0,cfl,4.43812697409981,8.872781622285475
Set B,B4158_D157_a0.13_ms100,$t_{T_\mathrm{max}}$,150.0,cfl,4.477926721415035,8.752987890087175
Set B,B4158_D157_a0.13_ms100,$t_{T_\mathrm{max}}$,150.0,cfl,4.51772583701832,8.633407914285595
Set B,B4158_D157_a0.13_ms100,$t_{T_\mathrm{max}}$,150.0,cfl,4.557524952621605,8.514164812529474
Set B,B4158_D157_a0.13_ms100,$t_{T_\mathrm{max}}$,150.0,cfl,4.597324699936829,8.395340761629345
Set B,B4158_D157_a0.13_ms100,$t_{T_\mathrm{max}}$,150.0,cfl,4.6371238155401135,8.27725520335218
Set B,B4158_D157_a0.13_ms100,$t_{T_\mathrm{max}}$,150.0,cfl,4.676922931143398,8.160209963057357
Set B,B4158_D157_a0.13_ms100,$t_{T_\mathrm{max}}$,150.0,cfl,4.716722678458623,8.044437574511797
Set B,B4158_D157_a0.13_ms100,$t_{T_\mathrm{max}}$,150.0,cfl,4.756521794061908,7.930555877327856
Set B,B4158_D157_a0.13_ms100,$t_{T_\mathrm{max}}$,150.0,cfl,4.796320909665193,7.819417842596886
Set B,B4158_D157_a0.13_ms100,$t_{T_\mathrm{max}}$,150.0,cfl,4.836120656980417,7.7120315688032495
Set B,B4158_D157_a0.13_ms100,$t_{T_\mathrm{max}}$,150.0,cfl,4.875919772583702,7.608964089777207
Set B,B4158_D157_a0.13_ms100,$t_{T_\mathrm{max}}$,150.0,cfl,4.915718888186986,7.510380459491595
Set B,B4158_D157_a0.13_ms100,$t_{T_\mathrm{max}}$,150.0,cfl,4.955518635502211,7.416318363135737
Set B,B4158_D157_a0.13_ms100,$t_{T_\mathrm{max}}$,150.0,cfl,4.995317751105496,7.326523262878987
Set B,B4158_D157_a0.13_ms100,$t_{T_\mathrm{max}}$,150.0,cfl,5.035116866708781,7.240717551165234
Set B,B4158_D157_a0.13_ms100,$t_{T_\mathrm{max}}$,150.0,cfl,5.074916614024005,7.158693561323696
Set B,B4158_D157_a0.13_ms100,$t_{T_\mathrm{max}}$,150.0,cfl,5.11471572962729,7.079884768209018
Set B,B4158_D157_a0.13_ms100,$t_{T_\mathrm{max}}$,150.0,cfl,5.154514845230575,7.004022599737942
Set B,B4158_D157_a0.13_ms100,$t_{T_\mathrm{max}}$,150.0,cfl,5.194314592545799,6.930625475353305
Set B,B4158_D157_a0.13_ms100,$t_{T_\mathrm{max}}$,150.0,cfl,5.234113708149084,6.859216980621922
Set B,B4158_D157_a0.13_ms100,$t_{T_\mathrm{max}}$,150.0,cfl,5.273912823752369,6.78947076113341
Set B,B4158_D157_a0.13_ms100,$t_{T_\mathrm{max}}$,150.0,cfl,5.313712571067593,6.720828898134403
Set B,B4158_D157_a0.13_ms100,$t_{T_\mathrm{max}}$,150.0,cfl,5.353511686670878,6.653033073014776
Set B,B4158_D157_a0.13_ms100,$t_{T_\mathrm{max}}$,150.0,cfl,5.393310802274163,6.585492204559121
Set B,B4158_D157_a0.13_ms100,$t_{T_\mathrm{max}}$,150.0,cfl,5.433110549589387,6.518052518121264
Set B,B4158_D157_a0.13_ms100,$t_{T_\mathrm{max}}$,150.0,cfl,5.472909665192672,6.450093959285153
Set B,B4158_D157_a0.13_ms100,$t_{T_\mathrm{max}}$,150.0,cfl,5.512708780795958,6.3813187087929455
Set B,B4158_D157_a0.13_ms100,$t_{T_\mathrm{max}}$,150.0,cfl,5.552508528111181,6.311293233308251
Set B,B4158_D157_a0.13_ms100,$t_{T_\mathrm{max}}$,150.0,cfl,5.592307643714466,6.239586184085153
Set B,B4158_D157_a0.13_ms100,$t_{T_\mathrm{max}}$,150.0,cfl,5.632106759317751,6.1656614421107045
Set B,B4158_D157_a0.13_ms100,$t_{T_\mathrm{max}}$,150.0,cfl,5.6719065066329755,6.088914387964993
Set B,B4158_D157_a0.13_ms100,$t_{T_\mathrm{max}}$,150.0,cfl,5.711705622236261,6.008856377265794
Set B,B4158_D157_a0.13_ms100,$t_{T_\mathrm{max}}$,150.0,cfl,5.751504737839546,5.924616519048515
Set B,B4158_D157_a0.13_ms100,$t_{T_\mathrm{max}}$,150.0,cfl,5.791304485154769,5.835716637622642
Set B,B4158_D157_a0.13_ms100,$t_{T_\mathrm{max}}$,150.0,cfl,5.831103600758055,5.7420831426909595
Set B,B4158_D157_a0.13_ms100,$t_{T_\mathrm{max}}$,150.0,cfl,5.870902716361339,5.643819562510908
Set B,B4158_D157_a0.13_ms100,$t_{T_\mathrm{max}}$,150.0,cfl,5.9107024636765635,5.5415439880033075
Set B,B4158_D157_a0.13_ms100,$t_{T_\mathrm{max}}$,150.0,cfl,5.950501579279849,5.436297736394582
Set B,B4158_D157_a0.13_ms100,$t_{T_\mathrm{max}}$,150.0,cfl,5.990300694883134,5.32968941068722
Set B,B4158_D157_a0.13_ms100,$t_{T_\mathrm{max}}$,150.0,cfl,6.030100442198358,5.223336751878025
Set B,B4158_D157_a0.13_ms100,$t_{T_\mathrm{max}}$,150.0,cfl,6.069899557801643,5.1190092358312915
Set B,B4158_D157_a0.13_ms100,$t_{T_\mathrm{max}}$,150.0,cfl,6.109699305116867,5.018267789274791
Set B,B4158_D157_a0.13_ms100,$t_{T_\mathrm{max}}$,150.0,cfl,6.149498420720152,4.922021091162397
Set B,B4158_D157_a0.13_ms100,$t_{T_\mathrm{max}}$,150.0,cfl,6.189297536323437,4.8310229292410325
Set B,B4158_D157_a0.13_ms100,$t_{T_\mathrm{max}}$,150.0,cfl,6.22909728363866,4.745574682751792
Set B,B4158_D157_a0.13_ms100,$t_{T_\mathrm{max}}$,150.0,cfl,6.268896399241946,4.665677673809546
Set B,B4158_D157_a0.13_ms100,$t_{T_\mathrm{max}}$,150.0,cfl,6.308695514845231,4.591158355763095
Set B,B4158_D157_a0.13_ms100,$t_{T_\mathrm{max}}$,150.0,cfl,6.348496525584333,4.521794488719588
Set B,B4158_D157_a0.13_ms100,$t_{T_\mathrm{max}}$,150.0,cfl,6.3882943777637395,4.470189695982938
Set B,B4158_D157_a0.13_ms100,$t_{T_\mathrm{max}}$,150.0,cfl,6.428092229943147,4.422789926903011
Set B,B4158_D157_a0.13_ms100,$t_{T_\mathrm{max}}$,150.0,cfl,6.467890082122553,4.376255024503288
Set B,B4158_D157_a0.13_ms100,$t_{T_\mathrm{max}}$,150.0,cfl,6.507694251421352,4.330421696104871
Set B,B4158_D157_a0.13_ms100,$t_{T_\mathrm{max}}$,150.0,cfl,6.547492103600758,4.285214822841033
Set B,B4158_D157_a0.13_ms100,$t_{T_\mathrm{max}}$,150.0,cfl,6.587289955780164,4.240647628691102
Set B,B4158_D157_a0.13_ms100,$t_{T_\mathrm{max}}$,150.0,cfl,6.62708780795957,4.196598145120145
Set B,B4158_D157_a0.13_ms100,$t_{T_\mathrm{max}}$,150.0,cfl,6.666891977258371,4.153096983426568
Set B,B4158_D157_a0.13_ms100,$t_{T_\mathrm{max}}$,150.0,cfl,6.706689829437776,4.110071592263566
Set B,B4158_D157_a0.13_ms100,$t_{T_\mathrm{max}}$,150.0,cfl,6.746487681617182,4.067418563148841
Set B,B4158_D157_a0.13_ms100,$t_{T_\mathrm{max}}$,150.0,cfl,6.786285533796589,4.025141191489265
Set B,B4158_D157_a0.13_ms100,$t_{T_\mathrm{max}}$,150.0,cfl,6.826089703095389,3.9831425782863183
Set B,B4158_D157_a0.13_ms100,$t_{T_\mathrm{max}}$,150.0,cfl,6.865887555274795,3.9412528031011904
Set B,B4158_D157_a0.13_ms100,$t_{T_\mathrm{max}}$,150.0,cfl,6.905685407454201,3.8993102216644955
Set B,B4158_D157_a0.13_ms100,$t_{T_\mathrm{max}}$,150.0,cfl,6.9454832596336065,3.857061985117573
Set B,B4158_D157_a0.13_ms100,$t_{T_\mathrm{max}}$,150.0,cfl,6.985287428932407,3.814373903686662
Set B,B4158_D157_a0.13_ms100,$t_{T_\mathrm{max}}$,150.0,cfl,7.025085281111814,3.771105911085622
Set B,B4158_D157_a0.13_ms100,$t_{T_\mathrm{max}}$,150.0,cfl,7.064883133291219,3.727086778930578
Set B,B4158_D157_a0.13_ms100,$t_{T_\mathrm{max}}$,150.0,cfl,7.104680985470625,3.6822455932949203
Set B,B4158_D157_a0.13_ms100,$t_{T_\mathrm{max}}$,150.0,cfl,7.1444788376500314,3.6364905019097953
Set B,B4158_D157_a0.13_ms100,$t_{T_\mathrm{max}}$,150.0,cfl,7.1842830069488315,3.5896971529825743
Set B,B4158_D157_a0.13_ms100,$t_{T_\mathrm{max}}$,150.0,cfl,7.224080859128238,3.541738447773652
Set B,B4158_D157_a0.13_ms100,$t_{T_\mathrm{max}}$,150.0,cfl,7.263878711307644,3.4925985383020084
Set B,B4158_D157_a0.13_ms100,$t_{T_\mathrm{max}}$,150.0,cfl,7.30367656348705,3.442313736783287
Set B,B4158_D157_a0.13_ms100,$t_{T_\mathrm{max}}$,150.0,cfl,7.34348073278585,3.390785951971638
Set B,B4158_D157_a0.13_ms100,$t_{T_\mathrm{max}}$,150.0,cfl,7.3832785849652565,3.338054944291078
Set B,B4158_D157_a0.13_ms100,$t_{T_\mathrm{max}}$,150.0,cfl,7.423076437144663,3.284170446616309
Set B,B4158_D157_a0.13_ms100,$t_{T_\mathrm{max}}$,150.0,cfl,7.462874289324068,3.229195295959471
Set B,B4158_D157_a0.13_ms100,$t_{T_\mathrm{max}}$,150.0,cfl,7.502678458622867,3.173220824222417
Set B,B4158_D157_a0.13_ms100,$t_{T_\mathrm{max}}$,150.0,cfl,7.542476310802275,3.116450089031503
Set B,B4158_D157_a0.13_ms100,$t_{T_\mathrm{max}}$,150.0,cfl,7.5822741629816806,3.059008711692279
Set B,B4158_D157_a0.13_ms100,$t_{T_\mathrm{max}}$,150.0,cfl,7.622072015161087,3.0012087161458343
Set B,B4158_D157_a0.13_ms100,$t_{T_\mathrm{max}}$,150.0,cfl,7.661869867340493,2.94327394633866
Set B,B4158_D157_a0.13_ms100,$t_{T_\mathrm{max}}$,150.0,cfl,7.701674036639292,2.8855150959974876
Set B,B4158_D157_a0.13_ms100,$t_{T_\mathrm{max}}$,150.0,cfl,7.741471888818699,2.828346438279675
Set B,B4158_D157_a0.13_ms100,$t_{T_\mathrm{max}}$,150.0,cfl,7.7812697409981055,2.77218295542163
Set B,B4158_D157_a0.13_ms100,$t_{T_\mathrm{max}}$,150.0,cfl,7.821067593177512,2.717037300534653
Set B,B4158_D157_a0.13_ms100,$t_{T_\mathrm{max}}$,150.0,cfl,7.860871762476311,2.6630896176621994
Set B,B4158_D157_a0.13_ms100,$t_{T_\mathrm{max}}$,150.0,cfl,7.900669614655716,2.6106434900581688
Set B,B4158_D157_a0.13_ms100,$t_{T_\mathrm{max}}$,150.0,cfl,7.940467466835124,2.55978287505737
Set B,B4158_D157_a0.13_ms100,$t_{T_\mathrm{max}}$,150.0,cfl,7.98026531901453,2.510754395719338
Set B,B4158_D157_a0.13_ms100,$t_{T_\mathrm{max}}$,150.0,cfl,8.020069488313329,2.4635689327059462
Set B,B4158_D157_a0.13_ms100,$t_{T_\mathrm{max}}$,150.0,cfl,8.059867340492735,2.418386469097424
Set B,B4158_D157_a0.13_ms100,$t_{T_\mathrm{max}}$,150.0,cfl,8.099665192672141,2.375141558360102
Set B,B4158_D157_a0.13_ms100,$t_{T_\mathrm{max}}$,150.0,cfl,8.13946304485155,2.333894946505976
Set B,B4158_D157_a0.13_ms100,$t_{T_\mathrm{max}}$,150.0,cfl,8.179267214150348,2.294619931160212
Set B,B4158_D157_a0.13_ms100,$t_{T_\mathrm{max}}$,150.0,cfl,8.219065066329753,2.257244027358965
Set B,B4158_D157_a0.13_ms100,$t_{T_\mathrm{max}}$,150.0,cfl,8.258862918509159,2.221711889082474
Set B,B4158_D157_a0.13_ms100,$t_{T_\mathrm{max}}$,150.0,cfl,8.298660770688565,2.1879524900877008
Set B,B4158_D157_a0.13_ms100,$t_{T_\mathrm{max}}$,150.0,cfl,8.338458622867973,2.1559132405992036
Set B,B4158_D157_a0.13_ms100,$t_{T_\mathrm{max}}$,150.0,cfl,8.378262792166772,2.1254905098159833
Set B,B4158_D157_a0.13_ms100,$t_{T_\mathrm{max}}$,150.0,cfl,8.418060644346179,2.09660298662055
Set B,B4158_D157_a0.13_ms100,$t_{T_\mathrm{max}}$,150.0,cfl,8.457858496525585,2.069127043152815
Set B,B4158_D157_a0.13_ms100,$t_{T_\mathrm{max}}$,150.0,cfl,8.49765634870499,2.043074680266553
Set B,B4158_D157_a0.13_ms100,$t_{T_\mathrm{max}}$,150.0,cfl,8.53746051800379,2.0183745263089494
Set B,B4158_D157_a0.13_ms100,$t_{T_\mathrm{max}}$,150.0,cfl,8.577258370183197,1.9949251492433644
Set B,B4158_D157_a0.13_ms100,$t_{T_\mathrm{max}}$,150.0,cfl,8.617056222362603,1.972654777932939
Set B,B4158_D157_a0.13_ms100,$t_{T_\mathrm{max}}$,150.0,cfl,8.656854074542009,1.9514543468087835
Set B,B4158_D157_a0.13_ms100,$t_{T_\mathrm{max}}$,150.0,cfl,8.696658243840808,1.9312416732608098
Set B,B4158_D157_a0.13_ms100,$t_{T_\mathrm{max}}$,150.0,cfl,8.736456096020214,1.9119557067554172
Set B,B4158_D157_a0.13_ms100,$t_{T_\mathrm{max}}$,150.0,cfl,8.77625394819962,1.8935300027096242
Set B,B4158_D157_a0.13_ms100,$t_{T_\mathrm{max}}$,150.0,cfl,8.816051800379027,1.87589315955245
Set B,B4158_D157_a0.13_ms100,$t_{T_\mathrm{max}}$,150.0,cfl,8.855855969677828,1.8589928474181021
Set B,B4158_D157_a0.13_ms100,$t_{T_\mathrm{max}}$,150.0,cfl,8.895653821857234,1.8427923721792034
Set B,B4158_D157_a0.13_ms100,$t_{T_\mathrm{max}}$,150.0,cfl,8.93545167403664,1.8272483610036747
Set B,B4158_D157_a0.13_ms100,$t_{T_\mathrm{max}}$,150.0,cfl,8.975249526216045,1.8123113140878078
Set B,B4158_D157_a0.13_ms100,$t_{T_\mathrm{max}}$,150.0,cfl,9.015047378395451,1.7979543167047491
Set B,B4158_D157_a0.13_ms100,$t_{T_\mathrm{max}}$,150.0,cfl,9.054851547694252,1.7841445848492168
Set B,B4158_D157_a0.13_ms100,$t_{T_\mathrm{max}}$,150.0,cfl,9.094649399873658,1.770842350553804
Set B,B4158_D157_a0.13_ms100,$t_{T_\mathrm{max}}$,150.0,cfl,9.134447252053064,1.7580296064681176
Set B,B4158_D157_a0.13_ms100,$t_{T_\mathrm{max}}$,150.0,cfl,9.17424510423247,1.7456790276050256
Set B,B4158_D157_a0.13_ms100,$t_{T_\mathrm{max}}$,150.0,cfl,9.21404927353127,1.7337673153804316
Set B,B4158_D157_a0.13_ms100,$t_{T_\mathrm{max}}$,150.0,cfl,9.253847125710676,1.7222648595994363
Set B,B4158_D157_a0.13_ms100,$t_{T_\mathrm{max}}$,150.0,cfl,9.293644977890082,1.7111582338917684
Set B,B4158_D157_a0.13_ms100,$t_{T_\mathrm{max}}$,150.0,cfl,9.333442830069488,1.7004286323534468
Set B,B4158_D157_a0.13_ms100,$t_{T_\mathrm{max}}$,150.0,cfl,9.373246999368288,1.6897117587982222
Set B,B4158_D157_a0.13_ms100,$t_{T_\mathrm{max}}$,150.0,cfl,9.413044851547696,1.6792026222326994
Set B,B4158_D157_a0.13_ms100,$t_{T_\mathrm{max}}$,150.0,cfl,9.452842703727102,1.669020939994854
Set B,B4158_D157_a0.13_ms100,$t_{T_\mathrm{max}}$,150.0,cfl,9.492640555906506,1.6591536411190726
Set B,B4158_D157_a0.13_ms100,$t_{T_\mathrm{max}}$,150.0,cfl,9.532438408085913,1.6495885288252106
Set B,B4158_D157_a0.13_ms100,$t_{T_\mathrm{max}}$,150.0,cfl,9.572242577384712,1.6403137045569114
Set B,B4158_D157_a0.13_ms100,$t_{T_\mathrm{max}}$,150.0,cfl,9.61204042956412,1.6313176346073297
Set B,B4158_D157_a0.13_ms100,$t_{T_\mathrm{max}}$,150.0,cfl,9.651838281743526,1.6225900827885853
Set B,B4158_D157_a0.13_ms100,$t_{T_\mathrm{max}}$,150.0,cfl,9.691636133922932,1.6141154835464904
Set B,B4158_D157_a0.13_ms100,$t_{T_\mathrm{max}}$,150.0,cfl,9.731440303221731,1.605894438924942
Set B,B4158_D157_a0.13_ms100,$t_{T_\mathrm{max}}$,150.0,cfl,9.771238155401138,1.5979079192722474
Set B,B4158_D157_a0.13_ms100,$t_{T_\mathrm{max}}$,150.0,cfl,9.811036007580544,1.590151973235541
Set B,B4158_D157_a0.13_ms100,$t_{T_\mathrm{max}}$,150.0,cfl,9.85083385975995,1.5826227626994682
Set B,B4158_D157_a0.13_ms100,$t_{T_\mathrm{max}}$,150.0,cfl,9.89063802905875,1.5753032678562005
Set B,B4158_D157_a0.13_ms100,$t_{T_\mathrm{max}}$,150.0,cfl,9.930435881238155,1.5681904465736525
Set B,B4158_D157_a0.13_ms100,$t_{T_\mathrm{max}}$,150.0,cfl,9.970233733417562,1.5612769843282601
Set B,B4158_D157_a0.13_ms100,$t_{T_\mathrm{max}}$,150.0,cfl,10.010031585596968,1.5545598148202033
Set B,B4158_D157_a0.13_ms100,$t_{T_\mathrm{max}}$,150.0,cfl,10.049835754895767,1.548024635656502
Set B,B4158_D157_a0.13_ms100,$t_{T_\mathrm{max}}$,150.0,cfl,10.089633607075173,1.5416693275303448
Set B,B4158_D157_a0.13_ms100,$t_{T_\mathrm{max}}$,150.0,cfl,10.12943145925458,1.5354846716904078
Set B,B4158_D157_a0.13_ms100,$t_{T_\mathrm{max}}$,150.0,cfl,10.169229311433986,1.5294695967304528
Set B,B4158_D157_a0.13_ms100,$t_{T_\mathrm{max}}$,150.0,cfl,10.209027163613394,1.5236198411936959
Set B,B4158_D157_a0.13_ms100,$t_{T_\mathrm{max}}$,150.0,cfl,10.248831332912193,1.5179189732074565
Set B,B4158_D157_a0.13_ms100,$t_{T_\mathrm{max}}$,150.0,cfl,10.288629185091597,1.51237657964539
Set B,B4158_D157_a0.13_ms100,$t_{T_\mathrm{max}}$,150.0,cfl,10.328427037271004,1.506977718473598
Set B,B4158_D157_a0.13_ms100,$t_{T_\mathrm{max}}$,150.0,cfl,10.36822488945041,1.5017207608264627
Set B,B4158_D157_a0.13_ms100,$t_{T_\mathrm{max}}$,150.0,cfl,10.40802905874921,1.4966013071424837
Set B,B4158_D157_a0.13_ms100,$t_{T_\mathrm{max}}$,150.0,cfl,10.447826910928617,1.491614921850688
Set B,B4158_D157_a0.13_ms100,$t_{T_\mathrm{max}}$,150.0,cfl,10.487624763108023,1.4867600245445172
Set B,B4158_D157_a0.13_ms100,$t_{T_\mathrm{max}}$,150.0,cfl,10.52742261528743,1.4820275859469387
Set B,B4158_D157_a0.13_ms100,$t_{T_\mathrm{max}}$,150.0,cfl,10.567226784586229,1.4774162216477007
Set B,B4158_D157_a0.13_ms100,$t_{T_\mathrm{max}}$,150.0,cfl,10.607024636765635,1.4729223573216892
Set B,B4158_D157_a0.13_ms100,$t_{T_\mathrm{max}}$,150.0,cfl,10.646822488945041,1.4685425503729066
Set B,B4158_D157_a0.13_ms100,$t_{T_\mathrm{max}}$,150.0,cfl,10.686620341124447,1.4642754527023216
Set B,B4158_D157_a0.13_ms100,$t_{T_\mathrm{max}}$,150.0,cfl,10.726424510423248,1.4601133446880008
Set B,B4158_D157_a0.13_ms100,$t_{T_\mathrm{max}}$,150.0,cfl,10.766222362602655,1.4560554006651074
Set B,B4158_D157_a0.13_ms100,$t_{T_\mathrm{max}}$,150.0,cfl,10.806020214782059,1.4520985845817265
Set B,B4158_D157_a0.13_ms100,$t_{T_\mathrm{max}}$,150.0,cfl,10.845818066961465,1.4501158033513286
Set B,B4158_D157_a0.13_ms100,$t_{T_\mathrm{max}}$,150.0,cfl,10.885615919140871,1.4501158033513286
Set B,B4158_D157_a0.13_ms100,$t_{T_\mathrm{max}}$,150.0,cfl,10.925420088439672,1.4501158033513286
Set B,B4158_D157_a0.13_ms100,$t_{T_\mathrm{max}}$,150.0,cfl,10.965217940619079,1.4501158033513286
Set B,B4158_D157_a0.13_ms100,$t_{T_\mathrm{max}}$,150.0,cfl,11.005015792798485,1.4501158033513286
Set B,B4158_D157_a0.13_ms100,$t_{T_\mathrm{max}}$,150.0,cfl,11.044813644977891,1.4501158033513286
Set B,B4158_D157_a0.13_ms100,$t_{T_\mathrm{max}}$,150.0,cfl,11.08461781427669,1.4501158033513286
Set B,B4158_D157_a0.13_ms100,$t_{T_\mathrm{max}}$,150.0,cfl,11.124415666456096,1.4501158033513286
Set B,B4158_D157_a0.13_ms100,$t_{T_\mathrm{max}}$,150.0,cfl,11.164213518635503,1.4501158033513286
Set B,B4158_D157_a0.13_ms100,$t_{T_\mathrm{max}}$,150.0,cfl,11.204011370814909,1.4501158033513286
Set B,B4158_D157_a0.13_ms100,$t_{T_\mathrm{max}}$,150.0,cfl,11.243815540113708,1.4501158033513286
Set B,B4158_D157_a0.13_ms100,$t_{T_\mathrm{max}}$,150.0,cfl,11.283613392293114,1.4501158033513286
Set B,B4158_D157_a0.13_ms100,$t_{T_\mathrm{max}}$,150.0,cfl,11.32341124447252,1.4501158033513286
Set B,B4158_D157_a0.13_ms100,$t_{T_\mathrm{max}}$,150.0,cfl,11.363209096651927,1.4501158033513286
Set B,B4158_D157_a0.13_ms100,$t_{T_\mathrm{max}}$,150.0,cfl,11.403006948831333,1.4501158033513286
Set B,B4158_D157_a0.13_ms100,$t_{T_\mathrm{max}}$,150.0,cfl,11.442811118130132,1.4501158033513286
Set B,B4158_D157_a0.13_ms100,$t_{T_\mathrm{max}}$,150.0,cfl,11.482608970309538,1.4501158033513286
Set B,B4158_D157_a0.13_ms100,$t_{T_\mathrm{max}}$,150.0,cfl,11.522406822488946,1.4501158033513286
Set B,B4158_D157_a0.13_ms100,$t_{T_\mathrm{max}}$,150.0,cfl,11.562204674668353,1.4501158033513286
Set B,B4158_D157_a0.13_ms100,$t_{T_\mathrm{max}}$,150.0,cfl,11.602008843967152,1.4501158033513286
Set B,B4158_D157_a0.13_ms100,$t_{T_\mathrm{max}}$,150.0,cfl,11.641806696146556,1.4501158033513286
Set B,B4158_D157_a0.13_ms100,$t_{T_\mathrm{max}}$,150.0,cfl,11.681604548325963,1.4501158033513286
Set B,B4158_D157_a0.13_ms100,$t_{T_\mathrm{max}}$,150.0,cfl,11.72140240050537,1.4501158033513286
Set B,B4158_D157_a0.13_ms100,$t_{T_\mathrm{max}}$,150.0,cfl,11.76120656980417,1.4501158033513286
Set B,B4158_D157_a0.13_ms100,$t_{T_\mathrm{max}}$,150.0,cfl,11.801004421983576,1.4501158033513286
Set B,B4158_D157_a0.13_ms100,$t_{T_\mathrm{max}}$,150.0,cfl,11.840802274162982,1.4501158033513286
Set B,B4158_D157_a0.13_ms100,$t_{T_\mathrm{max}}$,150.0,cfl,11.880600126342388,1.4501158033513286
Set B,B4158_D157_a0.13_ms100,$t_{T_\mathrm{max}}$,150.0,cfl,11.920404295641188,1.4501158033513286
Set B,B4158_D157_a0.13_ms100,$t_{T_\mathrm{max}}$,150.0,cfl,11.960202147820594,1.4501158033513286
Set B,B4158_D157_a0.13_ms100,$t_{T_\mathrm{max}}$,150.0,cfl,12.0,1.4501158033513286
Set B,B4158_D157_a0.13_ms100,$t_{T_\mathrm{max}}$,150.0,unpCFL,0.3785953253316488,99.4815911235071
Set B,B4158_D157_a0.13_ms100,$t_{T_\mathrm{max}}$,150.0,unpCFL,0.4183946304485155,96.905592347109
Set B,B4158_D157_a0.13_ms100,$t_{T_\mathrm{max}}$,150.0,unpCFL,0.4581939987365761,94.14484714940156
Set B,B4158_D157_a0.13_ms100,$t_{T_\mathrm{max}}$,150.0,unpCFL,0.49799330385344287,91.10551659216308
Set B,B4158_D157_a0.13_ms100,$t_{T_\mathrm{max}}$,150.0,unpCFL,0.5377926721415035,87.63114121476225
Set B,B4158_D157_a0.13_ms100,$t_{T_\mathrm{max}}$,150.0,unpCFL,0.5775919772583702,83.41361443090892
Set B,B4158_D157_a0.13_ms100,$t_{T_\mathrm{max}}$,150.0,unpCFL,0.6173912823752369,77.65169038330527
Set B,B4158_D157_a0.13_ms100,$t_{T_\mathrm{max}}$,150.0,unpCFL,0.6571907770056854,66.59124883985186
Set B,B4158_D157_a0.13_ms100,$t_{T_\mathrm{max}}$,150.0,unpCFL,0.6969898926089704,52.79639807588041
Set B,B4158_D157_a0.13_ms100,$t_{T_\mathrm{max}}$,150.0,unpCFL,0.7367890082122552,47.7864806690524
Set B,B4158_D157_a0.13_ms100,$t_{T_\mathrm{max}}$,150.0,unpCFL,0.7765887555274795,44.802554074608224
Set B,B4158_D157_a0.13_ms100,$t_{T_\mathrm{max}}$,150.0,unpCFL,0.8163878711307644,42.641191262081065
Set B,B4158_D157_a0.13_ms100,$t_{T_\mathrm{max}}$,150.0,unpCFL,0.8561869867340492,40.92982986010754
Set B,B4158_D157_a0.13_ms100,$t_{T_\mathrm{max}}$,150.0,unpCFL,0.8959867340492736,39.502482201918426
Set B,B4158_D157_a0.13_ms100,$t_{T_\mathrm{max}}$,150.0,unpCFL,0.9357858496525585,38.270131618138834
Set B,B4158_D157_a0.13_ms100,$t_{T_\mathrm{max}}$,150.0,unpCFL,0.9755855969677827,37.17925502987377
Set B,B4158_D157_a0.13_ms100,$t_{T_\mathrm{max}}$,150.0,unpCFL,1.0153847125710675,36.19527621499903
Set B,B4158_D157_a0.13_ms100,$t_{T_\mathrm{max}}$,150.0,unpCFL,1.0551838281743526,35.29437819280163
Set B,B4158_D157_a0.13_ms100,$t_{T_\mathrm{max}}$,150.0,unpCFL,1.0949835754895767,34.4596596782785
Set B,B4158_D157_a0.13_ms100,$t_{T_\mathrm{max}}$,150.0,unpCFL,1.1347826910928616,33.67860329605767
Set B,B4158_D157_a0.13_ms100,$t_{T_\mathrm{max}}$,150.0,unpCFL,1.1745818066961466,32.941704209714324
Set B,B4158_D157_a0.13_ms100,$t_{T_\mathrm{max}}$,150.0,unpCFL,1.214381554011371,32.2418389541271
Set B,B4158_D157_a0.13_ms100,$t_{T_\mathrm{max}}$,150.0,unpCFL,1.2541806696146558,31.57328738307538
Set B,B4158_D157_a0.13_ms100,$t_{T_\mathrm{max}}$,150.0,unpCFL,1.2939797852179407,30.93154165615395
Set B,B4158_D157_a0.13_ms100,$t_{T_\mathrm{max}}$,150.0,unpCFL,1.333779532533165,30.313085589528104
Set B,B4158_D157_a0.13_ms100,$t_{T_\mathrm{max}}$,150.0,unpCFL,1.3735786481364498,29.715065109824017
Set B,B4158_D157_a0.13_ms100,$t_{T_\mathrm{max}}$,150.0,unpCFL,1.413377763739735,29.135077729021866
Set B,B4158_D157_a0.13_ms100,$t_{T_\mathrm{max}}$,150.0,unpCFL,1.453177511054959,28.57138187540548
Set B,B4158_D157_a0.13_ms100,$t_{T_\mathrm{max}}$,150.0,unpCFL,1.4929766266582438,28.02234381402484
Set B,B4158_D157_a0.13_ms100,$t_{T_\mathrm{max}}$,150.0,unpCFL,1.532775742261529,27.486733877259166
Set B,B4158_D157_a0.13_ms100,$t_{T_\mathrm{max}}$,150.0,unpCFL,1.5725754895767532,26.963689148297053
Set B,B4158_D157_a0.13_ms100,$t_{T_\mathrm{max}}$,150.0,unpCFL,1.6123746051800378,26.45236266596072
Set B,B4158_D157_a0.13_ms100,$t_{T_\mathrm{max}}$,150.0,unpCFL,1.652173720783323,25.952115035284915
Set B,B4158_D157_a0.13_ms100,$t_{T_\mathrm{max}}$,150.0,unpCFL,1.6919734680985472,25.462313402909636
Set B,B4158_D157_a0.13_ms100,$t_{T_\mathrm{max}}$,150.0,unpCFL,1.7317725837018318,24.982706491669
Set B,B4158_D157_a0.13_ms100,$t_{T_\mathrm{max}}$,150.0,unpCFL,1.771571699305117,24.51310932609588
Set B,B4158_D157_a0.13_ms100,$t_{T_\mathrm{max}}$,150.0,unpCFL,1.8113714466203412,24.053331963078662
Set B,B4158_D157_a0.13_ms100,$t_{T_\mathrm{max}}$,150.0,unpCFL,1.8511705622236259,23.603084244154356
Set B,B4158_D157_a0.13_ms100,$t_{T_\mathrm{max}}$,150.0,unpCFL,1.890969677826911,23.162367379101198
Set B,B4158_D157_a0.13_ms100,$t_{T_\mathrm{max}}$,150.0,unpCFL,1.9307694251421352,22.73104728904826
Set B,B4158_D157_a0.13_ms100,$t_{T_\mathrm{max}}$,150.0,unpCFL,1.9705685407454203,22.309388348647573
Set B,B4158_D157_a0.13_ms100,$t_{T_\mathrm{max}}$,150.0,unpCFL,2.010367656348705,21.897483272593245
Set B,B4158_D157_a0.13_ms100,$t_{T_\mathrm{max}}$,150.0,unpCFL,2.050167403663929,21.495096241815162
Set B,B4158_D157_a0.13_ms100,$t_{T_\mathrm{max}}$,150.0,unpCFL,2.089966519267214,21.10288753509007
Set B,B4158_D157_a0.13_ms100,$t_{T_\mathrm{max}}$,150.0,unpCFL,2.129765634870499,20.720817216651522
Set B,B4158_D157_a0.13_ms100,$t_{T_\mathrm{max}}$,150.0,unpCFL,2.169565382185723,20.348811564114136
Set B,B4158_D157_a0.13_ms100,$t_{T_\mathrm{max}}$,150.0,unpCFL,2.209364497789008,19.986622402183592
Set B,B4158_D157_a0.13_ms100,$t_{T_\mathrm{max}}$,150.0,unpCFL,2.249163613392293,19.634651670849646
Set B,B4158_D157_a0.13_ms100,$t_{T_\mathrm{max}}$,150.0,unpCFL,2.2889633607075175,19.292837096251052
Set B,B4158_D157_a0.13_ms100,$t_{T_\mathrm{max}}$,150.0,unpCFL,2.328762476310802,18.96174480793765
Set B,B4158_D157_a0.13_ms100,$t_{T_\mathrm{max}}$,150.0,unpCFL,2.368561591914087,18.641309233831578
Set B,B4158_D157_a0.13_ms100,$t_{T_\mathrm{max}}$,150.0,unpCFL,2.4083613392293115,18.331141431529026
Set B,B4158_D157_a0.13_ms100,$t_{T_\mathrm{max}}$,150.0,unpCFL,2.448160454832596,18.030814558540946
Set B,B4158_D157_a0.13_ms100,$t_{T_\mathrm{max}}$,150.0,unpCFL,2.4879595704358817,17.739791176503267
Set B,B4158_D157_a0.13_ms100,$t_{T_\mathrm{max}}$,150.0,unpCFL,2.5277593177511055,17.457903919695596
Set B,B4158_D157_a0.13_ms100,$t_{T_\mathrm{max}}$,150.0,unpCFL,2.56755843335439,17.18457580300503
Set B,B4158_D157_a0.13_ms100,$t_{T_\mathrm{max}}$,150.0,unpCFL,2.6073575489576757,16.919214880329527
Set B,B4158_D157_a0.13_ms100,$t_{T_\mathrm{max}}$,150.0,unpCFL,2.6471572962728995,16.65993085889175
Set B,B4158_D157_a0.13_ms100,$t_{T_\mathrm{max}}$,150.0,unpCFL,2.686956411876184,16.405109035379667
Set B,B4158_D157_a0.13_ms100,$t_{T_\mathrm{max}}$,150.0,unpCFL,2.726756159191409,16.400267326478346
Set B,B4158_D157_a0.13_ms100,$t_{T_\mathrm{max}}$,150.0,unpCFL,2.7665552747946935,16.391046908686167
Set B,B4158_D157_a0.13_ms100,$t_{T_\mathrm{max}}$,150.0,unpCFL,2.8063543903979786,16.382781158415693
Set B,B4158_D157_a0.13_ms100,$t_{T_\mathrm{max}}$,150.0,unpCFL,2.846154137713203,16.375308887743248
Set B,B4158_D157_a0.13_ms100,$t_{T_\mathrm{max}}$,150.0,unpCFL,2.8859532533164876,16.368529563669064
Set B,B4158_D157_a0.13_ms100,$t_{T_\mathrm{max}}$,150.0,unpCFL,2.9257523689197726,16.362400694118136
Set B,B4158_D157_a0.13_ms100,$t_{T_\mathrm{max}}$,150.0,unpCFL,2.965552116234997,16.35687651215307
Set B,B4158_D157_a0.13_ms100,$t_{T_\mathrm{max}}$,150.0,unpCFL,3.0053512318382816,16.351816428440543
Set B,B4158_D157_a0.13_ms100,$t_{T_\mathrm{max}}$,150.0,unpCFL,3.0451503474415667,16.34725024155594
Set B,B4158_D157_a0.13_ms100,$t_{T_\mathrm{max}}$,150.0,unpCFL,3.084950094756791,16.34305719069618
Set B,B4158_D157_a0.13_ms100,$t_{T_\mathrm{max}}$,150.0,unpCFL,3.124749210360076,16.339251998437682
Set B,B4158_D157_a0.13_ms100,$t_{T_\mathrm{max}}$,150.0,unpCFL,3.1645483259633607,16.33571160071974
Set B,B4158_D157_a0.13_ms100,$t_{T_\mathrm{max}}$,150.0,unpCFL,3.204348073278585,16.332469312223783
Set B,B4158_D157_a0.13_ms100,$t_{T_\mathrm{max}}$,150.0,unpCFL,3.2441471888818696,16.329438263386983
Set B,B4158_D157_a0.13_ms100,$t_{T_\mathrm{max}}$,150.0,unpCFL,3.283946304485155,16.326593889588327
Set B,B4158_D157_a0.13_ms100,$t_{T_\mathrm{max}}$,150.0,unpCFL,3.323746051800379,16.323893706301863
Set B,B4158_D157_a0.13_ms100,$t_{T_\mathrm{max}}$,150.0,unpCFL,3.3635451674036636,16.32133339825353
Set B,B4158_D157_a0.13_ms100,$t_{T_\mathrm{max}}$,150.0,unpCFL,3.403344283006949,16.318831039571855
Set B,B4158_D157_a0.13_ms100,$t_{T_\mathrm{max}}$,150.0,unpCFL,3.443144030322173,16.316380802783545
Set B,B4158_D157_a0.13_ms100,$t_{T_\mathrm{max}}$,150.0,unpCFL,3.4829431459254576,16.31394660272931
Set B,B4158_D157_a0.13_ms100,$t_{T_\mathrm{max}}$,150.0,unpCFL,3.522742261528743,16.31154562238854
Set B,B4158_D157_a0.13_ms100,$t_{T_\mathrm{max}}$,150.0,unpCFL,3.562542008843967,16.309057913700265
Set B,B4158_D157_a0.13_ms100,$t_{T_\mathrm{max}}$,150.0,unpCFL,3.6023411244472525,16.30654552002187
Set B,B4158_D157_a0.13_ms100,$t_{T_\mathrm{max}}$,150.0,unpCFL,3.642140240050537,16.30396474856085
Set B,B4158_D157_a0.13_ms100,$t_{T_\mathrm{max}}$,150.0,unpCFL,3.681939987365761,16.301274701823864
Set B,B4158_D157_a0.13_ms100,$t_{T_\mathrm{max}}$,150.0,unpCFL,3.7217391029690465,16.29843516395251
Set B,B4158_D157_a0.13_ms100,$t_{T_\mathrm{max}}$,150.0,unpCFL,3.761538218572331,16.295482530960623
Set B,B4158_D157_a0.13_ms100,$t_{T_\mathrm{max}}$,150.0,unpCFL,3.801337965887555,16.292361869203653
Set B,B4158_D157_a0.13_ms100,$t_{T_\mathrm{max}}$,150.0,unpCFL,3.8411370814908405,16.289070484022485
Set B,B4158_D157_a0.13_ms100,$t_{T_\mathrm{max}}$,150.0,unpCFL,3.880936197094125,16.285586383899783
Set B,B4158_D157_a0.13_ms100,$t_{T_\mathrm{max}}$,150.0,unpCFL,3.92073594440935,16.28187253788296
Set B,B4158_D157_a0.13_ms100,$t_{T_\mathrm{max}}$,150.0,unpCFL,3.9605350600126346,16.27795886078385
Set B,B4158_D157_a0.13_ms100,$t_{T_\mathrm{max}}$,150.0,unpCFL,4.00033417561592,16.273768687338784
Set B,B4158_D157_a0.13_ms100,$t_{T_\mathrm{max}}$,150.0,unpCFL,4.040133922931144,16.26935035371971
Set B,B4158_D157_a0.13_ms100,$t_{T_\mathrm{max}}$,150.0,unpCFL,4.079933038534429,16.26467073484426
Set B,B4158_D157_a0.13_ms100,$t_{T_\mathrm{max}}$,150.0,unpCFL,4.119732154137713,16.259732310857807
Set B,B4158_D157_a0.13_ms100,$t_{T_\mathrm{max}}$,150.0,unpCFL,4.1595319014529375,16.25448740293125
Set B,B4158_D157_a0.13_ms100,$t_{T_\mathrm{max}}$,150.0,unpCFL,4.199331017056222,16.24893579381137
Set B,B4158_D157_a0.13_ms100,$t_{T_\mathrm{max}}$,150.0,unpCFL,4.239130132659508,16.24309475155683
Set B,B4158_D157_a0.13_ms100,$t_{T_\mathrm{max}}$,150.0,unpCFL,4.278929879974732,16.236904336994996
Set B,B4158_D157_a0.13_ms100,$t_{T_\mathrm{max}}$,150.0,unpCFL,4.318728995578017,16.230421313876167
Set B,B4158_D157_a0.13_ms100,$t_{T_\mathrm{max}}$,150.0,unpCFL,4.358528742893241,16.223577054787448
Set B,B4158_D157_a0.13_ms100,$t_{T_\mathrm{max}}$,150.0,unpCFL,4.3983278584965255,16.2163859191145
Set B,B4158_D157_a0.13_ms100,$t_{T_\mathrm{max}}$,150.0,unpCFL,4.43812697409981,16.208825965725975
Set B,B4158_D157_a0.13_ms100,$t_{T_\mathrm{max}}$,150.0,unpCFL,4.477926721415035,16.20091232455183
Set B,B4158_D157_a0.13_ms100,$t_{T_\mathrm{max}}$,150.0,unpCFL,4.51772583701832,16.192616844836675
Set B,B4158_D157_a0.13_ms100,$t_{T_\mathrm{max}}$,150.0,unpCFL,4.557524952621605,16.183956423699357
Set B,B4158_D157_a0.13_ms100,$t_{T_\mathrm{max}}$,150.0,unpCFL,4.597324699936829,16.174874048244977
Set B,B4158_D157_a0.13_ms100,$t_{T_\mathrm{max}}$,150.0,unpCFL,4.6371238155401135,16.165430352583947
Set B,B4158_D157_a0.13_ms100,$t_{T_\mathrm{max}}$,150.0,unpCFL,4.676922931143398,16.1555715976255
Set B,B4158_D157_a0.13_ms100,$t_{T_\mathrm{max}}$,150.0,unpCFL,4.716722678458623,16.145291365934934
Set B,B4158_D157_a0.13_ms100,$t_{T_\mathrm{max}}$,150.0,unpCFL,4.756521794061908,16.134631447813845
Set B,B4158_D157_a0.13_ms100,$t_{T_\mathrm{max}}$,150.0,unpCFL,4.796320909665193,16.123525315254167
Set B,B4158_D157_a0.13_ms100,$t_{T_\mathrm{max}}$,150.0,unpCFL,4.836120656980417,16.111959784352887
Set B,B4158_D157_a0.13_ms100,$t_{T_\mathrm{max}}$,150.0,unpCFL,4.875919772583702,16.100023725959662
Set B,B4158_D157_a0.13_ms100,$t_{T_\mathrm{max}}$,150.0,unpCFL,4.915718888186986,16.087642308833995
Set B,B4158_D157_a0.13_ms100,$t_{T_\mathrm{max}}$,150.0,unpCFL,4.955518635502211,16.074809699094207
Set B,B4158_D157_a0.13_ms100,$t_{T_\mathrm{max}}$,150.0,unpCFL,4.995317751105496,16.061535970166712
Set B,B4158_D157_a0.13_ms100,$t_{T_\mathrm{max}}$,150.0,unpCFL,5.035116866708781,16.047853135974712
Set B,B4158_D157_a0.13_ms100,$t_{T_\mathrm{max}}$,150.0,unpCFL,5.074916614024005,16.0336730160238
Set B,B4158_D157_a0.13_ms100,$t_{T_\mathrm{max}}$,150.0,unpCFL,5.11471572962729,16.019063950040447
Set B,B4158_D157_a0.13_ms100,$t_{T_\mathrm{max}}$,150.0,unpCFL,5.154514845230575,16.003964735581548
Set B,B4158_D157_a0.13_ms100,$t_{T_\mathrm{max}}$,150.0,unpCFL,5.194314592545799,15.988431459048655
Set B,B4158_D157_a0.13_ms100,$t_{T_\mathrm{max}}$,150.0,unpCFL,5.234113708149084,15.97241971334397
Set B,B4158_D157_a0.13_ms100,$t_{T_\mathrm{max}}$,150.0,unpCFL,5.273912823752369,15.955907013364932
Set B,B4158_D157_a0.13_ms100,$t_{T_\mathrm{max}}$,150.0,unpCFL,5.313712571067593,15.938959885793624
Set B,B4158_D157_a0.13_ms100,$t_{T_\mathrm{max}}$,150.0,unpCFL,5.353511686670878,15.92149062158506
Set B,B4158_D157_a0.13_ms100,$t_{T_\mathrm{max}}$,150.0,unpCFL,5.393310802274163,15.903517531079672
Set B,B4158_D157_a0.13_ms100,$t_{T_\mathrm{max}}$,150.0,unpCFL,5.433110549589387,15.885037784396973
Set B,B4158_D157_a0.13_ms100,$t_{T_\mathrm{max}}$,150.0,unpCFL,5.472909665192672,15.866053360650355
Set B,B4158_D157_a0.13_ms100,$t_{T_\mathrm{max}}$,150.0,unpCFL,5.512708780795958,15.846530057701306
Set B,B4158_D157_a0.13_ms100,$t_{T_\mathrm{max}}$,150.0,unpCFL,5.552508528111181,15.826441049972992
Set B,B4158_D157_a0.13_ms100,$t_{T_\mathrm{max}}$,150.0,unpCFL,5.592307643714466,15.805819762346355
Set B,B4158_D157_a0.13_ms100,$t_{T_\mathrm{max}}$,150.0,unpCFL,5.632106759317751,15.784608344169033
Set B,B4158_D157_a0.13_ms100,$t_{T_\mathrm{max}}$,150.0,unpCFL,5.6719065066329755,15.762808428018898
Set B,B4158_D157_a0.13_ms100,$t_{T_\mathrm{max}}$,150.0,unpCFL,5.711705622236261,15.740409787823669
Set B,B4158_D157_a0.13_ms100,$t_{T_\mathrm{max}}$,150.0,unpCFL,5.751504737839546,15.717400890504742
Set B,B4158_D157_a0.13_ms100,$t_{T_\mathrm{max}}$,150.0,unpCFL,5.791304485154769,15.693769096374412
Set B,B4158_D157_a0.13_ms100,$t_{T_\mathrm{max}}$,150.0,unpCFL,5.831103600758055,15.669473418385536
Set B,B4158_D157_a0.13_ms100,$t_{T_\mathrm{max}}$,150.0,unpCFL,5.870902716361339,15.64450331879015
Set B,B4158_D157_a0.13_ms100,$t_{T_\mathrm{max}}$,150.0,unpCFL,5.9107024636765635,15.618862462897113
Set B,B4158_D157_a0.13_ms100,$t_{T_\mathrm{max}}$,150.0,unpCFL,5.950501579279849,15.59255088217071
Set B,B4158_D157_a0.13_ms100,$t_{T_\mathrm{max}}$,150.0,unpCFL,5.990300694883134,15.565470530028197
Set B,B4158_D157_a0.13_ms100,$t_{T_\mathrm{max}}$,150.0,unpCFL,6.030100442198358,15.537700572678318
Set B,B4158_D157_a0.13_ms100,$t_{T_\mathrm{max}}$,150.0,unpCFL,6.069899557801643,15.509198640748995
Set B,B4158_D157_a0.13_ms100,$t_{T_\mathrm{max}}$,150.0,unpCFL,6.109699305116867,15.479970130199002
Set B,B4158_D157_a0.13_ms100,$t_{T_\mathrm{max}}$,150.0,unpCFL,6.149498420720152,15.449963764668045
Set B,B4158_D157_a0.13_ms100,$t_{T_\mathrm{max}}$,150.0,unpCFL,6.189297536323437,15.419163840592978
Set B,B4158_D157_a0.13_ms100,$t_{T_\mathrm{max}}$,150.0,unpCFL,6.22909728363866,15.387604205807921
Set B,B4158_D157_a0.13_ms100,$t_{T_\mathrm{max}}$,150.0,unpCFL,6.268896399241946,15.355260478800469
Set B,B4158_D157_a0.13_ms100,$t_{T_\mathrm{max}}$,150.0,unpCFL,6.308695514845231,15.322148940960114
Set B,B4158_D157_a0.13_ms100,$t_{T_\mathrm{max}}$,150.0,unpCFL,6.348496525584333,15.288193285520519
Set B,B4158_D157_a0.13_ms100,$t_{T_\mathrm{max}}$,150.0,unpCFL,6.3882943777637395,15.25345545034609
Set B,B4158_D157_a0.13_ms100,$t_{T_\mathrm{max}}$,150.0,unpCFL,6.428092229943147,15.217929233149082
Set B,B4158_D157_a0.13_ms100,$t_{T_\mathrm{max}}$,150.0,unpCFL,6.467890082122553,15.181579728538546
Set B,B4158_D157_a0.13_ms100,$t_{T_\mathrm{max}}$,150.0,unpCFL,6.507694251421352,15.144417293810854
Set B,B4158_D157_a0.13_ms100,$t_{T_\mathrm{max}}$,150.0,unpCFL,6.547492103600758,15.106396586022903
Set B,B4158_D157_a0.13_ms100,$t_{T_\mathrm{max}}$,150.0,unpCFL,6.587289955780164,15.06753863897997
Set B,B4158_D157_a0.13_ms100,$t_{T_\mathrm{max}}$,150.0,unpCFL,6.62708780795957,15.027830637846238
Set B,B4158_D157_a0.13_ms100,$t_{T_\mathrm{max}}$,150.0,unpCFL,6.666891977258371,14.98734909887303
Set B,B4158_D157_a0.13_ms100,$t_{T_\mathrm{max}}$,150.0,unpCFL,6.706689829437776,14.945934525102425
Set B,B4158_D157_a0.13_ms100,$t_{T_\mathrm{max}}$,150.0,unpCFL,6.746487681617182,14.903634090975757
Set B,B4158_D157_a0.13_ms100,$t_{T_\mathrm{max}}$,150.0,unpCFL,6.786285533796589,14.860475662659711
Set B,B4158_D157_a0.13_ms100,$t_{T_\mathrm{max}}$,150.0,unpCFL,6.826089703095389,14.816400615163142
Set B,B4158_D157_a0.13_ms100,$t_{T_\mathrm{max}}$,150.0,unpCFL,6.865887555274795,14.771468223121714
Set B,B4158_D157_a0.13_ms100,$t_{T_\mathrm{max}}$,150.0,unpCFL,6.905685407454201,14.725507320014025
Set B,B4158_D157_a0.13_ms100,$t_{T_\mathrm{max}}$,150.0,unpCFL,6.9454832596336065,14.678655272049257
Set B,B4158_D157_a0.13_ms100,$t_{T_\mathrm{max}}$,150.0,unpCFL,6.985287428932407,14.63062838097584
Set B,B4158_D157_a0.13_ms100,$t_{T_\mathrm{max}}$,150.0,unpCFL,7.025085281111814,14.58153875495987
Set B,B4158_D157_a0.13_ms100,$t_{T_\mathrm{max}}$,150.0,unpCFL,7.064883133291219,14.531376074532698
Set B,B4158_D157_a0.13_ms100,$t_{T_\mathrm{max}}$,150.0,unpCFL,7.104680985470625,14.480260749488888
Set B,B4158_D157_a0.13_ms100,$t_{T_\mathrm{max}}$,150.0,unpCFL,7.1444788376500314,14.4281340388734
Set B,B4158_D157_a0.13_ms100,$t_{T_\mathrm{max}}$,150.0,unpCFL,7.1842830069488315,14.37491823725861
Set B,B4158_D157_a0.13_ms100,$t_{T_\mathrm{max}}$,150.0,unpCFL,7.224080859128238,14.32066629216487
Set B,B4158_D157_a0.13_ms100,$t_{T_\mathrm{max}}$,150.0,unpCFL,7.263878711307644,14.265316201210762
Set B,B4158_D157_a0.13_ms100,$t_{T_\mathrm{max}}$,150.0,unpCFL,7.30367656348705,14.208852133146758
Set B,B4158_D157_a0.13_ms100,$t_{T_\mathrm{max}}$,150.0,unpCFL,7.34348073278585,14.151347629699918
Set B,B4158_D157_a0.13_ms100,$t_{T_\mathrm{max}}$,150.0,unpCFL,7.3832785849652565,14.092655200311757
Set B,B4158_D157_a0.13_ms100,$t_{T_\mathrm{max}}$,150.0,unpCFL,7.423076437144663,14.032767090255646
Set B,B4158_D157_a0.13_ms100,$t_{T_\mathrm{max}}$,150.0,unpCFL,7.462874289324068,13.97183456314571
Set B,B4158_D157_a0.13_ms100,$t_{T_\mathrm{max}}$,150.0,unpCFL,7.502678458622867,13.909626990026338
Set B,B4158_D157_a0.13_ms100,$t_{T_\mathrm{max}}$,150.0,unpCFL,7.542476310802275,13.846321186696994
Set B,B4158_D157_a0.13_ms100,$t_{T_\mathrm{max}}$,150.0,unpCFL,7.5822741629816806,13.781779303225939
Set B,B4158_D157_a0.13_ms100,$t_{T_\mathrm{max}}$,150.0,unpCFL,7.622072015161087,13.71608696879876
Set B,B4158_D157_a0.13_ms100,$t_{T_\mathrm{max}}$,150.0,unpCFL,7.661869867340493,13.649260928207706
Set B,B4158_D157_a0.13_ms100,$t_{T_\mathrm{max}}$,150.0,unpCFL,7.701674036639292,13.581321962279418
Set B,B4158_D157_a0.13_ms100,$t_{T_\mathrm{max}}$,150.0,unpCFL,7.741471888818699,13.512219801297116
Set B,B4158_D157_a0.13_ms100,$t_{T_\mathrm{max}}$,150.0,unpCFL,7.7812697409981055,13.441944194213276
Set B,B4158_D157_a0.13_ms100,$t_{T_\mathrm{max}}$,150.0,unpCFL,7.821067593177512,13.370515049088302
Set B,B4158_D157_a0.13_ms100,$t_{T_\mathrm{max}}$,150.0,unpCFL,7.860871762476311,13.297965882766846
Set B,B4158_D157_a0.13_ms100,$t_{T_\mathrm{max}}$,150.0,unpCFL,7.900669614655716,13.22426278769129
Set B,B4158_D157_a0.13_ms100,$t_{T_\mathrm{max}}$,150.0,unpCFL,7.940467466835124,13.149432996425094
Set B,B4158_D157_a0.13_ms100,$t_{T_\mathrm{max}}$,150.0,unpCFL,7.98026531901453,13.0734091460282
Set B,B4158_D157_a0.13_ms100,$t_{T_\mathrm{max}}$,150.0,unpCFL,8.020069488313329,12.996294732452107
Set B,B4158_D157_a0.13_ms100,$t_{T_\mathrm{max}}$,150.0,unpCFL,8.059867340492735,12.917937691534636
Set B,B4158_D157_a0.13_ms100,$t_{T_\mathrm{max}}$,150.0,unpCFL,8.099665192672141,12.838469527056036
Set B,B4158_D157_a0.13_ms100,$t_{T_\mathrm{max}}$,150.0,unpCFL,8.13946304485155,12.757792609845964
Set B,B4158_D157_a0.13_ms100,$t_{T_\mathrm{max}}$,150.0,unpCFL,8.179267214150348,12.675895148148374
Set B,B4158_D157_a0.13_ms100,$t_{T_\mathrm{max}}$,150.0,unpCFL,8.219065066329753,12.592774086702839
Set B,B4158_D157_a0.13_ms100,$t_{T_\mathrm{max}}$,150.0,unpCFL,8.258862918509159,12.508328972246522
Set B,B4158_D157_a0.13_ms100,$t_{T_\mathrm{max}}$,150.0,unpCFL,8.298660770688565,12.422596791481412
Set B,B4158_D157_a0.13_ms100,$t_{T_\mathrm{max}}$,150.0,unpCFL,8.338458622867973,12.335501163864288
Set B,B4158_D157_a0.13_ms100,$t_{T_\mathrm{max}}$,150.0,unpCFL,8.378262792166772,12.24710346800422
Set B,B4158_D157_a0.13_ms100,$t_{T_\mathrm{max}}$,150.0,unpCFL,8.418060644346179,12.157085095993548
Set B,B4158_D157_a0.13_ms100,$t_{T_\mathrm{max}}$,150.0,unpCFL,8.457858496525585,12.065648222158545
Set B,B4158_D157_a0.13_ms100,$t_{T_\mathrm{max}}$,150.0,unpCFL,8.49765634870499,11.972635665318638
Set B,B4158_D157_a0.13_ms100,$t_{T_\mathrm{max}}$,150.0,unpCFL,8.53746051800379,11.877871222552175
Set B,B4158_D157_a0.13_ms100,$t_{T_\mathrm{max}}$,150.0,unpCFL,8.577258370183197,11.781330053030775
Set B,B4158_D157_a0.13_ms100,$t_{T_\mathrm{max}}$,150.0,unpCFL,8.617056222362603,11.682946908640758
Set B,B4158_D157_a0.13_ms100,$t_{T_\mathrm{max}}$,150.0,unpCFL,8.656854074542009,11.58262299821599
Set B,B4158_D157_a0.13_ms100,$t_{T_\mathrm{max}}$,150.0,unpCFL,8.696658243840808,11.480217981929378
Set B,B4158_D157_a0.13_ms100,$t_{T_\mathrm{max}}$,150.0,unpCFL,8.736456096020214,11.375695757828655
Set B,B4158_D157_a0.13_ms100,$t_{T_\mathrm{max}}$,150.0,unpCFL,8.77625394819962,11.269227821060719
Set B,B4158_D157_a0.13_ms100,$t_{T_\mathrm{max}}$,150.0,unpCFL,8.816051800379027,11.160649992249356
Set B,B4158_D157_a0.13_ms100,$t_{T_\mathrm{max}}$,150.0,unpCFL,8.855855969677828,11.050020945292733
Set B,B4158_D157_a0.13_ms100,$t_{T_\mathrm{max}}$,150.0,unpCFL,8.895653821857234,10.937586842576396
Set B,B4158_D157_a0.13_ms100,$t_{T_\mathrm{max}}$,150.0,unpCFL,8.93545167403664,10.823318422293873
Set B,B4158_D157_a0.13_ms100,$t_{T_\mathrm{max}}$,150.0,unpCFL,8.975249526216045,10.707471435980992
Set B,B4158_D157_a0.13_ms100,$t_{T_\mathrm{max}}$,150.0,unpCFL,9.015047378395451,10.590238542792429
Set B,B4158_D157_a0.13_ms100,$t_{T_\mathrm{max}}$,150.0,unpCFL,9.054851547694252,10.471980273469924
Set B,B4158_D157_a0.13_ms100,$t_{T_\mathrm{max}}$,150.0,unpCFL,9.094649399873658,10.35290473343062
Set B,B4158_D157_a0.13_ms100,$t_{T_\mathrm{max}}$,150.0,unpCFL,9.134447252053064,10.233468661878158
Set B,B4158_D157_a0.13_ms100,$t_{T_\mathrm{max}}$,150.0,unpCFL,9.17424510423247,10.113821694598466
Set B,B4158_D157_a0.13_ms100,$t_{T_\mathrm{max}}$,150.0,unpCFL,9.21404927353127,9.99455867802836
Set B,B4158_D157_a0.13_ms100,$t_{T_\mathrm{max}}$,150.0,unpCFL,9.253847125710676,9.875891429644984
Set B,B4158_D157_a0.13_ms100,$t_{T_\mathrm{max}}$,150.0,unpCFL,9.293644977890082,9.75778852253366
Set B,B4158_D157_a0.13_ms100,$t_{T_\mathrm{max}}$,150.0,unpCFL,9.333442830069488,9.638154377868606
Set B,B4158_D157_a0.13_ms100,$t_{T_\mathrm{max}}$,150.0,unpCFL,9.373246999368288,9.514754225676407
Set B,B4158_D157_a0.13_ms100,$t_{T_\mathrm{max}}$,150.0,unpCFL,9.413044851547696,9.388078112849474
Set B,B4158_D157_a0.13_ms100,$t_{T_\mathrm{max}}$,150.0,unpCFL,9.452842703727102,9.257875254138577
Set B,B4158_D157_a0.13_ms100,$t_{T_\mathrm{max}}$,150.0,unpCFL,9.492640555906506,9.123625247687022
Set B,B4158_D157_a0.13_ms100,$t_{T_\mathrm{max}}$,150.0,unpCFL,9.532438408085913,8.98493609279404
Set B,B4158_D157_a0.13_ms100,$t_{T_\mathrm{max}}$,150.0,unpCFL,9.572242577384712,8.841476388721148
Set B,B4158_D157_a0.13_ms100,$t_{T_\mathrm{max}}$,150.0,unpCFL,9.61204042956412,8.69280486653538
Set B,B4158_D157_a0.13_ms100,$t_{T_\mathrm{max}}$,150.0,unpCFL,9.651838281743526,8.539052609702729
Set B,B4158_D157_a0.13_ms100,$t_{T_\mathrm{max}}$,150.0,unpCFL,9.691636133922932,8.380032526861521
Set B,B4158_D157_a0.13_ms100,$t_{T_\mathrm{max}}$,150.0,unpCFL,9.731440303221731,8.21598143091602
Set B,B4158_D157_a0.13_ms100,$t_{T_\mathrm{max}}$,150.0,unpCFL,9.771238155401138,8.047181803127195
Set B,B4158_D157_a0.13_ms100,$t_{T_\mathrm{max}}$,150.0,unpCFL,9.811036007580544,7.87483984224573
Set B,B4158_D157_a0.13_ms100,$t_{T_\mathrm{max}}$,150.0,unpCFL,9.85083385975995,7.701782436901378
Set B,B4158_D157_a0.13_ms100,$t_{T_\mathrm{max}}$,150.0,unpCFL,9.89063802905875,7.530895965878759
Set B,B4158_D157_a0.13_ms100,$t_{T_\mathrm{max}}$,150.0,unpCFL,9.930435881238155,7.363889305538854
Set B,B4158_D157_a0.13_ms100,$t_{T_\mathrm{max}}$,150.0,unpCFL,9.970233733417562,7.201103720000324
Set B,B4158_D157_a0.13_ms100,$t_{T_\mathrm{max}}$,150.0,unpCFL,10.010031585596968,7.041522446197865
Set B,B4158_D157_a0.13_ms100,$t_{T_\mathrm{max}}$,150.0,unpCFL,10.049835754895767,6.884018365387742
Set B,B4158_D157_a0.13_ms100,$t_{T_\mathrm{max}}$,150.0,unpCFL,10.089633607075173,6.726704129561498
Set B,B4158_D157_a0.13_ms100,$t_{T_\mathrm{max}}$,150.0,unpCFL,10.12943145925458,6.567327244541395
Set B,B4158_D157_a0.13_ms100,$t_{T_\mathrm{max}}$,150.0,unpCFL,10.169229311433986,6.402904006273345
Set B,B4158_D157_a0.13_ms100,$t_{T_\mathrm{max}}$,150.0,unpCFL,10.209027163613394,6.229675347268766
Set B,B4158_D157_a0.13_ms100,$t_{T_\mathrm{max}}$,150.0,unpCFL,10.248831332912193,6.039384546984273
Set B,B4158_D157_a0.13_ms100,$t_{T_\mathrm{max}}$,150.0,unpCFL,10.288629185091597,5.826832548337741
Set B,B4158_D157_a0.13_ms100,$t_{T_\mathrm{max}}$,150.0,unpCFL,10.328427037271004,5.589358335985423
Set B,B4158_D157_a0.13_ms100,$t_{T_\mathrm{max}}$,150.0,unpCFL,10.36822488945041,5.34211831899612
Set B,B4158_D157_a0.13_ms100,$t_{T_\mathrm{max}}$,150.0,unpCFL,10.40802905874921,5.104004901351389
Set B,B4158_D157_a0.13_ms100,$t_{T_\mathrm{max}}$,150.0,unpCFL,10.447826910928617,4.890972167606083
Set B,B4158_D157_a0.13_ms100,$t_{T_\mathrm{max}}$,150.0,unpCFL,10.487624763108023,4.708496391883133
Set B,B4158_D157_a0.13_ms100,$t_{T_\mathrm{max}}$,150.0,unpCFL,10.52742261528743,4.554766797562988
Set B,B4158_D157_a0.13_ms100,$t_{T_\mathrm{max}}$,150.0,unpCFL,10.567226784586229,4.4458144987173585
Set B,B4158_D157_a0.13_ms100,$t_{T_\mathrm{max}}$,150.0,unpCFL,10.607024636765635,4.354203223203037
Set B,B4158_D157_a0.13_ms100,$t_{T_\mathrm{max}}$,150.0,unpCFL,10.646822488945041,4.266480170589603
Set B,B4158_D157_a0.13_ms100,$t_{T_\mathrm{max}}$,150.0,unpCFL,10.686620341124447,4.181311046270871
Set B,B4158_D157_a0.13_ms100,$t_{T_\mathrm{max}}$,150.0,unpCFL,10.726424510423248,4.0976239619255175
Set B,B4158_D157_a0.13_ms100,$t_{T_\mathrm{max}}$,150.0,unpCFL,10.766222362602655,4.014700864140731
Set B,B4158_D157_a0.13_ms100,$t_{T_\mathrm{max}}$,150.0,unpCFL,10.806020214782059,3.9316172390698267
Set B,B4158_D157_a0.13_ms100,$t_{T_\mathrm{max}}$,150.0,unpCFL,10.845818066961465,3.847349818750835
Set B,B4158_D157_a0.13_ms100,$t_{T_\mathrm{max}}$,150.0,unpCFL,10.885615919140871,3.7607868913139257
Set B,B4158_D157_a0.13_ms100,$t_{T_\mathrm{max}}$,150.0,unpCFL,10.925420088439672,3.670993455741068
Set B,B4158_D157_a0.13_ms100,$t_{T_\mathrm{max}}$,150.0,unpCFL,10.965217940619079,3.5772159223537363
Set B,B4158_D157_a0.13_ms100,$t_{T_\mathrm{max}}$,150.0,unpCFL,11.005015792798485,3.4788743105715185
Set B,B4158_D157_a0.13_ms100,$t_{T_\mathrm{max}}$,150.0,unpCFL,11.044813644977891,3.3759307923385147
Set B,B4158_D157_a0.13_ms100,$t_{T_\mathrm{max}}$,150.0,unpCFL,11.08461781427669,3.268514878358813
Set B,B4158_D157_a0.13_ms100,$t_{T_\mathrm{max}}$,150.0,unpCFL,11.124415666456096,3.157424005758387
Set B,B4158_D157_a0.13_ms100,$t_{T_\mathrm{max}}$,150.0,unpCFL,11.164213518635503,3.043940186051799
Set B,B4158_D157_a0.13_ms100,$t_{T_\mathrm{max}}$,150.0,unpCFL,11.204011370814909,2.929919440654317
Set B,B4158_D157_a0.13_ms100,$t_{T_\mathrm{max}}$,150.0,unpCFL,11.243815540113708,2.8180277493548567
Set B,B4158_D157_a0.13_ms100,$t_{T_\mathrm{max}}$,150.0,unpCFL,11.283613392293114,2.710290026806033
Set B,B4158_D157_a0.13_ms100,$t_{T_\mathrm{max}}$,150.0,unpCFL,11.32341124447252,2.6081094846469974
Set B,B4158_D157_a0.13_ms100,$t_{T_\mathrm{max}}$,150.0,unpCFL,11.363209096651927,2.512710844936847
Set B,B4158_D157_a0.13_ms100,$t_{T_\mathrm{max}}$,150.0,unpCFL,11.403006948831333,2.4248516413542456
Set B,B4158_D157_a0.13_ms100,$t_{T_\mathrm{max}}$,150.0,unpCFL,11.442811118130132,2.3447089402422057
Set B,B4158_D157_a0.13_ms100,$t_{T_\mathrm{max}}$,150.0,unpCFL,11.482608970309538,2.2720549939371977
Set B,B4158_D157_a0.13_ms100,$t_{T_\mathrm{max}}$,150.0,unpCFL,11.522406822488946,2.206774677817491
Set B,B4158_D157_a0.13_ms100,$t_{T_\mathrm{max}}$,150.0,unpCFL,11.562204674668353,2.1480635409502042
Set B,B4158_D157_a0.13_ms100,$t_{T_\mathrm{max}}$,150.0,unpCFL,11.602008843967152,2.095506960323621
Set B,B4158_D157_a0.13_ms100,$t_{T_\mathrm{max}}$,150.0,unpCFL,11.641806696146556,2.048051432659527
Set B,B4158_D157_a0.13_ms100,$t_{T_\mathrm{max}}$,150.0,unpCFL,11.681604548325963,2.0051411351702426
Set B,B4158_D157_a0.13_ms100,$t_{T_\mathrm{max}}$,150.0,unpCFL,11.72140240050537,1.966183165603386
Set B,B4158_D157_a0.13_ms100,$t_{T_\mathrm{max}}$,150.0,unpCFL,11.76120656980417,1.9306414941415242
Set B,B4158_D157_a0.13_ms100,$t_{T_\mathrm{max}}$,150.0,unpCFL,11.801004421983576,1.8980705542146814
Set B,B4158_D157_a0.13_ms100,$t_{T_\mathrm{max}}$,150.0,unpCFL,11.840802274162982,1.86808471315444
Set B,B4158_D157_a0.13_ms100,$t_{T_\mathrm{max}}$,150.0,unpCFL,11.880600126342388,1.8403651678698725
Set B,B4158_D157_a0.13_ms100,$t_{T_\mathrm{max}}$,150.0,unpCFL,11.920404295641188,1.8146708550878476
Set B,B4158_D157_a0.13_ms100,$t_{T_\mathrm{max}}$,150.0,unpCFL,11.960202147820594,1.7907729954055578
Set B,B4158_D157_a0.13_ms100,$t_{T_\mathrm{max}}$,150.0,unpCFL,12.0,1.768500418639083
Set B,B4158_D157_a0.13_ms100,$t_{T_\mathrm{max}}$,200.0,unpaired,1.333779532533165,99.796941440647
Set B,B4158_D157_a0.13_ms100,$t_{T_\mathrm{max}}$,200.0,unpaired,1.3735786481364498,99.37780109703856
Set B,B4158_D157_a0.13_ms100,$t_{T_\mathrm{max}}$,200.0,unpaired,1.413377763739735,98.97046405301141
Set B,B4158_D157_a0.13_ms100,$t_{T_\mathrm{max}}$,200.0,unpaired,1.453177511054959,98.57442699705811
Set B,B4158_D157_a0.13_ms100,$t_{T_\mathrm{max}}$,200.0,unpaired,1.4929766266582438,98.18922598489873
Set B,B4158_D157_a0.13_ms100,$t_{T_\mathrm{max}}$,200.0,unpaired,1.532775742261529,97.81445365231663
Set B,B4158_D157_a0.13_ms100,$t_{T_\mathrm{max}}$,200.0,unpaired,1.5725754895767532,97.44974481696887
Set B,B4158_D157_a0.13_ms100,$t_{T_\mathrm{max}}$,200.0,unpaired,1.6123746051800378,97.09471440049754
Set B,B4158_D157_a0.13_ms100,$t_{T_\mathrm{max}}$,200.0,unpaired,1.652173720783323,96.74895939675694
Set B,B4158_D157_a0.13_ms100,$t_{T_\mathrm{max}}$,200.0,unpaired,1.6919734680985472,96.4121361456343
Set B,B4158_D157_a0.13_ms100,$t_{T_\mathrm{max}}$,200.0,unpaired,1.7317725837018318,96.08383464425478
Set B,B4158_D157_a0.13_ms100,$t_{T_\mathrm{max}}$,200.0,unpaired,1.771571699305117,95.76375581664603
Set B,B4158_D157_a0.13_ms100,$t_{T_\mathrm{max}}$,200.0,unpaired,1.8113714466203412,95.4515704480834
Set B,B4158_D157_a0.13_ms100,$t_{T_\mathrm{max}}$,200.0,unpaired,1.8511705622236259,95.14700530539434
Set B,B4158_D157_a0.13_ms100,$t_{T_\mathrm{max}}$,200.0,unpaired,1.890969677826911,94.84975659922718
Set B,B4158_D157_a0.13_ms100,$t_{T_\mathrm{max}}$,200.0,unpaired,1.9307694251421352,94.55953454985674
Set B,B4158_D157_a0.13_ms100,$t_{T_\mathrm{max}}$,200.0,unpaired,1.9705685407454203,94.27607339593432
Set B,B4158_D157_a0.13_ms100,$t_{T_\mathrm{max}}$,200.0,unpaired,2.010367656348705,93.99913127933286
Set B,B4158_D157_a0.13_ms100,$t_{T_\mathrm{max}}$,200.0,unpaired,2.050167403663929,93.72844002931835
Set B,B4158_D157_a0.13_ms100,$t_{T_\mathrm{max}}$,200.0,unpaired,2.089966519267214,93.46377338218163
Set B,B4158_D157_a0.13_ms100,$t_{T_\mathrm{max}}$,200.0,unpaired,2.129765634870499,93.20491970585759
Set B,B4158_D157_a0.13_ms100,$t_{T_\mathrm{max}}$,200.0,unpaired,2.169565382185723,92.95168970076256
Set B,B4158_D157_a0.13_ms100,$t_{T_\mathrm{max}}$,200.0,unpaired,2.209364497789008,92.70383807169712
Set B,B4158_D157_a0.13_ms100,$t_{T_\mathrm{max}}$,200.0,unpaired,2.249163613392293,92.46119632865208
Set B,B4158_D157_a0.13_ms100,$t_{T_\mathrm{max}}$,200.0,unpaired,2.2889633607075175,92.22353674029813
Set B,B4158_D157_a0.13_ms100,$t_{T_\mathrm{max}}$,200.0,unpaired,2.328762476310802,91.99067394476282
Set B,B4158_D157_a0.13_ms100,$t_{T_\mathrm{max}}$,200.0,unpaired,2.368561591914087,91.76244873628025
Set B,B4158_D157_a0.13_ms100,$t_{T_\mathrm{max}}$,200.0,unpaired,2.4083613392293115,91.53869802787064
Set B,B4158_D157_a0.13_ms100,$t_{T_\mathrm{max}}$,200.0,unpaired,2.448160454832596,91.31923770461701
Set B,B4158_D157_a0.13_ms100,$t_{T_\mathrm{max}}$,200.0,unpaired,2.4879595704358817,91.10390502066264
Set B,B4158_D157_a0.13_ms100,$t_{T_\mathrm{max}}$,200.0,unpaired,2.5277593177511055,90.89256729211884
Set B,B4158_D157_a0.13_ms100,$t_{T_\mathrm{max}}$,200.0,unpaired,2.56755843335439,90.68506575937226
Set B,B4158_D157_a0.13_ms100,$t_{T_\mathrm{max}}$,200.0,unpaired,2.6073575489576757,90.48124567431671
Set B,B4158_D157_a0.13_ms100,$t_{T_\mathrm{max}}$,200.0,unpaired,2.6471572962728995,90.28095529694586
Set B,B4158_D157_a0.13_ms100,$t_{T_\mathrm{max}}$,200.0,unpaired,2.686956411876184,90.08403962619215
Set B,B4158_D157_a0.13_ms100,$t_{T_\mathrm{max}}$,200.0,unpaired,2.726756159191409,89.89036166750496
Set B,B4158_D157_a0.13_ms100,$t_{T_\mathrm{max}}$,200.0,unpaired,2.7665552747946935,89.69981437359125
Set B,B4158_D157_a0.13_ms100,$t_{T_\mathrm{max}}$,200.0,unpaired,2.8063543903979786,89.51224511604045
Set B,B4158_D157_a0.13_ms100,$t_{T_\mathrm{max}}$,200.0,unpaired,2.846154137713203,89.32751664683579
Set B,B4158_D157_a0.13_ms100,$t_{T_\mathrm{max}}$,200.0,unpaired,2.8859532533164876,89.14553226431303
Set B,B4158_D157_a0.13_ms100,$t_{T_\mathrm{max}}$,200.0,unpaired,2.9257523689197726,88.96614776483288
Set B,B4158_D157_a0.13_ms100,$t_{T_\mathrm{max}}$,200.0,unpaired,2.965552116234997,88.78924604857757
Set B,B4158_D157_a0.13_ms100,$t_{T_\mathrm{max}}$,200.0,unpaired,3.0053512318382816,88.61472239246687
Set B,B4158_D157_a0.13_ms100,$t_{T_\mathrm{max}}$,200.0,unpaired,3.0451503474415667,88.44240077395955
Set B,B4158_D157_a0.13_ms100,$t_{T_\mathrm{max}}$,200.0,unpaired,3.084950094756791,88.27222401329401
Set B,B4158_D157_a0.13_ms100,$t_{T_\mathrm{max}}$,200.0,unpaired,3.124749210360076,88.10404179542552
Set B,B4158_D157_a0.13_ms100,$t_{T_\mathrm{max}}$,200.0,unpaired,3.1645483259633607,87.93773532466287
Set B,B4158_D157_a0.13_ms100,$t_{T_\mathrm{max}}$,200.0,unpaired,3.204348073278585,87.77320430614857
Set B,B4158_D157_a0.13_ms100,$t_{T_\mathrm{max}}$,200.0,unpaired,3.2441471888818696,87.61035785791908
Set B,B4158_D157_a0.13_ms100,$t_{T_\mathrm{max}}$,200.0,unpaired,3.283946304485155,87.44904083281823
Set B,B4158_D157_a0.13_ms100,$t_{T_\mathrm{max}}$,200.0,unpaired,3.323746051800379,87.2892213572029
Set B,B4158_D157_a0.13_ms100,$t_{T_\mathrm{max}}$,200.0,unpaired,3.3635451674036636,87.1307490467132
Set B,B4158_D157_a0.13_ms100,$t_{T_\mathrm{max}}$,200.0,unpaired,3.403344283006949,86.97350277009743
Set B,B4158_D157_a0.13_ms100,$t_{T_\mathrm{max}}$,200.0,unpaired,3.443144030322173,86.81742014495002
Set B,B4158_D157_a0.13_ms100,$t_{T_\mathrm{max}}$,200.0,unpaired,3.4829431459254576,86.66237163463494
Set B,B4158_D157_a0.13_ms100,$t_{T_\mathrm{max}}$,200.0,unpaired,3.522742261528743,86.50831530019416
Set B,B4158_D157_a0.13_ms100,$t_{T_\mathrm{max}}$,200.0,unpaired,3.562542008843967,86.35505765774813
Set B,B4158_D157_a0.13_ms100,$t_{T_\mathrm{max}}$,200.0,unpaired,3.6023411244472525,86.20255859468855
Set B,B4158_D157_a0.13_ms100,$t_{T_\mathrm{max}}$,200.0,unpaired,3.642140240050537,86.05077089617481
Set B,B4158_D157_a0.13_ms100,$t_{T_\mathrm{max}}$,200.0,unpaired,3.681939987365761,85.89929899932561
Set B,B4158_D157_a0.13_ms100,$t_{T_\mathrm{max}}$,200.0,unpaired,3.7217391029690465,85.74854099129112
Set B,B4158_D157_a0.13_ms100,$t_{T_\mathrm{max}}$,200.0,unpaired,3.761538218572331,85.59806735035781
Set B,B4158_D157_a0.13_ms100,$t_{T_\mathrm{max}}$,200.0,unpaired,3.801337965887555,85.4481304175721
Set B,B4158_D157_a0.13_ms100,$t_{T_\mathrm{max}}$,200.0,unpaired,3.8411370814908405,85.29796339514614
Set B,B4158_D157_a0.13_ms100,$t_{T_\mathrm{max}}$,200.0,unpaired,3.880936197094125,85.14828791125142
Set B,B4158_D157_a0.13_ms100,$t_{T_\mathrm{max}}$,200.0,unpaired,3.92073594440935,84.99836132371422
Set B,B4158_D157_a0.13_ms100,$t_{T_\mathrm{max}}$,200.0,unpaired,3.9605350600126346,84.84861192719147
Set B,B4158_D157_a0.13_ms100,$t_{T_\mathrm{max}}$,200.0,unpaired,4.00033417561592,84.69854225006804
Set B,B4158_D157_a0.13_ms100,$t_{T_\mathrm{max}}$,200.0,unpaired,4.040133922931144,84.54838881728811
Set B,B4158_D157_a0.13_ms100,$t_{T_\mathrm{max}}$,200.0,unpaired,4.079933038534429,84.39771675496254
Set B,B4158_D157_a0.13_ms100,$t_{T_\mathrm{max}}$,200.0,unpaired,4.119732154137713,84.24655404745899
Set B,B4158_D157_a0.13_ms100,$t_{T_\mathrm{max}}$,200.0,unpaired,4.1595319014529375,84.09525819901981
Set B,B4158_D157_a0.13_ms100,$t_{T_\mathrm{max}}$,200.0,unpaired,4.199331017056222,83.94309422798871
Set B,B4158_D157_a0.13_ms100,$t_{T_\mathrm{max}}$,200.0,unpaired,4.239130132659508,83.79056303785937
Set B,B4158_D157_a0.13_ms100,$t_{T_\mathrm{max}}$,200.0,unpaired,4.278929879974732,83.63716478812371
Set B,B4158_D157_a0.13_ms100,$t_{T_\mathrm{max}}$,200.0,unpaired,4.318728995578017,83.48313497037118
Set B,B4158_D157_a0.13_ms100,$t_{T_\mathrm{max}}$,200.0,unpaired,4.358528742893241,83.32791850341859
Set B,B4158_D157_a0.13_ms100,$t_{T_\mathrm{max}}$,200.0,unpaired,4.3983278584965255,83.17188568435911
Set B,B4158_D157_a0.13_ms100,$t_{T_\mathrm{max}}$,200.0,unpaired,4.43812697409981,83.01482185365676
Set B,B4158_D157_a0.13_ms100,$t_{T_\mathrm{max}}$,200.0,unpaired,4.477926721415035,82.85664491876113
Set B,B4158_D157_a0.13_ms100,$t_{T_\mathrm{max}}$,200.0,unpaired,4.51772583701832,82.69728983982097
Set B,B4158_D157_a0.13_ms100,$t_{T_\mathrm{max}}$,200.0,unpaired,4.557524952621605,82.53667398023838
Set B,B4158_D157_a0.13_ms100,$t_{T_\mathrm{max}}$,200.0,unpaired,4.597324699936829,82.37469218395944
Set B,B4158_D157_a0.13_ms100,$t_{T_\mathrm{max}}$,200.0,unpaired,4.6371238155401135,82.21119749566901
Set B,B4158_D157_a0.13_ms100,$t_{T_\mathrm{max}}$,200.0,unpaired,4.676922931143398,82.04603951255139
Set B,B4158_D157_a0.13_ms100,$t_{T_\mathrm{max}}$,200.0,unpaired,4.716722678458623,81.8794515538077
Set B,B4158_D157_a0.13_ms100,$t_{T_\mathrm{max}}$,200.0,unpaired,4.756521794061908,81.71124585671996
Set B,B4158_D157_a0.13_ms100,$t_{T_\mathrm{max}}$,200.0,unpaired,4.796320909665193,81.54126988404967
Set B,B4158_D157_a0.13_ms100,$t_{T_\mathrm{max}}$,200.0,unpaired,4.836120656980417,81.36954208977045
Set B,B4158_D157_a0.13_ms100,$t_{T_\mathrm{max}}$,200.0,unpaired,4.875919772583702,81.19586379796145
Set B,B4158_D157_a0.13_ms100,$t_{T_\mathrm{max}}$,200.0,unpaired,4.915718888186986,81.02010216734776
Set B,B4158_D157_a0.13_ms100,$t_{T_\mathrm{max}}$,200.0,unpaired,4.955518635502211,80.84226865897432
Set B,B4158_D157_a0.13_ms100,$t_{T_\mathrm{max}}$,200.0,unpaired,4.995317751105496,80.66253820232672
Set B,B4158_D157_a0.13_ms100,$t_{T_\mathrm{max}}$,200.0,unpaired,5.035116866708781,80.48012243326112
Set B,B4158_D157_a0.13_ms100,$t_{T_\mathrm{max}}$,200.0,unpaired,5.074916614024005,80.2958227526315
Set B,B4158_D157_a0.13_ms100,$t_{T_\mathrm{max}}$,200.0,unpaired,5.11471572962729,80.10893408037518
Set B,B4158_D157_a0.13_ms100,$t_{T_\mathrm{max}}$,200.0,unpaired,5.154514845230575,79.91941299932682
Set B,B4158_D157_a0.13_ms100,$t_{T_\mathrm{max}}$,200.0,unpaired,5.194314592545799,79.72746792601987
Set B,B4158_D157_a0.13_ms100,$t_{T_\mathrm{max}}$,200.0,unpaired,5.234113708149084,79.53306435627454
Set B,B4158_D157_a0.13_ms100,$t_{T_\mathrm{max}}$,200.0,unpaired,5.273912823752369,79.33576533648339
Set B,B4158_D157_a0.13_ms100,$t_{T_\mathrm{max}}$,200.0,unpaired,5.313712571067593,79.13567958176351
Set B,B4158_D157_a0.13_ms100,$t_{T_\mathrm{max}}$,200.0,unpaired,5.353511686670878,78.93263019004333
Set B,B4158_D157_a0.13_ms100,$t_{T_\mathrm{max}}$,200.0,unpaired,5.393310802274163,78.7267224141636
Set B,B4158_D157_a0.13_ms100,$t_{T_\mathrm{max}}$,200.0,unpaired,5.433110549589387,78.51760403767679
Set B,B4158_D157_a0.13_ms100,$t_{T_\mathrm{max}}$,200.0,unpaired,5.472909665192672,78.30562576417414
Set B,B4158_D157_a0.13_ms100,$t_{T_\mathrm{max}}$,200.0,unpaired,5.512708780795958,78.09008931000398
Set B,B4158_D157_a0.13_ms100,$t_{T_\mathrm{max}}$,200.0,unpaired,5.552508528111181,77.87103337899774
Set B,B4158_D157_a0.13_ms100,$t_{T_\mathrm{max}}$,200.0,unpaired,5.592307643714466,77.6490041675568
Set B,B4158_D157_a0.13_ms100,$t_{T_\mathrm{max}}$,200.0,unpaired,5.632106759317751,77.42320400498213
Set B,B4158_D157_a0.13_ms100,$t_{T_\mathrm{max}}$,200.0,unpaired,5.6719065066329755,77.19402396341631
Set B,B4158_D157_a0.13_ms100,$t_{T_\mathrm{max}}$,200.0,unpaired,5.711705622236261,76.96086218105819
Set B,B4158_D157_a0.13_ms100,$t_{T_\mathrm{max}}$,200.0,unpaired,5.751504737839546,76.72383934968292
Set B,B4158_D157_a0.13_ms100,$t_{T_\mathrm{max}}$,200.0,unpaired,5.791304485154769,76.48330607254296
Set B,B4158_D157_a0.13_ms100,$t_{T_\mathrm{max}}$,200.0,unpaired,5.831103600758055,76.23868083949714
Set B,B4158_D157_a0.13_ms100,$t_{T_\mathrm{max}}$,200.0,unpaired,5.870902716361339,75.98977026679187
Set B,B4158_D157_a0.13_ms100,$t_{T_\mathrm{max}}$,200.0,unpaired,5.9107024636765635,75.7365599067426
Set B,B4158_D157_a0.13_ms100,$t_{T_\mathrm{max}}$,200.0,unpaired,5.950501579279849,75.47959563734862
Set B,B4158_D157_a0.13_ms100,$t_{T_\mathrm{max}}$,200.0,unpaired,5.990300694883134,75.21777959364711
Set B,B4158_D157_a0.13_ms100,$t_{T_\mathrm{max}}$,200.0,unpaired,6.030100442198358,74.95158515808416
Set B,B4158_D157_a0.13_ms100,$t_{T_\mathrm{max}}$,200.0,unpaired,6.069899557801643,74.68085359433653
Set B,B4158_D157_a0.13_ms100,$t_{T_\mathrm{max}}$,200.0,unpaired,6.109699305116867,74.40558019603796
Set B,B4158_D157_a0.13_ms100,$t_{T_\mathrm{max}}$,200.0,unpaired,6.149498420720152,74.12514671748924
Set B,B4158_D157_a0.13_ms100,$t_{T_\mathrm{max}}$,200.0,unpaired,6.189297536323437,73.84032944131225
Set B,B4158_D157_a0.13_ms100,$t_{T_\mathrm{max}}$,200.0,unpaired,6.22909728363866,73.55011575417315
Set B,B4158_D157_a0.13_ms100,$t_{T_\mathrm{max}}$,200.0,unpaired,6.268896399241946,73.25474714968091
Set B,B4158_D157_a0.13_ms100,$t_{T_\mathrm{max}}$,200.0,unpaired,6.308695514845231,72.95442393046802
Set B,B4158_D157_a0.13_ms100,$t_{T_\mathrm{max}}$,200.0,unpaired,6.348496525584333,72.64843884167885
Set B,B4158_D157_a0.13_ms100,$t_{T_\mathrm{max}}$,200.0,unpaired,6.3882943777637395,72.33706570090669
Set B,B4158_D157_a0.13_ms100,$t_{T_\mathrm{max}}$,200.0,unpaired,6.428092229943147,72.02048684777614
Set B,B4158_D157_a0.13_ms100,$t_{T_\mathrm{max}}$,200.0,unpaired,6.467890082122553,71.69766261478121
Set B,B4158_D157_a0.13_ms100,$t_{T_\mathrm{max}}$,200.0,unpaired,6.507694251421352,71.36946641825988
Set B,B4158_D157_a0.13_ms100,$t_{T_\mathrm{max}}$,200.0,unpaired,6.547492103600758,71.03539020718209
Set B,B4158_D157_a0.13_ms100,$t_{T_\mathrm{max}}$,200.0,unpaired,6.587289955780164,70.69496303720616
Set B,B4158_D157_a0.13_ms100,$t_{T_\mathrm{max}}$,200.0,unpaired,6.62708780795957,70.34869193727371
Set B,B4158_D157_a0.13_ms100,$t_{T_\mathrm{max}}$,200.0,unpaired,6.666891977258371,69.99557611260167
Set B,B4158_D157_a0.13_ms100,$t_{T_\mathrm{max}}$,200.0,unpaired,6.706689829437776,69.63645245117499
Set B,B4158_D157_a0.13_ms100,$t_{T_\mathrm{max}}$,200.0,unpaired,6.746487681617182,69.27051581552044
Set B,B4158_D157_a0.13_ms100,$t_{T_\mathrm{max}}$,200.0,unpaired,6.786285533796589,68.89832763860396
Set B,B4158_D157_a0.13_ms100,$t_{T_\mathrm{max}}$,200.0,unpaired,6.826089703095389,68.51890826065062
Set B,B4158_D157_a0.13_ms100,$t_{T_\mathrm{max}}$,200.0,unpaired,6.865887555274795,68.1331421775417
Set B,B4158_D157_a0.13_ms100,$t_{T_\mathrm{max}}$,200.0,unpaired,6.905685407454201,67.73958488140525
Set B,B4158_D157_a0.13_ms100,$t_{T_\mathrm{max}}$,200.0,unpaired,6.9454832596336065,67.33917666294606
Set B,B4158_D157_a0.13_ms100,$t_{T_\mathrm{max}}$,200.0,unpaired,6.985287428932407,66.93152389797055
Set B,B4158_D157_a0.13_ms100,$t_{T_\mathrm{max}}$,200.0,unpaired,7.025085281111814,66.51658600769036
Set B,B4158_D157_a0.13_ms100,$t_{T_\mathrm{max}}$,200.0,unpaired,7.064883133291219,66.09367548169185
Set B,B4158_D157_a0.13_ms100,$t_{T_\mathrm{max}}$,200.0,unpaired,7.104680985470625,65.66300473533472
Set B,B4158_D157_a0.13_ms100,$t_{T_\mathrm{max}}$,200.0,unpaired,7.1444788376500314,65.2247954340985
Set B,B4158_D157_a0.13_ms100,$t_{T_\mathrm{max}}$,200.0,unpaired,7.1842830069488315,64.77799571073876
Set B,B4158_D157_a0.13_ms100,$t_{T_\mathrm{max}}$,200.0,unpaired,7.224080859128238,64.32331821238843
Set B,B4158_D157_a0.13_ms100,$t_{T_\mathrm{max}}$,200.0,unpaired,7.263878711307644,63.86070294339889
Set B,B4158_D157_a0.13_ms100,$t_{T_\mathrm{max}}$,200.0,unpaired,7.30367656348705,63.389397925606964
Set B,B4158_D157_a0.13_ms100,$t_{T_\mathrm{max}}$,200.0,unpaired,7.34348073278585,62.90945240155686
Set B,B4158_D157_a0.13_ms100,$t_{T_\mathrm{max}}$,200.0,unpaired,7.3832785849652565,62.42086844237278
Set B,B4158_D157_a0.13_ms100,$t_{T_\mathrm{max}}$,200.0,unpaired,7.423076437144663,61.92315210290495
Set B,B4158_D157_a0.13_ms100,$t_{T_\mathrm{max}}$,200.0,unpaired,7.462874289324068,61.416908202501475
Set B,B4158_D157_a0.13_ms100,$t_{T_\mathrm{max}}$,200.0,unpaired,7.502678458622867,60.901479754541185
Set B,B4158_D157_a0.13_ms100,$t_{T_\mathrm{max}}$,200.0,unpaired,7.542476310802275,60.37664363476284
Set B,B4158_D157_a0.13_ms100,$t_{T_\mathrm{max}}$,200.0,unpaired,7.5822741629816806,59.84274337447247
Set B,B4158_D157_a0.13_ms100,$t_{T_\mathrm{max}}$,200.0,unpaired,7.622072015161087,59.29917253131772
Set B,B4158_D157_a0.13_ms100,$t_{T_\mathrm{max}}$,200.0,unpaired,7.661869867340493,58.74599889463233
Set B,B4158_D157_a0.13_ms100,$t_{T_\mathrm{max}}$,200.0,unpaired,7.701674036639292,58.18319747269895
Set B,B4158_D157_a0.13_ms100,$t_{T_\mathrm{max}}$,200.0,unpaired,7.741471888818699,57.61029257912701
Set B,B4158_D157_a0.13_ms100,$t_{T_\mathrm{max}}$,200.0,unpaired,7.7812697409981055,57.02800606533228
Set B,B4158_D157_a0.13_ms100,$t_{T_\mathrm{max}}$,200.0,unpaired,7.821067593177512,56.435517694928684
Set B,B4158_D157_a0.13_ms100,$t_{T_\mathrm{max}}$,200.0,unpaired,7.860871762476311,55.833169255703346
Set B,B4158_D157_a0.13_ms100,$t_{T_\mathrm{max}}$,200.0,unpaired,7.900669614655716,55.22089377650124
Set B,B4158_D157_a0.13_ms100,$t_{T_\mathrm{max}}$,200.0,unpaired,7.940467466835124,54.59823092857456
Set B,B4158_D157_a0.13_ms100,$t_{T_\mathrm{max}}$,200.0,unpaired,7.98026531901453,53.96506616939554
Set B,B4158_D157_a0.13_ms100,$t_{T_\mathrm{max}}$,200.0,unpaired,8.020069488313329,53.32238041507228
Set B,B4158_D157_a0.13_ms100,$t_{T_\mathrm{max}}$,200.0,unpaired,8.059867340492735,52.66896393853864
Set B,B4158_D157_a0.13_ms100,$t_{T_\mathrm{max}}$,200.0,unpaired,8.099665192672141,52.00574579870181
Set B,B4158_D157_a0.13_ms100,$t_{T_\mathrm{max}}$,200.0,unpaired,8.13946304485155,51.33273578524555
Set B,B4158_D157_a0.13_ms100,$t_{T_\mathrm{max}}$,200.0,unpaired,8.179267214150348,50.649487104597284
Set B,B4158_D157_a0.13_ms100,$t_{T_\mathrm{max}}$,200.0,unpaired,8.219065066329753,49.955998696145265
Set B,B4158_D157_a0.13_ms100,$t_{T_\mathrm{max}}$,200.0,unpaired,8.258862918509159,49.253101820836115
Set B,B4158_D157_a0.13_ms100,$t_{T_\mathrm{max}}$,200.0,unpaired,8.298660770688565,48.540457515047734
Set B,B4158_D157_a0.13_ms100,$t_{T_\mathrm{max}}$,200.0,unpaired,8.338458622867973,47.81831354077218
Set B,B4158_D157_a0.13_ms100,$t_{T_\mathrm{max}}$,200.0,unpaired,8.378262792166772,47.08683184628153
Set B,B4158_D157_a0.13_ms100,$t_{T_\mathrm{max}}$,200.0,unpaired,8.418060644346179,46.346817804977306
Set B,B4158_D157_a0.13_ms100,$t_{T_\mathrm{max}}$,200.0,unpaired,8.457858496525585,45.59782134283014
Set B,B4158_D157_a0.13_ms100,$t_{T_\mathrm{max}}$,200.0,unpaired,8.49765634870499,44.84121102633044
Set B,B4158_D157_a0.13_ms100,$t_{T_\mathrm{max}}$,200.0,unpaired,8.53746051800379,44.07667947188793
Set B,B4158_D157_a0.13_ms100,$t_{T_\mathrm{max}}$,200.0,unpaired,8.577258370183197,43.30467777538028
Set B,B4158_D157_a0.13_ms100,$t_{T_\mathrm{max}}$,200.0,unpaired,8.617056222362603,42.52622866334878
Set B,B4158_D157_a0.13_ms100,$t_{T_\mathrm{max}}$,200.0,unpaired,8.656854074542009,41.741049796526354
Set B,B4158_D157_a0.13_ms100,$t_{T_\mathrm{max}}$,200.0,unpaired,8.696658243840808,40.95092201165683
Set B,B4158_D157_a0.13_ms100,$t_{T_\mathrm{max}}$,200.0,unpaired,8.736456096020214,40.15471605764087
Set B,B4158_D157_a0.13_ms100,$t_{T_\mathrm{max}}$,200.0,unpaired,8.77625394819962,39.35567420225279
Set B,B4158_D157_a0.13_ms100,$t_{T_\mathrm{max}}$,200.0,unpaired,8.816051800379027,38.5522241267262
Set B,B4158_D157_a0.13_ms100,$t_{T_\mathrm{max}}$,200.0,unpaired,8.855855969677828,37.746797078241926
Set B,B4158_D157_a0.13_ms100,$t_{T_\mathrm{max}}$,200.0,unpaired,8.895653821857234,36.938837982300264
Set B,B4158_D157_a0.13_ms100,$t_{T_\mathrm{max}}$,200.0,unpaired,8.93545167403664,36.13093350548097
Set B,B4158_D157_a0.13_ms100,$t_{T_\mathrm{max}}$,200.0,unpaired,8.975249526216045,35.32235773326649
Set B,B4158_D157_a0.13_ms100,$t_{T_\mathrm{max}}$,200.0,unpaired,9.015047378395451,34.51533942906788
Set B,B4158_D157_a0.13_ms100,$t_{T_\mathrm{max}}$,200.0,unpaired,9.054851547694252,33.71063930824028
Set B,B4158_D157_a0.13_ms100,$t_{T_\mathrm{max}}$,200.0,unpaired,9.094649399873658,32.9083173141216
Set B,B4158_D157_a0.13_ms100,$t_{T_\mathrm{max}}$,200.0,unpaired,9.134447252053064,32.11035780954139
Set B,B4158_D157_a0.13_ms100,$t_{T_\mathrm{max}}$,200.0,unpaired,9.17424510423247,31.317570790806798
Set B,B4158_D157_a0.13_ms100,$t_{T_\mathrm{max}}$,200.0,unpaired,9.21404927353127,30.531279150981177
Set B,B4158_D157_a0.13_ms100,$t_{T_\mathrm{max}}$,200.0,unpaired,9.253847125710676,29.751463418620425
Set B,B4158_D157_a0.13_ms100,$t_{T_\mathrm{max}}$,200.0,unpaired,9.293644977890082,28.979809569585097
Set B,B4158_D157_a0.13_ms100,$t_{T_\mathrm{max}}$,200.0,unpaired,9.333442830069488,28.21748451863079
Set B,B4158_D157_a0.13_ms100,$t_{T_\mathrm{max}}$,200.0,unpaired,9.373246999368288,27.464136457709312
Set B,B4158_D157_a0.13_ms100,$t_{T_\mathrm{max}}$,200.0,unpaired,9.413044851547696,26.722006076198042
Set B,B4158_D157_a0.13_ms100,$t_{T_\mathrm{max}}$,200.0,unpaired,9.452842703727102,25.99124835962913
Set B,B4158_D157_a0.13_ms100,$t_{T_\mathrm{max}}$,200.0,unpaired,9.492640555906506,25.27274198411272
Set B,B4158_D157_a0.13_ms100,$t_{T_\mathrm{max}}$,200.0,unpaired,9.532438408085913,24.5665998407442
Set B,B4158_D157_a0.13_ms100,$t_{T_\mathrm{max}}$,200.0,unpaired,9.572242577384712,23.87338777361073
Set B,B4158_D157_a0.13_ms100,$t_{T_\mathrm{max}}$,200.0,unpaired,9.61204042956412,23.19433277455527
Set B,B4158_D157_a0.13_ms100,$t_{T_\mathrm{max}}$,200.0,unpaired,9.651838281743526,22.529043439576984
Set B,B4158_D157_a0.13_ms100,$t_{T_\mathrm{max}}$,200.0,unpaired,9.691636133922932,21.878233470137186
Set B,B4158_D157_a0.13_ms100,$t_{T_\mathrm{max}}$,200.0,unpaired,9.731440303221731,21.24188797789269
Set B,B4158_D157_a0.13_ms100,$t_{T_\mathrm{max}}$,200.0,unpaired,9.771238155401138,20.620815018334675
Set B,B4158_D157_a0.13_ms100,$t_{T_\mathrm{max}}$,200.0,unpaired,9.811036007580544,20.014909968628068
Set B,B4158_D157_a0.13_ms100,$t_{T_\mathrm{max}}$,200.0,unpaired,9.85083385975995,19.423171351598494
Set B,B4158_D157_a0.13_ms100,$t_{T_\mathrm{max}}$,200.0,unpaired,9.89063802905875,18.846385428092425
Set B,B4158_D157_a0.13_ms100,$t_{T_\mathrm{max}}$,200.0,unpaired,9.930435881238155,18.28655506010127
Set B,B4158_D157_a0.13_ms100,$t_{T_\mathrm{max}}$,200.0,unpaired,9.970233733417562,17.742137926830566
Set B,B4158_D157_a0.13_ms100,$t_{T_\mathrm{max}}$,200.0,unpaired,10.010031585596968,17.21221326537323
Set B,B4158_D157_a0.13_ms100,$t_{T_\mathrm{max}}$,200.0,unpaired,10.049835754895767,16.695980957233196
Set B,B4158_D157_a0.13_ms100,$t_{T_\mathrm{max}}$,200.0,unpaired,10.089633607075173,16.19330782869945
Set B,B4158_D157_a0.13_ms100,$t_{T_\mathrm{max}}$,200.0,unpaired,10.12943145925458,15.705524885199607
Set B,B4158_D157_a0.13_ms100,$t_{T_\mathrm{max}}$,200.0,unpaired,10.169229311433986,15.234184704083649
Set B,B4158_D157_a0.13_ms100,$t_{T_\mathrm{max}}$,200.0,unpaired,10.209027163613394,14.778191913734874
Set B,B4158_D157_a0.13_ms100,$t_{T_\mathrm{max}}$,200.0,unpaired,10.248831332912193,14.336574719228631
Set B,B4158_D157_a0.13_ms100,$t_{T_\mathrm{max}}$,200.0,unpaired,10.288629185091597,13.872976993664834
Set B,B4158_D157_a0.13_ms100,$t_{T_\mathrm{max}}$,200.0,unpaired,10.328427037271004,13.446798039815327
Set B,B4158_D157_a0.13_ms100,$t_{T_\mathrm{max}}$,200.0,unpaired,10.36822488945041,13.036932645574423
Set B,B4158_D157_a0.13_ms100,$t_{T_\mathrm{max}}$,200.0,unpaired,10.40802905874921,12.643900456147838
Set B,B4158_D157_a0.13_ms100,$t_{T_\mathrm{max}}$,200.0,unpaired,10.447826910928617,12.26633117563034
Set B,B4158_D157_a0.13_ms100,$t_{T_\mathrm{max}}$,200.0,unpaired,10.487624763108023,11.90100763425695
Set B,B4158_D157_a0.13_ms100,$t_{T_\mathrm{max}}$,200.0,unpaired,10.52742261528743,11.539663986625566
Set B,B4158_D157_a0.13_ms100,$t_{T_\mathrm{max}}$,200.0,unpaired,10.567226784586229,11.188251301430519
Set B,B4158_D157_a0.13_ms100,$t_{T_\mathrm{max}}$,200.0,unpaired,10.607024636765635,10.844499118619492
Set B,B4158_D157_a0.13_ms100,$t_{T_\mathrm{max}}$,200.0,unpaired,10.646822488945041,10.511991772192024
Set B,B4158_D157_a0.13_ms100,$t_{T_\mathrm{max}}$,200.0,unpaired,10.686620341124447,10.19593668065764
Set B,B4158_D157_a0.13_ms100,$t_{T_\mathrm{max}}$,200.0,unpaired,10.726424510423248,9.900653244630517
Set B,B4158_D157_a0.13_ms100,$t_{T_\mathrm{max}}$,200.0,unpaired,10.766222362602655,9.62713961608067
Set B,B4158_D157_a0.13_ms100,$t_{T_\mathrm{max}}$,200.0,unpaired,10.806020214782059,9.355648693931027
Set B,B4158_D157_a0.13_ms100,$t_{T_\mathrm{max}}$,200.0,unpaired,10.845818066961465,9.084796427569826
Set B,B4158_D157_a0.13_ms100,$t_{T_\mathrm{max}}$,200.0,unpaired,10.885615919140871,8.812479015755333
Set B,B4158_D157_a0.13_ms100,$t_{T_\mathrm{max}}$,200.0,unpaired,10.925420088439672,8.538349835114229
Set B,B4158_D157_a0.13_ms100,$t_{T_\mathrm{max}}$,200.0,unpaired,10.965217940619079,8.263727470445753
Set B,B4158_D157_a0.13_ms100,$t_{T_\mathrm{max}}$,200.0,unpaired,11.005015792798485,7.990753982875897
Set B,B4158_D157_a0.13_ms100,$t_{T_\mathrm{max}}$,200.0,unpaired,11.044813644977891,7.725355353122125
Set B,B4158_D157_a0.13_ms100,$t_{T_\mathrm{max}}$,200.0,unpaired,11.08461781427669,7.477384872906948
Set B,B4158_D157_a0.13_ms100,$t_{T_\mathrm{max}}$,200.0,unpaired,11.124415666456096,7.249632582630734
Set B,B4158_D157_a0.13_ms100,$t_{T_\mathrm{max}}$,200.0,unpaired,11.164213518635503,7.039534321395111
Set B,B4158_D157_a0.13_ms100,$t_{T_\mathrm{max}}$,200.0,unpaired,11.204011370814909,6.842792372666259
Set B,B4158_D157_a0.13_ms100,$t_{T_\mathrm{max}}$,200.0,unpaired,11.243815540113708,6.654986725409539
Set B,B4158_D157_a0.13_ms100,$t_{T_\mathrm{max}}$,200.0,unpaired,11.283613392293114,6.471465734765587
Set B,B4158_D157_a0.13_ms100,$t_{T_\mathrm{max}}$,200.0,unpaired,11.32341124447252,6.287613270990323
Set B,B4158_D157_a0.13_ms100,$t_{T_\mathrm{max}}$,200.0,unpaired,11.363209096651927,6.098169321261575
Set B,B4158_D157_a0.13_ms100,$t_{T_\mathrm{max}}$,200.0,unpaired,11.403006948831333,5.89597594491968
Set B,B4158_D157_a0.13_ms100,$t_{T_\mathrm{max}}$,200.0,unpaired,11.442811118130132,5.676179752885315
Set B,B4158_D157_a0.13_ms100,$t_{T_\mathrm{max}}$,200.0,unpaired,11.482608970309538,5.443210430133436
Set B,B4158_D157_a0.13_ms100,$t_{T_\mathrm{max}}$,200.0,unpaired,11.522406822488946,5.211702755961708
Set B,B4158_D157_a0.13_ms100,$t_{T_\mathrm{max}}$,200.0,unpaired,11.562204674668353,4.998878895028416
Set B,B4158_D157_a0.13_ms100,$t_{T_\mathrm{max}}$,200.0,unpaired,11.602008843967152,4.812760072284929
Set B,B4158_D157_a0.13_ms100,$t_{T_\mathrm{max}}$,200.0,unpaired,11.641806696146556,4.6544160329798965
Set B,B4158_D157_a0.13_ms100,$t_{T_\mathrm{max}}$,200.0,unpaired,11.681604548325963,4.519511844528969
Set B,B4158_D157_a0.13_ms100,$t_{T_\mathrm{max}}$,200.0,unpaired,11.72140240050537,4.4289530032976625
Set B,B4158_D157_a0.13_ms100,$t_{T_\mathrm{max}}$,200.0,unpaired,11.76120656980417,4.344870078187264
Set B,B4158_D157_a0.13_ms100,$t_{T_\mathrm{max}}$,200.0,unpaired,11.801004421983576,4.263839791178594
Set B,B4158_D157_a0.13_ms100,$t_{T_\mathrm{max}}$,200.0,unpaired,11.840802274162982,4.184991440336431
Set B,B4158_D157_a0.13_ms100,$t_{T_\mathrm{max}}$,200.0,unpaired,11.880600126342388,4.107513060317663
Set B,B4158_D157_a0.13_ms100,$t_{T_\mathrm{max}}$,200.0,unpaired,11.920404295641188,4.030637995723464
Set B,B4158_D157_a0.13_ms100,$t_{T_\mathrm{max}}$,200.0,unpaired,11.960202147820594,3.9538695006215603
Set B,B4158_D157_a0.13_ms100,$t_{T_\mathrm{max}}$,200.0,unpaired,12.0,3.8762440984358637
Set B,B4158_D157_a0.13_ms100,$t_{T_\mathrm{max}}$,200.0,cfl,1.0153847125710675,99.18742561160028
Set B,B4158_D157_a0.13_ms100,$t_{T_\mathrm{max}}$,200.0,cfl,1.0551838281743526,98.149883225458
Set B,B4158_D157_a0.13_ms100,$t_{T_\mathrm{max}}$,200.0,cfl,1.0949835754895767,97.10436395209058
Set B,B4158_D157_a0.13_ms100,$t_{T_\mathrm{max}}$,200.0,cfl,1.1347826910928616,96.0498063763608
Set B,B4158_D157_a0.13_ms100,$t_{T_\mathrm{max}}$,200.0,cfl,1.1745818066961466,94.98506333071872
Set B,B4158_D157_a0.13_ms100,$t_{T_\mathrm{max}}$,200.0,cfl,1.214381554011371,93.90904618557332
Set B,B4158_D157_a0.13_ms100,$t_{T_\mathrm{max}}$,200.0,cfl,1.2541806696146558,92.820565193021
Set B,B4158_D157_a0.13_ms100,$t_{T_\mathrm{max}}$,200.0,cfl,1.2939797852179407,91.71840111449534
Set B,B4158_D157_a0.13_ms100,$t_{T_\mathrm{max}}$,200.0,cfl,1.333779532533165,90.60146037687103
Set B,B4158_D157_a0.13_ms100,$t_{T_\mathrm{max}}$,200.0,cfl,1.3735786481364498,89.46845803948425
Set B,B4158_D157_a0.13_ms100,$t_{T_\mathrm{max}}$,200.0,cfl,1.413377763739735,88.3182276292381
Set B,B4158_D157_a0.13_ms100,$t_{T_\mathrm{max}}$,200.0,cfl,1.453177511054959,87.14959412461646
Set B,B4158_D157_a0.13_ms100,$t_{T_\mathrm{max}}$,200.0,cfl,1.4929766266582438,85.96138073967961
Set B,B4158_D157_a0.13_ms100,$t_{T_\mathrm{max}}$,200.0,cfl,1.532775742261529,84.75254061069434
Set B,B4158_D157_a0.13_ms100,$t_{T_\mathrm{max}}$,200.0,cfl,1.5725754895767532,83.52208356094916
Set B,B4158_D157_a0.13_ms100,$t_{T_\mathrm{max}}$,200.0,cfl,1.6123746051800378,82.26923790470336
Set B,B4158_D157_a0.13_ms100,$t_{T_\mathrm{max}}$,200.0,cfl,1.652173720783323,80.99343253712996
Set B,B4158_D157_a0.13_ms100,$t_{T_\mathrm{max}}$,200.0,cfl,1.6919734680985472,79.69453365071567
Set B,B4158_D157_a0.13_ms100,$t_{T_\mathrm{max}}$,200.0,cfl,1.7317725837018318,78.37256180201194
Set B,B4158_D157_a0.13_ms100,$t_{T_\mathrm{max}}$,200.0,cfl,1.771571699305117,77.02832085462138
Set B,B4158_D157_a0.13_ms100,$t_{T_\mathrm{max}}$,200.0,cfl,1.8113714466203412,75.66303433263315
Set B,B4158_D157_a0.13_ms100,$t_{T_\mathrm{max}}$,200.0,cfl,1.8511705622236259,74.27865484478393
Set B,B4158_D157_a0.13_ms100,$t_{T_\mathrm{max}}$,200.0,cfl,1.890969677826911,72.87794441595875
Set B,B4158_D157_a0.13_ms100,$t_{T_\mathrm{max}}$,200.0,cfl,1.9307694251421352,71.46445742034828
Set B,B4158_D157_a0.13_ms100,$t_{T_\mathrm{max}}$,200.0,cfl,1.9705685407454203,70.04221736575569
Set B,B4158_D157_a0.13_ms100,$t_{T_\mathrm{max}}$,200.0,cfl,2.010367656348705,68.6161847426415
Set B,B4158_D157_a0.13_ms100,$t_{T_\mathrm{max}}$,200.0,cfl,2.050167403663929,67.191626604161
Set B,B4158_D157_a0.13_ms100,$t_{T_\mathrm{max}}$,200.0,cfl,2.089966519267214,65.77419543345174
Set B,B4158_D157_a0.13_ms100,$t_{T_\mathrm{max}}$,200.0,cfl,2.129765634870499,64.36916857225727
Set B,B4158_D157_a0.13_ms100,$t_{T_\mathrm{max}}$,200.0,cfl,2.169565382185723,62.98212131133551
Set B,B4158_D157_a0.13_ms100,$t_{T_\mathrm{max}}$,200.0,cfl,2.209364497789008,61.617632701306995
Set B,B4158_D157_a0.13_ms100,$t_{T_\mathrm{max}}$,200.0,cfl,2.249163613392293,60.27982122787643
Set B,B4158_D157_a0.13_ms100,$t_{T_\mathrm{max}}$,200.0,cfl,2.2889633607075175,58.97212512898273
Set B,B4158_D157_a0.13_ms100,$t_{T_\mathrm{max}}$,200.0,cfl,2.328762476310802,57.69695643913067
Set B,B4158_D157_a0.13_ms100,$t_{T_\mathrm{max}}$,200.0,cfl,2.368561591914087,56.45625198067209
Set B,B4158_D157_a0.13_ms100,$t_{T_\mathrm{max}}$,200.0,cfl,2.4083613392293115,55.251053636781734
Set B,B4158_D157_a0.13_ms100,$t_{T_\mathrm{max}}$,200.0,cfl,2.448160454832596,54.0816961310893
Set B,B4158_D157_a0.13_ms100,$t_{T_\mathrm{max}}$,200.0,cfl,2.4879595704358817,52.94825133919917
Set B,B4158_D157_a0.13_ms100,$t_{T_\mathrm{max}}$,200.0,cfl,2.5277593177511055,51.85068443023976
Set B,B4158_D157_a0.13_ms100,$t_{T_\mathrm{max}}$,200.0,cfl,2.56755843335439,50.787256383774945
Set B,B4158_D157_a0.13_ms100,$t_{T_\mathrm{max}}$,200.0,cfl,2.6073575489576757,49.757504358339546
Set B,B4158_D157_a0.13_ms100,$t_{T_\mathrm{max}}$,200.0,cfl,2.6471572962728995,48.75994186368641
Set B,B4158_D157_a0.13_ms100,$t_{T_\mathrm{max}}$,200.0,cfl,2.686956411876184,47.79433993789278
Set B,B4158_D157_a0.13_ms100,$t_{T_\mathrm{max}}$,200.0,cfl,2.726756159191409,46.85908192272741
Set B,B4158_D157_a0.13_ms100,$t_{T_\mathrm{max}}$,200.0,cfl,2.7665552747946935,45.9524942652621
Set B,B4158_D157_a0.13_ms100,$t_{T_\mathrm{max}}$,200.0,cfl,2.8063543903979786,45.07307048225557
Set B,B4158_D157_a0.13_ms100,$t_{T_\mathrm{max}}$,200.0,cfl,2.846154137713203,44.22050136692299
Set B,B4158_D157_a0.13_ms100,$t_{T_\mathrm{max}}$,200.0,cfl,2.8859532533164876,43.39235277803486
Set B,B4158_D157_a0.13_ms100,$t_{T_\mathrm{max}}$,200.0,cfl,2.9257523689197726,42.588250575932
Set B,B4158_D157_a0.13_ms100,$t_{T_\mathrm{max}}$,200.0,cfl,2.965552116234997,41.80703182418165
Set B,B4158_D157_a0.13_ms100,$t_{T_\mathrm{max}}$,200.0,cfl,3.0053512318382816,41.0470694674018
Set B,B4158_D157_a0.13_ms100,$t_{T_\mathrm{max}}$,200.0,cfl,3.0451503474415667,40.30773300049613
Set B,B4158_D157_a0.13_ms100,$t_{T_\mathrm{max}}$,200.0,cfl,3.084950094756791,39.588282794344
Set B,B4158_D157_a0.13_ms100,$t_{T_\mathrm{max}}$,200.0,cfl,3.124749210360076,38.887156236060214
Set B,B4158_D157_a0.13_ms100,$t_{T_\mathrm{max}}$,200.0,cfl,3.1645483259633607,38.20439791434618
Set B,B4158_D157_a0.13_ms100,$t_{T_\mathrm{max}}$,200.0,cfl,3.204348073278585,37.5384926396757
Set B,B4158_D157_a0.13_ms100,$t_{T_\mathrm{max}}$,200.0,cfl,3.2441471888818696,36.88877238653019
Set B,B4158_D157_a0.13_ms100,$t_{T_\mathrm{max}}$,200.0,cfl,3.283946304485155,36.25469218089608
Set B,B4158_D157_a0.13_ms100,$t_{T_\mathrm{max}}$,200.0,cfl,3.323746051800379,35.63535819450608
Set B,B4158_D157_a0.13_ms100,$t_{T_\mathrm{max}}$,200.0,cfl,3.3635451674036636,35.03009802707891
Set B,B4158_D157_a0.13_ms100,$t_{T_\mathrm{max}}$,200.0,cfl,3.403344283006949,34.43856723733094
Set B,B4158_D157_a0.13_ms100,$t_{T_\mathrm{max}}$,200.0,cfl,3.443144030322173,33.86045320388571
Set B,B4158_D157_a0.13_ms100,$t_{T_\mathrm{max}}$,200.0,cfl,3.4829431459254576,33.29446717289589
Set B,B4158_D157_a0.13_ms100,$t_{T_\mathrm{max}}$,200.0,cfl,3.522742261528743,32.74064952701674
Set B,B4158_D157_a0.13_ms100,$t_{T_\mathrm{max}}$,200.0,cfl,3.562542008843967,32.198641439352684
Set B,B4158_D157_a0.13_ms100,$t_{T_\mathrm{max}}$,200.0,cfl,3.6023411244472525,31.668284998814073
Set B,B4158_D157_a0.13_ms100,$t_{T_\mathrm{max}}$,200.0,cfl,3.642140240050537,31.14826410610442
Set B,B4158_D157_a0.13_ms100,$t_{T_\mathrm{max}}$,200.0,cfl,3.681939987365761,30.638916338500454
Set B,B4158_D157_a0.13_ms100,$t_{T_\mathrm{max}}$,200.0,cfl,3.7217391029690465,30.14030075004496
Set B,B4158_D157_a0.13_ms100,$t_{T_\mathrm{max}}$,200.0,cfl,3.761538218572331,29.65101912646926
Set B,B4158_D157_a0.13_ms100,$t_{T_\mathrm{max}}$,200.0,cfl,3.801337965887555,29.171630673050633
Set B,B4158_D157_a0.13_ms100,$t_{T_\mathrm{max}}$,200.0,cfl,3.8411370814908405,28.701888096681554
Set B,B4158_D157_a0.13_ms100,$t_{T_\mathrm{max}}$,200.0,cfl,3.880936197094125,28.241337740162628
Set B,B4158_D157_a0.13_ms100,$t_{T_\mathrm{max}}$,200.0,cfl,3.92073594440935,27.789997468089133
Set B,B4158_D157_a0.13_ms100,$t_{T_\mathrm{max}}$,200.0,cfl,3.9605350600126346,27.347336430675085
Set B,B4158_D157_a0.13_ms100,$t_{T_\mathrm{max}}$,200.0,cfl,4.00033417561592,26.913437328878285
Set B,B4158_D157_a0.13_ms100,$t_{T_\mathrm{max}}$,200.0,cfl,4.040133922931144,26.48819628662845
Set B,B4158_D157_a0.13_ms100,$t_{T_\mathrm{max}}$,200.0,cfl,4.079933038534429,26.07135241829473
Set B,B4158_D157_a0.13_ms100,$t_{T_\mathrm{max}}$,200.0,cfl,4.119732154137713,25.6626149911502
Set B,B4158_D157_a0.13_ms100,$t_{T_\mathrm{max}}$,200.0,cfl,4.1595319014529375,25.262359147243593
Set B,B4158_D157_a0.13_ms100,$t_{T_\mathrm{max}}$,200.0,cfl,4.199331017056222,24.87024110786471
Set B,B4158_D157_a0.13_ms100,$t_{T_\mathrm{max}}$,200.0,cfl,4.239130132659508,24.485988535802047
Set B,B4158_D157_a0.13_ms100,$t_{T_\mathrm{max}}$,200.0,cfl,4.278929879974732,24.109678018480636
Set B,B4158_D157_a0.13_ms100,$t_{T_\mathrm{max}}$,200.0,cfl,4.318728995578017,23.741062917422077
Set B,B4158_D157_a0.13_ms100,$t_{T_\mathrm{max}}$,200.0,cfl,4.358528742893241,23.380325063401735
Set B,B4158_D157_a0.13_ms100,$t_{T_\mathrm{max}}$,200.0,cfl,4.3983278584965255,23.026956151290406
Set B,B4158_D157_a0.13_ms100,$t_{T_\mathrm{max}}$,200.0,cfl,4.43812697409981,22.681066892928055
Set B,B4158_D157_a0.13_ms100,$t_{T_\mathrm{max}}$,200.0,cfl,4.477926721415035,22.342691415904227
Set B,B4158_D157_a0.13_ms100,$t_{T_\mathrm{max}}$,200.0,cfl,4.51772583701832,22.011366870279982
Set B,B4158_D157_a0.13_ms100,$t_{T_\mathrm{max}}$,200.0,cfl,4.557524952621605,21.687564616988986
Set B,B4158_D157_a0.13_ms100,$t_{T_\mathrm{max}}$,200.0,cfl,4.597324699936829,21.370511647875936
Set B,B4158_D157_a0.13_ms100,$t_{T_\mathrm{max}}$,200.0,cfl,4.6371238155401135,21.06062231925662
Set B,B4158_D157_a0.13_ms100,$t_{T_\mathrm{max}}$,200.0,cfl,4.676922931143398,20.75755245857602
Set B,B4158_D157_a0.13_ms100,$t_{T_\mathrm{max}}$,200.0,cfl,4.716722678458623,20.460962839253764
Set B,B4158_D157_a0.13_ms100,$t_{T_\mathrm{max}}$,200.0,cfl,4.756521794061908,20.170824655843983
Set B,B4158_D157_a0.13_ms100,$t_{T_\mathrm{max}}$,200.0,cfl,4.796320909665193,19.886762308061115
Set B,B4158_D157_a0.13_ms100,$t_{T_\mathrm{max}}$,200.0,cfl,4.836120656980417,19.609120105238716
Set B,B4158_D157_a0.13_ms100,$t_{T_\mathrm{max}}$,200.0,cfl,4.875919772583702,19.337422015014855
Set B,B4158_D157_a0.13_ms100,$t_{T_\mathrm{max}}$,200.0,cfl,4.915718888186986,19.072078715509313
Set B,B4158_D157_a0.13_ms100,$t_{T_\mathrm{max}}$,200.0,cfl,4.955518635502211,18.812589858380655
Set B,B4158_D157_a0.13_ms100,$t_{T_\mathrm{max}}$,200.0,cfl,4.995317751105496,18.558777838941477
Set B,B4158_D157_a0.13_ms100,$t_{T_\mathrm{max}}$,200.0,cfl,5.035116866708781,18.31053015215118
Set B,B4158_D157_a0.13_ms100,$t_{T_\mathrm{max}}$,200.0,cfl,5.074916614024005,18.06766441262022
Set B,B4158_D157_a0.13_ms100,$t_{T_\mathrm{max}}$,200.0,cfl,5.11471572962729,17.829459485942124
Set B,B4158_D157_a0.13_ms100,$t_{T_\mathrm{max}}$,200.0,cfl,5.154514845230575,17.59586216617693
Set B,B4158_D157_a0.13_ms100,$t_{T_\mathrm{max}}$,200.0,cfl,5.194314592545799,17.366546973795046
Set B,B4158_D157_a0.13_ms100,$t_{T_\mathrm{max}}$,200.0,cfl,5.234113708149084,17.14136488410005
Set B,B4158_D157_a0.13_ms100,$t_{T_\mathrm{max}}$,200.0,cfl,5.273912823752369,16.919719126427463
Set B,B4158_D157_a0.13_ms100,$t_{T_\mathrm{max}}$,200.0,cfl,5.313712571067593,16.701642695891522
Set B,B4158_D157_a0.13_ms100,$t_{T_\mathrm{max}}$,200.0,cfl,5.353511686670878,16.486936005057835
Set B,B4158_D157_a0.13_ms100,$t_{T_\mathrm{max}}$,200.0,cfl,5.393310802274163,16.275234806631627
Set B,B4158_D157_a0.13_ms100,$t_{T_\mathrm{max}}$,200.0,cfl,5.433110549589387,16.06646883786393
Set B,B4158_D157_a0.13_ms100,$t_{T_\mathrm{max}}$,200.0,cfl,5.472909665192672,15.860549786482832
Set B,B4158_D157_a0.13_ms100,$t_{T_\mathrm{max}}$,200.0,cfl,5.512708780795958,15.657236982738814
Set B,B4158_D157_a0.13_ms100,$t_{T_\mathrm{max}}$,200.0,cfl,5.552508528111181,15.45625462273397
Set B,B4158_D157_a0.13_ms100,$t_{T_\mathrm{max}}$,200.0,cfl,5.592307643714466,15.257488079048603
Set B,B4158_D157_a0.13_ms100,$t_{T_\mathrm{max}}$,200.0,cfl,5.632106759317751,15.060421737441727
Set B,B4158_D157_a0.13_ms100,$t_{T_\mathrm{max}}$,200.0,cfl,5.6719065066329755,14.864781968939676
Set B,B4158_D157_a0.13_ms100,$t_{T_\mathrm{max}}$,200.0,cfl,5.711705622236261,14.66937692179136
Set B,B4158_D157_a0.13_ms100,$t_{T_\mathrm{max}}$,200.0,cfl,5.751504737839546,14.4741157268187
Set B,B4158_D157_a0.13_ms100,$t_{T_\mathrm{max}}$,200.0,cfl,5.791304485154769,14.279167470164722
Set B,B4158_D157_a0.13_ms100,$t_{T_\mathrm{max}}$,200.0,cfl,5.831103600758055,14.084595434317032
Set B,B4158_D157_a0.13_ms100,$t_{T_\mathrm{max}}$,200.0,cfl,5.870902716361339,13.890612180902307
Set B,B4158_D157_a0.13_ms100,$t_{T_\mathrm{max}}$,200.0,cfl,5.9107024636765635,13.697275794974095
Set B,B4158_D157_a0.13_ms100,$t_{T_\mathrm{max}}$,200.0,cfl,5.950501579279849,13.505148983792886
Set B,B4158_D157_a0.13_ms100,$t_{T_\mathrm{max}}$,200.0,cfl,5.990300694883134,13.31462274955875
Set B,B4158_D157_a0.13_ms100,$t_{T_\mathrm{max}}$,200.0,cfl,6.030100442198358,13.125918871394093
Set B,B4158_D157_a0.13_ms100,$t_{T_\mathrm{max}}$,200.0,cfl,6.069899557801643,12.939374520828968
Set B,B4158_D157_a0.13_ms100,$t_{T_\mathrm{max}}$,200.0,cfl,6.109699305116867,12.754527992652253
Set B,B4158_D157_a0.13_ms100,$t_{T_\mathrm{max}}$,200.0,cfl,6.149498420720152,12.571729969798485
Set B,B4158_D157_a0.13_ms100,$t_{T_\mathrm{max}}$,200.0,cfl,6.189297536323437,12.390513788277975
Set B,B4158_D157_a0.13_ms100,$t_{T_\mathrm{max}}$,200.0,cfl,6.22909728363866,12.210803889969988
Set B,B4158_D157_a0.13_ms100,$t_{T_\mathrm{max}}$,200.0,cfl,6.268896399241946,12.032423596529322
Set B,B4158_D157_a0.13_ms100,$t_{T_\mathrm{max}}$,200.0,cfl,6.308695514845231,11.854775886013622
Set B,B4158_D157_a0.13_ms100,$t_{T_\mathrm{max}}$,200.0,cfl,6.348496525584333,11.677554115609757
Set B,B4158_D157_a0.13_ms100,$t_{T_\mathrm{max}}$,200.0,cfl,6.3882943777637395,11.500727810205776
Set B,B4158_D157_a0.13_ms100,$t_{T_\mathrm{max}}$,200.0,cfl,6.428092229943147,11.324217730010487
Set B,B4158_D157_a0.13_ms100,$t_{T_\mathrm{max}}$,200.0,cfl,6.467890082122553,11.148446959309915
Set B,B4158_D157_a0.13_ms100,$t_{T_\mathrm{max}}$,200.0,cfl,6.507694251421352,10.973802890520231
Set B,B4158_D157_a0.13_ms100,$t_{T_\mathrm{max}}$,200.0,cfl,6.547492103600758,10.801125801748373
Set B,B4158_D157_a0.13_ms100,$t_{T_\mathrm{max}}$,200.0,cfl,6.587289955780164,10.63124078730201
Set B,B4158_D157_a0.13_ms100,$t_{T_\mathrm{max}}$,200.0,cfl,6.62708780795957,10.464846968826606
Set B,B4158_D157_a0.13_ms100,$t_{T_\mathrm{max}}$,200.0,cfl,6.666891977258371,10.3029130767794
Set B,B4158_D157_a0.13_ms100,$t_{T_\mathrm{max}}$,200.0,cfl,6.706689829437776,10.146217088311433
Set B,B4158_D157_a0.13_ms100,$t_{T_\mathrm{max}}$,200.0,cfl,6.746487681617182,9.995392611717607
Set B,B4158_D157_a0.13_ms100,$t_{T_\mathrm{max}}$,200.0,cfl,6.786285533796589,9.850597011119445
Set B,B4158_D157_a0.13_ms100,$t_{T_\mathrm{max}}$,200.0,cfl,6.826089703095389,9.709085409261183
Set B,B4158_D157_a0.13_ms100,$t_{T_\mathrm{max}}$,200.0,cfl,6.865887555274795,9.568487012423377
Set B,B4158_D157_a0.13_ms100,$t_{T_\mathrm{max}}$,200.0,cfl,6.905685407454201,9.428573595710713
Set B,B4158_D157_a0.13_ms100,$t_{T_\mathrm{max}}$,200.0,cfl,6.9454832596336065,9.289080054977232
Set B,B4158_D157_a0.13_ms100,$t_{T_\mathrm{max}}$,200.0,cfl,6.985287428932407,9.149476103598834
Set B,B4158_D157_a0.13_ms100,$t_{T_\mathrm{max}}$,200.0,cfl,7.025085281111814,9.009615382642245
Set B,B4158_D157_a0.13_ms100,$t_{T_\mathrm{max}}$,200.0,cfl,7.064883133291219,8.869361957257848
Set B,B4158_D157_a0.13_ms100,$t_{T_\mathrm{max}}$,200.0,cfl,7.104680985470625,8.728641397662567
Set B,B4158_D157_a0.13_ms100,$t_{T_\mathrm{max}}$,200.0,cfl,7.1444788376500314,8.587475090182199
Set B,B4158_D157_a0.13_ms100,$t_{T_\mathrm{max}}$,200.0,cfl,7.1842830069488315,8.446157504180444
Set B,B4158_D157_a0.13_ms100,$t_{T_\mathrm{max}}$,200.0,cfl,7.224080859128238,8.304768396604576
Set B,B4158_D157_a0.13_ms100,$t_{T_\mathrm{max}}$,200.0,cfl,7.263878711307644,8.163802141548146
Set B,B4158_D157_a0.13_ms100,$t_{T_\mathrm{max}}$,200.0,cfl,7.30367656348705,8.023704062888998
Set B,B4158_D157_a0.13_ms100,$t_{T_\mathrm{max}}$,200.0,cfl,7.34348073278585,7.884976936972257
Set B,B4158_D157_a0.13_ms100,$t_{T_\mathrm{max}}$,200.0,cfl,7.3832785849652565,7.749266251521833
Set B,B4158_D157_a0.13_ms100,$t_{T_\mathrm{max}}$,200.0,cfl,7.423076437144663,7.618023136323037
Set B,B4158_D157_a0.13_ms100,$t_{T_\mathrm{max}}$,200.0,cfl,7.462874289324068,7.49192102917744
Set B,B4158_D157_a0.13_ms100,$t_{T_\mathrm{max}}$,200.0,cfl,7.502678458622867,7.3709745023929045
Set B,B4158_D157_a0.13_ms100,$t_{T_\mathrm{max}}$,200.0,cfl,7.542476310802275,7.254959887541059
Set B,B4158_D157_a0.13_ms100,$t_{T_\mathrm{max}}$,200.0,cfl,7.5822741629816806,7.143536241010545
Set B,B4158_D157_a0.13_ms100,$t_{T_\mathrm{max}}$,200.0,cfl,7.622072015161087,7.035964142512129
Set B,B4158_D157_a0.13_ms100,$t_{T_\mathrm{max}}$,200.0,cfl,7.661869867340493,6.931649873626885
Set B,B4158_D157_a0.13_ms100,$t_{T_\mathrm{max}}$,200.0,cfl,7.701674036639292,6.8300699784615295
Set B,B4158_D157_a0.13_ms100,$t_{T_\mathrm{max}}$,200.0,cfl,7.741471888818699,6.730560492610563
Set B,B4158_D157_a0.13_ms100,$t_{T_\mathrm{max}}$,200.0,cfl,7.7812697409981055,6.6323582956568305
Set B,B4158_D157_a0.13_ms100,$t_{T_\mathrm{max}}$,200.0,cfl,7.821067593177512,6.534915299561048
Set B,B4158_D157_a0.13_ms100,$t_{T_\mathrm{max}}$,200.0,cfl,7.860871762476311,6.437484083070103
Set B,B4158_D157_a0.13_ms100,$t_{T_\mathrm{max}}$,200.0,cfl,7.900669614655716,6.33935349028636
Set B,B4158_D157_a0.13_ms100,$t_{T_\mathrm{max}}$,200.0,cfl,7.940467466835124,6.239808281560033
Set B,B4158_D157_a0.13_ms100,$t_{T_\mathrm{max}}$,200.0,cfl,7.98026531901453,6.137744947712949
Set B,B4158_D157_a0.13_ms100,$t_{T_\mathrm{max}}$,200.0,cfl,8.020069488313329,6.0321229304420605
Set B,B4158_D157_a0.13_ms100,$t_{T_\mathrm{max}}$,200.0,cfl,8.059867340492735,5.92156676151228
Set B,B4158_D157_a0.13_ms100,$t_{T_\mathrm{max}}$,200.0,cfl,8.099665192672141,5.805197183628122
Set B,B4158_D157_a0.13_ms100,$t_{T_\mathrm{max}}$,200.0,cfl,8.13946304485155,5.683268142572236
Set B,B4158_D157_a0.13_ms100,$t_{T_\mathrm{max}}$,200.0,cfl,8.179267214150348,5.556800408778817
Set B,B4158_D157_a0.13_ms100,$t_{T_\mathrm{max}}$,200.0,cfl,8.219065066329753,5.427841818276383
Set B,B4158_D157_a0.13_ms100,$t_{T_\mathrm{max}}$,200.0,cfl,8.258862918509159,5.299257535334636
Set B,B4158_D157_a0.13_ms100,$t_{T_\mathrm{max}}$,200.0,cfl,8.298660770688565,5.173996686358701
Set B,B4158_D157_a0.13_ms100,$t_{T_\mathrm{max}}$,200.0,cfl,8.338458622867973,5.054584185908075
Set B,B4158_D157_a0.13_ms100,$t_{T_\mathrm{max}}$,200.0,cfl,8.378262792166772,4.9425420612422
Set B,B4158_D157_a0.13_ms100,$t_{T_\mathrm{max}}$,200.0,cfl,8.418060644346179,4.838685050210935
Set B,B4158_D157_a0.13_ms100,$t_{T_\mathrm{max}}$,200.0,cfl,8.457858496525585,4.743234425053498
Set B,B4158_D157_a0.13_ms100,$t_{T_\mathrm{max}}$,200.0,cfl,8.49765634870499,4.655685424311041
Set B,B4158_D157_a0.13_ms100,$t_{T_\mathrm{max}}$,200.0,cfl,8.53746051800379,4.57564360596227
Set B,B4158_D157_a0.13_ms100,$t_{T_\mathrm{max}}$,200.0,cfl,8.577258370183197,4.505997094521065
Set B,B4158_D157_a0.13_ms100,$t_{T_\mathrm{max}}$,200.0,cfl,8.617056222362603,4.454580676823094
Set B,B4158_D157_a0.13_ms100,$t_{T_\mathrm{max}}$,200.0,cfl,8.656854074542009,4.404679015798269
Set B,B4158_D157_a0.13_ms100,$t_{T_\mathrm{max}}$,200.0,cfl,8.696658243840808,4.355892440359706
Set B,B4158_D157_a0.13_ms100,$t_{T_\mathrm{max}}$,200.0,cfl,8.736456096020214,4.308103525157128
Set B,B4158_D157_a0.13_ms100,$t_{T_\mathrm{max}}$,200.0,cfl,8.77625394819962,4.261026888957261
Set B,B4158_D157_a0.13_ms100,$t_{T_\mathrm{max}}$,200.0,cfl,8.816051800379027,4.2145322567757795
Set B,B4158_D157_a0.13_ms100,$t_{T_\mathrm{max}}$,200.0,cfl,8.855855969677828,4.168422983344432
Set B,B4158_D157_a0.13_ms100,$t_{T_\mathrm{max}}$,200.0,cfl,8.895653821857234,4.122578665316898
Set B,B4158_D157_a0.13_ms100,$t_{T_\mathrm{max}}$,200.0,cfl,8.93545167403664,4.076858876994802
Set B,B4158_D157_a0.13_ms100,$t_{T_\mathrm{max}}$,200.0,cfl,8.975249526216045,4.031107087010925
Set B,B4158_D157_a0.13_ms100,$t_{T_\mathrm{max}}$,200.0,cfl,9.015047378395451,3.9852333907545607
Set B,B4158_D157_a0.13_ms100,$t_{T_\mathrm{max}}$,200.0,cfl,9.054851547694252,3.9390721679902834
Set B,B4158_D157_a0.13_ms100,$t_{T_\mathrm{max}}$,200.0,cfl,9.094649399873658,3.89240226393268
Set B,B4158_D157_a0.13_ms100,$t_{T_\mathrm{max}}$,200.0,cfl,9.134447252053064,3.8449967659825623
Set B,B4158_D157_a0.13_ms100,$t_{T_\mathrm{max}}$,200.0,cfl,9.17424510423247,3.7967271276072787
Set B,B4158_D157_a0.13_ms100,$t_{T_\mathrm{max}}$,200.0,cfl,9.21404927353127,3.7473716145013616
Set B,B4158_D157_a0.13_ms100,$t_{T_\mathrm{max}}$,200.0,cfl,9.253847125710676,3.69676790601731
Set B,B4158_D157_a0.13_ms100,$t_{T_\mathrm{max}}$,200.0,cfl,9.293644977890082,3.6448330506468825
Set B,B4158_D157_a0.13_ms100,$t_{T_\mathrm{max}}$,200.0,cfl,9.333442830069488,3.5913496493497696
Set B,B4158_D157_a0.13_ms100,$t_{T_\mathrm{max}}$,200.0,cfl,9.373246999368288,3.536196356661431
Set B,B4158_D157_a0.13_ms100,$t_{T_\mathrm{max}}$,200.0,cfl,9.413044851547696,3.479324069969959
Set B,B4158_D157_a0.13_ms100,$t_{T_\mathrm{max}}$,200.0,cfl,9.452842703727102,3.4207234096658077
Set B,B4158_D157_a0.13_ms100,$t_{T_\mathrm{max}}$,200.0,cfl,9.492640555906506,3.360399118869114
Set B,B4158_D157_a0.13_ms100,$t_{T_\mathrm{max}}$,200.0,cfl,9.532438408085913,3.2984096772409868
Set B,B4158_D157_a0.13_ms100,$t_{T_\mathrm{max}}$,200.0,cfl,9.572242577384712,3.2348554911292626
Set B,B4158_D157_a0.13_ms100,$t_{T_\mathrm{max}}$,200.0,cfl,9.61204042956412,3.169958976093562
Set B,B4158_D157_a0.13_ms100,$t_{T_\mathrm{max}}$,200.0,cfl,9.651838281743526,3.1039730180729235
Set B,B4158_D157_a0.13_ms100,$t_{T_\mathrm{max}}$,200.0,cfl,9.691636133922932,3.037189191442708
Set B,B4158_D157_a0.13_ms100,$t_{T_\mathrm{max}}$,200.0,cfl,9.731440303221731,2.9700852998168257
Set B,B4158_D157_a0.13_ms100,$t_{T_\mathrm{max}}$,200.0,cfl,9.771238155401138,2.903065174292322
Set B,B4158_D157_a0.13_ms100,$t_{T_\mathrm{max}}$,200.0,cfl,9.811036007580544,2.8367177335747655
Set B,B4158_D157_a0.13_ms100,$t_{T_\mathrm{max}}$,200.0,cfl,9.85083385975995,2.7717816500377093
Set B,B4158_D157_a0.13_ms100,$t_{T_\mathrm{max}}$,200.0,cfl,9.89063802905875,2.7082122896926144
Set B,B4158_D157_a0.13_ms100,$t_{T_\mathrm{max}}$,200.0,cfl,9.930435881238155,2.646416760201775
Set B,B4158_D157_a0.13_ms100,$t_{T_\mathrm{max}}$,200.0,cfl,9.970233733417562,2.586729766247539
Set B,B4158_D157_a0.13_ms100,$t_{T_\mathrm{max}}$,200.0,cfl,10.010031585596968,2.529429182102358
Set B,B4158_D157_a0.13_ms100,$t_{T_\mathrm{max}}$,200.0,cfl,10.049835754895767,2.4746424622856305
Set B,B4158_D157_a0.13_ms100,$t_{T_\mathrm{max}}$,200.0,cfl,10.089633607075173,2.4224971653522003
Set B,B4158_D157_a0.13_ms100,$t_{T_\mathrm{max}}$,200.0,cfl,10.12943145925458,2.3730121029068716
Set B,B4158_D157_a0.13_ms100,$t_{T_\mathrm{max}}$,200.0,cfl,10.169229311433986,2.326213196981935
Set B,B4158_D157_a0.13_ms100,$t_{T_\mathrm{max}}$,200.0,cfl,10.209027163613394,2.2820495097245375
Set B,B4158_D157_a0.13_ms100,$t_{T_\mathrm{max}}$,200.0,cfl,10.248831332912193,2.240353774295252
Set B,B4158_D157_a0.13_ms100,$t_{T_\mathrm{max}}$,200.0,cfl,10.288629185091597,2.2011331429853587
Set B,B4158_D157_a0.13_ms100,$t_{T_\mathrm{max}}$,200.0,cfl,10.328427037271004,2.164192049241044
Set B,B4158_D157_a0.13_ms100,$t_{T_\mathrm{max}}$,200.0,cfl,10.36822488945041,2.1294261471141995
Set B,B4158_D157_a0.13_ms100,$t_{T_\mathrm{max}}$,200.0,cfl,10.40802905874921,2.0967054387568242
Set B,B4158_D157_a0.13_ms100,$t_{T_\mathrm{max}}$,200.0,cfl,10.447826910928617,2.0658381715522958
Set B,B4158_D157_a0.13_ms100,$t_{T_\mathrm{max}}$,200.0,cfl,10.487624763108023,2.036836493639242
Set B,B4158_D157_a0.13_ms100,$t_{T_\mathrm{max}}$,200.0,cfl,10.52742261528743,2.009537951034952
Set B,B4158_D157_a0.13_ms100,$t_{T_\mathrm{max}}$,200.0,cfl,10.567226784586229,1.9838312604562254
Set B,B4158_D157_a0.13_ms100,$t_{T_\mathrm{max}}$,200.0,cfl,10.607024636765635,1.9595797247975943
Set B,B4158_D157_a0.13_ms100,$t_{T_\mathrm{max}}$,200.0,cfl,10.646822488945041,1.9366523311603754
Set B,B4158_D157_a0.13_ms100,$t_{T_\mathrm{max}}$,200.0,cfl,10.686620341124447,1.9149454943589368
Set B,B4158_D157_a0.13_ms100,$t_{T_\mathrm{max}}$,200.0,cfl,10.726424510423248,1.8943369591327328
Set B,B4158_D157_a0.13_ms100,$t_{T_\mathrm{max}}$,200.0,cfl,10.766222362602655,1.8747508713691108
Set B,B4158_D157_a0.13_ms100,$t_{T_\mathrm{max}}$,200.0,cfl,10.806020214782059,1.8561100376982196
Set B,B4158_D157_a0.13_ms100,$t_{T_\mathrm{max}}$,200.0,cfl,10.845818066961465,1.8383448965957108
Set B,B4158_D157_a0.13_ms100,$t_{T_\mathrm{max}}$,200.0,cfl,10.885615919140871,1.821402312808396
Set B,B4158_D157_a0.13_ms100,$t_{T_\mathrm{max}}$,200.0,cfl,10.925420088439672,1.8052096570150487
Set B,B4158_D157_a0.13_ms100,$t_{T_\mathrm{max}}$,200.0,cfl,10.965217940619079,1.7897246322607356
Set B,B4158_D157_a0.13_ms100,$t_{T_\mathrm{max}}$,200.0,cfl,11.005015792798485,1.774902837924278
Set B,B4158_D157_a0.13_ms100,$t_{T_\mathrm{max}}$,200.0,cfl,11.044813644977891,1.7607020205477182
Set B,B4158_D157_a0.13_ms100,$t_{T_\mathrm{max}}$,200.0,cfl,11.08461781427669,1.7470854520606203
Set B,B4158_D157_a0.13_ms100,$t_{T_\mathrm{max}}$,200.0,cfl,11.124415666456096,1.7340174319614103
Set B,B4158_D157_a0.13_ms100,$t_{T_\mathrm{max}}$,200.0,cfl,11.164213518635503,1.7214668332701921
Set B,B4158_D157_a0.13_ms100,$t_{T_\mathrm{max}}$,200.0,cfl,11.204011370814909,1.7093984598955467
Set B,B4158_D157_a0.13_ms100,$t_{T_\mathrm{max}}$,200.0,cfl,11.243815540113708,1.6977989605879102
Set B,B4158_D157_a0.13_ms100,$t_{T_\mathrm{max}}$,200.0,cfl,11.283613392293114,1.686156456499169
Set B,B4158_D157_a0.13_ms100,$t_{T_\mathrm{max}}$,200.0,cfl,11.32341124447252,1.674892121860506
Set B,B4158_D157_a0.13_ms100,$t_{T_\mathrm{max}}$,200.0,cfl,11.363209096651927,1.6640181093229616
Set B,B4158_D157_a0.13_ms100,$t_{T_\mathrm{max}}$,200.0,cfl,11.403006948831333,1.6535204760845006
Set B,B4158_D157_a0.13_ms100,$t_{T_\mathrm{max}}$,200.0,cfl,11.442811118130132,1.643383638770564
Set B,B4158_D157_a0.13_ms100,$t_{T_\mathrm{max}}$,200.0,cfl,11.482608970309538,1.6335913887947522
Set B,B4158_D157_a0.13_ms100,$t_{T_\mathrm{max}}$,200.0,cfl,11.522406822488946,1.6241807927869583
Set B,B4158_D157_a0.13_ms100,$t_{T_\mathrm{max}}$,200.0,cfl,11.562204674668353,1.6151149034027348
Set B,B4158_D157_a0.13_ms100,$t_{T_\mathrm{max}}$,200.0,cfl,11.602008843967152,1.6064234487396292
Set B,B4158_D157_a0.13_ms100,$t_{T_\mathrm{max}}$,200.0,cfl,11.641806696146556,1.5980410802130227
Set B,B4158_D157_a0.13_ms100,$t_{T_\mathrm{max}}$,200.0,cfl,11.681604548325963,1.5899219660986368
Set B,B4158_D157_a0.13_ms100,$t_{T_\mathrm{max}}$,200.0,cfl,11.72140240050537,1.5820489033281975
Set B,B4158_D157_a0.13_ms100,$t_{T_\mathrm{max}}$,200.0,cfl,11.76120656980417,1.5744140047417936
Set B,B4158_D157_a0.13_ms100,$t_{T_\mathrm{max}}$,200.0,cfl,11.801004421983576,1.5670115786374814
Set B,B4158_D157_a0.13_ms100,$t_{T_\mathrm{max}}$,200.0,cfl,11.840802274162982,1.559830951921214
Set B,B4158_D157_a0.13_ms100,$t_{T_\mathrm{max}}$,200.0,cfl,11.880600126342388,1.5528618494381152
Set B,B4158_D157_a0.13_ms100,$t_{T_\mathrm{max}}$,200.0,cfl,11.920404295641188,1.546099563491255
Set B,B4158_D157_a0.13_ms100,$t_{T_\mathrm{max}}$,200.0,cfl,11.960202147820594,1.5395340162129096
Set B,B4158_D157_a0.13_ms100,$t_{T_\mathrm{max}}$,200.0,cfl,12.0,1.533160942413123
Set B,B4158_D157_a0.13_ms100,$t_{T_\mathrm{max}}$,200.0,unpCFL,1.0153847125710675,99.18742580137068
Set B,B4158_D157_a0.13_ms100,$t_{T_\mathrm{max}}$,200.0,unpCFL,1.0551838281743526,98.1498835311096
Set B,B4158_D157_a0.13_ms100,$t_{T_\mathrm{max}}$,200.0,unpCFL,1.0949835754895767,97.10436384807772
Set B,B4158_D157_a0.13_ms100,$t_{T_\mathrm{max}}$,200.0,unpCFL,1.1347826910928616,96.0498059419576
Set B,B4158_D157_a0.13_ms100,$t_{T_\mathrm{max}}$,200.0,unpCFL,1.1745818066961466,94.9850635440561
Set B,B4158_D157_a0.13_ms100,$t_{T_\mathrm{max}}$,200.0,unpCFL,1.214381554011371,93.9090460030425
Set B,B4158_D157_a0.13_ms100,$t_{T_\mathrm{max}}$,200.0,unpCFL,1.2541806696146558,92.82056472370024
Set B,B4158_D157_a0.13_ms100,$t_{T_\mathrm{max}}$,200.0,unpCFL,1.2939797852179407,91.71840122873029
Set B,B4158_D157_a0.13_ms100,$t_{T_\mathrm{max}}$,200.0,unpCFL,1.333779532533165,90.60146035293461
Set B,B4158_D157_a0.13_ms100,$t_{T_\mathrm{max}}$,200.0,unpCFL,1.3735786481364498,89.46845858704562
Set B,B4158_D157_a0.13_ms100,$t_{T_\mathrm{max}}$,200.0,unpCFL,1.413377763739735,88.31822807723442
Set B,B4158_D157_a0.13_ms100,$t_{T_\mathrm{max}}$,200.0,unpCFL,1.453177511054959,87.14959423973008
Set B,B4158_D157_a0.13_ms100,$t_{T_\mathrm{max}}$,200.0,unpCFL,1.4929766266582438,85.96138093141244
Set B,B4158_D157_a0.13_ms100,$t_{T_\mathrm{max}}$,200.0,unpCFL,1.532775742261529,84.75254016331607
Set B,B4158_D157_a0.13_ms100,$t_{T_\mathrm{max}}$,200.0,unpCFL,1.5725754895767532,83.52208382953224
Set B,B4158_D157_a0.13_ms100,$t_{T_\mathrm{max}}$,200.0,unpCFL,1.6123746051800378,82.26923761439323
Set B,B4158_D157_a0.13_ms100,$t_{T_\mathrm{max}}$,200.0,unpCFL,1.652173720783323,80.99343267960286
Set B,B4158_D157_a0.13_ms100,$t_{T_\mathrm{max}}$,200.0,unpCFL,1.6919734680985472,79.69453367200708
Set B,B4158_D157_a0.13_ms100,$t_{T_\mathrm{max}}$,200.0,unpCFL,1.7317725837018318,78.37256146388981
Set B,B4158_D157_a0.13_ms100,$t_{T_\mathrm{max}}$,200.0,unpCFL,1.771571699305117,77.02832142957429
Set B,B4158_D157_a0.13_ms100,$t_{T_\mathrm{max}}$,200.0,unpCFL,1.8113714466203412,75.66303448069525
Set B,B4158_D157_a0.13_ms100,$t_{T_\mathrm{max}}$,200.0,unpCFL,1.8511705622236259,74.27865427033075
Set B,B4158_D157_a0.13_ms100,$t_{T_\mathrm{max}}$,200.0,unpCFL,1.890969677826911,72.87794418650728
Set B,B4158_D157_a0.13_ms100,$t_{T_\mathrm{max}}$,200.0,unpCFL,1.9307694251421352,71.46445824517899
Set B,B4158_D157_a0.13_ms100,$t_{T_\mathrm{max}}$,200.0,unpCFL,1.9705685407454203,70.04221825866438
Set B,B4158_D157_a0.13_ms100,$t_{T_\mathrm{max}}$,200.0,unpCFL,2.010367656348705,68.61618501760631
Set B,B4158_D157_a0.13_ms100,$t_{T_\mathrm{max}}$,200.0,unpCFL,2.050167403663929,67.19162694545108
Set B,B4158_D157_a0.13_ms100,$t_{T_\mathrm{max}}$,200.0,unpCFL,2.089966519267214,65.77419554972354
Set B,B4158_D157_a0.13_ms100,$t_{T_\mathrm{max}}$,200.0,unpCFL,2.129765634870499,64.36916815017152
Set B,B4158_D157_a0.13_ms100,$t_{T_\mathrm{max}}$,200.0,unpCFL,2.169565382185723,62.982121986924064
Set B,B4158_D157_a0.13_ms100,$t_{T_\mathrm{max}}$,200.0,unpCFL,2.209364497789008,61.61763256573278
Set B,B4158_D157_a0.13_ms100,$t_{T_\mathrm{max}}$,200.0,unpCFL,2.249163613392293,60.279820718442274
Set B,B4158_D157_a0.13_ms100,$t_{T_\mathrm{max}}$,200.0,unpCFL,2.2889633607075175,58.97212602076675
Set B,B4158_D157_a0.13_ms100,$t_{T_\mathrm{max}}$,200.0,unpCFL,2.328762476310802,57.696957091740565
Set B,B4158_D157_a0.13_ms100,$t_{T_\mathrm{max}}$,200.0,unpCFL,2.368561591914087,56.45625149837631
Set B,B4158_D157_a0.13_ms100,$t_{T_\mathrm{max}}$,200.0,unpCFL,2.4083613392293115,55.25105396991852
Set B,B4158_D157_a0.13_ms100,$t_{T_\mathrm{max}}$,200.0,unpCFL,2.448160454832596,54.08169678144073
Set B,B4158_D157_a0.13_ms100,$t_{T_\mathrm{max}}$,200.0,unpCFL,2.4879595704358817,52.948252232745375
Set B,B4158_D157_a0.13_ms100,$t_{T_\mathrm{max}}$,200.0,unpCFL,2.5277593177511055,51.85068437056731
Set B,B4158_D157_a0.13_ms100,$t_{T_\mathrm{max}}$,200.0,unpCFL,2.56755843335439,50.78725636429508
Set B,B4158_D157_a0.13_ms100,$t_{T_\mathrm{max}}$,200.0,unpCFL,2.6073575489576757,49.75750562308133
Set B,B4158_D157_a0.13_ms100,$t_{T_\mathrm{max}}$,200.0,unpCFL,2.6471572962728995,48.759939846546814
Set B,B4158_D157_a0.13_ms100,$t_{T_\mathrm{max}}$,200.0,unpCFL,2.686956411876184,47.79433729989129
Set B,B4158_D157_a0.13_ms100,$t_{T_\mathrm{max}}$,200.0,unpCFL,2.726756159191409,46.85908312639669
Set B,B4158_D157_a0.13_ms100,$t_{T_\mathrm{max}}$,200.0,unpCFL,2.7665552747946935,45.95249537777472
Set B,B4158_D157_a0.13_ms100,$t_{T_\mathrm{max}}$,200.0,unpCFL,2.8063543903979786,45.073069321852586
Set B,B4158_D157_a0.13_ms100,$t_{T_\mathrm{max}}$,200.0,unpCFL,2.846154137713203,44.22049958703822
Set B,B4158_D157_a0.13_ms100,$t_{T_\mathrm{max}}$,200.0,unpCFL,2.8859532533164876,43.392353592382314
Set B,B4158_D157_a0.13_ms100,$t_{T_\mathrm{max}}$,200.0,unpCFL,2.9257523689197726,42.588252198588016
Set B,B4158_D157_a0.13_ms100,$t_{T_\mathrm{max}}$,200.0,unpCFL,2.965552116234997,41.80703525484694
Set B,B4158_D157_a0.13_ms100,$t_{T_\mathrm{max}}$,200.0,unpCFL,3.0053512318382816,41.04707022054978
Set B,B4158_D157_a0.13_ms100,$t_{T_\mathrm{max}}$,200.0,unpCFL,3.0451503474415667,40.3077344469799
Set B,B4158_D157_a0.13_ms100,$t_{T_\mathrm{max}}$,200.0,unpCFL,3.084950094756791,39.58828173994839
Set B,B4158_D157_a0.13_ms100,$t_{T_\mathrm{max}}$,200.0,unpCFL,3.124749210360076,38.8871530337896
Set B,B4158_D157_a0.13_ms100,$t_{T_\mathrm{max}}$,200.0,unpCFL,3.1645483259633607,38.20439570075512
Set B,B4158_D157_a0.13_ms100,$t_{T_\mathrm{max}}$,200.0,unpCFL,3.204348073278585,37.538494620025034
Set B,B4158_D157_a0.13_ms100,$t_{T_\mathrm{max}}$,200.0,unpCFL,3.2441471888818696,36.888772808663944
Set B,B4158_D157_a0.13_ms100,$t_{T_\mathrm{max}}$,200.0,unpCFL,3.283946304485155,36.25469157452159
Set B,B4158_D157_a0.13_ms100,$t_{T_\mathrm{max}}$,200.0,unpCFL,3.323746051800379,35.63535752535975
Set B,B4158_D157_a0.13_ms100,$t_{T_\mathrm{max}}$,200.0,unpCFL,3.3635451674036636,35.03009807016534
Set B,B4158_D157_a0.13_ms100,$t_{T_\mathrm{max}}$,200.0,unpCFL,3.403344283006949,34.43856597696357
Set B,B4158_D157_a0.13_ms100,$t_{T_\mathrm{max}}$,200.0,unpCFL,3.443144030322173,33.86045518557073
Set B,B4158_D157_a0.13_ms100,$t_{T_\mathrm{max}}$,200.0,unpCFL,3.4829431459254576,33.29446471009169
Set B,B4158_D157_a0.13_ms100,$t_{T_\mathrm{max}}$,200.0,unpCFL,3.522742261528743,32.74064793973551
Set B,B4158_D157_a0.13_ms100,$t_{T_\mathrm{max}}$,200.0,unpCFL,3.562542008843967,32.19864163623556
Set B,B4158_D157_a0.13_ms100,$t_{T_\mathrm{max}}$,200.0,unpCFL,3.6023411244472525,31.668285466471342
Set B,B4158_D157_a0.13_ms100,$t_{T_\mathrm{max}}$,200.0,unpCFL,3.642140240050537,31.148263378061095
Set B,B4158_D157_a0.13_ms100,$t_{T_\mathrm{max}}$,200.0,unpCFL,3.681939987365761,30.638916170328905
Set B,B4158_D157_a0.13_ms100,$t_{T_\mathrm{max}}$,200.0,unpCFL,3.7217391029690465,30.14030125517939
Set B,B4158_D157_a0.13_ms100,$t_{T_\mathrm{max}}$,200.0,unpCFL,3.761538218572331,29.65102047089171
Set B,B4158_D157_a0.13_ms100,$t_{T_\mathrm{max}}$,200.0,unpCFL,3.801337965887555,29.171630866003103
Set B,B4158_D157_a0.13_ms100,$t_{T_\mathrm{max}}$,200.0,unpCFL,3.8411370814908405,28.70188755626416
Set B,B4158_D157_a0.13_ms100,$t_{T_\mathrm{max}}$,200.0,unpCFL,3.880936197094125,28.241336926455226
Set B,B4158_D157_a0.13_ms100,$t_{T_\mathrm{max}}$,200.0,unpCFL,3.92073594440935,27.789998604938408
Set B,B4158_D157_a0.13_ms100,$t_{T_\mathrm{max}}$,200.0,unpCFL,3.9605350600126346,27.347335386182223
Set B,B4158_D157_a0.13_ms100,$t_{T_\mathrm{max}}$,200.0,unpCFL,4.00033417561592,26.913438133760437
Set B,B4158_D157_a0.13_ms100,$t_{T_\mathrm{max}}$,200.0,unpCFL,4.040133922931144,26.488197200400574
Set B,B4158_D157_a0.13_ms100,$t_{T_\mathrm{max}}$,200.0,unpCFL,4.079933038534429,26.071350672506448
Set B,B4158_D157_a0.13_ms100,$t_{T_\mathrm{max}}$,200.0,unpCFL,4.119732154137713,25.66261568608635
Set B,B4158_D157_a0.13_ms100,$t_{T_\mathrm{max}}$,200.0,unpCFL,4.1595319014529375,25.262360443965775
Set B,B4158_D157_a0.13_ms100,$t_{T_\mathrm{max}}$,200.0,unpCFL,4.199331017056222,24.87024098434884
Set B,B4158_D157_a0.13_ms100,$t_{T_\mathrm{max}}$,200.0,unpCFL,4.239130132659508,24.485987493079516
Set B,B4158_D157_a0.13_ms100,$t_{T_\mathrm{max}}$,200.0,unpCFL,4.278929879974732,24.109678730753462
Set B,B4158_D157_a0.13_ms100,$t_{T_\mathrm{max}}$,200.0,unpCFL,4.318728995578017,23.741107084868467
Set B,B4158_D157_a0.13_ms100,$t_{T_\mathrm{max}}$,200.0,unpCFL,4.358528742893241,23.381456495448994
Set B,B4158_D157_a0.13_ms100,$t_{T_\mathrm{max}}$,200.0,unpCFL,4.3983278584965255,23.05109101365777
Set B,B4158_D157_a0.13_ms100,$t_{T_\mathrm{max}}$,200.0,unpCFL,4.43812697409981,22.549618423555096
Set B,B4158_D157_a0.13_ms100,$t_{T_\mathrm{max}}$,200.0,unpCFL,4.477926721415035,22.56499104393533
Set B,B4158_D157_a0.13_ms100,$t_{T_\mathrm{max}}$,200.0,unpCFL,4.51772583701832,22.55132959228811
Set B,B4158_D157_a0.13_ms100,$t_{T_\mathrm{max}}$,200.0,unpCFL,4.557524952621605,22.54063616473924
Set B,B4158_D157_a0.13_ms100,$t_{T_\mathrm{max}}$,200.0,unpCFL,4.597324699936829,22.529973741474926
Set B,B4158_D157_a0.13_ms100,$t_{T_\mathrm{max}}$,200.0,unpCFL,4.6371238155401135,22.518885358493915
Set B,B4158_D157_a0.13_ms100,$t_{T_\mathrm{max}}$,200.0,unpCFL,4.676922931143398,22.507361173220477
Set B,B4158_D157_a0.13_ms100,$t_{T_\mathrm{max}}$,200.0,unpCFL,4.716722678458623,22.495469962193678
Set B,B4158_D157_a0.13_ms100,$t_{T_\mathrm{max}}$,200.0,unpCFL,4.756521794061908,22.48319189157522
Set B,B4158_D157_a0.13_ms100,$t_{T_\mathrm{max}}$,200.0,unpCFL,4.796320909665193,22.47045450183422
Set B,B4158_D157_a0.13_ms100,$t_{T_\mathrm{max}}$,200.0,unpCFL,4.836120656980417,22.457362935530018
Set B,B4158_D157_a0.13_ms100,$t_{T_\mathrm{max}}$,200.0,unpCFL,4.875919772583702,22.4437975414912
Set B,B4158_D157_a0.13_ms100,$t_{T_\mathrm{max}}$,200.0,unpCFL,4.915718888186986,22.429841962447952
Set B,B4158_D157_a0.13_ms100,$t_{T_\mathrm{max}}$,200.0,unpCFL,4.955518635502211,22.41547536011621
Set B,B4158_D157_a0.13_ms100,$t_{T_\mathrm{max}}$,200.0,unpCFL,4.995317751105496,22.400653788469764
Set B,B4158_D157_a0.13_ms100,$t_{T_\mathrm{max}}$,200.0,unpCFL,5.035116866708781,22.385400698030338
Set B,B4158_D157_a0.13_ms100,$t_{T_\mathrm{max}}$,200.0,unpCFL,5.074916614024005,22.369727243161833
Set B,B4158_D157_a0.13_ms100,$t_{T_\mathrm{max}}$,200.0,unpCFL,5.11471572962729,22.35360453091333
Set B,B4158_D157_a0.13_ms100,$t_{T_\mathrm{max}}$,200.0,unpCFL,5.154514845230575,22.337025542804888
Set B,B4158_D157_a0.13_ms100,$t_{T_\mathrm{max}}$,200.0,unpCFL,5.194314592545799,22.320015367999115
Set B,B4158_D157_a0.13_ms100,$t_{T_\mathrm{max}}$,200.0,unpCFL,5.234113708149084,22.302560935184857
Set B,B4158_D157_a0.13_ms100,$t_{T_\mathrm{max}}$,200.0,unpCFL,5.273912823752369,22.284633724542314
Set B,B4158_D157_a0.13_ms100,$t_{T_\mathrm{max}}$,200.0,unpCFL,5.313712571067593,22.266274408183065
Set B,B4158_D157_a0.13_ms100,$t_{T_\mathrm{max}}$,200.0,unpCFL,5.353511686670878,22.24740848014817
Set B,B4158_D157_a0.13_ms100,$t_{T_\mathrm{max}}$,200.0,unpCFL,5.393310802274163,22.22805259425754
Set B,B4158_D157_a0.13_ms100,$t_{T_\mathrm{max}}$,200.0,unpCFL,5.433110549589387,22.20823026125655
Set B,B4158_D157_a0.13_ms100,$t_{T_\mathrm{max}}$,200.0,unpCFL,5.472909665192672,22.187902999716403
Set B,B4158_D157_a0.13_ms100,$t_{T_\mathrm{max}}$,200.0,unpCFL,5.512708780795958,22.167067463302075
Set B,B4158_D157_a0.13_ms100,$t_{T_\mathrm{max}}$,200.0,unpCFL,5.552508528111181,22.145729500779453
Set B,B4158_D157_a0.13_ms100,$t_{T_\mathrm{max}}$,200.0,unpCFL,5.592307643714466,22.123821219900687
Set B,B4158_D157_a0.13_ms100,$t_{T_\mathrm{max}}$,200.0,unpCFL,5.632106759317751,22.10138312110916
Set B,B4158_D157_a0.13_ms100,$t_{T_\mathrm{max}}$,200.0,unpCFL,5.6719065066329755,22.078429811371247
Set B,B4158_D157_a0.13_ms100,$t_{T_\mathrm{max}}$,200.0,unpCFL,5.711705622236261,22.05482632462545
Set B,B4158_D157_a0.13_ms100,$t_{T_\mathrm{max}}$,200.0,unpCFL,5.751504737839546,22.03068560697663
Set B,B4158_D157_a0.13_ms100,$t_{T_\mathrm{max}}$,200.0,unpCFL,5.791304485154769,22.005958572835066
Set B,B4158_D157_a0.13_ms100,$t_{T_\mathrm{max}}$,200.0,unpCFL,5.831103600758055,21.98058264357241
Set B,B4158_D157_a0.13_ms100,$t_{T_\mathrm{max}}$,200.0,unpCFL,5.870902716361339,21.954600341141273
Set B,B4158_D157_a0.13_ms100,$t_{T_\mathrm{max}}$,200.0,unpCFL,5.9107024636765635,21.927936329947563
Set B,B4158_D157_a0.13_ms100,$t_{T_\mathrm{max}}$,200.0,unpCFL,5.950501579279849,21.90063402970172
Set B,B4158_D157_a0.13_ms100,$t_{T_\mathrm{max}}$,200.0,unpCFL,5.990300694883134,21.87270010494099
Set B,B4158_D157_a0.13_ms100,$t_{T_\mathrm{max}}$,200.0,unpCFL,6.030100442198358,21.844007721602047
Set B,B4158_D157_a0.13_ms100,$t_{T_\mathrm{max}}$,200.0,unpCFL,6.069899557801643,21.81468395171328
Set B,B4158_D157_a0.13_ms100,$t_{T_\mathrm{max}}$,200.0,unpCFL,6.109699305116867,21.78456137672689
Set B,B4158_D157_a0.13_ms100,$t_{T_\mathrm{max}}$,200.0,unpCFL,6.149498420720152,21.75374007117719
Set B,B4158_D157_a0.13_ms100,$t_{T_\mathrm{max}}$,200.0,unpCFL,6.189297536323437,21.722214378248623
Set B,B4158_D157_a0.13_ms100,$t_{T_\mathrm{max}}$,200.0,unpCFL,6.22909728363866,21.68987853607168
Set B,B4158_D157_a0.13_ms100,$t_{T_\mathrm{max}}$,200.0,unpCFL,6.268896399241946,21.656757966289582
Set B,B4158_D157_a0.13_ms100,$t_{T_\mathrm{max}}$,200.0,unpCFL,6.308695514845231,21.622911650385916
Set B,B4158_D157_a0.13_ms100,$t_{T_\mathrm{max}}$,200.0,unpCFL,6.348496525584333,21.58818661976744
Set B,B4158_D157_a0.13_ms100,$t_{T_\mathrm{max}}$,200.0,unpCFL,6.3882943777637395,21.55272827701228
Set B,B4158_D157_a0.13_ms100,$t_{T_\mathrm{max}}$,200.0,unpCFL,6.428092229943147,21.516393070624527
Set B,B4158_D157_a0.13_ms100,$t_{T_\mathrm{max}}$,200.0,unpCFL,6.467890082122553,21.479181482376948
Set B,B4158_D157_a0.13_ms100,$t_{T_\mathrm{max}}$,200.0,unpCFL,6.507694251421352,21.44121894904474
Set B,B4158_D157_a0.13_ms100,$t_{T_\mathrm{max}}$,200.0,unpCFL,6.547492103600758,21.40231607212912
Set B,B4158_D157_a0.13_ms100,$t_{T_\mathrm{max}}$,200.0,unpCFL,6.587289955780164,21.362549905941464
Set B,B4158_D157_a0.13_ms100,$t_{T_\mathrm{max}}$,200.0,unpCFL,6.62708780795957,21.321911670373687
Set B,B4158_D157_a0.13_ms100,$t_{T_\mathrm{max}}$,200.0,unpCFL,6.666891977258371,21.280371948368575
Set B,B4158_D157_a0.13_ms100,$t_{T_\mathrm{max}}$,200.0,unpCFL,6.706689829437776,21.237862382524643
Set B,B4158_D157_a0.13_ms100,$t_{T_\mathrm{max}}$,200.0,unpCFL,6.746487681617182,21.19443765361697
Set B,B4158_D157_a0.13_ms100,$t_{T_\mathrm{max}}$,200.0,unpCFL,6.786285533796589,21.150145695701564
Set B,B4158_D157_a0.13_ms100,$t_{T_\mathrm{max}}$,200.0,unpCFL,6.826089703095389,21.104868228299054
Set B,B4158_D157_a0.13_ms100,$t_{T_\mathrm{max}}$,200.0,unpCFL,6.865887555274795,21.058577434071324
Set B,B4158_D157_a0.13_ms100,$t_{T_\mathrm{max}}$,200.0,unpCFL,6.905685407454201,21.011318565221146
Set B,B4158_D157_a0.13_ms100,$t_{T_\mathrm{max}}$,200.0,unpCFL,6.9454832596336065,20.963102812577606
Set B,B4158_D157_a0.13_ms100,$t_{T_\mathrm{max}}$,200.0,unpCFL,6.985287428932407,20.913828134513565
Set B,B4158_D157_a0.13_ms100,$t_{T_\mathrm{max}}$,200.0,unpCFL,7.025085281111814,20.86355038328842
Set B,B4158_D157_a0.13_ms100,$t_{T_\mathrm{max}}$,200.0,unpCFL,7.064883133291219,20.812270025805965
Set B,B4158_D157_a0.13_ms100,$t_{T_\mathrm{max}}$,200.0,unpCFL,7.104680985470625,20.759931131083402
Set B,B4158_D157_a0.13_ms100,$t_{T_\mathrm{max}}$,200.0,unpCFL,7.1444788376500314,20.70650532642887
Set B,B4158_D157_a0.13_ms100,$t_{T_\mathrm{max}}$,200.0,unpCFL,7.1842830069488315,20.651978701899356
Set B,B4158_D157_a0.13_ms100,$t_{T_\mathrm{max}}$,200.0,unpCFL,7.224080859128238,20.596391195336235
Set B,B4158_D157_a0.13_ms100,$t_{T_\mathrm{max}}$,200.0,unpCFL,7.263878711307644,20.53970878990899
Set B,B4158_D157_a0.13_ms100,$t_{T_\mathrm{max}}$,200.0,unpCFL,7.30367656348705,20.481866570113773
Set B,B4158_D157_a0.13_ms100,$t_{T_\mathrm{max}}$,200.0,unpCFL,7.34348073278585,20.422926836200823
Set B,B4158_D157_a0.13_ms100,$t_{T_\mathrm{max}}$,200.0,unpCFL,7.3832785849652565,20.362814664474236
Set B,B4158_D157_a0.13_ms100,$t_{T_\mathrm{max}}$,200.0,unpCFL,7.423076437144663,20.301492845884844
Set B,B4158_D157_a0.13_ms100,$t_{T_\mathrm{max}}$,200.0,unpCFL,7.462874289324068,20.238965637587082
Set B,B4158_D157_a0.13_ms100,$t_{T_\mathrm{max}}$,200.0,unpCFL,7.502678458622867,20.175333144400003
Set B,B4158_D157_a0.13_ms100,$t_{T_\mathrm{max}}$,200.0,unpCFL,7.542476310802275,20.11039891632248
Set B,B4158_D157_a0.13_ms100,$t_{T_\mathrm{max}}$,200.0,unpCFL,7.5822741629816806,20.044164675848755
Set B,B4158_D157_a0.13_ms100,$t_{T_\mathrm{max}}$,200.0,unpCFL,7.622072015161087,19.976765137091675
Set B,B4158_D157_a0.13_ms100,$t_{T_\mathrm{max}}$,200.0,unpCFL,7.661869867340493,19.908024211720594
Set B,B4158_D157_a0.13_ms100,$t_{T_\mathrm{max}}$,200.0,unpCFL,7.701674036639292,19.838016096008797
Set B,B4158_D157_a0.13_ms100,$t_{T_\mathrm{max}}$,200.0,unpCFL,7.741471888818699,19.76671739013023
Set B,B4158_D157_a0.13_ms100,$t_{T_\mathrm{max}}$,200.0,unpCFL,7.7812697409981055,19.694089929722388
Set B,B4158_D157_a0.13_ms100,$t_{T_\mathrm{max}}$,200.0,unpCFL,7.821067593177512,19.62016512375565
Set B,B4158_D157_a0.13_ms100,$t_{T_\mathrm{max}}$,200.0,unpCFL,7.860871762476311,19.544945567440838
Set B,B4158_D157_a0.13_ms100,$t_{T_\mathrm{max}}$,200.0,unpCFL,7.900669614655716,19.468352733450597
Set B,B4158_D157_a0.13_ms100,$t_{T_\mathrm{max}}$,200.0,unpCFL,7.940467466835124,19.390349620436652
Set B,B4158_D157_a0.13_ms100,$t_{T_\mathrm{max}}$,200.0,unpCFL,7.98026531901453,19.31101815258309
Set B,B4158_D157_a0.13_ms100,$t_{T_\mathrm{max}}$,200.0,unpCFL,8.020069488313329,19.23027129186565
Set B,B4158_D157_a0.13_ms100,$t_{T_\mathrm{max}}$,200.0,unpCFL,8.059867340492735,19.14818281431136
Set B,B4158_D157_a0.13_ms100,$t_{T_\mathrm{max}}$,200.0,unpCFL,8.099665192672141,19.06469499483129
Set B,B4158_D157_a0.13_ms100,$t_{T_\mathrm{max}}$,200.0,unpCFL,8.13946304485155,18.979736950362074
Set B,B4158_D157_a0.13_ms100,$t_{T_\mathrm{max}}$,200.0,unpCFL,8.179267214150348,18.89343786547056
Set B,B4158_D157_a0.13_ms100,$t_{T_\mathrm{max}}$,200.0,unpCFL,8.219065066329753,18.80557734762091
Set B,B4158_D157_a0.13_ms100,$t_{T_\mathrm{max}}$,200.0,unpCFL,8.258862918509159,18.716319037871898
Set B,B4158_D157_a0.13_ms100,$t_{T_\mathrm{max}}$,200.0,unpCFL,8.298660770688565,18.625579457085866
Set B,B4158_D157_a0.13_ms100,$t_{T_\mathrm{max}}$,200.0,unpCFL,8.338458622867973,18.533301979117663
Set B,B4158_D157_a0.13_ms100,$t_{T_\mathrm{max}}$,200.0,unpCFL,8.378262792166772,18.439507685922585
Set B,B4158_D157_a0.13_ms100,$t_{T_\mathrm{max}}$,200.0,unpCFL,8.418060644346179,18.344257765770426
Set B,B4158_D157_a0.13_ms100,$t_{T_\mathrm{max}}$,200.0,unpCFL,8.457858496525585,18.247356857470066
Set B,B4158_D157_a0.13_ms100,$t_{T_\mathrm{max}}$,200.0,unpCFL,8.49765634870499,18.148969277137066
Set B,B4158_D157_a0.13_ms100,$t_{T_\mathrm{max}}$,200.0,unpCFL,8.53746051800379,18.048989379272907
Set B,B4158_D157_a0.13_ms100,$t_{T_\mathrm{max}}$,200.0,unpCFL,8.577258370183197,17.947389002773384
Set B,B4158_D157_a0.13_ms100,$t_{T_\mathrm{max}}$,200.0,unpCFL,8.617056222362603,17.84416099604777
Set B,B4158_D157_a0.13_ms100,$t_{T_\mathrm{max}}$,200.0,unpCFL,8.656854074542009,17.73925639011959
Set B,B4158_D157_a0.13_ms100,$t_{T_\mathrm{max}}$,200.0,unpCFL,8.696658243840808,17.63268579946973
Set B,B4158_D157_a0.13_ms100,$t_{T_\mathrm{max}}$,200.0,unpCFL,8.736456096020214,17.52430661580965
Set B,B4158_D157_a0.13_ms100,$t_{T_\mathrm{max}}$,200.0,unpCFL,8.77625394819962,17.414290927707075
Set B,B4158_D157_a0.13_ms100,$t_{T_\mathrm{max}}$,200.0,unpCFL,8.816051800379027,17.302519692561074
Set B,B4158_D157_a0.13_ms100,$t_{T_\mathrm{max}}$,200.0,unpCFL,8.855855969677828,17.18886404123689
Set B,B4158_D157_a0.13_ms100,$t_{T_\mathrm{max}}$,200.0,unpCFL,8.895653821857234,17.073577465509647
Set B,B4158_D157_a0.13_ms100,$t_{T_\mathrm{max}}$,200.0,unpCFL,8.93545167403664,16.956340714074713
Set B,B4158_D157_a0.13_ms100,$t_{T_\mathrm{max}}$,200.0,unpCFL,8.975249526216045,16.837334730701503
Set B,B4158_D157_a0.13_ms100,$t_{T_\mathrm{max}}$,200.0,unpCFL,9.015047378395451,16.716528441599078
Set B,B4158_D157_a0.13_ms100,$t_{T_\mathrm{max}}$,200.0,unpCFL,9.054851547694252,16.593791494483817
Set B,B4158_D157_a0.13_ms100,$t_{T_\mathrm{max}}$,200.0,unpCFL,9.094649399873658,16.469267810049757
Set B,B4158_D157_a0.13_ms100,$t_{T_\mathrm{max}}$,200.0,unpCFL,9.134447252053064,16.34291722684809
Set B,B4158_D157_a0.13_ms100,$t_{T_\mathrm{max}}$,200.0,unpCFL,9.17424510423247,16.2146650623462
Set B,B4158_D157_a0.13_ms100,$t_{T_\mathrm{max}}$,200.0,unpCFL,9.21404927353127,16.08461767009538
Set B,B4158_D157_a0.13_ms100,$t_{T_\mathrm{max}}$,200.0,unpCFL,9.253847125710676,15.952797444763275
Set B,B4158_D157_a0.13_ms100,$t_{T_\mathrm{max}}$,200.0,unpCFL,9.293644977890082,15.819123021785325
Set B,B4158_D157_a0.13_ms100,$t_{T_\mathrm{max}}$,200.0,unpCFL,9.333442830069488,15.683753767117105
Set B,B4158_D157_a0.13_ms100,$t_{T_\mathrm{max}}$,200.0,unpCFL,9.373246999368288,15.546579756817666
Set B,B4158_D157_a0.13_ms100,$t_{T_\mathrm{max}}$,200.0,unpCFL,9.413044851547696,15.4076659050852
Set B,B4158_D157_a0.13_ms100,$t_{T_\mathrm{max}}$,200.0,unpCFL,9.452842703727102,15.266892165456763
Set B,B4158_D157_a0.13_ms100,$t_{T_\mathrm{max}}$,200.0,unpCFL,9.492640555906506,15.124343797055404
Set B,B4158_D157_a0.13_ms100,$t_{T_\mathrm{max}}$,200.0,unpCFL,9.532438408085913,14.97979192101528
Set B,B4158_D157_a0.13_ms100,$t_{T_\mathrm{max}}$,200.0,unpCFL,9.572242577384712,14.833112717861667
Set B,B4158_D157_a0.13_ms100,$t_{T_\mathrm{max}}$,200.0,unpCFL,9.61204042956412,14.684113476963393
Set B,B4158_D157_a0.13_ms100,$t_{T_\mathrm{max}}$,200.0,unpCFL,9.651838281743526,14.532117337790487
Set B,B4158_D157_a0.13_ms100,$t_{T_\mathrm{max}}$,200.0,unpCFL,9.691636133922932,14.37728034607749
Set B,B4158_D157_a0.13_ms100,$t_{T_\mathrm{max}}$,200.0,unpCFL,9.731440303221731,14.219881173571293
Set B,B4158_D157_a0.13_ms100,$t_{T_\mathrm{max}}$,200.0,unpCFL,9.771238155401138,14.059898553334566
Set B,B4158_D157_a0.13_ms100,$t_{T_\mathrm{max}}$,200.0,unpCFL,9.811036007580544,13.897461937401422
Set B,B4158_D157_a0.13_ms100,$t_{T_\mathrm{max}}$,200.0,unpCFL,9.85083385975995,13.732562809606623
Set B,B4158_D157_a0.13_ms100,$t_{T_\mathrm{max}}$,200.0,unpCFL,9.89063802905875,13.565648237876644
Set B,B4158_D157_a0.13_ms100,$t_{T_\mathrm{max}}$,200.0,unpCFL,9.930435881238155,13.397073698583014
Set B,B4158_D157_a0.13_ms100,$t_{T_\mathrm{max}}$,200.0,unpCFL,9.970233733417562,13.226851514042952
Set B,B4158_D157_a0.13_ms100,$t_{T_\mathrm{max}}$,200.0,unpCFL,10.010031585596968,13.05532710058745
Set B,B4158_D157_a0.13_ms100,$t_{T_\mathrm{max}}$,200.0,unpCFL,10.049835754895767,12.882326400837545
Set B,B4158_D157_a0.13_ms100,$t_{T_\mathrm{max}}$,200.0,unpCFL,10.089633607075173,12.708025971736566
Set B,B4158_D157_a0.13_ms100,$t_{T_\mathrm{max}}$,200.0,unpCFL,10.12943145925458,12.532182575784702
Set B,B4158_D157_a0.13_ms100,$t_{T_\mathrm{max}}$,200.0,unpCFL,10.169229311433986,12.354719033422379
Set B,B4158_D157_a0.13_ms100,$t_{T_\mathrm{max}}$,200.0,unpCFL,10.209027163613394,12.175588246928138
Set B,B4158_D157_a0.13_ms100,$t_{T_\mathrm{max}}$,200.0,unpCFL,10.248831332912193,11.987039637727559
Set B,B4158_D157_a0.13_ms100,$t_{T_\mathrm{max}}$,200.0,unpCFL,10.288629185091597,11.801779848935125
Set B,B4158_D157_a0.13_ms100,$t_{T_\mathrm{max}}$,200.0,unpCFL,10.328427037271004,11.612982878830772
Set B,B4158_D157_a0.13_ms100,$t_{T_\mathrm{max}}$,200.0,unpCFL,10.36822488945041,11.420468360417331
Set B,B4158_D157_a0.13_ms100,$t_{T_\mathrm{max}}$,200.0,unpCFL,10.40802905874921,11.223901727693136
Set B,B4158_D157_a0.13_ms100,$t_{T_\mathrm{max}}$,200.0,unpCFL,10.447826910928617,11.023765148965296
Set B,B4158_D157_a0.13_ms100,$t_{T_\mathrm{max}}$,200.0,unpCFL,10.487624763108023,10.82067865799802
Set B,B4158_D157_a0.13_ms100,$t_{T_\mathrm{max}}$,200.0,unpCFL,10.52742261528743,10.613592447682368
Set B,B4158_D157_a0.13_ms100,$t_{T_\mathrm{max}}$,200.0,unpCFL,10.567226784586229,10.40747404216618
Set B,B4158_D157_a0.13_ms100,$t_{T_\mathrm{max}}$,200.0,unpCFL,10.607024636765635,10.202337495925555
Set B,B4158_D157_a0.13_ms100,$t_{T_\mathrm{max}}$,200.0,unpCFL,10.646822488945041,9.99980258412403
Set B,B4158_D157_a0.13_ms100,$t_{T_\mathrm{max}}$,200.0,unpCFL,10.686620341124447,9.80135798916412
Set B,B4158_D157_a0.13_ms100,$t_{T_\mathrm{max}}$,200.0,unpCFL,10.726424510423248,9.604166790352986
Set B,B4158_D157_a0.13_ms100,$t_{T_\mathrm{max}}$,200.0,unpCFL,10.766222362602655,9.399798945216636
Set B,B4158_D157_a0.13_ms100,$t_{T_\mathrm{max}}$,200.0,unpCFL,10.806020214782059,9.188281287666973
Set B,B4158_D157_a0.13_ms100,$t_{T_\mathrm{max}}$,200.0,unpCFL,10.845818066961465,8.968246703391586
Set B,B4158_D157_a0.13_ms100,$t_{T_\mathrm{max}}$,200.0,unpCFL,10.885615919140871,8.73835605185872
Set B,B4158_D157_a0.13_ms100,$t_{T_\mathrm{max}}$,200.0,unpCFL,10.925420088439672,8.498002027545413
Set B,B4158_D157_a0.13_ms100,$t_{T_\mathrm{max}}$,200.0,unpCFL,10.965217940619079,8.24759048047282
Set B,B4158_D157_a0.13_ms100,$t_{T_\mathrm{max}}$,200.0,unpCFL,11.005015792798485,7.988158774130912
Set B,B4158_D157_a0.13_ms100,$t_{T_\mathrm{max}}$,200.0,unpCFL,11.044813644977891,7.725355231523063
Set B,B4158_D157_a0.13_ms100,$t_{T_\mathrm{max}}$,200.0,unpCFL,11.08461781427669,7.477384968105601
Set B,B4158_D157_a0.13_ms100,$t_{T_\mathrm{max}}$,200.0,unpCFL,11.124415666456096,7.2496323790591815
Set B,B4158_D157_a0.13_ms100,$t_{T_\mathrm{max}}$,200.0,unpCFL,11.164213518635503,7.039534398822792
Set B,B4158_D157_a0.13_ms100,$t_{T_\mathrm{max}}$,200.0,unpCFL,11.204011370814909,6.842792479330364
Set B,B4158_D157_a0.13_ms100,$t_{T_\mathrm{max}}$,200.0,unpCFL,11.243815540113708,6.654986735481481
Set B,B4158_D157_a0.13_ms100,$t_{T_\mathrm{max}}$,200.0,unpCFL,11.283613392293114,6.471465895929027
Set B,B4158_D157_a0.13_ms100,$t_{T_\mathrm{max}}$,200.0,unpCFL,11.32341124447252,6.287613426678331
Set B,B4158_D157_a0.13_ms100,$t_{T_\mathrm{max}}$,200.0,unpCFL,11.363209096651927,6.098169394161043
Set B,B4158_D157_a0.13_ms100,$t_{T_\mathrm{max}}$,200.0,unpCFL,11.403006948831333,5.895975867927231
Set B,B4158_D157_a0.13_ms100,$t_{T_\mathrm{max}}$,200.0,unpCFL,11.442811118130132,5.676179808997519
Set B,B4158_D157_a0.13_ms100,$t_{T_\mathrm{max}}$,200.0,unpCFL,11.482608970309538,5.443210492440729
Set B,B4158_D157_a0.13_ms100,$t_{T_\mathrm{max}}$,200.0,unpCFL,11.522406822488946,5.211702737825062
Set B,B4158_D157_a0.13_ms100,$t_{T_\mathrm{max}}$,200.0,unpCFL,11.562204674668353,4.9988788452804584
Set B,B4158_D157_a0.13_ms100,$t_{T_\mathrm{max}}$,200.0,unpCFL,11.602008843967152,4.812760019908407
Set B,B4158_D157_a0.13_ms100,$t_{T_\mathrm{max}}$,200.0,unpCFL,11.641806696146556,4.654416036679362
Set B,B4158_D157_a0.13_ms100,$t_{T_\mathrm{max}}$,200.0,unpCFL,11.681604548325963,4.519511839336788
Set B,B4158_D157_a0.13_ms100,$t_{T_\mathrm{max}}$,200.0,unpCFL,11.72140240050537,4.428952995614042
Set B,B4158_D157_a0.13_ms100,$t_{T_\mathrm{max}}$,200.0,unpCFL,11.76120656980417,4.344869989730475
Set B,B4158_D157_a0.13_ms100,$t_{T_\mathrm{max}}$,200.0,unpCFL,11.801004421983576,4.263839815737505
Set B,B4158_D157_a0.13_ms100,$t_{T_\mathrm{max}}$,200.0,unpCFL,11.840802274162982,4.1849914031973166
Set B,B4158_D157_a0.13_ms100,$t_{T_\mathrm{max}}$,200.0,unpCFL,11.880600126342388,4.107513078182842
Set B,B4158_D157_a0.13_ms100,$t_{T_\mathrm{max}}$,200.0,unpCFL,11.920404295641188,4.030637985150151
Set B,B4158_D157_a0.13_ms100,$t_{T_\mathrm{max}}$,200.0,unpCFL,11.960202147820594,3.9538695236728034
Set B,B4158_D157_a0.13_ms100,$t_{T_\mathrm{max}}$,200.0,unpCFL,12.0,3.8762440511331318
Set B,B4158_D157_a0.13_ms100,$t_{T_\mathrm{max}}$,250.0,unpaired,3.403344283006949,99.84182865696924
Set B,B4158_D157_a0.13_ms100,$t_{T_\mathrm{max}}$,250.0,unpaired,3.443144030322173,99.68128997184826
Set B,B4158_D157_a0.13_ms100,$t_{T_\mathrm{max}}$,250.0,unpaired,3.4829431459254576,99.52174579925963
Set B,B4158_D157_a0.13_ms100,$t_{T_\mathrm{max}}$,250.0,unpaired,3.522742261528743,99.36308211025137
Set B,B4158_D157_a0.13_ms100,$t_{T_\mathrm{max}}$,250.0,unpaired,3.562542008843967,99.20521980532097
Set B,B4158_D157_a0.13_ms100,$t_{T_\mathrm{max}}$,250.0,unpaired,3.6023411244472525,99.04812783936059
Set B,B4158_D157_a0.13_ms100,$t_{T_\mathrm{max}}$,250.0,unpaired,3.642140240050537,98.89169519023235
Set B,B4158_D157_a0.13_ms100,$t_{T_\mathrm{max}}$,250.0,unpaired,3.681939987365761,98.73581508550335
Set B,B4158_D157_a0.13_ms100,$t_{T_\mathrm{max}}$,250.0,unpaired,3.7217391029690465,98.58044460957055
Set B,B4158_D157_a0.13_ms100,$t_{T_\mathrm{max}}$,250.0,unpaired,3.761538218572331,98.42547031181819
Set B,B4158_D157_a0.13_ms100,$t_{T_\mathrm{max}}$,250.0,unpaired,3.801337965887555,98.27088572116783
Set B,B4158_D157_a0.13_ms100,$t_{T_\mathrm{max}}$,250.0,unpaired,3.8411370814908405,98.11655433096853
Set B,B4158_D157_a0.13_ms100,$t_{T_\mathrm{max}}$,250.0,unpaired,3.880936197094125,97.9624731195383
Set B,B4158_D157_a0.13_ms100,$t_{T_\mathrm{max}}$,250.0,unpaired,3.92073594440935,97.80854903657965
Set B,B4158_D157_a0.13_ms100,$t_{T_\mathrm{max}}$,250.0,unpaired,3.9605350600126346,97.65465181947539
Set B,B4158_D157_a0.13_ms100,$t_{T_\mathrm{max}}$,250.0,unpaired,4.00033417561592,97.50080147346212
Set B,B4158_D157_a0.13_ms100,$t_{T_\mathrm{max}}$,250.0,unpaired,4.040133922931144,97.34692990116281
Set B,B4158_D157_a0.13_ms100,$t_{T_\mathrm{max}}$,250.0,unpaired,4.079933038534429,97.19268958222415
Set B,B4158_D157_a0.13_ms100,$t_{T_\mathrm{max}}$,250.0,unpaired,4.119732154137713,97.03848345405245
Set B,B4158_D157_a0.13_ms100,$t_{T_\mathrm{max}}$,250.0,unpaired,4.1595319014529375,96.88404733153186
Set B,B4158_D157_a0.13_ms100,$t_{T_\mathrm{max}}$,250.0,unpaired,4.199331017056222,96.72915550259933
Set B,B4158_D157_a0.13_ms100,$t_{T_\mathrm{max}}$,250.0,unpaired,4.239130132659508,96.5737782505501
Set B,B4158_D157_a0.13_ms100,$t_{T_\mathrm{max}}$,250.0,unpaired,4.278929879974732,96.4181627038315
Set B,B4158_D157_a0.13_ms100,$t_{T_\mathrm{max}}$,250.0,unpaired,4.318728995578017,96.26194174024815
Set B,B4158_D157_a0.13_ms100,$t_{T_\mathrm{max}}$,250.0,unpaired,4.358528742893241,96.10485877757081
Set B,B4158_D157_a0.13_ms100,$t_{T_\mathrm{max}}$,250.0,unpaired,4.3983278584965255,95.94725320338053
Set B,B4158_D157_a0.13_ms100,$t_{T_\mathrm{max}}$,250.0,unpaired,4.43812697409981,95.7890751155937
Set B,B4158_D157_a0.13_ms100,$t_{T_\mathrm{max}}$,250.0,unpaired,4.477926721415035,95.62990262047654
Set B,B4158_D157_a0.13_ms100,$t_{T_\mathrm{max}}$,250.0,unpaired,4.51772583701832,95.47018817001147
Set B,B4158_D157_a0.13_ms100,$t_{T_\mathrm{max}}$,250.0,unpaired,4.557524952621605,95.30921570504815
Set B,B4158_D157_a0.13_ms100,$t_{T_\mathrm{max}}$,250.0,unpaired,4.597324699936829,95.14723853296164
Set B,B4158_D157_a0.13_ms100,$t_{T_\mathrm{max}}$,250.0,unpaired,4.6371238155401135,94.98448064792753
Set B,B4158_D157_a0.13_ms100,$t_{T_\mathrm{max}}$,250.0,unpaired,4.676922931143398,94.8204423703968
Set B,B4158_D157_a0.13_ms100,$t_{T_\mathrm{max}}$,250.0,unpaired,4.716722678458623,94.65519649545205
Set B,B4158_D157_a0.13_ms100,$t_{T_\mathrm{max}}$,250.0,unpaired,4.756521794061908,94.48876974253129
Set B,B4158_D157_a0.13_ms100,$t_{T_\mathrm{max}}$,250.0,unpaired,4.796320909665193,94.32119727732778
Set B,B4158_D157_a0.13_ms100,$t_{T_\mathrm{max}}$,250.0,unpaired,4.836120656980417,94.15189376962421
Set B,B4158_D157_a0.13_ms100,$t_{T_\mathrm{max}}$,250.0,unpaired,4.875919772583702,93.98147627464782
Set B,B4158_D157_a0.13_ms100,$t_{T_\mathrm{max}}$,250.0,unpaired,4.915718888186986,93.80923838330581
Set B,B4158_D157_a0.13_ms100,$t_{T_\mathrm{max}}$,250.0,unpaired,4.955518635502211,93.63558389695356
Set B,B4158_D157_a0.13_ms100,$t_{T_\mathrm{max}}$,250.0,unpaired,4.995317751105496,93.46046828577906
Set B,B4158_D157_a0.13_ms100,$t_{T_\mathrm{max}}$,250.0,unpaired,5.035116866708781,93.28346734170195
Set B,B4158_D157_a0.13_ms100,$t_{T_\mathrm{max}}$,250.0,unpaired,5.074916614024005,93.10477681191847
Set B,B4158_D157_a0.13_ms100,$t_{T_\mathrm{max}}$,250.0,unpaired,5.11471572962729,92.92420088125381
Set B,B4158_D157_a0.13_ms100,$t_{T_\mathrm{max}}$,250.0,unpaired,5.154514845230575,92.74199241769371
Set B,B4158_D157_a0.13_ms100,$t_{T_\mathrm{max}}$,250.0,unpaired,5.194314592545799,92.55748001790518
Set B,B4158_D157_a0.13_ms100,$t_{T_\mathrm{max}}$,250.0,unpaired,5.234113708149084,92.37116996941872
Set B,B4158_D157_a0.13_ms100,$t_{T_\mathrm{max}}$,250.0,unpaired,5.273912823752369,92.18274673771558
Set B,B4158_D157_a0.13_ms100,$t_{T_\mathrm{max}}$,250.0,unpaired,5.313712571067593,91.9920569019704
Set B,B4158_D157_a0.13_ms100,$t_{T_\mathrm{max}}$,250.0,unpaired,5.353511686670878,91.79900923947902
Set B,B4158_D157_a0.13_ms100,$t_{T_\mathrm{max}}$,250.0,unpaired,5.393310802274163,91.60381073786094
Set B,B4158_D157_a0.13_ms100,$t_{T_\mathrm{max}}$,250.0,unpaired,5.433110549589387,91.40638860518075
Set B,B4158_D157_a0.13_ms100,$t_{T_\mathrm{max}}$,250.0,unpaired,5.472909665192672,91.20658300373464
Set B,B4158_D157_a0.13_ms100,$t_{T_\mathrm{max}}$,250.0,unpaired,5.512708780795958,91.00416875926409
Set B,B4158_D157_a0.13_ms100,$t_{T_\mathrm{max}}$,250.0,unpaired,5.552508528111181,90.79899224488778
Set B,B4158_D157_a0.13_ms100,$t_{T_\mathrm{max}}$,250.0,unpaired,5.592307643714466,90.59116787215527
Set B,B4158_D157_a0.13_ms100,$t_{T_\mathrm{max}}$,250.0,unpaired,5.632106759317751,90.38096545816983
Set B,B4158_D157_a0.13_ms100,$t_{T_\mathrm{max}}$,250.0,unpaired,5.6719065066329755,90.16762024081407
Set B,B4158_D157_a0.13_ms100,$t_{T_\mathrm{max}}$,250.0,unpaired,5.711705622236261,89.9516593205831
Set B,B4158_D157_a0.13_ms100,$t_{T_\mathrm{max}}$,250.0,unpaired,5.751504737839546,89.73268997109427
Set B,B4158_D157_a0.13_ms100,$t_{T_\mathrm{max}}$,250.0,unpaired,5.791304485154769,89.51054934344735
Set B,B4158_D157_a0.13_ms100,$t_{T_\mathrm{max}}$,250.0,unpaired,5.831103600758055,89.28533855021328
Set B,B4158_D157_a0.13_ms100,$t_{T_\mathrm{max}}$,250.0,unpaired,5.870902716361339,89.05721534029604
Set B,B4158_D157_a0.13_ms100,$t_{T_\mathrm{max}}$,250.0,unpaired,5.9107024636765635,88.82564967176364
Set B,B4158_D157_a0.13_ms100,$t_{T_\mathrm{max}}$,250.0,unpaired,5.950501579279849,88.59077445877476
Set B,B4158_D157_a0.13_ms100,$t_{T_\mathrm{max}}$,250.0,unpaired,5.990300694883134,88.35262832626232
Set B,B4158_D157_a0.13_ms100,$t_{T_\mathrm{max}}$,250.0,unpaired,6.030100442198358,88.11075934068518
Set B,B4158_D157_a0.13_ms100,$t_{T_\mathrm{max}}$,250.0,unpaired,6.069899557801643,87.8657500303258
Set B,B4158_D157_a0.13_ms100,$t_{T_\mathrm{max}}$,250.0,unpaired,6.109699305116867,87.61685494538321
Set B,B4158_D157_a0.13_ms100,$t_{T_\mathrm{max}}$,250.0,unpaired,6.149498420720152,87.36425306771399
Set B,B4158_D157_a0.13_ms100,$t_{T_\mathrm{max}}$,250.0,unpaired,6.189297536323437,87.10766761367759
Set B,B4158_D157_a0.13_ms100,$t_{T_\mathrm{max}}$,250.0,unpaired,6.22909728363866,86.84725473661923
Set B,B4158_D157_a0.13_ms100,$t_{T_\mathrm{max}}$,250.0,unpaired,6.268896399241946,86.58305284153323
Set B,B4158_D157_a0.13_ms100,$t_{T_\mathrm{max}}$,250.0,unpaired,6.308695514845231,86.31479295601665
Set B,B4158_D157_a0.13_ms100,$t_{T_\mathrm{max}}$,250.0,unpaired,6.348496525584333,86.04236480081438
Set B,B4158_D157_a0.13_ms100,$t_{T_\mathrm{max}}$,250.0,unpaired,6.3882943777637395,85.76536278488065
Set B,B4158_D157_a0.13_ms100,$t_{T_\mathrm{max}}$,250.0,unpaired,6.428092229943147,85.48431865834642
Set B,B4158_D157_a0.13_ms100,$t_{T_\mathrm{max}}$,250.0,unpaired,6.467890082122553,85.19905472085225
Set B,B4158_D157_a0.13_ms100,$t_{T_\mathrm{max}}$,250.0,unpaired,6.507694251421352,84.90913989324274
Set B,B4158_D157_a0.13_ms100,$t_{T_\mathrm{max}}$,250.0,unpaired,6.547492103600758,84.61444818478304
Set B,B4158_D157_a0.13_ms100,$t_{T_\mathrm{max}}$,250.0,unpaired,6.587289955780164,84.31520713402433
Set B,B4158_D157_a0.13_ms100,$t_{T_\mathrm{max}}$,250.0,unpaired,6.62708780795957,84.01150813251506
Set B,B4158_D157_a0.13_ms100,$t_{T_\mathrm{max}}$,250.0,unpaired,6.666891977258371,83.7024382982973
Set B,B4158_D157_a0.13_ms100,$t_{T_\mathrm{max}}$,250.0,unpaired,6.706689829437776,83.38863712886072
Set B,B4158_D157_a0.13_ms100,$t_{T_\mathrm{max}}$,250.0,unpaired,6.746487681617182,83.06956789189499
Set B,B4158_D157_a0.13_ms100,$t_{T_\mathrm{max}}$,250.0,unpaired,6.786285533796589,82.74543936115042
Set B,B4158_D157_a0.13_ms100,$t_{T_\mathrm{max}}$,250.0,unpaired,6.826089703095389,82.41610527569728
Set B,B4158_D157_a0.13_ms100,$t_{T_\mathrm{max}}$,250.0,unpaired,6.865887555274795,82.08117146299236
Set B,B4158_D157_a0.13_ms100,$t_{T_\mathrm{max}}$,250.0,unpaired,6.905685407454201,81.74098777777276
Set B,B4158_D157_a0.13_ms100,$t_{T_\mathrm{max}}$,250.0,unpaired,6.9454832596336065,81.39542937253228
Set B,B4158_D157_a0.13_ms100,$t_{T_\mathrm{max}}$,250.0,unpaired,6.985287428932407,81.04375197737707
Set B,B4158_D157_a0.13_ms100,$t_{T_\mathrm{max}}$,250.0,unpaired,7.025085281111814,80.68631537855421
Set B,B4158_D157_a0.13_ms100,$t_{T_\mathrm{max}}$,250.0,unpaired,7.064883133291219,80.3232371347786
Set B,B4158_D157_a0.13_ms100,$t_{T_\mathrm{max}}$,250.0,unpaired,7.104680985470625,79.9538400059352
Set B,B4158_D157_a0.13_ms100,$t_{T_\mathrm{max}}$,250.0,unpaired,7.1444788376500314,79.5785950418148
Set B,B4158_D157_a0.13_ms100,$t_{T_\mathrm{max}}$,250.0,unpaired,7.1842830069488315,79.19680873095444
Set B,B4158_D157_a0.13_ms100,$t_{T_\mathrm{max}}$,250.0,unpaired,7.224080859128238,78.80887663125327
Set B,B4158_D157_a0.13_ms100,$t_{T_\mathrm{max}}$,250.0,unpaired,7.263878711307644,78.4146134170409
Set B,B4158_D157_a0.13_ms100,$t_{T_\mathrm{max}}$,250.0,unpaired,7.30367656348705,78.01361385174862
Set B,B4158_D157_a0.13_ms100,$t_{T_\mathrm{max}}$,250.0,unpaired,7.34348073278585,77.60567599427708
Set B,B4158_D157_a0.13_ms100,$t_{T_\mathrm{max}}$,250.0,unpaired,7.3832785849652565,77.1911879753234
Set B,B4158_D157_a0.13_ms100,$t_{T_\mathrm{max}}$,250.0,unpaired,7.423076437144663,76.76928841107944
Set B,B4158_D157_a0.13_ms100,$t_{T_\mathrm{max}}$,250.0,unpaired,7.462874289324068,76.34053340454896
Set B,B4158_D157_a0.13_ms100,$t_{T_\mathrm{max}}$,250.0,unpaired,7.502678458622867,75.90489663631251
Set B,B4158_D157_a0.13_ms100,$t_{T_\mathrm{max}}$,250.0,unpaired,7.542476310802275,75.46169777341355
Set B,B4158_D157_a0.13_ms100,$t_{T_\mathrm{max}}$,250.0,unpaired,7.5822741629816806,75.01099430600651
Set B,B4158_D157_a0.13_ms100,$t_{T_\mathrm{max}}$,250.0,unpaired,7.622072015161087,74.55278131842692
Set B,B4158_D157_a0.13_ms100,$t_{T_\mathrm{max}}$,250.0,unpaired,7.661869867340493,74.08656580658433
Set B,B4158_D157_a0.13_ms100,$t_{T_\mathrm{max}}$,250.0,unpaired,7.701674036639292,73.61285973532809
Set B,B4158_D157_a0.13_ms100,$t_{T_\mathrm{max}}$,250.0,unpaired,7.741471888818699,73.13086164936853
Set B,B4158_D157_a0.13_ms100,$t_{T_\mathrm{max}}$,250.0,unpaired,7.7812697409981055,72.6408870239371
Set B,B4158_D157_a0.13_ms100,$t_{T_\mathrm{max}}$,250.0,unpaired,7.821067593177512,72.14272789868149
Set B,B4158_D157_a0.13_ms100,$t_{T_\mathrm{max}}$,250.0,unpaired,7.860871762476311,71.63595962904007
Set B,B4158_D157_a0.13_ms100,$t_{T_\mathrm{max}}$,250.0,unpaired,7.900669614655716,71.12093359575505
Set B,B4158_D157_a0.13_ms100,$t_{T_\mathrm{max}}$,250.0,unpaired,7.940467466835124,70.59714713644257
Set B,B4158_D157_a0.13_ms100,$t_{T_\mathrm{max}}$,250.0,unpaired,7.98026531901453,70.06441549685731
Set B,B4158_D157_a0.13_ms100,$t_{T_\mathrm{max}}$,250.0,unpaired,8.020069488313329,69.52320893621344
Set B,B4158_D157_a0.13_ms100,$t_{T_\mathrm{max}}$,250.0,unpaired,8.059867340492735,68.97278758937865
Set B,B4158_D157_a0.13_ms100,$t_{T_\mathrm{max}}$,250.0,unpaired,8.099665192672141,68.4131504277857
Set B,B4158_D157_a0.13_ms100,$t_{T_\mathrm{max}}$,250.0,unpaired,8.13946304485155,67.8441599505088
Set B,B4158_D157_a0.13_ms100,$t_{T_\mathrm{max}}$,250.0,unpaired,8.179267214150348,67.26577310477245
Set B,B4158_D157_a0.13_ms100,$t_{T_\mathrm{max}}$,250.0,unpaired,8.219065066329753,66.67808412808273
Set B,B4158_D157_a0.13_ms100,$t_{T_\mathrm{max}}$,250.0,unpaired,8.258862918509159,66.08094632106348
Set B,B4158_D157_a0.13_ms100,$t_{T_\mathrm{max}}$,250.0,unpaired,8.298660770688565,65.47356209042124
Set B,B4158_D157_a0.13_ms100,$t_{T_\mathrm{max}}$,250.0,unpaired,8.338458622867973,64.856738089947
Set B,B4158_D157_a0.13_ms100,$t_{T_\mathrm{max}}$,250.0,unpaired,8.378262792166772,64.23005251310009
Set B,B4158_D157_a0.13_ms100,$t_{T_\mathrm{max}}$,250.0,unpaired,8.418060644346179,63.59310272247844
Set B,B4158_D157_a0.13_ms100,$t_{T_\mathrm{max}}$,250.0,unpaired,8.457858496525585,62.94633947491477
Set B,B4158_D157_a0.13_ms100,$t_{T_\mathrm{max}}$,250.0,unpaired,8.49765634870499,62.28896270896728
Set B,B4158_D157_a0.13_ms100,$t_{T_\mathrm{max}}$,250.0,unpaired,8.53746051800379,61.62169781961097
Set B,B4158_D157_a0.13_ms100,$t_{T_\mathrm{max}}$,250.0,unpaired,8.577258370183197,60.94416611108745
Set B,B4158_D157_a0.13_ms100,$t_{T_\mathrm{max}}$,250.0,unpaired,8.617056222362603,60.25644413766763
Set B,B4158_D157_a0.13_ms100,$t_{T_\mathrm{max}}$,250.0,unpaired,8.656854074542009,59.55847578712371
Set B,B4158_D157_a0.13_ms100,$t_{T_\mathrm{max}}$,250.0,unpaired,8.696658243840808,58.850398764564076
Set B,B4158_D157_a0.13_ms100,$t_{T_\mathrm{max}}$,250.0,unpaired,8.736456096020214,58.13223545369536
Set B,B4158_D157_a0.13_ms100,$t_{T_\mathrm{max}}$,250.0,unpaired,8.77625394819962,57.40362427916209
Set B,B4158_D157_a0.13_ms100,$t_{T_\mathrm{max}}$,250.0,unpaired,8.816051800379027,56.66445555916445
Set B,B4158_D157_a0.13_ms100,$t_{T_\mathrm{max}}$,250.0,unpaired,8.855855969677828,55.91569490327319
Set B,B4158_D157_a0.13_ms100,$t_{T_\mathrm{max}}$,250.0,unpaired,8.895653821857234,55.15756476417148
Set B,B4158_D157_a0.13_ms100,$t_{T_\mathrm{max}}$,250.0,unpaired,8.93545167403664,54.38953252640239
Set B,B4158_D157_a0.13_ms100,$t_{T_\mathrm{max}}$,250.0,unpaired,8.975249526216045,53.61174363329925
Set B,B4158_D157_a0.13_ms100,$t_{T_\mathrm{max}}$,250.0,unpaired,9.015047378395451,52.824745400454674
Set B,B4158_D157_a0.13_ms100,$t_{T_\mathrm{max}}$,250.0,unpaired,9.054851547694252,52.02889489424395
Set B,B4158_D157_a0.13_ms100,$t_{T_\mathrm{max}}$,250.0,unpaired,9.094649399873658,51.22444086799055
Set B,B4158_D157_a0.13_ms100,$t_{T_\mathrm{max}}$,250.0,unpaired,9.134447252053064,50.41113816805587
Set B,B4158_D157_a0.13_ms100,$t_{T_\mathrm{max}}$,250.0,unpaired,9.17424510423247,49.59047502914763
Set B,B4158_D157_a0.13_ms100,$t_{T_\mathrm{max}}$,250.0,unpaired,9.21404927353127,48.76207207689381
Set B,B4158_D157_a0.13_ms100,$t_{T_\mathrm{max}}$,250.0,unpaired,9.253847125710676,47.927161578740474
Set B,B4158_D157_a0.13_ms100,$t_{T_\mathrm{max}}$,250.0,unpaired,9.293644977890082,47.08517278424725
Set B,B4158_D157_a0.13_ms100,$t_{T_\mathrm{max}}$,250.0,unpaired,9.333442830069488,46.23775537646943
Set B,B4158_D157_a0.13_ms100,$t_{T_\mathrm{max}}$,250.0,unpaired,9.373246999368288,45.384695540876606
Set B,B4158_D157_a0.13_ms100,$t_{T_\mathrm{max}}$,250.0,unpaired,9.413044851547696,44.52716484078728
Set B,B4158_D157_a0.13_ms100,$t_{T_\mathrm{max}}$,250.0,unpaired,9.452842703727102,43.665988052170455
Set B,B4158_D157_a0.13_ms100,$t_{T_\mathrm{max}}$,250.0,unpaired,9.492640555906506,42.80213697514096
Set B,B4158_D157_a0.13_ms100,$t_{T_\mathrm{max}}$,250.0,unpaired,9.532438408085913,41.935607772775164
Set B,B4158_D157_a0.13_ms100,$t_{T_\mathrm{max}}$,250.0,unpaired,9.572242577384712,41.06785787589572
Set B,B4158_D157_a0.13_ms100,$t_{T_\mathrm{max}}$,250.0,unpaired,9.61204042956412,40.19946371185232
Set B,B4158_D157_a0.13_ms100,$t_{T_\mathrm{max}}$,250.0,unpaired,9.651838281743526,39.33235179709798
Set B,B4158_D157_a0.13_ms100,$t_{T_\mathrm{max}}$,250.0,unpaired,9.691636133922932,38.46600010126051
Set B,B4158_D157_a0.13_ms100,$t_{T_\mathrm{max}}$,250.0,unpaired,9.731440303221731,37.60248707375137
Set B,B4158_D157_a0.13_ms100,$t_{T_\mathrm{max}}$,250.0,unpaired,9.771238155401138,36.74213783941676
Set B,B4158_D157_a0.13_ms100,$t_{T_\mathrm{max}}$,250.0,unpaired,9.811036007580544,35.88633146990833
Set B,B4158_D157_a0.13_ms100,$t_{T_\mathrm{max}}$,250.0,unpaired,9.85083385975995,35.035899353304586
Set B,B4158_D157_a0.13_ms100,$t_{T_\mathrm{max}}$,250.0,unpaired,9.89063802905875,34.19157691276679
Set B,B4158_D157_a0.13_ms100,$t_{T_\mathrm{max}}$,250.0,unpaired,9.930435881238155,33.35516297427366
Set B,B4158_D157_a0.13_ms100,$t_{T_\mathrm{max}}$,250.0,unpaired,9.970233733417562,32.52686585353665
Set B,B4158_D157_a0.13_ms100,$t_{T_\mathrm{max}}$,250.0,unpaired,10.010031585596968,31.707719583406128
Set B,B4158_D157_a0.13_ms100,$t_{T_\mathrm{max}}$,250.0,unpaired,10.049835754895767,30.899035418165578
Set B,B4158_D157_a0.13_ms100,$t_{T_\mathrm{max}}$,250.0,unpaired,10.089633607075173,30.10100753274227
Set B,B4158_D157_a0.13_ms100,$t_{T_\mathrm{max}}$,250.0,unpaired,10.12943145925458,29.314415656956044
Set B,B4158_D157_a0.13_ms100,$t_{T_\mathrm{max}}$,250.0,unpaired,10.169229311433986,28.5410580148325
Set B,B4158_D157_a0.13_ms100,$t_{T_\mathrm{max}}$,250.0,unpaired,10.209027163613394,27.780580853016588
Set B,B4158_D157_a0.13_ms100,$t_{T_\mathrm{max}}$,250.0,unpaired,10.248831332912193,27.034414442039196
Set B,B4158_D157_a0.13_ms100,$t_{T_\mathrm{max}}$,250.0,unpaired,10.288629185091597,26.30459671542411
Set B,B4158_D157_a0.13_ms100,$t_{T_\mathrm{max}}$,250.0,unpaired,10.328427037271004,25.44772285519973
Set B,B4158_D157_a0.13_ms100,$t_{T_\mathrm{max}}$,250.0,unpaired,10.36822488945041,24.759162332328117
Set B,B4158_D157_a0.13_ms100,$t_{T_\mathrm{max}}$,250.0,unpaired,10.40802905874921,24.073107781120218
Set B,B4158_D157_a0.13_ms100,$t_{T_\mathrm{max}}$,250.0,unpaired,10.447826910928617,23.40113427875753
Set B,B4158_D157_a0.13_ms100,$t_{T_\mathrm{max}}$,250.0,unpaired,10.487624763108023,22.74500394555384
Set B,B4158_D157_a0.13_ms100,$t_{T_\mathrm{max}}$,250.0,unpaired,10.52742261528743,22.10350961165365
Set B,B4158_D157_a0.13_ms100,$t_{T_\mathrm{max}}$,250.0,unpaired,10.567226784586229,21.434938776472855
Set B,B4158_D157_a0.13_ms100,$t_{T_\mathrm{max}}$,250.0,unpaired,10.607024636765635,20.824654931678932
Set B,B4158_D157_a0.13_ms100,$t_{T_\mathrm{max}}$,250.0,unpaired,10.646822488945041,20.230025836480273
Set B,B4158_D157_a0.13_ms100,$t_{T_\mathrm{max}}$,250.0,unpaired,10.686620341124447,19.649877366666356
Set B,B4158_D157_a0.13_ms100,$t_{T_\mathrm{max}}$,250.0,unpaired,10.726424510423248,19.084155289894223
Set B,B4158_D157_a0.13_ms100,$t_{T_\mathrm{max}}$,250.0,unpaired,10.766222362602655,18.534164687736087
Set B,B4158_D157_a0.13_ms100,$t_{T_\mathrm{max}}$,250.0,unpaired,10.806020214782059,18.000225233969278
Set B,B4158_D157_a0.13_ms100,$t_{T_\mathrm{max}}$,250.0,unpaired,10.845818066961465,17.48072602404652
Set B,B4158_D157_a0.13_ms100,$t_{T_\mathrm{max}}$,250.0,unpaired,10.885615919140871,16.974502317121164
Set B,B4158_D157_a0.13_ms100,$t_{T_\mathrm{max}}$,250.0,unpaired,10.925420088439672,16.48152898517445
Set B,B4158_D157_a0.13_ms100,$t_{T_\mathrm{max}}$,250.0,unpaired,10.965217940619079,16.001691916617226
Set B,B4158_D157_a0.13_ms100,$t_{T_\mathrm{max}}$,250.0,unpaired,11.005015792798485,15.536624128085073
Set B,B4158_D157_a0.13_ms100,$t_{T_\mathrm{max}}$,250.0,unpaired,11.044813644977891,15.086703838888656
Set B,B4158_D157_a0.13_ms100,$t_{T_\mathrm{max}}$,250.0,unpaired,11.08461781427669,14.650140576228251
Set B,B4158_D157_a0.13_ms100,$t_{T_\mathrm{max}}$,250.0,unpaired,11.124415666456096,14.222507069772881
Set B,B4158_D157_a0.13_ms100,$t_{T_\mathrm{max}}$,250.0,unpaired,11.164213518635503,13.802342876731704
Set B,B4158_D157_a0.13_ms100,$t_{T_\mathrm{max}}$,250.0,unpaired,11.204011370814909,13.394674411260965
Set B,B4158_D157_a0.13_ms100,$t_{T_\mathrm{max}}$,250.0,unpaired,11.243815540113708,13.002309170750994
Set B,B4158_D157_a0.13_ms100,$t_{T_\mathrm{max}}$,250.0,unpaired,11.283613392293114,12.625976079887284
Set B,B4158_D157_a0.13_ms100,$t_{T_\mathrm{max}}$,250.0,unpaired,11.32341124447252,12.263454852811739
Set B,B4158_D157_a0.13_ms100,$t_{T_\mathrm{max}}$,250.0,unpaired,11.363209096651927,11.912502294383359
Set B,B4158_D157_a0.13_ms100,$t_{T_\mathrm{max}}$,250.0,unpaired,11.403006948831333,11.569305045855987
Set B,B4158_D157_a0.13_ms100,$t_{T_\mathrm{max}}$,250.0,unpaired,11.442811118130132,11.231955737190129
Set B,B4158_D157_a0.13_ms100,$t_{T_\mathrm{max}}$,250.0,unpaired,11.482608970309538,10.901109292964954
Set B,B4158_D157_a0.13_ms100,$t_{T_\mathrm{max}}$,250.0,unpaired,11.522406822488946,10.580133495477137
Set B,B4158_D157_a0.13_ms100,$t_{T_\mathrm{max}}$,250.0,unpaired,11.562204674668353,10.273285192991343
Set B,B4158_D157_a0.13_ms100,$t_{T_\mathrm{max}}$,250.0,unpaired,11.602008843967152,9.987640697552385
Set B,B4158_D157_a0.13_ms100,$t_{T_\mathrm{max}}$,250.0,unpaired,11.641806696146556,9.723008657810052
Set B,B4158_D157_a0.13_ms100,$t_{T_\mathrm{max}}$,250.0,unpaired,11.681604548325963,9.47084029516744
Set B,B4158_D157_a0.13_ms100,$t_{T_\mathrm{max}}$,250.0,unpaired,11.72140240050537,9.218064585887484
Set B,B4158_D157_a0.13_ms100,$t_{T_\mathrm{max}}$,250.0,unpaired,11.76120656980417,8.96458612968246
Set B,B4158_D157_a0.13_ms100,$t_{T_\mathrm{max}}$,250.0,unpaired,11.801004421983576,8.709204627250749
Set B,B4158_D157_a0.13_ms100,$t_{T_\mathrm{max}}$,250.0,unpaired,11.840802274162982,8.452478525513213
Set B,B4158_D157_a0.13_ms100,$t_{T_\mathrm{max}}$,250.0,unpaired,11.880600126342388,8.195668833849886
Set B,B4158_D157_a0.13_ms100,$t_{T_\mathrm{max}}$,250.0,unpaired,11.920404295641188,7.941073339866323
Set B,B4158_D157_a0.13_ms100,$t_{T_\mathrm{max}}$,250.0,unpaired,11.960202147820594,7.694532059617796
Set B,B4158_D157_a0.13_ms100,$t_{T_\mathrm{max}}$,250.0,unpaired,12.0,7.463860288696213
Set B,B4158_D157_a0.13_ms100,$t_{T_\mathrm{max}}$,250.0,cfl,2.368561591914087,99.70592671919344
Set B,B4158_D157_a0.13_ms100,$t_{T_\mathrm{max}}$,250.0,cfl,2.4083613392293115,99.20857345661435
Set B,B4158_D157_a0.13_ms100,$t_{T_\mathrm{max}}$,250.0,cfl,2.448160454832596,98.70790912882676
Set B,B4158_D157_a0.13_ms100,$t_{T_\mathrm{max}}$,250.0,cfl,2.4879595704358817,98.20367275492228
Set B,B4158_D157_a0.13_ms100,$t_{T_\mathrm{max}}$,250.0,cfl,2.5277593177511055,97.69550949779578
Set B,B4158_D157_a0.13_ms100,$t_{T_\mathrm{max}}$,250.0,cfl,2.56755843335439,97.18309746711094
Set B,B4158_D157_a0.13_ms100,$t_{T_\mathrm{max}}$,250.0,cfl,2.6073575489576757,96.66611888542165
Set B,B4158_D157_a0.13_ms100,$t_{T_\mathrm{max}}$,250.0,cfl,2.6471572962728995,96.14421710018804
Set B,B4158_D157_a0.13_ms100,$t_{T_\mathrm{max}}$,250.0,cfl,2.686956411876184,95.6169583386032
Set B,B4158_D157_a0.13_ms100,$t_{T_\mathrm{max}}$,250.0,cfl,2.726756159191409,95.08402668694332
Set B,B4158_D157_a0.13_ms100,$t_{T_\mathrm{max}}$,250.0,cfl,2.7665552747946935,94.54499207064114
Set B,B4158_D157_a0.13_ms100,$t_{T_\mathrm{max}}$,250.0,cfl,2.8063543903979786,93.99945008150087
Set B,B4158_D157_a0.13_ms100,$t_{T_\mathrm{max}}$,250.0,cfl,2.846154137713203,93.44688685258471
Set B,B4158_D157_a0.13_ms100,$t_{T_\mathrm{max}}$,250.0,cfl,2.8859532533164876,92.8868788251586
Set B,B4158_D157_a0.13_ms100,$t_{T_\mathrm{max}}$,250.0,cfl,2.9257523689197726,92.3188731460931
Set B,B4158_D157_a0.13_ms100,$t_{T_\mathrm{max}}$,250.0,cfl,2.965552116234997,91.74245855003998
Set B,B4158_D157_a0.13_ms100,$t_{T_\mathrm{max}}$,250.0,cfl,3.0053512318382816,91.15695546733785
Set B,B4158_D157_a0.13_ms100,$t_{T_\mathrm{max}}$,250.0,cfl,3.0451503474415667,90.56188534690433
Set B,B4158_D157_a0.13_ms100,$t_{T_\mathrm{max}}$,250.0,cfl,3.084950094756791,89.9566143011269
Set B,B4158_D157_a0.13_ms100,$t_{T_\mathrm{max}}$,250.0,cfl,3.124749210360076,89.34050711972517
Set B,B4158_D157_a0.13_ms100,$t_{T_\mathrm{max}}$,250.0,cfl,3.1645483259633607,88.71285266177374
Set B,B4158_D157_a0.13_ms100,$t_{T_\mathrm{max}}$,250.0,cfl,3.204348073278585,88.0730385681946
Set B,B4158_D157_a0.13_ms100,$t_{T_\mathrm{max}}$,250.0,cfl,3.2441471888818696,87.42031929432137
Set B,B4158_D157_a0.13_ms100,$t_{T_\mathrm{max}}$,250.0,cfl,3.283946304485155,86.75384371200927
Set B,B4158_D157_a0.13_ms100,$t_{T_\mathrm{max}}$,250.0,cfl,3.323746051800379,86.0729791038927
Set B,B4158_D157_a0.13_ms100,$t_{T_\mathrm{max}}$,250.0,cfl,3.3635451674036636,85.3767948573571
Set B,B4158_D157_a0.13_ms100,$t_{T_\mathrm{max}}$,250.0,cfl,3.403344283006949,84.66451092567199
Set B,B4158_D157_a0.13_ms100,$t_{T_\mathrm{max}}$,250.0,cfl,3.443144030322173,83.93515905529347
Set B,B4158_D157_a0.13_ms100,$t_{T_\mathrm{max}}$,250.0,cfl,3.4829431459254576,83.18788840127539
Set B,B4158_D157_a0.13_ms100,$t_{T_\mathrm{max}}$,250.0,cfl,3.522742261528743,82.42173443859434
Set B,B4158_D157_a0.13_ms100,$t_{T_\mathrm{max}}$,250.0,cfl,3.562542008843967,81.63626816325932
Set B,B4158_D157_a0.13_ms100,$t_{T_\mathrm{max}}$,250.0,cfl,3.6023411244472525,80.82971043889994
Set B,B4158_D157_a0.13_ms100,$t_{T_\mathrm{max}}$,250.0,cfl,3.642140240050537,80.00149818152887
Set B,B4158_D157_a0.13_ms100,$t_{T_\mathrm{max}}$,250.0,cfl,3.681939987365761,79.15076855444377
Set B,B4158_D157_a0.13_ms100,$t_{T_\mathrm{max}}$,250.0,cfl,3.7217391029690465,78.27722436693495
Set B,B4158_D157_a0.13_ms100,$t_{T_\mathrm{max}}$,250.0,cfl,3.761538218572331,77.37971743239079
Set B,B4158_D157_a0.13_ms100,$t_{T_\mathrm{max}}$,250.0,cfl,3.801337965887555,76.4571165367161
Set B,B4158_D157_a0.13_ms100,$t_{T_\mathrm{max}}$,250.0,cfl,3.8411370814908405,75.509406333163
Set B,B4158_D157_a0.13_ms100,$t_{T_\mathrm{max}}$,250.0,cfl,3.880936197094125,74.53608953898967
Set B,B4158_D157_a0.13_ms100,$t_{T_\mathrm{max}}$,250.0,cfl,3.92073594440935,73.5380237383388
Set B,B4158_D157_a0.13_ms100,$t_{T_\mathrm{max}}$,250.0,cfl,3.9605350600126346,72.51369392066144
Set B,B4158_D157_a0.13_ms100,$t_{T_\mathrm{max}}$,250.0,cfl,4.00033417561592,71.46483186775049
Set B,B4158_D157_a0.13_ms100,$t_{T_\mathrm{max}}$,250.0,cfl,4.040133922931144,70.3914940290258
Set B,B4158_D157_a0.13_ms100,$t_{T_\mathrm{max}}$,250.0,cfl,4.079933038534429,69.29570141311794
Set B,B4158_D157_a0.13_ms100,$t_{T_\mathrm{max}}$,250.0,cfl,4.119732154137713,68.17839184898713
Set B,B4158_D157_a0.13_ms100,$t_{T_\mathrm{max}}$,250.0,cfl,4.1595319014529375,67.0432221717816
Set B,B4158_D157_a0.13_ms100,$t_{T_\mathrm{max}}$,250.0,cfl,4.199331017056222,65.89059863275347
Set B,B4158_D157_a0.13_ms100,$t_{T_\mathrm{max}}$,250.0,cfl,4.239130132659508,64.72402881558538
Set B,B4158_D157_a0.13_ms100,$t_{T_\mathrm{max}}$,250.0,cfl,4.278929879974732,63.547301771172044
Set B,B4158_D157_a0.13_ms100,$t_{T_\mathrm{max}}$,250.0,cfl,4.318728995578017,62.36418514761199
Set B,B4158_D157_a0.13_ms100,$t_{T_\mathrm{max}}$,250.0,cfl,4.358528742893241,61.176635353393266
Set B,B4158_D157_a0.13_ms100,$t_{T_\mathrm{max}}$,250.0,cfl,4.3983278584965255,59.990559146363495
Set B,B4158_D157_a0.13_ms100,$t_{T_\mathrm{max}}$,250.0,cfl,4.43812697409981,58.809450578423984
Set B,B4158_D157_a0.13_ms100,$t_{T_\mathrm{max}}$,250.0,cfl,4.477926721415035,57.63567571832581
Set B,B4158_D157_a0.13_ms100,$t_{T_\mathrm{max}}$,250.0,cfl,4.51772583701832,56.47215434790408
Set B,B4158_D157_a0.13_ms100,$t_{T_\mathrm{max}}$,250.0,cfl,4.557524952621605,55.32433781017927
Set B,B4158_D157_a0.13_ms100,$t_{T_\mathrm{max}}$,250.0,cfl,4.597324699936829,54.193028901767875
Set B,B4158_D157_a0.13_ms100,$t_{T_\mathrm{max}}$,250.0,cfl,4.6371238155401135,53.08024354190222
Set B,B4158_D157_a0.13_ms100,$t_{T_\mathrm{max}}$,250.0,cfl,4.676922931143398,51.98960600050295
Set B,B4158_D157_a0.13_ms100,$t_{T_\mathrm{max}}$,250.0,cfl,4.716722678458623,50.92067592704861
Set B,B4158_D157_a0.13_ms100,$t_{T_\mathrm{max}}$,250.0,cfl,4.756521794061908,49.875671908138834
Set B,B4158_D157_a0.13_ms100,$t_{T_\mathrm{max}}$,250.0,cfl,4.796320909665193,48.85544574198319
Set B,B4158_D157_a0.13_ms100,$t_{T_\mathrm{max}}$,250.0,cfl,4.836120656980417,47.860587205086304
Set B,B4158_D157_a0.13_ms100,$t_{T_\mathrm{max}}$,250.0,cfl,4.875919772583702,46.89115980555164
Set B,B4158_D157_a0.13_ms100,$t_{T_\mathrm{max}}$,250.0,cfl,4.915718888186986,45.94744343270246
Set B,B4158_D157_a0.13_ms100,$t_{T_\mathrm{max}}$,250.0,cfl,4.955518635502211,45.0290446326596
Set B,B4158_D157_a0.13_ms100,$t_{T_\mathrm{max}}$,250.0,cfl,4.995317751105496,44.13557946484644
Set B,B4158_D157_a0.13_ms100,$t_{T_\mathrm{max}}$,250.0,cfl,5.035116866708781,43.26688778832202
Set B,B4158_D157_a0.13_ms100,$t_{T_\mathrm{max}}$,250.0,cfl,5.074916614024005,42.42317469557678
Set B,B4158_D157_a0.13_ms100,$t_{T_\mathrm{max}}$,250.0,cfl,5.11471572962729,41.602719466788834
Set B,B4158_D157_a0.13_ms100,$t_{T_\mathrm{max}}$,250.0,cfl,5.154514845230575,40.80520997539656
Set B,B4158_D157_a0.13_ms100,$t_{T_\mathrm{max}}$,250.0,cfl,5.194314592545799,40.03005192092737
Set B,B4158_D157_a0.13_ms100,$t_{T_\mathrm{max}}$,250.0,cfl,5.234113708149084,39.276640719032486
Set B,B4158_D157_a0.13_ms100,$t_{T_\mathrm{max}}$,250.0,cfl,5.273912823752369,38.544446807159126
Set B,B4158_D157_a0.13_ms100,$t_{T_\mathrm{max}}$,250.0,cfl,5.313712571067593,37.83202026220269
Set B,B4158_D157_a0.13_ms100,$t_{T_\mathrm{max}}$,250.0,cfl,5.353511686670878,37.13975383134086
Set B,B4158_D157_a0.13_ms100,$t_{T_\mathrm{max}}$,250.0,cfl,5.393310802274163,36.46602208506945
Set B,B4158_D157_a0.13_ms100,$t_{T_\mathrm{max}}$,250.0,cfl,5.433110549589387,35.81011089764938
Set B,B4158_D157_a0.13_ms100,$t_{T_\mathrm{max}}$,250.0,cfl,5.472909665192672,35.17214328075273
Set B,B4158_D157_a0.13_ms100,$t_{T_\mathrm{max}}$,250.0,cfl,5.512708780795958,34.550111810370396
Set B,B4158_D157_a0.13_ms100,$t_{T_\mathrm{max}}$,250.0,cfl,5.552508528111181,33.94380164744279
Set B,B4158_D157_a0.13_ms100,$t_{T_\mathrm{max}}$,250.0,cfl,5.592307643714466,33.35316899513697
Set B,B4158_D157_a0.13_ms100,$t_{T_\mathrm{max}}$,250.0,cfl,5.632106759317751,32.777188470300246
Set B,B4158_D157_a0.13_ms100,$t_{T_\mathrm{max}}$,250.0,cfl,5.6719065066329755,32.21436733130559
Set B,B4158_D157_a0.13_ms100,$t_{T_\mathrm{max}}$,250.0,cfl,5.711705622236261,31.66543837767769
Set B,B4158_D157_a0.13_ms100,$t_{T_\mathrm{max}}$,250.0,cfl,5.751504737839546,31.128806989929416
Set B,B4158_D157_a0.13_ms100,$t_{T_\mathrm{max}}$,250.0,cfl,5.791304485154769,30.604557469690715
Set B,B4158_D157_a0.13_ms100,$t_{T_\mathrm{max}}$,250.0,cfl,5.831103600758055,30.091562019011
Set B,B4158_D157_a0.13_ms100,$t_{T_\mathrm{max}}$,250.0,cfl,5.870902716361339,29.589800121285627
Set B,B4158_D157_a0.13_ms100,$t_{T_\mathrm{max}}$,250.0,cfl,5.9107024636765635,29.09803456813569
Set B,B4158_D157_a0.13_ms100,$t_{T_\mathrm{max}}$,250.0,cfl,5.950501579279849,28.616736226113936
Set B,B4158_D157_a0.13_ms100,$t_{T_\mathrm{max}}$,250.0,cfl,5.990300694883134,28.14503802559304
Set B,B4158_D157_a0.13_ms100,$t_{T_\mathrm{max}}$,250.0,cfl,6.030100442198358,27.6823181629175
Set B,B4158_D157_a0.13_ms100,$t_{T_\mathrm{max}}$,250.0,cfl,6.069899557801643,27.22855582060434
Set B,B4158_D157_a0.13_ms100,$t_{T_\mathrm{max}}$,250.0,cfl,6.109699305116867,26.783083410960995
Set B,B4158_D157_a0.13_ms100,$t_{T_\mathrm{max}}$,250.0,cfl,6.149498420720152,26.34560515945703
Set B,B4158_D157_a0.13_ms100,$t_{T_\mathrm{max}}$,250.0,cfl,6.189297536323437,25.91593547074533
Set B,B4158_D157_a0.13_ms100,$t_{T_\mathrm{max}}$,250.0,cfl,6.22909728363866,25.493668744182187
Set B,B4158_D157_a0.13_ms100,$t_{T_\mathrm{max}}$,250.0,cfl,6.268896399241946,25.078990667622808
Set B,B4158_D157_a0.13_ms100,$t_{T_\mathrm{max}}$,250.0,cfl,6.308695514845231,24.670820685590073
Set B,B4158_D157_a0.13_ms100,$t_{T_\mathrm{max}}$,250.0,cfl,6.348496525584333,24.269632436102803
Set B,B4158_D157_a0.13_ms100,$t_{T_\mathrm{max}}$,250.0,cfl,6.3882943777637395,23.87473641899043
Set B,B4158_D157_a0.13_ms100,$t_{T_\mathrm{max}}$,250.0,cfl,6.428092229943147,23.48649537810962
Set B,B4158_D157_a0.13_ms100,$t_{T_\mathrm{max}}$,250.0,cfl,6.467890082122553,23.10391935500772
Set B,B4158_D157_a0.13_ms100,$t_{T_\mathrm{max}}$,250.0,cfl,6.507694251421352,22.727770176459256
Set B,B4158_D157_a0.13_ms100,$t_{T_\mathrm{max}}$,250.0,cfl,6.547492103600758,22.35744611028954
Set B,B4158_D157_a0.13_ms100,$t_{T_\mathrm{max}}$,250.0,cfl,6.587289955780164,21.992658879902176
Set B,B4158_D157_a0.13_ms100,$t_{T_\mathrm{max}}$,250.0,cfl,6.62708780795957,21.63367207514576
Set B,B4158_D157_a0.13_ms100,$t_{T_\mathrm{max}}$,250.0,cfl,6.666891977258371,21.280334429371138
Set B,B4158_D157_a0.13_ms100,$t_{T_\mathrm{max}}$,250.0,cfl,6.706689829437776,20.932284394937447
Set B,B4158_D157_a0.13_ms100,$t_{T_\mathrm{max}}$,250.0,cfl,6.746487681617182,20.58976440686523
Set B,B4158_D157_a0.13_ms100,$t_{T_\mathrm{max}}$,250.0,cfl,6.786285533796589,20.252614812652016
Set B,B4158_D157_a0.13_ms100,$t_{T_\mathrm{max}}$,250.0,cfl,6.826089703095389,19.920140367030907
Set B,B4158_D157_a0.13_ms100,$t_{T_\mathrm{max}}$,250.0,cfl,6.865887555274795,19.59244204685216
Set B,B4158_D157_a0.13_ms100,$t_{T_\mathrm{max}}$,250.0,cfl,6.905685407454201,19.270227152388617
Set B,B4158_D157_a0.13_ms100,$t_{T_\mathrm{max}}$,250.0,cfl,6.9454832596336065,18.953534827191852
Set B,B4158_D157_a0.13_ms100,$t_{T_\mathrm{max}}$,250.0,cfl,6.985287428932407,18.641717880762474
Set B,B4158_D157_a0.13_ms100,$t_{T_\mathrm{max}}$,250.0,cfl,7.025085281111814,18.335268788917336
Set B,B4158_D157_a0.13_ms100,$t_{T_\mathrm{max}}$,250.0,cfl,7.064883133291219,18.03368969406606
Set B,B4158_D157_a0.13_ms100,$t_{T_\mathrm{max}}$,250.0,cfl,7.104680985470625,17.736967543400443
Set B,B4158_D157_a0.13_ms100,$t_{T_\mathrm{max}}$,250.0,cfl,7.1444788376500314,17.44485560503883
Set B,B4158_D157_a0.13_ms100,$t_{T_\mathrm{max}}$,250.0,cfl,7.1842830069488315,17.15710756256012
Set B,B4158_D157_a0.13_ms100,$t_{T_\mathrm{max}}$,250.0,cfl,7.224080859128238,16.873651157787755
Set B,B4158_D157_a0.13_ms100,$t_{T_\mathrm{max}}$,250.0,cfl,7.263878711307644,16.59468575989595
Set B,B4158_D157_a0.13_ms100,$t_{T_\mathrm{max}}$,250.0,cfl,7.30367656348705,16.320441064158693
Set B,B4158_D157_a0.13_ms100,$t_{T_\mathrm{max}}$,250.0,cfl,7.34348073278585,16.0506480438433
Set B,B4158_D157_a0.13_ms100,$t_{T_\mathrm{max}}$,250.0,cfl,7.3832785849652565,15.785948175686217
Set B,B4158_D157_a0.13_ms100,$t_{T_\mathrm{max}}$,250.0,cfl,7.423076437144663,15.526223667636213
Set B,B4158_D157_a0.13_ms100,$t_{T_\mathrm{max}}$,250.0,cfl,7.462874289324068,15.27119236787637
Set B,B4158_D157_a0.13_ms100,$t_{T_\mathrm{max}}$,250.0,cfl,7.502678458622867,15.020624909999913
Set B,B4158_D157_a0.13_ms100,$t_{T_\mathrm{max}}$,250.0,cfl,7.542476310802275,14.77261199042732
Set B,B4158_D157_a0.13_ms100,$t_{T_\mathrm{max}}$,250.0,cfl,7.5822741629816806,14.527133023567982
Set B,B4158_D157_a0.13_ms100,$t_{T_\mathrm{max}}$,250.0,cfl,7.622072015161087,14.284776947451048
Set B,B4158_D157_a0.13_ms100,$t_{T_\mathrm{max}}$,250.0,cfl,7.661869867340493,14.045466384069506
Set B,B4158_D157_a0.13_ms100,$t_{T_\mathrm{max}}$,250.0,cfl,7.701674036639292,13.8093572181681
Set B,B4158_D157_a0.13_ms100,$t_{T_\mathrm{max}}$,250.0,cfl,7.741471888818699,13.577038504112082
Set B,B4158_D157_a0.13_ms100,$t_{T_\mathrm{max}}$,250.0,cfl,7.7812697409981055,13.349196832523035
Set B,B4158_D157_a0.13_ms100,$t_{T_\mathrm{max}}$,250.0,cfl,7.821067593177512,13.126178031488552
Set B,B4158_D157_a0.13_ms100,$t_{T_\mathrm{max}}$,250.0,cfl,7.860871762476311,12.908103333609462
Set B,B4158_D157_a0.13_ms100,$t_{T_\mathrm{max}}$,250.0,cfl,7.900669614655716,12.694640147292985
Set B,B4158_D157_a0.13_ms100,$t_{T_\mathrm{max}}$,250.0,cfl,7.940467466835124,12.485522190557763
Set B,B4158_D157_a0.13_ms100,$t_{T_\mathrm{max}}$,250.0,cfl,7.98026531901453,12.280244194471146
Set B,B4158_D157_a0.13_ms100,$t_{T_\mathrm{max}}$,250.0,cfl,8.020069488313329,12.078239687621249
Set B,B4158_D157_a0.13_ms100,$t_{T_\mathrm{max}}$,250.0,cfl,8.059867340492735,11.879007376974114
Set B,B4158_D157_a0.13_ms100,$t_{T_\mathrm{max}}$,250.0,cfl,8.099665192672141,11.681780385920213
Set B,B4158_D157_a0.13_ms100,$t_{T_\mathrm{max}}$,250.0,cfl,8.13946304485155,11.486321749408242
Set B,B4158_D157_a0.13_ms100,$t_{T_\mathrm{max}}$,250.0,cfl,8.179267214150348,11.292513105685256
Set B,B4158_D157_a0.13_ms100,$t_{T_\mathrm{max}}$,250.0,cfl,8.219065066329753,11.100525971400304
Set B,B4158_D157_a0.13_ms100,$t_{T_\mathrm{max}}$,250.0,cfl,8.258862918509159,10.91113447829473
Set B,B4158_D157_a0.13_ms100,$t_{T_\mathrm{max}}$,250.0,cfl,8.298660770688565,10.724816828688166
Set B,B4158_D157_a0.13_ms100,$t_{T_\mathrm{max}}$,250.0,cfl,8.338458622867973,10.542590325458264
Set B,B4158_D157_a0.13_ms100,$t_{T_\mathrm{max}}$,250.0,cfl,8.378262792166772,10.365281393632285
Set B,B4158_D157_a0.13_ms100,$t_{T_\mathrm{max}}$,250.0,cfl,8.418060644346179,10.193557887450817
Set B,B4158_D157_a0.13_ms100,$t_{T_\mathrm{max}}$,250.0,cfl,8.457858496525585,10.028336696051829
Set B,B4158_D157_a0.13_ms100,$t_{T_\mathrm{max}}$,250.0,cfl,8.49765634870499,9.869939869448492
Set B,B4158_D157_a0.13_ms100,$t_{T_\mathrm{max}}$,250.0,cfl,8.53746051800379,9.717113394735819
Set B,B4158_D157_a0.13_ms100,$t_{T_\mathrm{max}}$,250.0,cfl,8.577258370183197,9.564563159830486
Set B,B4158_D157_a0.13_ms100,$t_{T_\mathrm{max}}$,250.0,cfl,8.617056222362603,9.41266645891087
Set B,B4158_D157_a0.13_ms100,$t_{T_\mathrm{max}}$,250.0,cfl,8.656854074542009,9.260850127123145
Set B,B4158_D157_a0.13_ms100,$t_{T_\mathrm{max}}$,250.0,cfl,8.696658243840808,9.108556297045372
Set B,B4158_D157_a0.13_ms100,$t_{T_\mathrm{max}}$,250.0,cfl,8.736456096020214,8.955486649012157
Set B,B4158_D157_a0.13_ms100,$t_{T_\mathrm{max}}$,250.0,cfl,8.77625394819962,8.801623543746649
Set B,B4158_D157_a0.13_ms100,$t_{T_\mathrm{max}}$,250.0,cfl,8.816051800379027,8.646778509239098
Set B,B4158_D157_a0.13_ms100,$t_{T_\mathrm{max}}$,250.0,cfl,8.855855969677828,8.491263103969985
Set B,B4158_D157_a0.13_ms100,$t_{T_\mathrm{max}}$,250.0,cfl,8.895653821857234,8.335225202958034
Set B,B4158_D157_a0.13_ms100,$t_{T_\mathrm{max}}$,250.0,cfl,8.93545167403664,8.179299035251457
Set B,B4158_D157_a0.13_ms100,$t_{T_\mathrm{max}}$,250.0,cfl,8.975249526216045,8.023982021330688
Set B,B4158_D157_a0.13_ms100,$t_{T_\mathrm{max}}$,250.0,cfl,9.015047378395451,7.870132938459607
Set B,B4158_D157_a0.13_ms100,$t_{T_\mathrm{max}}$,250.0,cfl,9.054851547694252,7.720137676994407
Set B,B4158_D157_a0.13_ms100,$t_{T_\mathrm{max}}$,250.0,cfl,9.094649399873658,7.575707891220498
Set B,B4158_D157_a0.13_ms100,$t_{T_\mathrm{max}}$,250.0,cfl,9.134447252053064,7.437571966732361
Set B,B4158_D157_a0.13_ms100,$t_{T_\mathrm{max}}$,250.0,cfl,9.17424510423247,7.305731974137744
Set B,B4158_D157_a0.13_ms100,$t_{T_\mathrm{max}}$,250.0,cfl,9.21404927353127,7.17971984742113
Set B,B4158_D157_a0.13_ms100,$t_{T_\mathrm{max}}$,250.0,cfl,9.253847125710676,7.058878345975278
Set B,B4158_D157_a0.13_ms100,$t_{T_\mathrm{max}}$,250.0,cfl,9.293644977890082,6.942183569423796
Set B,B4158_D157_a0.13_ms100,$t_{T_\mathrm{max}}$,250.0,cfl,9.333442830069488,6.828956194124036
Set B,B4158_D157_a0.13_ms100,$t_{T_\mathrm{max}}$,250.0,cfl,9.373246999368288,6.718265988921151
Set B,B4158_D157_a0.13_ms100,$t_{T_\mathrm{max}}$,250.0,cfl,9.413044851547696,6.609157082556866
Set B,B4158_D157_a0.13_ms100,$t_{T_\mathrm{max}}$,250.0,cfl,9.452842703727102,6.500871178672627
Set B,B4158_D157_a0.13_ms100,$t_{T_\mathrm{max}}$,250.0,cfl,9.492640555906506,6.392369809942063
Set B,B4158_D157_a0.13_ms100,$t_{T_\mathrm{max}}$,250.0,cfl,9.532438408085913,6.282580051723603
Set B,B4158_D157_a0.13_ms100,$t_{T_\mathrm{max}}$,250.0,cfl,9.572242577384712,6.1703718017756355
Set B,B4158_D157_a0.13_ms100,$t_{T_\mathrm{max}}$,250.0,cfl,9.61204042956412,6.054353419078515
Set B,B4158_D157_a0.13_ms100,$t_{T_\mathrm{max}}$,250.0,cfl,9.651838281743526,5.93260312924251
Set B,B4158_D157_a0.13_ms100,$t_{T_\mathrm{max}}$,250.0,cfl,9.691636133922932,5.803975581757478
Set B,B4158_D157_a0.13_ms100,$t_{T_\mathrm{max}}$,250.0,cfl,9.731440303221731,5.668495632911208
Set B,B4158_D157_a0.13_ms100,$t_{T_\mathrm{max}}$,250.0,cfl,9.771238155401138,5.527832395998661
Set B,B4158_D157_a0.13_ms100,$t_{T_\mathrm{max}}$,250.0,cfl,9.811036007580544,5.384946164294936
Set B,B4158_D157_a0.13_ms100,$t_{T_\mathrm{max}}$,250.0,cfl,9.85083385975995,5.243793018155622
Set B,B4158_D157_a0.13_ms100,$t_{T_\mathrm{max}}$,250.0,cfl,9.89063802905875,5.108230934127438
Set B,B4158_D157_a0.13_ms100,$t_{T_\mathrm{max}}$,250.0,cfl,9.930435881238155,4.981012721103456
Set B,B4158_D157_a0.13_ms100,$t_{T_\mathrm{max}}$,250.0,cfl,9.970233733417562,4.863666853070571
Set B,B4158_D157_a0.13_ms100,$t_{T_\mathrm{max}}$,250.0,cfl,10.010031585596968,4.756522904596547
Set B,B4158_D157_a0.13_ms100,$t_{T_\mathrm{max}}$,250.0,cfl,10.049835754895767,4.659334107487692
Set B,B4158_D157_a0.13_ms100,$t_{T_\mathrm{max}}$,250.0,cfl,10.089633607075173,4.571272100164813
Set B,B4158_D157_a0.13_ms100,$t_{T_\mathrm{max}}$,250.0,cfl,10.12943145925458,4.497719463577753
Set B,B4158_D157_a0.13_ms100,$t_{T_\mathrm{max}}$,250.0,cfl,10.169229311433986,4.441745442873881
Set B,B4158_D157_a0.13_ms100,$t_{T_\mathrm{max}}$,250.0,cfl,10.209027163613394,4.387454859259335
Set B,B4158_D157_a0.13_ms100,$t_{T_\mathrm{max}}$,250.0,cfl,10.248831332912193,4.3344068405041485
Set B,B4158_D157_a0.13_ms100,$t_{T_\mathrm{max}}$,250.0,cfl,10.288629185091597,4.2825776856692
Set B,B4158_D157_a0.13_ms100,$t_{T_\mathrm{max}}$,250.0,cfl,10.328427037271004,4.23155644134915
Set B,B4158_D157_a0.13_ms100,$t_{T_\mathrm{max}}$,250.0,cfl,10.36822488945041,4.18117895418728
Set B,B4158_D157_a0.13_ms100,$t_{T_\mathrm{max}}$,250.0,cfl,10.40802905874921,4.13118850034052
Set B,B4158_D157_a0.13_ms100,$t_{T_\mathrm{max}}$,250.0,cfl,10.447826910928617,4.081454511714208
Set B,B4158_D157_a0.13_ms100,$t_{T_\mathrm{max}}$,250.0,cfl,10.487624763108023,4.031758835394542
Set B,B4158_D157_a0.13_ms100,$t_{T_\mathrm{max}}$,250.0,cfl,10.52742261528743,3.981977469394131
Set B,B4158_D157_a0.13_ms100,$t_{T_\mathrm{max}}$,250.0,cfl,10.567226784586229,3.9319099988811224
Set B,B4158_D157_a0.13_ms100,$t_{T_\mathrm{max}}$,250.0,cfl,10.607024636765635,3.881236985764928
Set B,B4158_D157_a0.13_ms100,$t_{T_\mathrm{max}}$,250.0,cfl,10.646822488945041,3.8297634416567514
Set B,B4158_D157_a0.13_ms100,$t_{T_\mathrm{max}}$,250.0,cfl,10.686620341124447,3.777246152403504
Set B,B4158_D157_a0.13_ms100,$t_{T_\mathrm{max}}$,250.0,cfl,10.726424510423248,3.723451455245925
Set B,B4158_D157_a0.13_ms100,$t_{T_\mathrm{max}}$,250.0,cfl,10.766222362602655,3.668244524822572
Set B,B4158_D157_a0.13_ms100,$t_{T_\mathrm{max}}$,250.0,cfl,10.806020214782059,3.611420783991666
Set B,B4158_D157_a0.13_ms100,$t_{T_\mathrm{max}}$,250.0,cfl,10.845818066961465,3.552744306766636
Set B,B4158_D157_a0.13_ms100,$t_{T_\mathrm{max}}$,250.0,cfl,10.885615919140871,3.492222771559924
Set B,B4158_D157_a0.13_ms100,$t_{T_\mathrm{max}}$,250.0,cfl,10.925420088439672,3.429762291933876
Set B,B4158_D157_a0.13_ms100,$t_{T_\mathrm{max}}$,250.0,cfl,10.965217940619079,3.365413637630376
Set B,B4158_D157_a0.13_ms100,$t_{T_\mathrm{max}}$,250.0,cfl,11.005015792798485,3.2992041609091545
Set B,B4158_D157_a0.13_ms100,$t_{T_\mathrm{max}}$,250.0,cfl,11.044813644977891,3.231320834447252
Set B,B4158_D157_a0.13_ms100,$t_{T_\mathrm{max}}$,250.0,cfl,11.08461781427669,3.1619681459574656
Set B,B4158_D157_a0.13_ms100,$t_{T_\mathrm{max}}$,250.0,cfl,11.124415666456096,3.0915104320857836
Set B,B4158_D157_a0.13_ms100,$t_{T_\mathrm{max}}$,250.0,cfl,11.164213518635503,3.02034962927626
Set B,B4158_D157_a0.13_ms100,$t_{T_\mathrm{max}}$,250.0,cfl,11.204011370814909,2.9489725909153575
Set B,B4158_D157_a0.13_ms100,$t_{T_\mathrm{max}}$,250.0,cfl,11.243815540113708,2.8779969891556596
Set B,B4158_D157_a0.13_ms100,$t_{T_\mathrm{max}}$,250.0,cfl,11.283613392293114,2.808225502711635
Set B,B4158_D157_a0.13_ms100,$t_{T_\mathrm{max}}$,250.0,cfl,11.32341124447252,2.740064340866388
Set B,B4158_D157_a0.13_ms100,$t_{T_\mathrm{max}}$,250.0,cfl,11.363209096651927,2.673734392631012
Set B,B4158_D157_a0.13_ms100,$t_{T_\mathrm{max}}$,250.0,cfl,11.403006948831333,2.6096843881350043
Set B,B4158_D157_a0.13_ms100,$t_{T_\mathrm{max}}$,250.0,cfl,11.442811118130132,2.548242251040721
Set B,B4158_D157_a0.13_ms100,$t_{T_\mathrm{max}}$,250.0,cfl,11.482608970309538,2.4896338703978103
Set B,B4158_D157_a0.13_ms100,$t_{T_\mathrm{max}}$,250.0,cfl,11.522406822488946,2.434301245511776
Set B,B4158_D157_a0.13_ms100,$t_{T_\mathrm{max}}$,250.0,cfl,11.562204674668353,2.3821563220067454
Set B,B4158_D157_a0.13_ms100,$t_{T_\mathrm{max}}$,250.0,cfl,11.602008843967152,2.3334012739382413
Set B,B4158_D157_a0.13_ms100,$t_{T_\mathrm{max}}$,250.0,cfl,11.641806696146556,2.287658025001687
Set B,B4158_D157_a0.13_ms100,$t_{T_\mathrm{max}}$,250.0,cfl,11.681604548325963,2.2446276690129907
Set B,B4158_D157_a0.13_ms100,$t_{T_\mathrm{max}}$,250.0,cfl,11.72140240050537,2.204156519152159
Set B,B4158_D157_a0.13_ms100,$t_{T_\mathrm{max}}$,250.0,cfl,11.76120656980417,2.166125239311361
Set B,B4158_D157_a0.13_ms100,$t_{T_\mathrm{max}}$,250.0,cfl,11.801004421983576,2.1304095953858795
Set B,B4158_D157_a0.13_ms100,$t_{T_\mathrm{max}}$,250.0,cfl,11.840802274162982,2.096859640594552
Set B,B4158_D157_a0.13_ms100,$t_{T_\mathrm{max}}$,250.0,cfl,11.880600126342388,2.065263474137063
Set B,B4158_D157_a0.13_ms100,$t_{T_\mathrm{max}}$,250.0,cfl,11.920404295641188,2.035619532753132
Set B,B4158_D157_a0.13_ms100,$t_{T_\mathrm{max}}$,250.0,cfl,11.960202147820594,2.0077778531025934
Set B,B4158_D157_a0.13_ms100,$t_{T_\mathrm{max}}$,250.0,cfl,12.0,1.981610667128837
Set B,B4158_D157_a0.13_ms100,$t_{T_\mathrm{max}}$,250.0,unpCFL,2.368561591914087,99.70592694318249
Set B,B4158_D157_a0.13_ms100,$t_{T_\mathrm{max}}$,250.0,unpCFL,2.4083613392293115,99.20857358415687
Set B,B4158_D157_a0.13_ms100,$t_{T_\mathrm{max}}$,250.0,unpCFL,2.448160454832596,98.70790915292972
Set B,B4158_D157_a0.13_ms100,$t_{T_\mathrm{max}}$,250.0,unpCFL,2.4879595704358817,98.2036723509408
Set B,B4158_D157_a0.13_ms100,$t_{T_\mathrm{max}}$,250.0,unpCFL,2.5277593177511055,97.69550935494453
Set B,B4158_D157_a0.13_ms100,$t_{T_\mathrm{max}}$,250.0,unpCFL,2.56755843335439,97.18309751787199
Set B,B4158_D157_a0.13_ms100,$t_{T_\mathrm{max}}$,250.0,unpCFL,2.6073575489576757,96.66611859261967
Set B,B4158_D157_a0.13_ms100,$t_{T_\mathrm{max}}$,250.0,unpCFL,2.6471572962728995,96.14421718362946
Set B,B4158_D157_a0.13_ms100,$t_{T_\mathrm{max}}$,250.0,unpCFL,2.686956411876184,95.61695851912657
Set B,B4158_D157_a0.13_ms100,$t_{T_\mathrm{max}}$,250.0,unpCFL,2.726756159191409,95.08402717034714
Set B,B4158_D157_a0.13_ms100,$t_{T_\mathrm{max}}$,250.0,unpCFL,2.7665552747946935,94.54499194631485
Set B,B4158_D157_a0.13_ms100,$t_{T_\mathrm{max}}$,250.0,unpCFL,2.8063543903979786,93.99945026134414
Set B,B4158_D157_a0.13_ms100,$t_{T_\mathrm{max}}$,250.0,unpCFL,2.846154137713203,93.44688707070974
Set B,B4158_D157_a0.13_ms100,$t_{T_\mathrm{max}}$,250.0,unpCFL,2.8859532533164876,92.88687905694165
Set B,B4158_D157_a0.13_ms100,$t_{T_\mathrm{max}}$,250.0,unpCFL,2.9257523689197726,92.31887334244198
Set B,B4158_D157_a0.13_ms100,$t_{T_\mathrm{max}}$,250.0,unpCFL,2.965552116234997,91.7424587846203
Set B,B4158_D157_a0.13_ms100,$t_{T_\mathrm{max}}$,250.0,unpCFL,3.0053512318382816,91.15695538324363
Set B,B4158_D157_a0.13_ms100,$t_{T_\mathrm{max}}$,250.0,unpCFL,3.0451503474415667,90.5618853871918
Set B,B4158_D157_a0.13_ms100,$t_{T_\mathrm{max}}$,250.0,unpCFL,3.084950094756791,89.95661405828966
Set B,B4158_D157_a0.13_ms100,$t_{T_\mathrm{max}}$,250.0,unpCFL,3.124749210360076,89.340507440436
Set B,B4158_D157_a0.13_ms100,$t_{T_\mathrm{max}}$,250.0,unpCFL,3.1645483259633607,88.71285257572261
Set B,B4158_D157_a0.13_ms100,$t_{T_\mathrm{max}}$,250.0,unpCFL,3.204348073278585,88.07303842738192
Set B,B4158_D157_a0.13_ms100,$t_{T_\mathrm{max}}$,250.0,unpCFL,3.2441471888818696,87.42031967083943
Set B,B4158_D157_a0.13_ms100,$t_{T_\mathrm{max}}$,250.0,unpCFL,3.283946304485155,86.75385980539379
Set B,B4158_D157_a0.13_ms100,$t_{T_\mathrm{max}}$,250.0,unpCFL,3.323746051800379,86.07298209917026
Set B,B4158_D157_a0.13_ms100,$t_{T_\mathrm{max}}$,250.0,unpCFL,3.3635451674036636,85.3767786368979
Set B,B4158_D157_a0.13_ms100,$t_{T_\mathrm{max}}$,250.0,unpCFL,3.403344283006949,84.66449573793086
Set B,B4158_D157_a0.13_ms100,$t_{T_\mathrm{max}}$,250.0,unpCFL,3.443144030322173,83.93516034605949
Set B,B4158_D157_a0.13_ms100,$t_{T_\mathrm{max}}$,250.0,unpCFL,3.4829431459254576,83.18789747977648
Set B,B4158_D157_a0.13_ms100,$t_{T_\mathrm{max}}$,250.0,unpCFL,3.522742261528743,82.4217382895793
Set B,B4158_D157_a0.13_ms100,$t_{T_\mathrm{max}}$,250.0,unpCFL,3.562542008843967,81.63626562047087
Set B,B4158_D157_a0.13_ms100,$t_{T_\mathrm{max}}$,250.0,unpCFL,3.6023411244472525,80.82970547428579
Set B,B4158_D157_a0.13_ms100,$t_{T_\mathrm{max}}$,250.0,unpCFL,3.642140240050537,80.00150014581493
Set B,B4158_D157_a0.13_ms100,$t_{T_\mathrm{max}}$,250.0,unpCFL,3.681939987365761,79.15077180079675
Set B,B4158_D157_a0.13_ms100,$t_{T_\mathrm{max}}$,250.0,unpCFL,3.7217391029690465,78.27722561376036
Set B,B4158_D157_a0.13_ms100,$t_{T_\mathrm{max}}$,250.0,unpCFL,3.761538218572331,77.37971407964076
Set B,B4158_D157_a0.13_ms100,$t_{T_\mathrm{max}}$,250.0,unpCFL,3.801337965887555,76.45711476712665
Set B,B4158_D157_a0.13_ms100,$t_{T_\mathrm{max}}$,250.0,unpCFL,3.8411370814908405,75.50940865800595
Set B,B4158_D157_a0.13_ms100,$t_{T_\mathrm{max}}$,250.0,unpCFL,3.880936197094125,74.5360903376221
Set B,B4158_D157_a0.13_ms100,$t_{T_\mathrm{max}}$,250.0,unpCFL,3.92073594440935,73.5380287692146
Set B,B4158_D157_a0.13_ms100,$t_{T_\mathrm{max}}$,250.0,unpCFL,3.9605350600126346,72.51369148388514
Set B,B4158_D157_a0.13_ms100,$t_{T_\mathrm{max}}$,250.0,unpCFL,4.00033417561592,71.464837697335
Set B,B4158_D157_a0.13_ms100,$t_{T_\mathrm{max}}$,250.0,unpCFL,4.040133922931144,70.3914971016341
Set B,B4158_D157_a0.13_ms100,$t_{T_\mathrm{max}}$,250.0,unpCFL,4.079933038534429,69.29570360983791
Set B,B4158_D157_a0.13_ms100,$t_{T_\mathrm{max}}$,250.0,unpCFL,4.119732154137713,68.17838641591625
Set B,B4158_D157_a0.13_ms100,$t_{T_\mathrm{max}}$,250.0,unpCFL,4.1595319014529375,67.04322230775051
Set B,B4158_D157_a0.13_ms100,$t_{T_\mathrm{max}}$,250.0,unpCFL,4.199331017056222,65.89059475578227
Set B,B4158_D157_a0.13_ms100,$t_{T_\mathrm{max}}$,250.0,unpCFL,4.239130132659508,64.72402620202908
Set B,B4158_D157_a0.13_ms100,$t_{T_\mathrm{max}}$,250.0,unpCFL,4.278929879974732,63.5473013169863
Set B,B4158_D157_a0.13_ms100,$t_{T_\mathrm{max}}$,250.0,unpCFL,4.318728995578017,62.364184948500245
Set B,B4158_D157_a0.13_ms100,$t_{T_\mathrm{max}}$,250.0,unpCFL,4.358528742893241,61.17663520352647
Set B,B4158_D157_a0.13_ms100,$t_{T_\mathrm{max}}$,250.0,unpCFL,4.3983278584965255,59.99055590650805
Set B,B4158_D157_a0.13_ms100,$t_{T_\mathrm{max}}$,250.0,unpCFL,4.43812697409981,58.809449426394885
Set B,B4158_D157_a0.13_ms100,$t_{T_\mathrm{max}}$,250.0,unpCFL,4.477926721415035,57.63567394407601
Set B,B4158_D157_a0.13_ms100,$t_{T_\mathrm{max}}$,250.0,unpCFL,4.51772583701832,56.472155546038664
Set B,B4158_D157_a0.13_ms100,$t_{T_\mathrm{max}}$,250.0,unpCFL,4.557524952621605,55.32433467326321
Set B,B4158_D157_a0.13_ms100,$t_{T_\mathrm{max}}$,250.0,unpCFL,4.597324699936829,54.193031800487255
Set B,B4158_D157_a0.13_ms100,$t_{T_\mathrm{max}}$,250.0,unpCFL,4.6371238155401135,53.080240069869895
Set B,B4158_D157_a0.13_ms100,$t_{T_\mathrm{max}}$,250.0,unpCFL,4.676922931143398,51.9896081213662
Set B,B4158_D157_a0.13_ms100,$t_{T_\mathrm{max}}$,250.0,unpCFL,4.716722678458623,50.92067660102456
Set B,B4158_D157_a0.13_ms100,$t_{T_\mathrm{max}}$,250.0,unpCFL,4.756521794061908,49.875672977782294
Set B,B4158_D157_a0.13_ms100,$t_{T_\mathrm{max}}$,250.0,unpCFL,4.796320909665193,48.855441243852134
Set B,B4158_D157_a0.13_ms100,$t_{T_\mathrm{max}}$,250.0,unpCFL,4.836120656980417,47.860583615487236
Set B,B4158_D157_a0.13_ms100,$t_{T_\mathrm{max}}$,250.0,unpCFL,4.875919772583702,46.891157584573826
Set B,B4158_D157_a0.13_ms100,$t_{T_\mathrm{max}}$,250.0,unpCFL,4.915718888186986,45.9474401419322
Set B,B4158_D157_a0.13_ms100,$t_{T_\mathrm{max}}$,250.0,unpCFL,4.955518635502211,45.0290484489185
Set B,B4158_D157_a0.13_ms100,$t_{T_\mathrm{max}}$,250.0,unpCFL,4.995317751105496,44.1355805330983
Set B,B4158_D157_a0.13_ms100,$t_{T_\mathrm{max}}$,250.0,unpCFL,5.035116866708781,43.266886469883126
Set B,B4158_D157_a0.13_ms100,$t_{T_\mathrm{max}}$,250.0,unpCFL,5.074916614024005,42.423176373941914
Set B,B4158_D157_a0.13_ms100,$t_{T_\mathrm{max}}$,250.0,unpCFL,5.11471572962729,41.60271891817757
Set B,B4158_D157_a0.13_ms100,$t_{T_\mathrm{max}}$,250.0,unpCFL,5.154514845230575,40.805208202895074
Set B,B4158_D157_a0.13_ms100,$t_{T_\mathrm{max}}$,250.0,unpCFL,5.194314592545799,40.03005044110516
Set B,B4158_D157_a0.13_ms100,$t_{T_\mathrm{max}}$,250.0,unpCFL,5.234113708149084,39.276638521915785
Set B,B4158_D157_a0.13_ms100,$t_{T_\mathrm{max}}$,250.0,unpCFL,5.273912823752369,38.54444450297248
Set B,B4158_D157_a0.13_ms100,$t_{T_\mathrm{max}}$,250.0,unpCFL,5.313712571067593,37.83202304770253
Set B,B4158_D157_a0.13_ms100,$t_{T_\mathrm{max}}$,250.0,unpCFL,5.353511686670878,37.13975700692636
Set B,B4158_D157_a0.13_ms100,$t_{T_\mathrm{max}}$,250.0,unpCFL,5.393310802274163,36.46602151625196
Set B,B4158_D157_a0.13_ms100,$t_{T_\mathrm{max}}$,250.0,unpCFL,5.433110549589387,35.8101109841962
Set B,B4158_D157_a0.13_ms100,$t_{T_\mathrm{max}}$,250.0,unpCFL,5.472909665192672,35.17214460281205
Set B,B4158_D157_a0.13_ms100,$t_{T_\mathrm{max}}$,250.0,unpCFL,5.512708780795958,34.550112628372155
Set B,B4158_D157_a0.13_ms100,$t_{T_\mathrm{max}}$,250.0,unpCFL,5.552508528111181,33.94380195131421
Set B,B4158_D157_a0.13_ms100,$t_{T_\mathrm{max}}$,250.0,unpCFL,5.592307643714466,33.35316830903171
Set B,B4158_D157_a0.13_ms100,$t_{T_\mathrm{max}}$,250.0,unpCFL,5.632106759317751,32.777187531262015
Set B,B4158_D157_a0.13_ms100,$t_{T_\mathrm{max}}$,250.0,unpCFL,5.6719065066329755,32.214369674494904
Set B,B4158_D157_a0.13_ms100,$t_{T_\mathrm{max}}$,250.0,unpCFL,5.711705622236261,31.66543874895364
Set B,B4158_D157_a0.13_ms100,$t_{T_\mathrm{max}}$,250.0,unpCFL,5.751504737839546,31.12880672334897
Set B,B4158_D157_a0.13_ms100,$t_{T_\mathrm{max}}$,250.0,unpCFL,5.791304485154769,30.60455853282091
Set B,B4158_D157_a0.13_ms100,$t_{T_\mathrm{max}}$,250.0,unpCFL,5.831103600758055,30.091559608993144
Set B,B4158_D157_a0.13_ms100,$t_{T_\mathrm{max}}$,250.0,unpCFL,5.870902716361339,29.59076624974166
Set B,B4158_D157_a0.13_ms100,$t_{T_\mathrm{max}}$,250.0,unpCFL,5.9107024636765635,29.115382296254726
Set B,B4158_D157_a0.13_ms100,$t_{T_\mathrm{max}}$,250.0,unpCFL,5.950501579279849,28.657310181262137
Set B,B4158_D157_a0.13_ms100,$t_{T_\mathrm{max}}$,250.0,unpCFL,5.990300694883134,28.64160926334147
Set B,B4158_D157_a0.13_ms100,$t_{T_\mathrm{max}}$,250.0,unpCFL,6.030100442198358,28.610406417211223
Set B,B4158_D157_a0.13_ms100,$t_{T_\mathrm{max}}$,250.0,unpCFL,6.069899557801643,28.578852004322677
Set B,B4158_D157_a0.13_ms100,$t_{T_\mathrm{max}}$,250.0,unpCFL,6.109699305116867,28.546532231728772
Set B,B4158_D157_a0.13_ms100,$t_{T_\mathrm{max}}$,250.0,unpCFL,6.149498420720152,28.513411544311754
Set B,B4158_D157_a0.13_ms100,$t_{T_\mathrm{max}}$,250.0,unpCFL,6.189297536323437,28.479550700050552
Set B,B4158_D157_a0.13_ms100,$t_{T_\mathrm{max}}$,250.0,unpCFL,6.22909728363866,28.44486962738488
Set B,B4158_D157_a0.13_ms100,$t_{T_\mathrm{max}}$,250.0,unpCFL,6.268896399241946,28.409389115110944
Set B,B4158_D157_a0.13_ms100,$t_{T_\mathrm{max}}$,250.0,unpCFL,6.308695514845231,28.37305397676619
Set B,B4158_D157_a0.13_ms100,$t_{T_\mathrm{max}}$,250.0,unpCFL,6.348496525584333,28.33591656223591
Set B,B4158_D157_a0.13_ms100,$t_{T_\mathrm{max}}$,250.0,unpCFL,6.3882943777637395,28.297937655363068
Set B,B4158_D157_a0.13_ms100,$t_{T_\mathrm{max}}$,250.0,unpCFL,6.428092229943147,28.259015358482785
Set B,B4158_D157_a0.13_ms100,$t_{T_\mathrm{max}}$,250.0,unpCFL,6.467890082122553,28.219194030408655
Set B,B4158_D157_a0.13_ms100,$t_{T_\mathrm{max}}$,250.0,unpCFL,6.507694251421352,28.178518151332426
Set B,B4158_D157_a0.13_ms100,$t_{T_\mathrm{max}}$,250.0,unpCFL,6.547492103600758,28.136876973546368
Set B,B4158_D157_a0.13_ms100,$t_{T_\mathrm{max}}$,250.0,unpCFL,6.587289955780164,28.094246921058286
Set B,B4158_D157_a0.13_ms100,$t_{T_\mathrm{max}}$,250.0,unpCFL,6.62708780795957,28.05074307808792
Set B,B4158_D157_a0.13_ms100,$t_{T_\mathrm{max}}$,250.0,unpCFL,6.666891977258371,28.00618685099963
Set B,B4158_D157_a0.13_ms100,$t_{T_\mathrm{max}}$,250.0,unpCFL,6.706689829437776,27.96069986284158
Set B,B4158_D157_a0.13_ms100,$t_{T_\mathrm{max}}$,250.0,unpCFL,6.746487681617182,27.914185007034835
Set B,B4158_D157_a0.13_ms100,$t_{T_\mathrm{max}}$,250.0,unpCFL,6.786285533796589,27.86667658511965
Set B,B4158_D157_a0.13_ms100,$t_{T_\mathrm{max}}$,250.0,unpCFL,6.826089703095389,27.818095724075285
Set B,B4158_D157_a0.13_ms100,$t_{T_\mathrm{max}}$,250.0,unpCFL,6.865887555274795,27.76846804511425
Set B,B4158_D157_a0.13_ms100,$t_{T_\mathrm{max}}$,250.0,unpCFL,6.905685407454201,27.717783275350307
Set B,B4158_D157_a0.13_ms100,$t_{T_\mathrm{max}}$,250.0,unpCFL,6.9454832596336065,27.666015284351268
Set B,B4158_D157_a0.13_ms100,$t_{T_\mathrm{max}}$,250.0,unpCFL,6.985287428932407,27.613135306028983
Set B,B4158_D157_a0.13_ms100,$t_{T_\mathrm{max}}$,250.0,unpCFL,7.025085281111814,27.559111446920642
Set B,B4158_D157_a0.13_ms100,$t_{T_\mathrm{max}}$,250.0,unpCFL,7.064883133291219,27.503958572491385
Set B,B4158_D157_a0.13_ms100,$t_{T_\mathrm{max}}$,250.0,unpCFL,7.104680985470625,27.44768895839616
Set B,B4158_D157_a0.13_ms100,$t_{T_\mathrm{max}}$,250.0,unpCFL,7.1444788376500314,27.3902997611574
Set B,B4158_D157_a0.13_ms100,$t_{T_\mathrm{max}}$,250.0,unpCFL,7.1842830069488315,27.3317113580951
Set B,B4158_D157_a0.13_ms100,$t_{T_\mathrm{max}}$,250.0,unpCFL,7.224080859128238,27.271865994977336
Set B,B4158_D157_a0.13_ms100,$t_{T_\mathrm{max}}$,250.0,unpCFL,7.263878711307644,27.210939957383147
Set B,B4158_D157_a0.13_ms100,$t_{T_\mathrm{max}}$,250.0,unpCFL,7.30367656348705,27.14870617387126
Set B,B4158_D157_a0.13_ms100,$t_{T_\mathrm{max}}$,250.0,unpCFL,7.34348073278585,27.08527178944593
Set B,B4158_D157_a0.13_ms100,$t_{T_\mathrm{max}}$,250.0,unpCFL,7.3832785849652565,27.020575844190834
Set B,B4158_D157_a0.13_ms100,$t_{T_\mathrm{max}}$,250.0,unpCFL,7.423076437144663,26.954578023899693
Set B,B4158_D157_a0.13_ms100,$t_{T_\mathrm{max}}$,250.0,unpCFL,7.462874289324068,26.887357935803195
Set B,B4158_D157_a0.13_ms100,$t_{T_\mathrm{max}}$,250.0,unpCFL,7.502678458622867,26.818793313461786
Set B,B4158_D157_a0.13_ms100,$t_{T_\mathrm{max}}$,250.0,unpCFL,7.542476310802275,26.748937480644557
Set B,B4158_D157_a0.13_ms100,$t_{T_\mathrm{max}}$,250.0,unpCFL,7.5822741629816806,26.67771350579035
Set B,B4158_D157_a0.13_ms100,$t_{T_\mathrm{max}}$,250.0,unpCFL,7.622072015161087,26.60525180608572
Set B,B4158_D157_a0.13_ms100,$t_{T_\mathrm{max}}$,250.0,unpCFL,7.661869867340493,26.53131992688984
Set B,B4158_D157_a0.13_ms100,$t_{T_\mathrm{max}}$,250.0,unpCFL,7.701674036639292,26.45609672991015
Set B,B4158_D157_a0.13_ms100,$t_{T_\mathrm{max}}$,250.0,unpCFL,7.741471888818699,26.37945362472238
Set B,B4158_D157_a0.13_ms100,$t_{T_\mathrm{max}}$,250.0,unpCFL,7.7812697409981055,26.301407907691022
Set B,B4158_D157_a0.13_ms100,$t_{T_\mathrm{max}}$,250.0,unpCFL,7.821067593177512,26.222014816283234
Set B,B4158_D157_a0.13_ms100,$t_{T_\mathrm{max}}$,250.0,unpCFL,7.860871762476311,26.141075534570636
Set B,B4158_D157_a0.13_ms100,$t_{T_\mathrm{max}}$,250.0,unpCFL,7.900669614655716,26.058768289931795
Set B,B4158_D157_a0.13_ms100,$t_{T_\mathrm{max}}$,250.0,unpCFL,7.940467466835124,25.97497394265902
Set B,B4158_D157_a0.13_ms100,$t_{T_\mathrm{max}}$,250.0,unpCFL,7.98026531901453,25.889686127353233
Set B,B4158_D157_a0.13_ms100,$t_{T_\mathrm{max}}$,250.0,unpCFL,8.020069488313329,25.80287750264261
Set B,B4158_D157_a0.13_ms100,$t_{T_\mathrm{max}}$,250.0,unpCFL,8.059867340492735,25.7145508565031
Set B,B4158_D157_a0.13_ms100,$t_{T_\mathrm{max}}$,250.0,unpCFL,8.099665192672141,25.624760159698003
Set B,B4158_D157_a0.13_ms100,$t_{T_\mathrm{max}}$,250.0,unpCFL,8.13946304485155,25.533429227028062
Set B,B4158_D157_a0.13_ms100,$t_{T_\mathrm{max}}$,250.0,unpCFL,8.179267214150348,25.440533703291777
Set B,B4158_D157_a0.13_ms100,$t_{T_\mathrm{max}}$,250.0,unpCFL,8.219065066329753,25.346046169996082
Set B,B4158_D157_a0.13_ms100,$t_{T_\mathrm{max}}$,250.0,unpCFL,8.258862918509159,25.25000116533987
Set B,B4158_D157_a0.13_ms100,$t_{T_\mathrm{max}}$,250.0,unpCFL,8.298660770688565,25.152380825601483
Set B,B4158_D157_a0.13_ms100,$t_{T_\mathrm{max}}$,250.0,unpCFL,8.338458622867973,25.05310874253359
Set B,B4158_D157_a0.13_ms100,$t_{T_\mathrm{max}}$,250.0,unpCFL,8.378262792166772,24.95226795039677
Set B,B4158_D157_a0.13_ms100,$t_{T_\mathrm{max}}$,250.0,unpCFL,8.418060644346179,24.849796054692888
Set B,B4158_D157_a0.13_ms100,$t_{T_\mathrm{max}}$,250.0,unpCFL,8.457858496525585,24.745649819592064
Set B,B4158_D157_a0.13_ms100,$t_{T_\mathrm{max}}$,250.0,unpCFL,8.49765634870499,24.63983985344711
Set B,B4158_D157_a0.13_ms100,$t_{T_\mathrm{max}}$,250.0,unpCFL,8.53746051800379,24.53242175742933
Set B,B4158_D157_a0.13_ms100,$t_{T_\mathrm{max}}$,250.0,unpCFL,8.577258370183197,24.423229305564668
Set B,B4158_D157_a0.13_ms100,$t_{T_\mathrm{max}}$,250.0,unpCFL,8.617056222362603,24.31239828380335
Set B,B4158_D157_a0.13_ms100,$t_{T_\mathrm{max}}$,250.0,unpCFL,8.656854074542009,24.199739484074364
Set B,B4158_D157_a0.13_ms100,$t_{T_\mathrm{max}}$,250.0,unpCFL,8.696658243840808,24.085451002210082
Set B,B4158_D157_a0.13_ms100,$t_{T_\mathrm{max}}$,250.0,unpCFL,8.736456096020214,23.96939647779527
Set B,B4158_D157_a0.13_ms100,$t_{T_\mathrm{max}}$,250.0,unpCFL,8.77625394819962,23.851467367326144
Set B,B4158_D157_a0.13_ms100,$t_{T_\mathrm{max}}$,250.0,unpCFL,8.816051800379027,23.73186381806093
Set B,B4158_D157_a0.13_ms100,$t_{T_\mathrm{max}}$,250.0,unpCFL,8.855855969677828,23.610448230149895
Set B,B4158_D157_a0.13_ms100,$t_{T_\mathrm{max}}$,250.0,unpCFL,8.895653821857234,23.48724300141105
Set B,B4158_D157_a0.13_ms100,$t_{T_\mathrm{max}}$,250.0,unpCFL,8.93545167403664,23.36210382654776
Set B,B4158_D157_a0.13_ms100,$t_{T_\mathrm{max}}$,250.0,unpCFL,8.975249526216045,23.235237333924808
Set B,B4158_D157_a0.13_ms100,$t_{T_\mathrm{max}}$,250.0,unpCFL,9.015047378395451,23.106466799872003
Set B,B4158_D157_a0.13_ms100,$t_{T_\mathrm{max}}$,250.0,unpCFL,9.054851547694252,22.97581319921943
Set B,B4158_D157_a0.13_ms100,$t_{T_\mathrm{max}}$,250.0,unpCFL,9.094649399873658,22.843377181365746
Set B,B4158_D157_a0.13_ms100,$t_{T_\mathrm{max}}$,250.0,unpCFL,9.134447252053064,22.70891491744437
Set B,B4158_D157_a0.13_ms100,$t_{T_\mathrm{max}}$,250.0,unpCFL,9.17424510423247,22.572568797873732
Set B,B4158_D157_a0.13_ms100,$t_{T_\mathrm{max}}$,250.0,unpCFL,9.21404927353127,22.434310484006105
Set B,B4158_D157_a0.13_ms100,$t_{T_\mathrm{max}}$,250.0,unpCFL,9.253847125710676,22.29414000951109
Set B,B4158_D157_a0.13_ms100,$t_{T_\mathrm{max}}$,250.0,unpCFL,9.293644977890082,22.152050249586246
Set B,B4158_D157_a0.13_ms100,$t_{T_\mathrm{max}}$,250.0,unpCFL,9.333442830069488,22.007886863176076
Set B,B4158_D157_a0.13_ms100,$t_{T_\mathrm{max}}$,250.0,unpCFL,9.373246999368288,21.861768543287944
Set B,B4158_D157_a0.13_ms100,$t_{T_\mathrm{max}}$,250.0,unpCFL,9.413044851547696,21.713706594119255
Set B,B4158_D157_a0.13_ms100,$t_{T_\mathrm{max}}$,250.0,unpCFL,9.452842703727102,21.563556386735765
Set B,B4158_D157_a0.13_ms100,$t_{T_\mathrm{max}}$,250.0,unpCFL,9.492640555906506,21.41146914320066
Set B,B4158_D157_a0.13_ms100,$t_{T_\mathrm{max}}$,250.0,unpCFL,9.532438408085913,21.257441540968323
Set B,B4158_D157_a0.13_ms100,$t_{T_\mathrm{max}}$,250.0,unpCFL,9.572242577384712,21.101325142871815
Set B,B4158_D157_a0.13_ms100,$t_{T_\mathrm{max}}$,250.0,unpCFL,9.61204042956412,20.943176412143725
Set B,B4158_D157_a0.13_ms100,$t_{T_\mathrm{max}}$,250.0,unpCFL,9.651838281743526,20.782967165095013
Set B,B4158_D157_a0.13_ms100,$t_{T_\mathrm{max}}$,250.0,unpCFL,9.691636133922932,20.620676049672046
Set B,B4158_D157_a0.13_ms100,$t_{T_\mathrm{max}}$,250.0,unpCFL,9.731440303221731,20.45632527420692
Set B,B4158_D157_a0.13_ms100,$t_{T_\mathrm{max}}$,250.0,unpCFL,9.771238155401138,20.289779526019693
Set B,B4158_D157_a0.13_ms100,$t_{T_\mathrm{max}}$,250.0,unpCFL,9.811036007580544,20.1210332941376
Set B,B4158_D157_a0.13_ms100,$t_{T_\mathrm{max}}$,250.0,unpCFL,9.85083385975995,19.950030011531588
Set B,B4158_D157_a0.13_ms100,$t_{T_\mathrm{max}}$,250.0,unpCFL,9.89063802905875,19.776761296073552
Set B,B4158_D157_a0.13_ms100,$t_{T_\mathrm{max}}$,250.0,unpCFL,9.930435881238155,19.60129666388899
Set B,B4158_D157_a0.13_ms100,$t_{T_\mathrm{max}}$,250.0,unpCFL,9.970233733417562,19.423745831930113
Set B,B4158_D157_a0.13_ms100,$t_{T_\mathrm{max}}$,250.0,unpCFL,10.010031585596968,19.24408572039943
Set B,B4158_D157_a0.13_ms100,$t_{T_\mathrm{max}}$,250.0,unpCFL,10.049835754895767,19.062376643458528
Set B,B4158_D157_a0.13_ms100,$t_{T_\mathrm{max}}$,250.0,unpCFL,10.089633607075173,18.878485964486966
Set B,B4158_D157_a0.13_ms100,$t_{T_\mathrm{max}}$,250.0,unpCFL,10.12943145925458,18.692629552336705
Set B,B4158_D157_a0.13_ms100,$t_{T_\mathrm{max}}$,250.0,unpCFL,10.169229311433986,18.504804297863974
Set B,B4158_D157_a0.13_ms100,$t_{T_\mathrm{max}}$,250.0,unpCFL,10.209027163613394,18.315011287536553
Set B,B4158_D157_a0.13_ms100,$t_{T_\mathrm{max}}$,250.0,unpCFL,10.248831332912193,18.123448048558352
Set B,B4158_D157_a0.13_ms100,$t_{T_\mathrm{max}}$,250.0,unpCFL,10.288629185091597,17.912056128687524
Set B,B4158_D157_a0.13_ms100,$t_{T_\mathrm{max}}$,250.0,unpCFL,10.328427037271004,17.714088012307457
Set B,B4158_D157_a0.13_ms100,$t_{T_\mathrm{max}}$,250.0,unpCFL,10.36822488945041,17.513800183061967
Set B,B4158_D157_a0.13_ms100,$t_{T_\mathrm{max}}$,250.0,unpCFL,10.40802905874921,17.311062520626717
Set B,B4158_D157_a0.13_ms100,$t_{T_\mathrm{max}}$,250.0,unpCFL,10.447826910928617,17.10572589432267
Set B,B4158_D157_a0.13_ms100,$t_{T_\mathrm{max}}$,250.0,unpCFL,10.487624763108023,16.8978585634992
Set B,B4158_D157_a0.13_ms100,$t_{T_\mathrm{max}}$,250.0,unpCFL,10.52742261528743,16.688143245187835
Set B,B4158_D157_a0.13_ms100,$t_{T_\mathrm{max}}$,250.0,unpCFL,10.567226784586229,16.467302603375362
Set B,B4158_D157_a0.13_ms100,$t_{T_\mathrm{max}}$,250.0,unpCFL,10.607024636765635,16.251336046338587
Set B,B4158_D157_a0.13_ms100,$t_{T_\mathrm{max}}$,250.0,unpCFL,10.646822488945041,16.032895925250347
Set B,B4158_D157_a0.13_ms100,$t_{T_\mathrm{max}}$,250.0,unpCFL,10.686620341124447,15.812265764807997
Set B,B4158_D157_a0.13_ms100,$t_{T_\mathrm{max}}$,250.0,unpCFL,10.726424510423248,15.589463287135985
Set B,B4158_D157_a0.13_ms100,$t_{T_\mathrm{max}}$,250.0,unpCFL,10.766222362602655,15.364579069287979
Set B,B4158_D157_a0.13_ms100,$t_{T_\mathrm{max}}$,250.0,unpCFL,10.806020214782059,15.137584316526477
Set B,B4158_D157_a0.13_ms100,$t_{T_\mathrm{max}}$,250.0,unpCFL,10.845818066961465,14.90795783523772
Set B,B4158_D157_a0.13_ms100,$t_{T_\mathrm{max}}$,250.0,unpCFL,10.885615919140871,14.675391076060416
Set B,B4158_D157_a0.13_ms100,$t_{T_\mathrm{max}}$,250.0,unpCFL,10.925420088439672,14.438681221160644
Set B,B4158_D157_a0.13_ms100,$t_{T_\mathrm{max}}$,250.0,unpCFL,10.965217940619079,14.197281002121551
Set B,B4158_D157_a0.13_ms100,$t_{T_\mathrm{max}}$,250.0,unpCFL,11.005015792798485,13.95225142348174
Set B,B4158_D157_a0.13_ms100,$t_{T_\mathrm{max}}$,250.0,unpCFL,11.044813644977891,13.70381739702302
Set B,B4158_D157_a0.13_ms100,$t_{T_\mathrm{max}}$,250.0,unpCFL,11.08461781427669,13.453019029948258
Set B,B4158_D157_a0.13_ms100,$t_{T_\mathrm{max}}$,250.0,unpCFL,11.124415666456096,13.200706104113866
Set B,B4158_D157_a0.13_ms100,$t_{T_\mathrm{max}}$,250.0,unpCFL,11.164213518635503,12.947400322768718
Set B,B4158_D157_a0.13_ms100,$t_{T_\mathrm{max}}$,250.0,unpCFL,11.204011370814909,12.693093150772901
Set B,B4158_D157_a0.13_ms100,$t_{T_\mathrm{max}}$,250.0,unpCFL,11.243815540113708,12.437473679592857
Set B,B4158_D157_a0.13_ms100,$t_{T_\mathrm{max}}$,250.0,unpCFL,11.283613392293114,12.179958730174139
Set B,B4158_D157_a0.13_ms100,$t_{T_\mathrm{max}}$,250.0,unpCFL,11.32341124447252,11.919315746806008
Set B,B4158_D157_a0.13_ms100,$t_{T_\mathrm{max}}$,250.0,unpCFL,11.363209096651927,11.65441513441593
Set B,B4158_D157_a0.13_ms100,$t_{T_\mathrm{max}}$,250.0,unpCFL,11.403006948831333,11.383744887738041
Set B,B4158_D157_a0.13_ms100,$t_{T_\mathrm{max}}$,250.0,unpCFL,11.442811118130132,11.107348777196572
Set B,B4158_D157_a0.13_ms100,$t_{T_\mathrm{max}}$,250.0,unpCFL,11.482608970309538,10.826181522939178
Set B,B4158_D157_a0.13_ms100,$t_{T_\mathrm{max}}$,250.0,unpCFL,11.522406822488946,10.542766243532741
Set B,B4158_D157_a0.13_ms100,$t_{T_\mathrm{max}}$,250.0,unpCFL,11.562204674668353,10.260548845220445
Set B,B4158_D157_a0.13_ms100,$t_{T_\mathrm{max}}$,250.0,unpCFL,11.602008843967152,9.986440159971574
Set B,B4158_D157_a0.13_ms100,$t_{T_\mathrm{max}}$,250.0,unpCFL,11.641806696146556,9.723008799644743
Set B,B4158_D157_a0.13_ms100,$t_{T_\mathrm{max}}$,250.0,unpCFL,11.681604548325963,9.470840192288897
Set B,B4158_D157_a0.13_ms100,$t_{T_\mathrm{max}}$,250.0,unpCFL,11.72140240050537,9.218064350373552
Set B,B4158_D157_a0.13_ms100,$t_{T_\mathrm{max}}$,250.0,unpCFL,11.76120656980417,8.96458607711243
Set B,B4158_D157_a0.13_ms100,$t_{T_\mathrm{max}}$,250.0,unpCFL,11.801004421983576,8.709204643252292
Set B,B4158_D157_a0.13_ms100,$t_{T_\mathrm{max}}$,250.0,unpCFL,11.840802274162982,8.452478578726906
Set B,B4158_D157_a0.13_ms100,$t_{T_\mathrm{max}}$,250.0,unpCFL,11.880600126342388,8.195668872235016
Set B,B4158_D157_a0.13_ms100,$t_{T_\mathrm{max}}$,250.0,unpCFL,11.920404295641188,7.941073302838815
Set B,B4158_D157_a0.13_ms100,$t_{T_\mathrm{max}}$,250.0,unpCFL,11.960202147820594,7.694531967953605
Set B,B4158_D157_a0.13_ms100,$t_{T_\mathrm{max}}$,250.0,unpCFL,12.0,7.463860223710837
