alpha_s,B4_MeV,Delta0_MeV,sigma_crit_star,M_max_Msun,reject_reason_code
0.15707963267948966,130.0,0.0,,2.3528434812369996,6
0.15707963267948966,131.0,0.0,,2.318971297578316,6
0.15707963267948966,132.0,0.0,,2.285797867215876,6
0.15707963267948966,133.0,0.0,,2.2532370140450935,6
0.15707963267948966,134.0,0.0,,2.2213756710453594,6
0.15707963267948966,135.0,0.0,,2.190320224595867,6
0.15707963267948966,136.0,0.0,,2.1598002913743737,6
0.15707963267948966,137.0,0.0,,2.129879934079447,6
0.15707963267948966,138.0,0.0,,2.100562939789006,6
0.15707963267948966,139.0,0.0,,2.0719079132085874,6
0.15707963267948966,140.0,0.0,,2.043819275012109,6
0.15707963267948966,141.0,0.0,108.18370020426718,2.01622126481689,5
0.15707963267948966,142.0,0.0,,1.9892064355127828,4
0.15707963267948966,143.0,0.0,,1.9627583210586506,4
0.15707963267948966,144.0,0.0,,1.9368175672410117,4
0.15707963267948966,145.0,0.0,,1.9112809119985965,4
0.15707963267948966,146.0,0.0,,1.8863885905597664,4
0.15707963267948966,147.0,0.0,,1.8619126792606016,4
0.15707963267948966,148.0,0.0,,1.8378515593753415,4
0.15707963267948966,149.0,0.0,,1.814334609332579,4
0.15707963267948966,150.0,0.0,,1.7912402562187937,4
0.15707963267948966,151.0,0.0,,1.7685252378928615,4
0.15707963267948966,152.0,0.0,,1.7462787418389556,4
0.15707963267948966,153.0,0.0,,1.724481879779997,4
0.15707963267948966,154.0,0.0,,1.7029907533452844,4
0.15707963267948966,155.0,0.0,,,1
0.15707963267948966,156.0,0.0,,,1
0.15707963267948966,157.0,0.0,,,1
0.15707963267948966,158.0,0.0,,,1
0.15707963267948966,159.0,0.0,,,1
0.15707963267948966,160.0,0.0,,,1
0.15707963267948966,161.0,0.0,,,1
0.15707963267948966,162.0,0.0,,,1
0.15707963267948966,163.0,0.0,,,1
0.15707963267948966,164.0,0.0,,,1
0.15707963267948966,165.0,0.0,,,1
0.15707963267948966,166.0,0.0,,,1
0.15707963267948966,167.0,0.0,,,1
0.15707963267948966,168.0,0.0,,,1
0.15707963267948966,169.0,0.0,,,1
0.15707963267948966,170.0,0.0,,,1
0.15707963267948966,171.0,0.0,,,1
0.15707963267948966,172.0,0.0,,,1
0.15707963267948966,173.0,0.0,,,1
0.15707963267948966,174.0,0.0,,,1
0.15707963267948966,175.0,0.0,,,1
0.15707963267948966,176.0,0.0,,,1
0.15707963267948966,177.0,0.0,,,1
0.15707963267948966,178.0,0.0,,,1
0.15707963267948966,179.0,0.0,,,1
0.15707963267948966,180.0,0.0,,,1
0.15707963267948966,130.0,4.0,,2.3539271736220124,6
0.15707963267948966,131.0,4.0,,2.319984672259513,6
0.15707963267948966,132.0,4.0,,2.2867876067482475,6
0.15707963267948966,133.0,4.0,,2.254227463318506,6
0.15707963267948966,134.0,4.0,,2.222354150274174,6
0.15707963267948966,135.0,4.0,,2.191222179452577,6
0.15707963267948966,136.0,4.0,,2.160712328681543,6
0.15707963267948966,137.0,4.0,,2.1307191803300793,6
0.15707963267948966,138.0,4.0,,2.101383359273599,6
0.15707963267948966,139.0,4.0,,2.0727359453539753,6
0.15707963267948966,140.0,4.0,,2.0445999448667385,6
0.15707963267948966,141.0,4.0,108.18370020426718,2.0169978514672073,5
0.15707963267948966,142.0,4.0,,1.9899642080489848,4
0.15707963267948966,143.0,4.0,,1.9634969854212776,4
0.15707963267948966,144.0,4.0,,1.9375330477663653,4
0.15707963267948966,145.0,4.0,,1.911983341444206,4
0.15707963267948966,146.0,4.0,,1.8870748529280637,4
0.15707963267948966,147.0,4.0,,1.86256974676457,4
0.15707963267948966,148.0,4.0,,1.8384603971671123,4
0.15707963267948966,149.0,4.0,,1.8149465725408063,4
0.15707963267948966,150.0,4.0,,1.7918565969537548,4
0.15707963267948966,151.0,4.0,,1.7691151836233592,4
0.15707963267948966,152.0,4.0,,1.7468562503631258,4
0.15707963267948966,153.0,4.0,,1.7250218098762062,4
0.15707963267948966,154.0,4.0,,1.7035258797682549,4
0.15707963267948966,155.0,4.0,,,1
0.15707963267948966,156.0,4.0,,,1
0.15707963267948966,157.0,4.0,,,1
0.15707963267948966,158.0,4.0,,,1
0.15707963267948966,159.0,4.0,,,1
0.15707963267948966,160.0,4.0,,,1
0.15707963267948966,161.0,4.0,,,1
0.15707963267948966,162.0,4.0,,,1
0.15707963267948966,163.0,4.0,,,1
0.15707963267948966,164.0,4.0,,,1
0.15707963267948966,165.0,4.0,,,1
0.15707963267948966,166.0,4.0,,,1
0.15707963267948966,167.0,4.0,,,1
0.15707963267948966,168.0,4.0,,,1
0.15707963267948966,169.0,4.0,,,1
0.15707963267948966,170.0,4.0,,,1
0.15707963267948966,171.0,4.0,,,1
0.15707963267948966,172.0,4.0,,,1
0.15707963267948966,173.0,4.0,,,1
0.15707963267948966,174.0,4.0,,,1
0.15707963267948966,175.0,4.0,,,1
0.15707963267948966,176.0,4.0,,,1
0.15707963267948966,177.0,4.0,,,1
0.15707963267948966,178.0,4.0,,,1
0.15707963267948966,179.0,4.0,,,1
0.15707963267948966,180.0,4.0,,,1
0.15707963267948966,130.0,8.0,,2.357082624193492,6
0.15707963267948966,131.0,8.0,,2.323123511583911,6
0.15707963267948966,132.0,8.0,,2.289770838396332,6
0.15707963267948966,133.0,8.0,,2.257112780399767,6
0.15707963267948966,134.0,8.0,,2.2251397103160677,6
0.15707963267948966,135.0,8.0,,2.193989661795949,6
0.15707963267948966,136.0,8.0,,2.163348000140243,6
0.15707963267948966,137.0,8.0,,2.133318929429199,6
0.15707963267948966,138.0,8.0,,2.1038996580036002,6
0.15707963267948966,139.0,8.0,,2.0751949075337053,6
0.15707963267948966,140.0,8.0,,2.0469684994831843,6
0.15707963267948966,141.0,8.0,108.18370020426718,2.019298722396415,5
0.15707963267948966,142.0,8.0,,1.9922486588170727,4
0.15707963267948966,143.0,8.0,,1.9656618322842863,4
0.15707963267948966,144.0,8.0,,1.9396307436242397,4
0.15707963267948966,145.0,8.0,,1.9140429118298277,4
0.15707963267948966,146.0,8.0,,1.8890693641317586,4
0.15707963267948966,147.0,8.0,,1.8645404308413724,4
0.15707963267948966,148.0,8.0,,1.840365485348977,4
0.15707963267948966,149.0,8.0,,1.8168217505984239,4
0.15707963267948966,150.0,8.0,,1.7936449447347695,4
0.15707963267948966,151.0,8.0,,1.7708588533959342,4
0.15707963267948966,152.0,8.0,,1.7485885758869821,4
0.15707963267948966,153.0,8.0,,1.7267039445257384,4
0.15707963267948966,154.0,8.0,,1.7051492487090651,4
0.15707963267948966,155.0,8.0,,,1
0.15707963267948966,156.0,8.0,,,1
0.15707963267948966,157.0,8.0,,,1
0.15707963267948966,158.0,8.0,,,1
0.15707963267948966,159.0,8.0,,,1
0.15707963267948966,160.0,8.0,,,1
0.15707963267948966,161.0,8.0,,,1
0.15707963267948966,162.0,8.0,,,1
0.15707963267948966,163.0,8.0,,,1
0.15707963267948966,164.0,8.0,,,1
0.15707963267948966,165.0,8.0,,,1
0.15707963267948966,166.0,8.0,,,1
0.15707963267948966,167.0,8.0,,,1
0.15707963267948966,168.0,8.0,,,1
0.15707963267948966,169.0,8.0,,,1
0.15707963267948966,170.0,8.0,,,1
0.15707963267948966,171.0,8.0,,,1
0.15707963267948966,172.0,8.0,,,1
0.15707963267948966,173.0,8.0,,,1
0.15707963267948966,174.0,8.0,,,1
0.15707963267948966,175.0,8.0,,,1
0.15707963267948966,176.0,8.0,,,1
0.15707963267948966,177.0,8.0,,,1
0.15707963267948966,178.0,8.0,,,1
0.15707963267948966,179.0,8.0,,,1
0.15707963267948966,180.0,8.0,,,1
0.15707963267948966,130.0,12.0,,2.3624741607989708,6
0.15707963267948966,131.0,12.0,,2.328290424951723,6
0.15707963267948966,132.0,12.0,,2.2947605467067285,6
0.15707963267948966,133.0,12.0,,2.2619732442061613,6
0.15707963267948966,134.0,12.0,,2.2299222669626824,6
0.15707963267948966,135.0,12.0,,2.1985725669556917,6
0.15707963267948966,136.0,12.0,,2.1677761285276786,6
0.15707963267948966,137.0,12.0,,2.1376073276821854,6
0.15707963267948966,138.0,12.0,,2.1081362198944182,6
0.15707963267948966,139.0,12.0,,2.0792938399737824,6
0.15707963267948966,140.0,12.0,,2.050905506292257,6
0.15707963267948966,141.0,12.0,108.18370020426718,2.02308047415641,5
0.15707963267948966,142.0,12.0,,1.9959841862146925,4
0.15707963267948966,143.0,12.0,,1.9693075680783405,4
0.15707963267948966,144.0,12.0,,1.943157571308573,4
0.15707963267948966,145.0,12.0,,1.9175352817478701,4
0.15707963267948966,146.0,12.0,,1.8924467251598167,4
0.15707963267948966,147.0,12.0,,1.8677770443138138,4
0.15707963267948966,148.0,12.0,,1.8435479352163682,4
0.15707963267948966,149.0,12.0,,1.8199234133823758,4
0.15707963267948966,150.0,12.0,,1.796655781473601,4
0.15707963267948966,151.0,12.0,,1.7737565058468905,4
0.15707963267948966,152.0,12.0,,1.7514507376670032,4
0.15707963267948966,153.0,12.0,,1.729478443069237,4
0.15707963267948966,154.0,12.0,,1.7078412263407243,4
0.15707963267948966,155.0,12.0,,,1
0.15707963267948966,156.0,12.0,,,1
0.15707963267948966,157.0,12.0,,,1
0.15707963267948966,158.0,12.0,,,1
0.15707963267948966,159.0,12.0,,,1
0.15707963267948966,160.0,12.0,,,1
0.15707963267948966,161.0,12.0,,,1
0.15707963267948966,162.0,12.0,,,1
0.15707963267948966,163.0,12.0,,,1
0.15707963267948966,164.0,12.0,,,1
0.15707963267948966,165.0,12.0,,,1
0.15707963267948966,166.0,12.0,,,1
0.15707963267948966,167.0,12.0,,,1
0.15707963267948966,168.0,12.0,,,1
0.15707963267948966,169.0,12.0,,,1
0.15707963267948966,170.0,12.0,,,1
0.15707963267948966,171.0,12.0,,,1
0.15707963267948966,172.0,12.0,,,1
0.15707963267948966,173.0,12.0,,,1
0.15707963267948966,174.0,12.0,,,1
0.15707963267948966,175.0,12.0,,,1
0.15707963267948966,176.0,12.0,,,1
0.15707963267948966,177.0,12.0,,,1
0.15707963267948966,178.0,12.0,,,1
0.15707963267948966,179.0,12.0,,,1
0.15707963267948966,180.0,12.0,,,1
0.15707963267948966,130.0,16.0,,2.3698883317682378,6
0.15707963267948966,131.0,16.0,,2.3355030122571097,6
0.15707963267948966,132.0,16.0,,2.3017482664435858,6
0.15707963267948966,133.0,16.0,,2.268745719458517,6
0.15707963267948966,134.0,16.0,,2.2365600153767136,6
0.15707963267948966,135.0,16.0,,2.205007129262376,6
0.15707963267948966,136.0,16.0,,2.173966225847654,6
0.15707963267948966,137.0,16.0,,2.1436781226000594,6
0.15707963267948966,138.0,16.0,,2.113995142874035,6
0.15707963267948966,139.0,16.0,,2.084980763935419,6
0.15707963267948966,140.0,16.0,,2.0564540480385958,6
0.15707963267948966,141.0,16.0,108.18370020426718,2.0285208899307405,5
0.15707963267948966,142.0,16.0,106.41281993944399,2.001236876724283,5
0.15707963267948966,143.0,16.0,,1.9744014534779235,4
0.15707963267948966,144.0,16.0,,1.9480836814210556,4
0.15707963267948966,145.0,16.0,,1.9223592891568881,4
0.15707963267948966,146.0,16.0,,1.8971302192415769,4
0.15707963267948966,147.0,16.0,,1.872308783934787,4
0.15707963267948966,148.0,16.0,,1.8480421810007885,4
0.15707963267948966,149.0,16.0,,1.8242543294659732,4
0.15707963267948966,150.0,16.0,,1.800841031413044,4
0.15707963267948966,151.0,16.0,,1.7778931376244338,4
0.15707963267948966,152.0,16.0,,1.7554522031210793,4
0.15707963267948966,153.0,16.0,,1.7333531830637483,4
0.15707963267948966,154.0,16.0,,1.711662881690543,4
0.15707963267948966,155.0,16.0,,,1
0.15707963267948966,156.0,16.0,,,1
0.15707963267948966,157.0,16.0,,,1
0.15707963267948966,158.0,16.0,,,1
0.15707963267948966,159.0,16.0,,,1
0.15707963267948966,160.0,16.0,,,1
0.15707963267948966,161.0,16.0,,,1
0.15707963267948966,162.0,16.0,,,1
0.15707963267948966,163.0,16.0,,,1
0.15707963267948966,164.0,16.0,,,1
0.15707963267948966,165.0,16.0,,,1
0.15707963267948966,166.0,16.0,,,1
0.15707963267948966,167.0,16.0,,,1
0.15707963267948966,168.0,16.0,,,1
0.15707963267948966,169.0,16.0,,,1
0.15707963267948966,170.0,16.0,,,1
0.15707963267948966,171.0,16.0,,,1
0.15707963267948966,172.0,16.0,,,1
0.15707963267948966,173.0,16.0,,,1
0.15707963267948966,174.0,16.0,,,1
0.15707963267948966,175.0,16.0,,,1
0.15707963267948966,176.0,16.0,,,1
0.15707963267948966,177.0,16.0,,,1
0.15707963267948966,178.0,16.0,,,1
0.15707963267948966,179.0,16.0,,,1
0.15707963267948966,180.0,16.0,,,1
0.15707963267948966,130.0,20.0,,2.379522205053413,6
0.15707963267948966,131.0,20.0,,2.344811850352693,6
0.15707963267948966,132.0,20.0,,2.310726969156399,6
0.15707963267948966,133.0,20.0,,2.277597525901792,6
0.15707963267948966,134.0,20.0,,2.2450520892228027,6
0.15707963267948966,135.0,20.0,,2.213209125804543,6
0.15707963267948966,136.0,20.0,,2.1819550261006317,6
0.15707963267948966,137.0,20.0,,2.1515007088033458,6
0.15707963267948966,138.0,20.0,,2.1215952293146842,6
0.15707963267948966,139.0,20.0,,2.0922932953350766,6
0.15707963267948966,140.0,20.0,,2.063540732848993,6
0.15707963267948966,141.0,20.0,108.18370020426718,2.03552933303353,5
0.15707963267948966,142.0,20.0,106.41281993944399,2.007984808474662,5
0.15707963267948966,143.0,20.0,,1.9809358432852084,4
0.15707963267948966,144.0,20.0,,1.9544833351225044,4
0.15707963267948966,145.0,20.0,,1.928579334874832,4
0.15707963267948966,146.0,20.0,,1.9031676865616227,4
0.15707963267948966,147.0,20.0,,1.878148416015286,4
0.15707963267948966,148.0,20.0,,1.8537905359725797,4
0.15707963267948966,149.0,20.0,,1.8298266284762124,4
0.15707963267948966,150.0,20.0,,1.806234633303747,4
0.15707963267948966,151.0,20.0,,1.7832030421893204,4
0.15707963267948966,152.0,20.0,,1.760604612394431,4
0.15707963267948966,153.0,20.0,,1.7383389211426108,4
0.15707963267948966,154.0,20.0,,1.716610451950638,4
0.15707963267948966,155.0,20.0,,1.6952022277942542,4
0.15707963267948966,156.0,20.0,,,1
0.15707963267948966,157.0,20.0,,,1
0.15707963267948966,158.0,20.0,,,1
0.15707963267948966,159.0,20.0,,,1
0.15707963267948966,160.0,20.0,,,1
0.15707963267948966,161.0,20.0,,,1
0.15707963267948966,162.0,20.0,,,1
0.15707963267948966,163.0,20.0,,,1
0.15707963267948966,164.0,20.0,,,1
0.15707963267948966,165.0,20.0,,,1
0.15707963267948966,166.0,20.0,,,1
0.15707963267948966,167.0,20.0,,,1
0.15707963267948966,168.0,20.0,,,1
0.15707963267948966,169.0,20.0,,,1
0.15707963267948966,170.0,20.0,,,1
0.15707963267948966,171.0,20.0,,,1
0.15707963267948966,172.0,20.0,,,1
0.15707963267948966,173.0,20.0,,,1
0.15707963267948966,174.0,20.0,,,1
0.15707963267948966,175.0,20.0,,,1
0.15707963267948966,176.0,20.0,,,1
0.15707963267948966,177.0,20.0,,,1
0.15707963267948966,178.0,20.0,,,1
0.15707963267948966,179.0,20.0,,,1
0.15707963267948966,180.0,20.0,,,1
0.15707963267948966,130.0,24.0,,2.3912551358807015,6
0.15707963267948966,131.0,24.0,,2.3561268809621647,6
0.15707963267948966,132.0,24.0,,2.3218942693861133,6
0.15707963267948966,133.0,24.0,,2.288377420699037,6
0.15707963267948966,134.0,24.0,,2.2554401250284455,6
0.15707963267948966,135.0,24.0,,2.2232794334808146,6
0.15707963267948966,136.0,24.0,,2.19180581533903,6
0.15707963267948966,137.0,24.0,,2.1610885362971026,6
0.15707963267948966,138.0,24.0,,2.130860621158443,6
0.15707963267948966,139.0,24.0,,2.1012780757361,6
0.15707963267948966,140.0,24.0,,2.072337360310461,6
0.15707963267948966,141.0,24.0,108.18370020426718,2.0440746873546263,5
0.15707963267948966,142.0,24.0,106.41281993944399,2.0162640476453113,5
0.15707963267948966,143.0,24.0,,1.9889525233048038,4
0.15707963267948966,144.0,24.0,,1.9623651272681715,4
0.15707963267948966,145.0,24.0,,1.9362144537446881,4
0.15707963267948966,146.0,24.0,,1.910539778482541,4
0.15707963267948966,147.0,24.0,,1.8854257261740706,4
0.15707963267948966,148.0,24.0,,1.8608269426231956,4
0.15707963267948966,149.0,24.0,,1.83664234481373,4
0.15707963267948966,150.0,24.0,,1.812901533597416,4
0.15707963267948966,151.0,24.0,,1.7897078882911694,4
0.15707963267948966,152.0,24.0,,1.7668951264511596,4
0.15707963267948966,153.0,24.0,,1.7444789504878246,4
0.15707963267948966,154.0,24.0,,1.722601598808665,4
0.15707963267948966,155.0,24.0,,1.7010202712904665,4
0.15707963267948966,156.0,24.0,,,1
0.15707963267948966,157.0,24.0,,,1
0.15707963267948966,158.0,24.0,,,1
0.15707963267948966,159.0,24.0,,,1
0.15707963267948966,160.0,24.0,,,1
0.15707963267948966,161.0,24.0,,,1
0.15707963267948966,162.0,24.0,,,1
0.15707963267948966,163.0,24.0,,,1
0.15707963267948966,164.0,24.0,,,1
0.15707963267948966,165.0,24.0,,,1
0.15707963267948966,166.0,24.0,,,1
0.15707963267948966,167.0,24.0,,,1
0.15707963267948966,168.0,24.0,,,1
0.15707963267948966,169.0,24.0,,,1
0.15707963267948966,170.0,24.0,,,1
0.15707963267948966,171.0,24.0,,,1
0.15707963267948966,172.0,24.0,,,1
0.15707963267948966,173.0,24.0,,,1
0.15707963267948966,174.0,24.0,,,1
0.15707963267948966,175.0,24.0,,,1
0.15707963267948966,176.0,24.0,,,1
0.15707963267948966,177.0,24.0,,,1
0.15707963267948966,178.0,24.0,,,1
0.15707963267948966,179.0,24.0,,,1
0.15707963267948966,180.0,24.0,,,1
0.15707963267948966,130.0,28.0,,2.405124426400845,6
0.15707963267948966,131.0,28.0,,2.369744556930061,6
0.15707963267948966,132.0,28.0,,2.3350115468674804,6
0.15707963267948966,133.0,28.0,,2.301113440843833,6
0.15707963267948966,134.0,28.0,,2.267792076078461,6
0.15707963267948966,135.0,28.0,,2.2352946276940644,6
0.15707963267948966,136.0,28.0,,2.2035239515707294,6
0.15707963267948966,137.0,28.0,,2.1723854236056734,6
0.15707963267948966,138.0,28.0,,2.1418177592528242,6
0.15707963267948966,139.0,28.0,,2.111972998794929,6
0.15707963267948966,140.0,28.0,,2.0827770056200916,6
0.15707963267948966,141.0,28.0,108.18370020426718,2.054118245312695,5
0.15707963267948966,142.0,28.0,106.41281993944399,2.0260223612825814,5
0.15707963267948966,143.0,28.0,,1.9985674172690513,4
0.15707963267948966,144.0,28.0,,1.9716511131519712,4
0.15707963267948966,145.0,28.0,,1.9452063690011783,4
0.15707963267948966,146.0,28.0,,1.9193111984437161,4
0.15707963267948966,147.0,28.0,,1.8939919434782977,4
0.15707963267948966,148.0,28.0,,1.8691361802379312,4
0.15707963267948966,149.0,28.0,,1.8446625986628407,4
0.15707963267948966,150.0,28.0,,1.820822065426773,4
0.15707963267948966,151.0,28.0,,1.7973868797786883,4
0.15707963267948966,152.0,28.0,,1.7743166736862352,4
0.15707963267948966,153.0,28.0,,1.7517821087524414,4
0.15707963267948966,154.0,28.0,,1.7296926928721756,4
0.15707963267948966,155.0,28.0,,1.707903190254674,4
0.15707963267948966,156.0,28.0,,,1
0.15707963267948966,157.0,28.0,,,1
0.15707963267948966,158.0,28.0,,,1
0.15707963267948966,159.0,28.0,,,1
0.15707963267948966,160.0,28.0,,,1
0.15707963267948966,161.0,28.0,,,1
0.15707963267948966,162.0,28.0,,,1
0.15707963267948966,163.0,28.0,,,1
0.15707963267948966,164.0,28.0,,,1
0.15707963267948966,165.0,28.0,,,1
0.15707963267948966,166.0,28.0,,,1
0.15707963267948966,167.0,28.0,,,1
0.15707963267948966,168.0,28.0,,,1
0.15707963267948966,169.0,28.0,,,1
0.15707963267948966,170.0,28.0,,,1
0.15707963267948966,171.0,28.0,,,1
0.15707963267948966,172.0,28.0,,,1
0.15707963267948966,173.0,28.0,,,1
0.15707963267948966,174.0,28.0,,,1
0.15707963267948966,175.0,28.0,,,1
0.15707963267948966,176.0,28.0,,,1
0.15707963267948966,177.0,28.0,,,1
0.15707963267948966,178.0,28.0,,,1
0.15707963267948966,179.0,28.0,,,1
0.15707963267948966,180.0,28.0,,,1
0.15707963267948966,130.0,32.0,,2.4214090572590856,6
0.15707963267948966,131.0,32.0,,2.3855307624136044,6
0.15707963267948966,132.0,32.0,,2.350257593195438,6
0.15707963267948966,133.0,32.0,,2.3157742911547916,6
0.15707963267948966,134.0,32.0,,2.2821511661440574,6
0.15707963267948966,135.0,32.0,,2.2492938899979675,6
0.15707963267948966,136.0,32.0,,2.2170082806227724,6
0.15707963267948966,137.0,32.0,,2.185443714613592,6
0.15707963267948966,138.0,32.0,,2.1545579002338657,6
0.15707963267948966,139.0,32.0,,2.124380397790702,6
0.15707963267948966,140.0,32.0,,2.094759605486781,6
0.15707963267948966,141.0,32.0,108.18370020426718,2.065719449285088,5
0.15707963267948966,142.0,32.0,106.41281993944399,2.0373719151224705,5
0.15707963267948966,143.0,32.0,104.58759794043024,2.0096319422017146,5
0.15707963267948966,144.0,32.0,,1.9823550335092985,4
0.15707963267948966,145.0,32.0,,1.9555894319009404,4
0.15707963267948966,146.0,32.0,,1.9294918597762971,4
0.15707963267948966,147.0,32.0,,1.903884010202569,4
0.15707963267948966,148.0,32.0,,1.8786909762208188,4
0.15707963267948966,149.0,32.0,,1.8540790942054017,4
0.15707963267948966,150.0,32.0,,1.829958778632096,4
0.15707963267948966,151.0,32.0,,1.8062292409718577,4
0.15707963267948966,152.0,32.0,,1.7829788279743513,4
0.15707963267948966,153.0,32.0,,1.7602243343948114,4
0.15707963267948966,154.0,32.0,,1.7378543470909484,4
0.15707963267948966,155.0,32.0,,1.715880926695754,4
0.15707963267948966,156.0,32.0,,1.6944214479972954,4
0.15707963267948966,157.0,32.0,,,1
0.15707963267948966,158.0,32.0,,,1
0.15707963267948966,159.0,32.0,,,1
0.15707963267948966,160.0,32.0,,,1
0.15707963267948966,161.0,32.0,,,1
0.15707963267948966,162.0,32.0,,,1
0.15707963267948966,163.0,32.0,,,1
0.15707963267948966,164.0,32.0,,,1
0.15707963267948966,165.0,32.0,,,1
0.15707963267948966,166.0,32.0,,,1
0.15707963267948966,167.0,32.0,,,1
0.15707963267948966,168.0,32.0,,,1
0.15707963267948966,169.0,32.0,,,1
0.15707963267948966,170.0,32.0,,,1
0.15707963267948966,171.0,32.0,,,1
0.15707963267948966,172.0,32.0,,,1
0.15707963267948966,173.0,32.0,,,1
0.15707963267948966,174.0,32.0,,,1
0.15707963267948966,175.0,32.0,,,1
0.15707963267948966,176.0,32.0,,,1
0.15707963267948966,177.0,32.0,,,1
0.15707963267948966,178.0,32.0,,,1
0.15707963267948966,179.0,32.0,,,1
0.15707963267948966,180.0,32.0,,,1
0.15707963267948966,130.0,36.0,,2.4398756566625037,6
0.15707963267948966,131.0,36.0,,2.4032423178665465,6
0.15707963267948966,132.0,36.0,,2.3675099431526108,6
0.15707963267948966,133.0,36.0,,2.3326007956355563,6
0.15707963267948966,134.0,36.0,,2.29851998938452,6
0.15707963267948966,135.0,36.0,,2.2650411297802804,6
0.15707963267948966,136.0,36.0,,2.2322866653942404,6
0.15707963267948966,137.0,36.0,,2.200359546692414,6
0.15707963267948966,138.0,36.0,,2.1690985025131257,6
0.15707963267948966,139.0,36.0,,2.138441848024335,6
0.15707963267948966,140.0,36.0,,2.108372955827147,6
0.15707963267948966,141.0,36.0,108.18370020426718,2.079080541904765,5
0.15707963267948966,142.0,36.0,106.41281993944399,2.050305916169555,5
0.15707963267948966,143.0,36.0,104.58759794043024,2.0221323729117886,5
0.15707963267948966,144.0,36.0,,1.9944717896730175,4
0.15707963267948966,145.0,36.0,,1.9675329052054384,4
0.15707963267948966,146.0,36.0,,1.941066394043521,4
0.15707963267948966,147.0,36.0,,1.9150714443375905,4
0.15707963267948966,148.0,36.0,,1.8896355802943507,4
0.15707963267948966,149.0,36.0,,1.8647463347539717,4
0.15707963267948966,150.0,36.0,,1.84027374375896,4
0.15707963267948966,151.0,36.0,,1.8162746054886383,4
0.15707963267948966,152.0,36.0,,1.7928491946623057,4
0.15707963267948966,153.0,36.0,,1.7697919516912275,4
0.15707963267948966,154.0,36.0,,1.7471146808977083,4
0.15707963267948966,155.0,36.0,,1.7250189722438165,4
0.15707963267948966,156.0,36.0,,1.7032673023298657,4
0.15707963267948966,157.0,36.0,,,1
0.15707963267948966,158.0,36.0,,,1
0.15707963267948966,159.0,36.0,,,1
0.15707963267948966,160.0,36.0,,,1
0.15707963267948966,161.0,36.0,,,1
0.15707963267948966,162.0,36.0,,,1
0.15707963267948966,163.0,36.0,,,1
0.15707963267948966,164.0,36.0,,,1
0.15707963267948966,165.0,36.0,,,1
0.15707963267948966,166.0,36.0,,,1
0.15707963267948966,167.0,36.0,,,1
0.15707963267948966,168.0,36.0,,,1
0.15707963267948966,169.0,36.0,,,1
0.15707963267948966,170.0,36.0,,,1
0.15707963267948966,171.0,36.0,,,1
0.15707963267948966,172.0,36.0,,,1
0.15707963267948966,173.0,36.0,,,1
0.15707963267948966,174.0,36.0,,,1
0.15707963267948966,175.0,36.0,,,1
0.15707963267948966,176.0,36.0,,,1
0.15707963267948966,177.0,36.0,,,1
0.15707963267948966,178.0,36.0,,,1
0.15707963267948966,179.0,36.0,,,1
0.15707963267948966,180.0,36.0,,,1
0.15707963267948966,130.0,40.0,,2.4604080716314805,6
0.15707963267948966,131.0,40.0,,2.423325757371915,6
0.15707963267948966,132.0,40.0,,2.3870282900559245,6
0.15707963267948966,133.0,40.0,,2.351438160607686,6
0.15707963267948966,134.0,40.0,,2.3166895980667634,6
0.15707963267948966,135.0,40.0,,2.2827222326863432,6
0.15707963267948966,136.0,40.0,,2.249572082067863,6
0.15707963267948966,137.0,40.0,,2.2171199277000495,6
0.15707963267948966,138.0,40.0,,2.185343135970361,6
0.15707963267948966,139.0,40.0,,2.15413561532876,6
0.15707963267948966,140.0,40.0,,2.1237312117915335,6
0.15707963267948966,141.0,40.0,108.18370020426718,2.093960674844772,5
0.15707963267948966,142.0,40.0,106.41281993944399,2.064761108676528,5
0.15707963267948966,143.0,40.0,104.58759794043024,2.036152642321196,5
0.15707963267948966,144.0,40.0,102.70609262666964,2.0082306891215533,5
0.15707963267948966,145.0,40.0,,1.9808826058324185,4
0.15707963267948966,146.0,40.0,,1.9539388958846846,4
0.15707963267948966,147.0,40.0,,1.9276793862637773,4
0.15707963267948966,148.0,40.0,,1.9019281102491998,4
0.15707963267948966,149.0,40.0,,1.8766769210057175,4
0.15707963267948966,150.0,40.0,,1.8518538858512885,4
0.15707963267948966,151.0,40.0,,1.8276357248640824,4
0.15707963267948966,152.0,40.0,,1.8038483248601225,4
0.15707963267948966,153.0,40.0,,1.7804736972219082,4
0.15707963267948966,154.0,40.0,,1.7576343347740653,4
0.15707963267948966,155.0,40.0,,1.7352211030306766,4
0.15707963267948966,156.0,40.0,,1.7131389701528956,4
0.15707963267948966,157.0,40.0,,1.6915729561231883,4
0.15707963267948966,158.0,40.0,,,1
0.15707963267948966,159.0,40.0,,,1
0.15707963267948966,160.0,40.0,,,1
0.15707963267948966,161.0,40.0,,,1
0.15707963267948966,162.0,40.0,,,1
0.15707963267948966,163.0,40.0,,,1
0.15707963267948966,164.0,40.0,,,1
0.15707963267948966,165.0,40.0,,,1
0.15707963267948966,166.0,40.0,,,1
0.15707963267948966,167.0,40.0,,,1
0.15707963267948966,168.0,40.0,,,1
0.15707963267948966,169.0,40.0,,,1
0.15707963267948966,170.0,40.0,,,1
0.15707963267948966,171.0,40.0,,,1
0.15707963267948966,172.0,40.0,,,1
0.15707963267948966,173.0,40.0,,,1
0.15707963267948966,174.0,40.0,,,1
0.15707963267948966,175.0,40.0,,,1
0.15707963267948966,176.0,40.0,,,1
0.15707963267948966,177.0,40.0,,,1
0.15707963267948966,178.0,40.0,,,1
0.15707963267948966,179.0,40.0,,,1
0.15707963267948966,180.0,40.0,,,1
0.15707963267948966,130.0,44.0,,2.483402971816149,6
0.15707963267948966,131.0,44.0,,2.44556863685964,6
0.15707963267948966,132.0,44.0,,2.4085360706804035,6
0.15707963267948966,133.0,44.0,,2.3722788619543245,6
0.15707963267948966,134.0,44.0,,2.3370860645069054,6
0.15707963267948966,135.0,44.0,,2.3025082573440696,6
0.15707963267948966,136.0,44.0,,2.268742504718024,6
0.15707963267948966,137.0,44.0,,2.2355606108990007,6
0.15707963267948966,138.0,44.0,,2.2033667694815056,6
0.15707963267948966,139.0,44.0,,2.171718993689243,6
0.15707963267948966,140.0,44.0,,2.140827928776651,6
0.15707963267948966,141.0,44.0,108.18370020426718,2.1104367604734433,5
0.15707963267948966,142.0,44.0,106.41281993944399,2.080809728196694,5
0.15707963267948966,143.0,44.0,104.58759794043024,2.0518665713744877,5
0.15707963267948966,144.0,44.0,102.70609262666964,2.023434947346416,5
0.15707963267948966,145.0,44.0,,1.9955763077056796,4
0.15707963267948966,146.0,44.0,,1.9683333476104874,4
0.15707963267948966,147.0,44.0,,1.9417173523914069,4
0.15707963267948966,148.0,44.0,,1.915510354559327,4
0.15707963267948966,149.0,44.0,,1.8898367350868448,4
0.15707963267948966,150.0,44.0,,1.864800385498337,4
0.15707963267948966,151.0,44.0,,1.8401973478887284,4
0.15707963267948966,152.0,44.0,,1.8160099644895469,4
0.15707963267948966,153.0,44.0,,1.7924062626450803,4
0.15707963267948966,154.0,44.0,,1.769249550875453,4
0.15707963267948966,155.0,44.0,,1.7464532550756795,4
0.15707963267948966,156.0,44.0,,1.7241643051731732,4
0.15707963267948966,157.0,44.0,,1.702333103276438,4
0.15707963267948966,158.0,44.0,,,1
0.15707963267948966,159.0,44.0,,,1
0.15707963267948966,160.0,44.0,,,1
0.15707963267948966,161.0,44.0,,,1
0.15707963267948966,162.0,44.0,,,1
0.15707963267948966,163.0,44.0,,,1
0.15707963267948966,164.0,44.0,,,1
0.15707963267948966,165.0,44.0,,,1
0.15707963267948966,166.0,44.0,,,1
0.15707963267948966,167.0,44.0,,,1
0.15707963267948966,168.0,44.0,,,1
0.15707963267948966,169.0,44.0,,,1
0.15707963267948966,170.0,44.0,,,1
0.15707963267948966,171.0,44.0,,,1
0.15707963267948966,172.0,44.0,,,1
0.15707963267948966,173.0,44.0,,,1
0.15707963267948966,174.0,44.0,,,1
0.15707963267948966,175.0,44.0,,,1
0.15707963267948966,176.0,44.0,,,1
0.15707963267948966,177.0,44.0,,,1
0.15707963267948966,178.0,44.0,,,1
0.15707963267948966,179.0,44.0,,,1
0.15707963267948966,180.0,44.0,,,1
0.15707963267948966,130.0,48.0,,2.50864617684404,6
0.15707963267948966,131.0,48.0,,2.469902519635597,6
0.15707963267948966,132.0,48.0,,2.4323321651951715,6
0.15707963267948966,133.0,48.0,,2.395473379819554,6
0.15707963267948966,134.0,48.0,,2.359366575601979,6
0.15707963267948966,135.0,48.0,,2.324106361574394,6
0.15707963267948966,136.0,48.0,,2.2896990653663862,6
0.15707963267948966,137.0,48.0,,2.256080738558835,6
0.15707963267948966,138.0,48.0,,2.223188502419451,6
0.15707963267948966,139.0,48.0,,2.1909717888373277,6
0.15707963267948966,140.0,48.0,,2.1594087486326,6
0.15707963267948966,141.0,48.0,108.18370020426718,2.128621476616515,5
0.15707963267948966,142.0,48.0,106.41281993944399,2.0985495588200314,5
0.15707963267948966,143.0,48.0,104.58759794043024,2.068994670658373,5
0.15707963267948966,144.0,48.0,102.70609262666964,2.040047305054726,5
0.15707963267948966,145.0,48.0,100.76481660736853,2.011833360119042,5
0.15707963267948966,146.0,48.0,,1.9841714604842915,4
0.15707963267948966,147.0,48.0,,1.9570285845025541,4
0.15707963267948966,148.0,48.0,,1.930437368099805,4
0.15707963267948966,149.0,48.0,,1.9044682847861902,4
0.15707963267948966,150.0,48.0,,1.878975095519575,4
0.15707963267948966,151.0,48.0,,1.8538999102995901,4
0.15707963267948966,152.0,48.0,,1.8294601459667603,4
0.15707963267948966,153.0,48.0,,1.805482884734834,4
0.15707963267948966,154.0,48.0,,1.7819398885637858,4
0.15707963267948966,155.0,48.0,,1.7588691712908378,4
0.15707963267948966,156.0,48.0,,1.7362897335335228,4
0.15707963267948966,157.0,48.0,,1.7140814415354968,4
0.15707963267948966,158.0,48.0,,1.6922985851589192,4
0.15707963267948966,159.0,48.0,,,1
0.15707963267948966,160.0,48.0,,,1
0.15707963267948966,161.0,48.0,,,1
0.15707963267948966,162.0,48.0,,,1
0.15707963267948966,163.0,48.0,,,1
0.15707963267948966,164.0,48.0,,,1
0.15707963267948966,165.0,48.0,,,1
0.15707963267948966,166.0,48.0,,,1
0.15707963267948966,167.0,48.0,,,1
0.15707963267948966,168.0,48.0,,,1
0.15707963267948966,169.0,48.0,,,1
0.15707963267948966,170.0,48.0,,,1
0.15707963267948966,171.0,48.0,,,1
0.15707963267948966,172.0,48.0,,,1
0.15707963267948966,173.0,48.0,,,1
0.15707963267948966,174.0,48.0,,,1
0.15707963267948966,175.0,48.0,,,1
0.15707963267948966,176.0,48.0,,,1
0.15707963267948966,177.0,48.0,,,1
0.15707963267948966,178.0,48.0,,,1
0.15707963267948966,179.0,48.0,,,1
0.15707963267948966,180.0,48.0,,,1
0.15707963267948966,130.0,52.0,,2.536327249911105,6
0.15707963267948966,131.0,52.0,,2.496787859289132,6
0.15707963267948966,132.0,52.0,,2.4581725161661026,6
0.15707963267948966,133.0,52.0,,2.420474290292501,6
0.15707963267948966,134.0,52.0,,2.383730689386761,6
0.15707963267948966,135.0,52.0,,2.3478261758876005,6
0.15707963267948966,136.0,52.0,,2.3127484708064685,6
0.15707963267948966,137.0,52.0,,2.278352885875787,6
0.15707963267948966,138.0,52.0,,2.244749384568628,6
0.15707963267948966,139.0,52.0,,2.2120069242516474,6
0.15707963267948966,140.0,52.0,,2.179922483700135,6
0.15707963267948966,141.0,52.0,108.18370020426718,2.148507767788796,5
0.15707963267948966,142.0,52.0,106.41281993944399,2.1177431249694103,5
0.15707963267948966,143.0,52.0,104.58759794043024,2.0877138237917117,5
0.15707963267948966,144.0,52.0,102.70609262666964,2.0583524234553323,5
0.15707963267948966,145.0,52.0,100.76481660736853,2.0295649275521557,5
0.15707963267948966,146.0,52.0,98.76199859102059,2.001320955152716,5
0.15707963267948966,147.0,52.0,,1.9737699049495374,4
0.15707963267948966,148.0,52.0,,1.946792887183015,4
0.15707963267948966,149.0,52.0,,1.92033579696613,4
0.15707963267948966,150.0,52.0,,1.894321755002805,4
0.15707963267948966,151.0,52.0,,1.8690303975354916,4
0.15707963267948966,152.0,52.0,,1.8441403688420648,4
0.15707963267948966,153.0,52.0,,1.81970477877031,4
0.15707963267948966,154.0,52.0,,1.7958470773698183,4
0.15707963267948966,155.0,52.0,,1.7724370282869508,4
0.15707963267948966,156.0,52.0,,1.7494645125142727,4
0.15707963267948966,157.0,52.0,,1.7269274737168825,4
0.15707963267948966,158.0,52.0,,1.7048752567417864,4
0.15707963267948966,159.0,52.0,,1.6831906226155837,4
0.15707963267948966,160.0,52.0,,,1
0.15707963267948966,161.0,52.0,,,1
0.15707963267948966,162.0,52.0,,,1
0.15707963267948966,163.0,52.0,,,1
0.15707963267948966,164.0,52.0,,,1
0.15707963267948966,165.0,52.0,,,1
0.15707963267948966,166.0,52.0,,,1
0.15707963267948966,167.0,52.0,,,1
0.15707963267948966,168.0,52.0,,,1
0.15707963267948966,169.0,52.0,,,1
0.15707963267948966,170.0,52.0,,,1
0.15707963267948966,171.0,52.0,,,1
0.15707963267948966,172.0,52.0,,,1
0.15707963267948966,173.0,52.0,,,1
0.15707963267948966,174.0,52.0,,,1
0.15707963267948966,175.0,52.0,,,1
0.15707963267948966,176.0,52.0,,,1
0.15707963267948966,177.0,52.0,,,1
0.15707963267948966,178.0,52.0,,,1
0.15707963267948966,179.0,52.0,,,1
0.15707963267948966,180.0,52.0,,,1
0.15707963267948966,130.0,56.0,,2.5660973994052356,6
0.15707963267948966,131.0,56.0,,2.5257673060438344,6
0.15707963267948966,132.0,56.0,,2.486315525697655,6
0.15707963267948966,133.0,56.0,,2.4478644444571267,6
0.15707963267948966,134.0,56.0,,2.4102374596617997,6
0.15707963267948966,135.0,56.0,,2.3734931928534935,6
0.15707963267948966,136.0,56.0,,2.337512293404671,6
0.15707963267948966,137.0,56.0,,2.3025526629491733,6
0.15707963267948966,138.0,56.0,,2.268348044395456,6
0.15707963267948966,139.0,56.0,,2.2348386519309065,6
0.15707963267948966,140.0,56.0,,2.2020411280515018,6
0.15707963267948966,141.0,56.0,108.18370020426718,2.1699984615133863,5
0.15707963267948966,142.0,56.0,106.41281993944399,2.1387092485023476,5
0.15707963267948966,143.0,56.0,104.58759794043024,2.108092619452382,5
0.15707963267948966,144.0,56.0,102.70609262666964,2.0780973406207317,5
0.15707963267948966,145.0,56.0,100.76481660736853,2.048710987873471,5
0.15707963267948966,146.0,56.0,98.76199859102059,2.0200893119253545,5
0.15707963267948966,147.0,56.0,,1.9919698927046514,4
0.15707963267948966,148.0,56.0,,1.9644349779933723,4
0.15707963267948966,149.0,56.0,,1.9374879774428175,4
0.15707963267948966,150.0,56.0,,1.9111645283451684,4
0.15707963267948966,151.0,56.0,,1.8853274351770637,4
0.15707963267948966,152.0,56.0,,1.8599237812401894,4
0.15707963267948966,153.0,56.0,,1.835229569540959,4
0.15707963267948966,154.0,56.0,,1.810928183514056,4
0.15707963267948966,155.0,56.0,,1.7870510515745885,4
0.15707963267948966,156.0,56.0,,1.763742938013583,4
0.15707963267948966,157.0,56.0,,1.7409101817724217,4
0.15707963267948966,158.0,56.0,,1.7184137308782315,4
0.15707963267948966,159.0,56.0,,1.6964111955061183,4
0.15707963267948966,160.0,56.0,,1.6748771100783093,4
0.15707963267948966,161.0,56.0,,,1
0.15707963267948966,162.0,56.0,,,1
0.15707963267948966,163.0,56.0,,,1
0.15707963267948966,164.0,56.0,,,1
0.15707963267948966,165.0,56.0,,,1
0.15707963267948966,166.0,56.0,,,1
0.15707963267948966,167.0,56.0,,,1
0.15707963267948966,168.0,56.0,,,1
0.15707963267948966,169.0,56.0,,,1
0.15707963267948966,170.0,56.0,,,1
0.15707963267948966,171.0,56.0,,,1
0.15707963267948966,172.0,56.0,,,1
0.15707963267948966,173.0,56.0,,,1
0.15707963267948966,174.0,56.0,,,1
0.15707963267948966,175.0,56.0,,,1
0.15707963267948966,176.0,56.0,,,1
0.15707963267948966,177.0,56.0,,,1
0.15707963267948966,178.0,56.0,,,1
0.15707963267948966,179.0,56.0,,,1
0.15707963267948966,180.0,56.0,,,1
0.15707963267948966,130.0,60.0,,2.598605337186526,6
0.15707963267948966,131.0,60.0,,2.557157281869144,6
0.15707963267948966,132.0,60.0,,2.516669324882767,6
0.15707963267948966,133.0,60.0,,2.4772205834796193,6
0.15707963267948966,134.0,60.0,,2.438718833109154,6
0.15707963267948966,135.0,60.0,,2.401274449135605,6
0.15707963267948966,136.0,60.0,,2.364576840999508,6
0.15707963267948966,137.0,60.0,,2.3286920561679976,6
0.15707963267948966,138.0,60.0,,2.293578159634243,6
0.15707963267948966,139.0,60.0,,2.2594130233283884,6
0.15707963267948966,140.0,60.0,,2.2259312380445646,6
0.15707963267948966,141.0,60.0,108.18370020426718,2.1932695789337306,5
0.15707963267948966,142.0,60.0,106.41281993944399,2.1612436776961865,5
0.15707963267948966,143.0,60.0,104.58759794043024,2.1299166051007368,5
0.15707963267948966,144.0,60.0,102.70609262666964,2.0993961370481067,5
0.15707963267948966,145.0,60.0,100.76481660736853,2.0695318370553037,5
0.15707963267948966,146.0,60.0,98.76199859102059,2.0402434789762873,5
0.15707963267948966,147.0,60.0,96.69452014070673,2.0115046826229297,5
0.15707963267948966,148.0,60.0,,1.9835544968671122,4
0.15707963267948966,149.0,60.0,,1.9560922582041411,4
0.15707963267948966,150.0,60.0,,1.92920886811096,4
0.15707963267948966,151.0,60.0,,1.9028512467513932,4
0.15707963267948966,152.0,60.0,,1.8771364538373438,4
0.15707963267948966,153.0,60.0,,1.851890612103064,4
0.15707963267948966,154.0,60.0,,1.827090855321242,4
0.15707963267948966,155.0,60.0,,1.8029245423004838,4
0.15707963267948966,156.0,60.0,,1.7791819259326282,4
0.15707963267948966,157.0,60.0,,1.7558540941253535,4
0.15707963267948966,158.0,60.0,,1.7330568524793606,4
0.15707963267948966,159.0,60.0,,1.7107325520129713,4
0.15707963267948966,160.0,60.0,,1.6887636603498841,4
0.15707963267948966,161.0,60.0,,,1
0.15707963267948966,162.0,60.0,,,1
0.15707963267948966,163.0,60.0,,,1
0.15707963267948966,164.0,60.0,,,1
0.15707963267948966,165.0,60.0,,,1
0.15707963267948966,166.0,60.0,,,1
0.15707963267948966,167.0,60.0,,,1
0.15707963267948966,168.0,60.0,,,1
0.15707963267948966,169.0,60.0,,,1
0.15707963267948966,170.0,60.0,,,1
0.15707963267948966,171.0,60.0,,,1
0.15707963267948966,172.0,60.0,,,1
0.15707963267948966,173.0,60.0,,,1
0.15707963267948966,174.0,60.0,,,1
0.15707963267948966,175.0,60.0,,,1
0.15707963267948966,176.0,60.0,,,1
0.15707963267948966,177.0,60.0,,,1
0.15707963267948966,178.0,60.0,,,1
0.15707963267948966,179.0,60.0,,,1
0.15707963267948966,180.0,60.0,,,1
0.15707963267948966,130.0,64.0,,2.633144410240271,6
0.15707963267948966,131.0,64.0,,2.5908073356558385,6
0.15707963267948966,132.0,64.0,,2.5493882845386056,6
0.15707963267948966,133.0,64.0,,2.50898425865476,6
0.15707963267948966,134.0,64.0,,2.4695012263244274,6
0.15707963267948966,135.0,64.0,,2.430970846235112,6
0.15707963267948966,136.0,64.0,,2.3933838481081255,6
0.15707963267948966,137.0,64.0,,2.3566981321312985,6
0.15707963267948966,138.0,64.0,,2.3208934801341785,6
0.15707963267948966,139.0,64.0,,2.285836430598305,6
0.15707963267948966,140.0,64.0,,2.251610567216408,6
0.15707963267948966,141.0,64.0,108.18370020426718,2.2180866771426415,5
0.15707963267948966,142.0,64.0,106.41281993944399,2.1855150600319626,5
0.15707963267948966,143.0,64.0,104.58759794043024,2.153583055543865,5
0.15707963267948966,144.0,64.0,102.70609262666964,2.1222968108800195,5
0.15707963267948966,145.0,64.0,100.76481660736853,2.0916807257041627,5
0.15707963267948966,146.0,64.0,98.76199859102059,2.0618768690961193,5
0.15707963267948966,147.0,64.0,96.69452014070673,2.0326694607998768,5
0.15707963267948966,148.0,64.0,94.55950375665783,2.004012833192981,5
0.15707963267948966,149.0,64.0,,1.9759372962890442,4
0.15707963267948966,150.0,64.0,,1.9486127389799945,4
0.15707963267948966,151.0,64.0,,1.9217820750019272,4
0.15707963267948966,152.0,64.0,,1.8954736772422778,4
0.15707963267948966,153.0,64.0,,1.869731196270638,4
0.15707963267948966,154.0,64.0,,1.8445900956014163,4
0.15707963267948966,155.0,64.0,,1.8199017674399798,4
0.15707963267948966,156.0,64.0,,1.7956384120376725,4
0.15707963267948966,157.0,64.0,,1.77200761648088,4
0.15707963267948966,158.0,64.0,,1.7487869763652961,4
0.15707963267948966,159.0,64.0,,1.7259754526139577,4
0.15707963267948966,160.0,64.0,,1.7036833724486211,4
0.15707963267948966,161.0,64.0,,1.6818399701149824,4
0.15707963267948966,162.0,64.0,,,1
0.15707963267948966,163.0,64.0,,,1
0.15707963267948966,164.0,64.0,,,1
0.15707963267948966,165.0,64.0,,,1
0.15707963267948966,166.0,64.0,,,1
0.15707963267948966,167.0,64.0,,,1
0.15707963267948966,168.0,64.0,,,1
0.15707963267948966,169.0,64.0,,,1
0.15707963267948966,170.0,64.0,,,1
0.15707963267948966,171.0,64.0,,,1
0.15707963267948966,172.0,64.0,,,1
0.15707963267948966,173.0,64.0,,,1
0.15707963267948966,174.0,64.0,,,1
0.15707963267948966,175.0,64.0,,,1
0.15707963267948966,176.0,64.0,,,1
0.15707963267948966,177.0,64.0,,,1
0.15707963267948966,178.0,64.0,,,1
0.15707963267948966,179.0,64.0,,,1
0.15707963267948966,180.0,64.0,,,1
0.15707963267948966,130.0,68.0,,2.670391072588793,6
0.15707963267948966,131.0,68.0,,2.6267145619800982,6
0.15707963267948966,132.0,68.0,,2.584236560926089,6
0.15707963267948966,133.0,68.0,,2.5427047873962594,6
0.15707963267948966,134.0,68.0,,2.502298955283942,6
0.15707963267948966,135.0,68.0,,2.462831479187445,6
0.15707963267948966,136.0,68.0,,2.424345093600408,6
0.15707963267948966,137.0,68.0,,2.3866598744144962,6
0.15707963267948966,138.0,68.0,,2.349908134314076,6
0.15707963267948966,139.0,68.0,,2.3140341010420102,6
0.15707963267948966,140.0,68.0,,2.279088436900917,6
0.15707963267948966,141.0,68.0,108.18370020426718,2.2448442339421124,5
0.15707963267948966,142.0,68.0,106.41281993944399,2.2114025016013823,5
0.15707963267948966,143.0,68.0,104.58759794043024,2.1786250209883438,5
0.15707963267948966,144.0,68.0,102.70609262666964,2.1467618283766154,5
0.15707963267948966,145.0,68.0,100.76482361307694,2.1155549568846004,5
0.15707963267948966,146.0,68.0,98.76199859102059,2.084974841421075,5
0.15707963267948966,147.0,68.0,96.69452014070673,2.055051635006037,5
0.15707963267948966,148.0,68.0,94.55898765740527,2.025873387491085,5
0.15707963267948966,149.0,68.0,,1.9973297152605873,4
0.15707963267948966,150.0,68.0,,1.9693333256956493,4
0.15707963267948966,151.0,68.0,,1.9418844613264297,4
0.15707963267948966,152.0,68.0,,1.9151642585314814,4
0.15707963267948966,153.0,68.0,,1.8889285862161596,4
0.15707963267948966,154.0,68.0,,1.863176115140646,4
0.15707963267948966,155.0,68.0,,1.8379740330393155,4
0.15707963267948966,156.0,68.0,,1.813369945118034,4
0.15707963267948966,157.0,68.0,,1.7892354003251412,4
0.15707963267948966,158.0,68.0,,1.7654768547267825,4
0.15707963267948966,159.0,68.0,,1.7423511299627754,4
0.15707963267948966,160.0,68.0,,1.719650205433608,4
0.15707963267948966,161.0,68.0,,1.6973188300219093,4
0.15707963267948966,162.0,68.0,,1.675523026671639,4
0.15707963267948966,163.0,68.0,,,1
0.15707963267948966,164.0,68.0,,,1
0.15707963267948966,165.0,68.0,,,1
0.15707963267948966,166.0,68.0,,,1
0.15707963267948966,167.0,68.0,,,1
0.15707963267948966,168.0,68.0,,,1
0.15707963267948966,169.0,68.0,,,1
0.15707963267948966,170.0,68.0,,,1
0.15707963267948966,171.0,68.0,,,1
0.15707963267948966,172.0,68.0,,,1
0.15707963267948966,173.0,68.0,,,1
0.15707963267948966,174.0,68.0,,,1
0.15707963267948966,175.0,68.0,,,1
0.15707963267948966,176.0,68.0,,,1
0.15707963267948966,177.0,68.0,,,1
0.15707963267948966,178.0,68.0,,,1
0.15707963267948966,179.0,68.0,,,1
0.15707963267948966,180.0,68.0,,,1
0.15707963267948966,130.0,72.0,,2.7099337438508435,6
0.15707963267948966,131.0,72.0,,2.665091726102079,6
0.15707963267948966,132.0,72.0,,2.621441224004463,6
0.15707963267948966,133.0,72.0,,2.5787665512327664,6
0.15707963267948966,134.0,72.0,,2.537198174347836,6
0.15707963267948966,135.0,72.0,,2.496593032677533,6
0.15707963267948966,136.0,72.0,,2.4571489597472906,6
0.15707963267948966,137.0,72.0,,2.4186156239944143,6
0.15707963267948966,138.0,72.0,,2.3809647860148493,6
0.15707963267948966,139.0,72.0,,2.344146536018813,6
0.15707963267948966,140.0,72.0,,2.308214583713686,6
0.15707963267948966,141.0,72.0,108.18363090760043,2.2731478061702535,5
0.15707963267948966,142.0,72.0,106.42156498852373,2.239014017132689,5
0.15707963267948966,143.0,72.0,104.62131633889038,2.205546850084307,5
0.15707963267948966,144.0,72.0,102.7822654261466,2.172815957684533,5
0.15707963267948966,145.0,72.0,100.90364223039319,2.140768781237371,5
0.15707963267948966,146.0,72.0,98.98474897432207,2.1095894488133546,5
0.15707963267948966,147.0,72.0,97.0248095238027,2.0791181790316693,5
0.15707963267948966,148.0,72.0,95.02298703652758,2.049203174257707,5
0.15707963267948966,149.0,72.0,92.97833551654108,2.019905085933955,5
0.15707963267948966,150.0,72.0,,1.9913695189775205,4
0.15707963267948966,151.0,72.0,,1.963436819919924,4
0.15707963267948966,152.0,72.0,,1.9360126492904655,4
0.15707963267948966,153.0,72.0,,1.9091584550082634,4
0.15707963267948966,154.0,72.0,,1.8830047657531335,4
0.15707963267948966,155.0,72.0,,1.8573453719502413,4
0.15707963267948966,156.0,72.0,,1.8321621053085855,4
0.15707963267948966,157.0,72.0,,1.8075087252312745,4
0.15707963267948966,158.0,72.0,,1.7833985587520425,4
0.15707963267948966,159.0,72.0,,1.7597562200145664,4
0.15707963267948966,160.0,72.0,,1.7365623308459637,4
0.15707963267948966,161.0,72.0,,1.7139098975138352,4
0.15707963267948966,162.0,72.0,,1.6916647022106195,4
0.15707963267948966,163.0,72.0,,1.6697779640125323,4
0.15707963267948966,164.0,72.0,,,1
0.15707963267948966,165.0,72.0,,,1
0.15707963267948966,166.0,72.0,,,1
0.15707963267948966,167.0,72.0,,,1
0.15707963267948966,168.0,72.0,,,1
0.15707963267948966,169.0,72.0,,,1
0.15707963267948966,170.0,72.0,,,1
0.15707963267948966,171.0,72.0,,,1
0.15707963267948966,172.0,72.0,,,1
0.15707963267948966,173.0,72.0,,,1
0.15707963267948966,174.0,72.0,,,1
0.15707963267948966,175.0,72.0,,,1
0.15707963267948966,176.0,72.0,,,1
0.15707963267948966,177.0,72.0,,,1
0.15707963267948966,178.0,72.0,,,1
0.15707963267948966,179.0,72.0,,,1
0.15707963267948966,180.0,72.0,,,1
0.15707963267948966,130.0,76.0,,2.751880079776851,6
0.15707963267948966,131.0,76.0,,2.705710801496929,6
0.15707963267948966,132.0,76.0,,2.660792097420609,6
0.15707963267948966,133.0,76.0,,2.6170403157874538,6
0.15707963267948966,134.0,76.0,,2.574440161737447,6
0.15707963267948966,135.0,76.0,,2.5327323585847523,6
0.15707963267948966,136.0,76.0,,2.4920585819676675,6
0.15707963267948966,137.0,76.0,,2.4523573302988324,6
0.15707963267948966,138.0,76.0,,2.4137295159155827,6
0.15707963267948966,139.0,76.0,,2.376110807947801,6
0.15707963267948966,140.0,76.0,,2.339277754699886,6
0.15707963267948966,141.0,76.0,108.98727238162061,2.303346932437629,5
0.15707963267948966,142.0,76.0,107.3693623485904,2.268222152945729,5
0.15707963267948966,143.0,76.0,105.71514437068525,2.2338724728414134,5
0.15707963267948966,144.0,76.0,104.02521115281814,2.200459016418848,5
0.15707963267948966,145.0,76.0,102.29843273900764,2.167723118904906,5
0.15707963267948966,146.0,76.0,100.53402612157431,2.1357224573949978,5
0.15707963267948966,147.0,76.0,98.73115402956685,2.1044143748873396,5
0.15707963267948966,148.0,76.0,96.88888600800384,2.073886173502255,5
0.15707963267948966,149.0,76.0,95.00619454574384,2.04403576754023,5
0.15707963267948966,150.0,76.0,93.08187550637555,2.014782251261864,5
0.15707963267948966,151.0,76.0,,1.9861279242742815,4
0.15707963267948966,152.0,76.0,,1.9581762215274063,4
0.15707963267948966,153.0,76.0,,1.9308340408965357,4
0.15707963267948966,154.0,76.0,,1.9040110807806276,4
0.15707963267948966,155.0,76.0,,1.8777037042076736,4
0.15707963267948966,156.0,76.0,,1.8521137912257786,4
0.15707963267948966,157.0,76.0,,1.82699202857236,4
0.15707963267948966,158.0,76.0,,1.8022998353628792,4
0.15707963267948966,159.0,76.0,,1.7782087285204662,4
0.15707963267948966,160.0,76.0,,1.7546051774819158,4
0.15707963267948966,161.0,76.0,,1.7314422094621065,4
0.15707963267948966,162.0,76.0,,1.7087227052182297,4
0.15707963267948966,163.0,76.0,,1.686545297284253,4
0.15707963267948966,164.0,76.0,,1.6647244804321222,4
0.15707963267948966,165.0,76.0,,,1
0.15707963267948966,166.0,76.0,,,1
0.15707963267948966,167.0,76.0,,,1
0.15707963267948966,168.0,76.0,,,1
0.15707963267948966,169.0,76.0,,,1
0.15707963267948966,170.0,76.0,,,1
0.15707963267948966,171.0,76.0,,,1
0.15707963267948966,172.0,76.0,,,1
0.15707963267948966,173.0,76.0,,,1
0.15707963267948966,174.0,76.0,,,1
0.15707963267948966,175.0,76.0,,,1
0.15707963267948966,176.0,76.0,,,1
0.15707963267948966,177.0,76.0,,,1
0.15707963267948966,178.0,76.0,,,1
0.15707963267948966,179.0,76.0,,,1
0.15707963267948966,180.0,76.0,,,1
0.15707963267948966,130.0,80.0,,2.796383781359747,6
0.15707963267948966,131.0,80.0,,2.7488417337963513,6
0.15707963267948966,132.0,80.0,,2.7025865040604726,6
0.15707963267948966,133.0,80.0,,2.657358605331938,6
0.15707963267948966,134.0,80.0,,2.6134621184988154,6
0.15707963267948966,135.0,80.0,,2.5706843705733524,6
0.15707963267948966,136.0,80.0,,2.528937105366288,6
0.15707963267948966,137.0,80.0,,2.4883512948034006,6
0.15707963267948966,138.0,80.0,,2.4486101915397676,6
0.15707963267948966,139.0,80.0,,2.4098410646205735,6
0.15707963267948966,140.0,80.0,,2.3720241338218675,6
0.15707963267948966,141.0,80.0,111.14167206559411,2.335190573660182,5
0.15707963267948966,142.0,80.0,109.64030153756839,2.2992295216932668,5
0.15707963267948966,143.0,80.0,108.10593056185398,2.2640504085184494,5
0.15707963267948966,144.0,80.0,106.53689744221744,2.229643729013711,5
0.15707963267948966,145.0,80.0,104.9334054084681,2.196055645045778,5
0.15707963267948966,146.0,80.0,103.29431539643755,2.1633636661100013,5
0.15707963267948966,147.0,80.0,101.61870779873692,2.131331760931487,5
0.15707963267948966,148.0,80.0,99.90532843476052,2.1000514968554143,5
0.15707963267948966,149.0,80.0,98.15372320681533,2.0693453593180204,5
0.15707963267948966,150.0,80.0,96.36184533657119,2.039521975016869,5
0.15707963267948966,151.0,80.0,94.52837308152601,2.010309554313506,5
0.15707963267948966,152.0,80.0,,1.981633883593459,4
0.15707963267948966,153.0,80.0,,1.9535872816221749,4
0.15707963267948966,154.0,80.0,,1.926256854527254,4
0.15707963267948966,155.0,80.0,,1.8994759602503237,4
0.15707963267948966,156.0,80.0,,1.8731856744319764,4
0.15707963267948966,157.0,80.0,,1.8474590292272564,4
0.15707963267948966,158.0,80.0,,1.822390541363755,4
0.15707963267948966,159.0,80.0,,1.7977570504635982,4
0.15707963267948966,160.0,80.0,,1.7735678746380872,4
0.15707963267948966,161.0,80.0,,1.750009471113304,4
0.15707963267948966,162.0,80.0,,1.7268840767551843,4
0.15707963267948966,163.0,80.0,,1.7041429910533208,4
0.15707963267948966,164.0,80.0,,1.681920926272153,4
0.15707963267948966,165.0,80.0,,1.6601783419254823,4
0.15707963267948966,166.0,80.0,,,1
0.15707963267948966,167.0,80.0,,,1
0.15707963267948966,168.0,80.0,,,1
0.15707963267948966,169.0,80.0,,,1
0.15707963267948966,170.0,80.0,,,1
0.15707963267948966,171.0,80.0,,,1
0.15707963267948966,172.0,80.0,,,1
0.15707963267948966,173.0,80.0,,,1
0.15707963267948966,174.0,80.0,,,1
0.15707963267948966,175.0,80.0,,,1
0.15707963267948966,176.0,80.0,,,1
0.15707963267948966,177.0,80.0,,,1
0.15707963267948966,178.0,80.0,,,1
0.15707963267948966,179.0,80.0,,,1
0.15707963267948966,180.0,80.0,,,1
0.15707963267948966,130.0,84.0,,2.843044585546959,6
0.15707963267948966,131.0,84.0,,2.794261158574253,6
0.15707963267948966,132.0,84.0,,2.7464510166409237,6
0.15707963267948966,133.0,84.0,,2.7001190804887942,6
0.15707963267948966,134.0,84.0,,2.6547957216429436,6
0.15707963267948966,135.0,84.0,,2.6107772354496825,6
0.15707963267948966,136.0,84.0,,2.567762099165584,6
0.15707963267948966,137.0,84.0,,2.5259968744414847,6
0.15707963267948966,138.0,84.0,,2.4852448676048366,6
0.15707963267948966,139.0,84.0,,2.4454631046880926,6
0.15707963267948966,140.0,84.0,,2.4065859464256536,6
0.15707963267948966,141.0,84.0,114.39664049306316,2.3687070312829483,5
0.15707963267948966,142.0,84.0,112.99252852165156,2.331680166494771,5
0.15707963267948966,143.0,84.0,111.55680009079582,2.2956822972559108,5
0.15707963267948966,144.0,84.0,110.08872380564128,2.260503547569652,5
0.15707963267948966,145.0,84.0,108.5874900092973,2.2261298062305133,5
0.15707963267948966,146.0,84.0,107.05221622837657,2.1924154804591454,5
0.15707963267948966,147.0,84.0,105.4819137174692,2.159588312762213,5
0.15707963267948966,148.0,84.0,103.87546789024854,2.1275849922632357,5
0.15707963267948966,149.0,84.0,102.23160923918587,2.0962644146456135,5
0.15707963267948966,150.0,84.0,100.54884513909923,2.0656201153131546,5
0.15707963267948966,151.0,84.0,98.82543568272115,2.035547960684481,5
0.15707963267948966,152.0,84.0,97.05929903176944,2.00633865899849,5
0.15707963267948966,153.0,84.0,,1.9777409301597775,4
0.15707963267948966,154.0,84.0,,1.9496606313070055,4
0.15707963267948966,155.0,84.0,,1.922200602690581,4
0.15707963267948966,156.0,84.0,,1.8954377081963316,4
0.15707963267948966,157.0,84.0,,1.8692088721467237,4
0.15707963267948966,158.0,84.0,,1.8434662445366008,4
0.15707963267948966,159.0,84.0,,1.8182859049750584,4
0.15707963267948966,160.0,84.0,,1.7936919169718257,4
0.15707963267948966,161.0,84.0,,1.7695513654872568,4
0.15707963267948966,162.0,84.0,,1.7458539549145706,4
0.15707963267948966,163.0,84.0,,1.7227524478329137,4
0.15707963267948966,164.0,84.0,,1.7001059634638584,4
0.15707963267948966,165.0,84.0,,1.677798887605553,4
0.15707963267948966,166.0,84.0,,1.656056615817301,4
0.15707963267948966,167.0,84.0,,,1
0.15707963267948966,168.0,84.0,,,1
0.15707963267948966,169.0,84.0,,,1
0.15707963267948966,170.0,84.0,,,1
0.15707963267948966,171.0,84.0,,,1
0.15707963267948966,172.0,84.0,,,1
0.15707963267948966,173.0,84.0,,,1
0.15707963267948966,174.0,84.0,,,1
0.15707963267948966,175.0,84.0,,,1
0.15707963267948966,176.0,84.0,,,1
0.15707963267948966,177.0,84.0,,,1
0.15707963267948966,178.0,84.0,,,1
0.15707963267948966,179.0,84.0,,,1
0.15707963267948966,180.0,84.0,,,1
0.15707963267948966,130.0,88.0,,2.8920757839618516,6
0.15707963267948966,131.0,88.0,,2.841794841377254,6
0.15707963267948966,132.0,88.0,,2.7925911399919547,6
0.15707963267948966,133.0,88.0,,2.7448761356887497,6
0.15707963267948966,134.0,88.0,,2.698321773240007,6
0.15707963267948966,135.0,88.0,,2.6530534122337004,6
0.15707963267948966,136.0,88.0,,2.6087737846012367,6
0.15707963267948966,137.0,88.0,,2.565703918964004,6
0.15707963267948966,138.0,88.0,,2.523700515495318,6
0.15707963267948966,139.0,88.0,,2.482778948117826,6
0.15707963267948966,140.0,88.0,,2.442942653373511,6
0.15707963267948966,141.0,88.0,118.58442986990173,2.4040757415797263,5
0.15707963267948966,142.0,88.0,117.26254829642075,2.3661156795134946,5
0.15707963267948966,143.0,88.0,115.9107747324618,2.329014915315102,5
0.15707963267948966,144.0,88.0,114.5272817975348,2.2927811861885994,5
0.15707963267948966,145.0,88.0,113.11227126972835,2.2575606047412053,5
0.15707963267948966,146.0,88.0,111.66444831318172,2.2231520498963384,5
0.15707963267948966,147.0,88.0,110.18275777042606,2.189454713546053,5
0.15707963267948966,148.0,88.0,108.6659908615349,2.1565186727992347,5
0.15707963267948966,149.0,88.0,107.11277116758104,2.12437302526397,5
0.15707963267948966,150.0,88.0,105.52149715173636,2.093069469255958,5
0.15707963267948966,151.0,88.0,103.89029174580372,2.062360760475203,5
0.15707963267948966,152.0,88.0,102.21693305688221,2.032322106643127,5
0.15707963267948966,153.0,88.0,100.49893078703286,2.0029294246501705,5
0.15707963267948966,154.0,88.0,,1.9743181918461754,4
0.15707963267948966,155.0,88.0,,1.9463022603026332,4
0.15707963267948966,156.0,88.0,,1.9187820490631773,4
0.15707963267948966,157.0,88.0,,1.8919028114131395,4
0.15707963267948966,158.0,88.0,,1.8657067201533697,4
0.15707963267948966,159.0,88.0,,1.839987653235089,4
0.15707963267948966,160.0,88.0,,1.8147452984168724,4
0.15707963267948966,161.0,88.0,,1.7901151948018437,4
0.15707963267948966,162.0,88.0,,1.7659785424405992,4
0.15707963267948966,163.0,88.0,,1.7423094662940604,4
0.15707963267948966,164.0,88.0,,1.7191126772131757,4
0.15707963267948966,165.0,88.0,,1.6964843059118577,4
0.15707963267948966,166.0,88.0,,1.674234236994545,4
0.15707963267948966,167.0,88.0,,1.6523934777656368,4
0.15707963267948966,168.0,88.0,,,1
0.15707963267948966,169.0,88.0,,,1
0.15707963267948966,170.0,88.0,,,1
0.15707963267948966,171.0,88.0,,,1
0.15707963267948966,172.0,88.0,,,1
0.15707963267948966,173.0,88.0,,,1
0.15707963267948966,174.0,88.0,,,1
0.15707963267948966,175.0,88.0,,,1
0.15707963267948966,176.0,88.0,,,1
0.15707963267948966,177.0,88.0,,,1
0.15707963267948966,178.0,88.0,,,1
0.15707963267948966,179.0,88.0,,,1
0.15707963267948966,180.0,88.0,,,1
0.15707963267948966,130.0,92.0,,2.9435767985151955,6
0.15707963267948966,131.0,92.0,,2.891581048372005,6
0.15707963267948966,132.0,92.0,,2.8408997838910848,6
0.15707963267948966,133.0,92.0,,2.7916590404388866,6
0.15707963267948966,134.0,92.0,,2.7437245929551763,6
0.15707963267948966,135.0,92.0,,2.6969947047137524,6
0.15707963267948966,136.0,92.0,,2.6516523440791766,6
0.15707963267948966,137.0,92.0,,2.607278130858308,6
0.15707963267948966,138.0,92.0,,2.564145490590564,6
0.15707963267948966,139.0,92.0,,2.521995505134575,6
0.15707963267948966,140.0,92.0,,2.4809229891644597,6
0.15707963267948966,141.0,92.0,123.58813654900952,2.4409842209200345,5
0.15707963267948966,142.0,92.0,122.33639331611742,2.402026895300224,5
0.15707963267948966,143.0,92.0,121.05566085132845,2.3639588790016823,5
0.15707963267948966,144.0,92.0,119.74519579845067,2.3268172367857947,5
0.15707963267948966,145.0,92.0,118.40390945753659,2.2905588125292144,5
0.15707963267948966,146.0,92.0,117.03080153281039,2.2550851611194185,5
0.15707963267948966,147.0,92.0,115.62442624747064,2.2206502893637445,5
0.15707963267948966,148.0,92.0,114.18449682598663,2.186916848356009,5
0.15707963267948966,149.0,92.0,112.70857539930229,2.1539834086434566,5
0.15707963267948966,150.0,92.0,111.19531354705707,2.1217389177532535,5
0.15707963267948966,151.0,92.0,109.64275095423417,2.0903003858847224,5
0.15707963267948966,152.0,92.0,108.0481478321637,2.0596170380727177,5
0.15707963267948966,153.0,92.0,106.41013146966075,2.0295280726045566,5
0.15707963267948966,154.0,92.0,104.72415090026989,2.000135981274717,5
0.15707963267948966,155.0,92.0,,1.9713967687215503,4
0.15707963267948966,156.0,92.0,,1.9433620552435547,4
0.15707963267948966,157.0,92.0,,1.9158787329562248,4
0.15707963267948966,158.0,92.0,,1.8889119089434097,4
0.15707963267948966,159.0,92.0,,1.862613203603761,4
0.15707963267948966,160.0,92.0,,1.836927868971141,4
0.15707963267948966,161.0,92.0,,1.811688763003671,4
0.15707963267948966,162.0,92.0,,1.7869488216035658,4
0.15707963267948966,163.0,92.0,,1.7628428533768303,4
0.15707963267948966,164.0,92.0,,1.7392017447319839,4
0.15707963267948966,165.0,92.0,,1.715928050867299,4
0.15707963267948966,166.0,92.0,,1.6932709458941007,4
0.15707963267948966,167.0,92.0,,1.6710415597845585,4
0.15707963267948966,168.0,92.0,,1.6491878319642146,4
0.15707963267948966,169.0,92.0,,,1
0.15707963267948966,170.0,92.0,,,1
0.15707963267948966,171.0,92.0,,,1
0.15707963267948966,172.0,92.0,,,1
0.15707963267948966,173.0,92.0,,,1
0.15707963267948966,174.0,92.0,,,1
0.15707963267948966,175.0,92.0,,,1
0.15707963267948966,176.0,92.0,,,1
0.15707963267948966,177.0,92.0,,,1
0.15707963267948966,178.0,92.0,,,1
0.15707963267948966,179.0,92.0,,,1
0.15707963267948966,180.0,92.0,,,1
0.15707963267948966,130.0,96.0,,2.9973239714911735,6
0.15707963267948966,131.0,96.0,,2.9435988401801105,6
0.15707963267948966,132.0,96.0,,2.8914818752196116,6
0.15707963267948966,133.0,96.0,,2.840706607037221,6
0.15707963267948966,134.0,96.0,,2.791243554962793,6
0.15707963267948966,135.0,96.0,,2.743082627605798,6
0.15707963267948966,136.0,96.0,,2.696323362830123,6
0.15707963267948966,137.0,96.0,,2.6506774924842245,6
0.15707963267948966,138.0,96.0,,2.606338822653599,6
0.15707963267948966,139.0,96.0,,2.56295077698112,6
0.15707963267948966,140.0,96.0,,2.520848807535074,6
0.15707963267948966,141.0,96.0,129.32122987698804,2.4796094422244126,5
0.15707963267948966,142.0,96.0,128.13090648030584,2.439457990587241,5
0.15707963267948966,143.0,96.0,126.91240979754502,2.4003645257846995,5
0.15707963267948966,144.0,96.0,125.66489723163953,2.3622994514911286,5
0.15707963267948966,145.0,96.0,124.38744113818757,2.325078201860544,5
0.15707963267948966,146.0,96.0,123.07900618170251,2.2887683766360856,5
0.15707963267948966,147.0,96.0,121.7384378121535,2.2532264316999036,5
0.15707963267948966,148.0,96.0,120.36442066281111,2.2186184624375995,5
0.15707963267948966,149.0,96.0,118.95546753890761,2.184864213543329,5
0.15707963267948966,150.0,96.0,117.50986854588825,2.151879259044153,5
0.15707963267948966,151.0,96.0,116.02614974659409,2.1196167481897135,5
0.15707963267948966,152.0,96.0,114.50074685861092,2.088039807286274,5
0.15707963267948966,153.0,96.0,112.93195749947184,2.057256966483979,5
0.15707963267948966,154.0,96.0,111.31678225573513,2.0272025420428164,5
0.15707963267948966,155.0,96.0,,1.99778135450912,4
0.15707963267948966,156.0,96.0,,1.9689495845808196,4
0.15707963267948966,157.0,96.0,,1.940812794904773,4
0.15707963267948966,158.0,96.0,,1.9133343803279106,4
0.15707963267948966,159.0,96.0,,1.8863959527064373,4
0.15707963267948966,160.0,96.0,,1.8599752447087765,4
0.15707963267948966,161.0,96.0,,1.8342366765909017,4
0.15707963267948966,162.0,96.0,,1.8090301354571225,4
0.15707963267948966,163.0,96.0,,1.784278824829294,4
0.15707963267948966,164.0,96.0,,1.7600570428797313,4
0.15707963267948966,165.0,96.0,,1.7364343762147085,4
0.15707963267948966,166.0,96.0,,1.7132115230765983,4
0.15707963267948966,167.0,96.0,,1.6904109282111743,4
0.15707963267948966,168.0,96.0,,1.6681979721954259,4
0.15707963267948966,169.0,96.0,,1.6463837918611515,4
0.15707963267948966,170.0,96.0,,,1
0.15707963267948966,171.0,96.0,,,1
0.15707963267948966,172.0,96.0,,,1
0.15707963267948966,173.0,96.0,,,1
0.15707963267948966,174.0,96.0,,,1
0.15707963267948966,175.0,96.0,,,1
0.15707963267948966,176.0,96.0,,,1
0.15707963267948966,177.0,96.0,,,1
0.15707963267948966,178.0,96.0,,,1
0.15707963267948966,179.0,96.0,,,1
0.15707963267948966,180.0,96.0,,,1
0.15707963267948966,130.0,100.0,,3.053054231601801,6
0.15707963267948966,131.0,100.0,,2.997649413602005,6
0.15707963267948966,132.0,100.0,,2.9439725717718894,6
0.15707963267948966,133.0,100.0,,2.891499975407836,6
0.15707963267948966,134.0,100.0,,2.840673364046944,6
0.15707963267948966,135.0,100.0,,2.7910616319508885,6
0.15707963267948966,136.0,100.0,,2.742822354071183,6
0.15707963267948966,137.0,100.0,,2.695851607265601,6
0.15707963267948966,138.0,100.0,,2.6501254589455243,6
0.15707963267948966,139.0,100.0,,2.605671647573081,6
0.15707963267948966,140.0,100.0,,2.562276168122467,6
0.15707963267948966,141.0,100.0,135.72222489962743,2.519936846945451,5
0.15707963267948966,142.0,100.0,134.58544931251186,2.478706806665006,5
0.15707963267948966,143.0,100.0,133.42132067117936,2.438423715386811,5
0.15707963267948966,144.0,100.0,132.22898548875557,2.399202526077238,5
0.15707963267948966,145.0,100.0,131.00726321678508,2.3609238808513733,5
0.15707963267948966,146.0,100.0,129.7559886722741,2.3237340378789577,5
0.15707963267948966,147.0,100.0,128.47268207554922,2.28733071960741,5
0.15707963267948966,148.0,100.0,127.15689231948103,2.25180505117238,5
0.15707963267948966,149.0,100.0,125.8069218915459,2.2170466379253497,5
0.15707963267948966,150.0,100.0,124.42134781295148,2.1831283800842916,5
0.15707963267948966,151.0,100.0,122.99742611369858,2.15014592643589,5
0.15707963267948966,152.0,100.0,121.53418937259826,2.1178124808374656,5
0.15707963267948966,153.0,100.0,120.0281989064069,2.086246914013388,5
0.15707963267948966,154.0,100.0,118.47758639398502,2.055311684317613,5
0.15707963267948966,155.0,100.0,116.87777109173025,2.0252242579279143,5
0.15707963267948966,156.0,100.0,,1.9957941476237464,4
0.15707963267948966,157.0,100.0,,1.966933585695407,4
0.15707963267948966,158.0,100.0,,1.9386787452571843,4
0.15707963267948966,159.0,100.0,,1.9111815702443748,4
0.15707963267948966,160.0,100.0,,1.8842261637526396,4
0.15707963267948966,161.0,100.0,,1.8578039086596139,4
0.15707963267948966,162.0,100.0,,1.8319409877967812,4
0.15707963267948966,163.0,100.0,,1.8067226346079723,4
0.15707963267948966,164.0,100.0,,1.781977702188926,4
0.15707963267948966,165.0,100.0,,1.75770005986042,4
0.15707963267948966,166.0,100.0,,1.734007294648534,4
0.15707963267948966,167.0,100.0,,1.710812991543729,4
0.15707963267948966,168.0,100.0,,1.6880209798722186,4
0.15707963267948966,169.0,100.0,,1.6657071153117116,4
0.15707963267948966,170.0,100.0,,1.6439080086964717,4
0.15707963267948966,171.0,100.0,,1.622459814077326,4
0.15707963267948966,172.0,100.0,,,1
0.15707963267948966,173.0,100.0,,,1
0.15707963267948966,174.0,100.0,,,1
0.15707963267948966,175.0,100.0,,,1
0.15707963267948966,176.0,100.0,,,1
0.15707963267948966,177.0,100.0,,,1
0.15707963267948966,178.0,100.0,,,1
0.15707963267948966,179.0,100.0,,,1
0.15707963267948966,180.0,100.0,,,1
0.15707963267948966,130.0,104.0,,3.1108841874127187,6
0.15707963267948966,131.0,104.0,,3.053737856874784,6
0.15707963267948966,132.0,104.0,,2.998300348468289,6
0.15707963267948966,133.0,104.0,,2.9443836408905133,6
0.15707963267948966,134.0,104.0,,2.892025624326251,6
0.15707963267948966,135.0,104.0,,2.840915537444488,6
0.15707963267948966,136.0,104.0,,2.791252801799591,6
0.15707963267948966,137.0,104.0,,2.7428559991294996,6
0.15707963267948966,138.0,104.0,,2.695831002329746,6
0.15707963267948966,139.0,104.0,,2.649864265995832,6
0.15707963267948966,140.0,104.0,,2.605189988224976,6
0.15707963267948966,141.0,104.0,142.74286684312267,2.5616720275089913,5
0.15707963267948966,142.0,104.0,141.6535295430571,2.519321302119448,5
0.15707963267948966,143.0,104.0,140.53758989744384,2.478057774188798,5
0.15707963267948966,144.0,104.0,139.3947367581086,2.4377757693838875,5
0.15707963267948966,145.0,104.0,138.22216557616306,2.3984401644550877,5
0.15707963267948966,146.0,104.0,137.02130502604763,2.360051209159925,5
0.15707963267948966,147.0,104.0,135.78920885171905,2.322659744976277,5
0.15707963267948966,148.0,104.0,134.52542376150592,2.2862386598164797,5
0.15707963267948966,149.0,104.0,133.22844333667442,2.2506184542200662,5
0.15707963267948966,150.0,104.0,131.89578040617388,2.215900123366911,5
0.15707963267948966,151.0,104.0,130.52739717495194,2.1818887269994782,5
0.15707963267948966,152.0,104.0,129.11958451377166,2.148692255976283,5
0.15707963267948966,153.0,104.0,127.67141989163125,2.1163851770430706,5
0.15707963267948966,154.0,104.0,126.18028842075203,2.0847883526741464,5
0.15707963267948966,155.0,104.0,124.64326167723459,2.053806847297292,5
0.15707963267948966,156.0,104.0,123.05716760385715,2.023542636283734,5
0.15707963267948966,157.0,104.0,,1.9940890263526907,4
0.15707963267948966,158.0,104.0,,1.9652300987732223,4
0.15707963267948966,159.0,104.0,,1.9369822145329803,4
0.15707963267948966,160.0,104.0,,1.9093049497275139,4
0.15707963267948966,161.0,104.0,,1.8823456872405628,4
0.15707963267948966,162.0,104.0,,1.8559231438435333,4
0.15707963267948966,163.0,104.0,,1.8300582302538833,4
0.15707963267948966,164.0,104.0,,1.8047273867022582,4
0.15707963267948966,165.0,104.0,,1.779980024458094,4
0.15707963267948966,166.0,104.0,,1.7557140626582657,4
0.15707963267948966,167.0,104.0,,1.731912482142495,4
0.15707963267948966,168.0,104.0,,1.7086948945919975,4
0.15707963267948966,169.0,104.0,,1.6859160891424243,4
0.15707963267948966,170.0,104.0,,1.6635213002551235,4
0.15707963267948966,171.0,104.0,,1.641714672993721,4
0.15707963267948966,172.0,104.0,,1.6203120081435514,4
0.15707963267948966,173.0,104.0,,,1
0.15707963267948966,174.0,104.0,,,1
0.15707963267948966,175.0,104.0,,,1
0.15707963267948966,176.0,104.0,,,1
0.15707963267948966,177.0,104.0,,,1
0.15707963267948966,178.0,104.0,,,1
0.15707963267948966,179.0,104.0,,,1
0.15707963267948966,180.0,104.0,,,1
0.15707963267948966,130.0,108.0,,3.17074910499805,6
0.15707963267948966,131.0,108.0,,3.1118016807033375,6
0.15707963267948966,132.0,108.0,,3.054672365134585,6
0.15707963267948966,133.0,108.0,,2.9990121560462857,6
0.15707963267948966,134.0,108.0,,2.944923302678633,6
0.15707963267948966,135.0,108.0,,2.8923749880409315,6
0.15707963267948966,136.0,108.0,,2.8411934489115693,6
0.15707963267948966,137.0,108.0,,2.791470769387273,6
0.15707963267948966,138.0,108.0,,2.7431058264490695,6
0.15707963267948966,139.0,108.0,,2.695848693572428,6
0.15707963267948966,140.0,108.0,,2.649836487116863,6
0.15707963267948966,141.0,108.0,150.34645693942983,2.6051149242502274,5
0.15707963267948966,142.0,108.0,149.29960993068823,2.56142279297721,5
0.15707963267948966,143.0,108.0,148.2271215106194,2.5189891305889023,5
0.15707963267948966,144.0,108.0,147.1268912499258,2.4776541029996646,5
0.15707963267948966,145.0,108.0,146.0001957387192,2.4372804881995944,5
0.15707963267948966,146.0,108.0,144.8450374100714,2.3978886543679616,5
0.15707963267948966,147.0,108.0,143.65917800809294,2.359488906578164,5
0.15707963267948966,148.0,108.0,142.44260016389487,2.3218876661733225,5
0.15707963267948966,149.0,108.0,141.19390472480526,2.285386871517743,5
0.15707963267948966,150.0,108.0,139.9103224119819,2.24976761531972,5
0.15707963267948966,151.0,108.0,138.59250329544494,2.214933485073078,5
0.15707963267948966,152.0,108.0,137.23704647993083,2.180948218238883,5
0.15707963267948966,153.0,108.0,135.84289096397538,2.147629028068691,5
0.15707963267948966,154.0,108.0,134.4079340429612,2.1152261192342903,5
0.15707963267948966,155.0,108.0,132.92986000708507,2.0835693411671667,5
0.15707963267948966,156.0,108.0,131.405977103462,2.0525774316227077,5
0.15707963267948966,157.0,108.0,129.83625233825074,2.022265620824969,5
0.15707963267948966,158.0,108.0,,1.9927060333525992,4
0.15707963267948966,159.0,108.0,,1.9637794361009957,4
0.15707963267948966,160.0,108.0,,1.9355407459576657,4
0.15707963267948966,161.0,108.0,,1.9078156163757132,4
0.15707963267948966,162.0,108.0,,1.8807458026963055,4
0.15707963267948966,163.0,108.0,,1.8543303561189277,4
0.15707963267948966,164.0,108.0,,1.8284263567051244,4
0.15707963267948966,165.0,108.0,,1.8029988325451165,4
0.15707963267948966,166.0,108.0,,1.7782515878601786,4
0.15707963267948966,167.0,108.0,,1.7539840884205664,4
0.15707963267948966,168.0,108.0,,1.7301495046585538,4
0.15707963267948966,169.0,108.0,,1.70686458884994,4
0.15707963267948966,170.0,108.0,,1.68407948197639,4
0.15707963267948966,171.0,108.0,,1.661708003240957,4
0.15707963267948966,172.0,108.0,,1.63979985664364,4
0.15707963267948966,173.0,108.0,,1.618375487360783,4
0.15707963267948966,174.0,108.0,,,1
0.15707963267948966,175.0,108.0,,,1
0.15707963267948966,176.0,108.0,,,1
0.15707963267948966,177.0,108.0,,,1
0.15707963267948966,178.0,108.0,,,1
0.15707963267948966,179.0,108.0,,,1
0.15707963267948966,180.0,108.0,,,1
0.15707963267948966,130.0,112.0,,3.2323771610402865,6
0.15707963267948966,131.0,112.0,,3.1717438509027973,6
0.15707963267948966,132.0,112.0,,3.112817108632317,6
0.15707963267948966,133.0,112.0,,3.0554508000435225,6
0.15707963267948966,134.0,112.0,,2.99968474433012,6
0.15707963267948966,135.0,112.0,,2.945584411866932,6
0.15707963267948966,136.0,112.0,,2.892763436266156,6
0.15707963267948966,137.0,112.0,,2.8415600231770775,6
0.15707963267948966,138.0,112.0,,2.791664794724882,6
0.15707963267948966,139.0,112.0,,2.7432539083836307,6
0.15707963267948966,140.0,112.0,,2.6959574778644266,6
0.15707963267948966,141.0,112.0,158.50462040719833,2.649985856522368,5
0.15707963267948966,142.0,112.0,157.49626746255865,2.605117188780359,5
0.15707963267948966,143.0,112.0,156.46291292138514,2.5614014505729763,5
0.15707963267948966,144.0,112.0,155.402436281482,2.5187716527198996,5
0.15707963267948966,145.0,112.0,154.3164715695951,2.47733030436866,5
0.15707963267948966,146.0,112.0,153.202177949153,2.4369367691128248,5
0.15707963267948966,147.0,112.0,152.0588194304767,2.397486432331942,5
0.15707963267948966,148.0,112.0,150.88569574881663,2.3590345764708105,5
0.15707963267948966,149.0,112.0,149.68153632757193,2.3214879415623475,5
0.15707963267948966,150.0,112.0,148.44513860274736,2.284769418043313,5
0.15707963267948966,151.0,112.0,147.17431677203632,2.2490558225524477,5
0.15707963267948966,152.0,112.0,145.86831585130523,2.214210029645012,5
0.15707963267948966,153.0,112.0,144.52541671461557,2.1801514346236295,5
0.15707963267948966,154.0,112.0,143.14343274780228,2.1468129853154596,5
0.15707963267948966,155.0,112.0,141.72208023103317,2.1142502159004812,5
0.15707963267948966,156.0,112.0,139.97013132248094,2.0825740927517344,5
0.15707963267948966,157.0,112.0,137.780423033252,2.051578376956709,5
0.15707963267948966,158.0,112.0,135.65838540665092,2.0212502307914004,5
0.15707963267948966,159.0,112.0,,1.9915333395094066,4
0.15707963267948966,160.0,112.0,,1.9626142178725012,4
0.15707963267948966,161.0,112.0,,1.934322735136535,4
0.15707963267948966,162.0,112.0,,1.9066080310945512,4
0.15707963267948966,163.0,112.0,,1.8794133522420886,4
0.15707963267948966,164.0,112.0,,1.852968438495205,4
0.15707963267948966,165.0,112.0,,1.82703839482519,4
0.15707963267948966,166.0,112.0,,1.801627594328844,4
0.15707963267948966,167.0,112.0,,1.7767591704812682,4
0.15707963267948966,168.0,112.0,,1.7524833857265576,4
0.15707963267948966,169.0,112.0,,1.728647607637137,4
0.15707963267948966,170.0,112.0,,1.7052666913200822,4
0.15707963267948966,171.0,112.0,,1.6824874823743314,4
0.15707963267948966,172.0,112.0,,1.6601164541727398,4
0.15707963267948966,173.0,112.0,,1.638146112041894,4
0.15707963267948966,174.0,112.0,,1.616699979591247,4
0.15707963267948966,175.0,112.0,,,1
0.15707963267948966,176.0,112.0,,,1
0.15707963267948966,177.0,112.0,,,1
0.15707963267948966,178.0,112.0,,,1
0.15707963267948966,179.0,112.0,,,1
0.15707963267948966,180.0,112.0,,,1
0.15707963267948966,130.0,116.0,,3.295731800762777,6
0.15707963267948966,131.0,116.0,,3.233171415285544,6
0.15707963267948966,132.0,116.0,,3.172375665013028,6
0.15707963267948966,133.0,116.0,,3.1134272929291824,6
0.15707963267948966,134.0,116.0,,3.056096449181067,6
0.15707963267948966,135.0,116.0,,3.0003974288987103,6
0.15707963267948966,136.0,116.0,,2.9460565584899836,6
0.15707963267948966,137.0,116.0,,2.8934161230552347,6
0.15707963267948966,138.0,116.0,,2.84197618664417,6
0.15707963267948966,139.0,116.0,,2.792084498074842,6
0.15707963267948966,140.0,116.0,,2.743401184526911,6
0.15707963267948966,141.0,116.0,167.19481711094002,2.6962063484427943,5
0.15707963267948966,142.0,116.0,166.22161457817654,2.650070426506046,5
0.15707963267948966,143.0,116.0,165.22308215404254,2.605185386477279,5
0.15707963267948966,144.0,116.0,164.20086124815214,2.5615037393681943,5
0.15707963267948966,145.0,116.0,163.1523396372623,2.5187758002580827,5
0.15707963267948966,146.0,116.0,162.07640871941203,2.4771977208389724,5
0.15707963267948966,147.0,116.0,160.97277090221894,2.4366465553090904,5
0.15707963267948966,148.0,116.0,159.6147470399252,2.397176169502855,5
0.15707963267948966,149.0,116.0,157.7671916737154,2.3587133183364797,5
0.15707963267948966,150.0,116.0,156.0742497021492,2.3210820024648515,5
0.15707963267948966,151.0,116.0,154.33810066230757,2.284335910763658,5
0.15707963267948966,152.0,116.0,152.55653757907936,2.2484834813294587,5
0.15707963267948966,153.0,116.0,150.72870137309764,2.2136139129354495,5
0.15707963267948966,154.0,116.0,148.85318418641012,2.1795349250331335,5
0.15707963267948966,155.0,116.0,146.92860181614205,2.1461669375082426,5
0.15707963267948966,156.0,116.0,144.9532949908846,2.113583012537854,5
0.15707963267948966,157.0,116.0,142.92570350296083,2.081739261542788,5
0.15707963267948966,158.0,116.0,140.8441816586182,2.0507109185795023,5
0.15707963267948966,159.0,116.0,138.7066072038437,2.0203674531294005,5
0.15707963267948966,160.0,116.0,,1.9906609950750427,4
0.15707963267948966,161.0,116.0,,1.9615789770878922,4
0.15707963267948966,162.0,116.0,,1.9333188353063104,4
0.15707963267948966,163.0,116.0,,1.9055472833559843,4
0.15707963267948966,164.0,116.0,,1.8783693471514524,4
0.15707963267948966,165.0,116.0,,1.851818958171119,4
0.15707963267948966,166.0,116.0,,1.8258843356603005,4
0.15707963267948966,167.0,116.0,,1.8004547105262585,4
0.15707963267948966,168.0,116.0,,1.775501650625015,4
0.15707963267948966,169.0,116.0,,1.7511845469911844,4
0.15707963267948966,170.0,116.0,,1.7273631396828477,4
0.15707963267948966,171.0,116.0,,1.703968156071945,4
0.15707963267948966,172.0,116.0,,1.68109315567534,4
0.15707963267948966,173.0,116.0,,1.658733383338921,4
0.15707963267948966,174.0,116.0,,1.6367646580244064,4
0.15707963267948966,175.0,116.0,,1.6152190069277161,4
0.15707963267948966,176.0,116.0,,,1
0.15707963267948966,177.0,116.0,,,1
0.15707963267948966,178.0,116.0,,,1
0.15707963267948966,179.0,116.0,,,1
0.15707963267948966,180.0,116.0,,,1
0.15707963267948966,130.0,120.0,,3.360211185603547,6
0.15707963267948966,131.0,120.0,,3.296053980340979,6
0.15707963267948966,132.0,120.0,,3.2333924875055615,6
0.15707963267948966,133.0,120.0,,3.1728544017581846,6
0.15707963267948966,134.0,120.0,,3.1137578816538327,6
0.15707963267948966,135.0,120.0,,3.056583448257958,6
0.15707963267948966,136.0,120.0,,3.0007835030468692,6
0.15707963267948966,137.0,120.0,,2.9465095602479305,6
0.15707963267948966,138.0,120.0,,2.893687597075229,6
0.15707963267948966,139.0,120.0,,2.842431781824411,6
0.15707963267948966,140.0,120.0,,2.7924027068427724,6
0.15707963267948966,141.0,120.0,174.6720443925882,2.743611653870809,5
0.15707963267948966,142.0,120.0,173.30893188596554,2.696244541762939,5
0.15707963267948966,143.0,120.0,171.91106462186943,2.6501215944116248,5
0.15707963267948966,144.0,120.0,170.47804961763526,2.6052332349318297,5
0.15707963267948966,145.0,120.0,169.00824419147648,2.5614393582267843,5
0.15707963267948966,146.0,120.0,167.50152610386687,2.5188067777851457,5
0.15707963267948966,147.0,120.0,165.95633524005171,2.477133605145957,5
0.15707963267948966,148.0,120.0,164.3718829066839,2.4364978539699167,5
0.15707963267948966,149.0,120.0,162.7470732160759,2.3969071049316835,5
0.15707963267948966,150.0,120.0,161.0803181939712,2.3583930907443245,5
0.15707963267948966,151.0,120.0,159.37202557503858,2.320828803322057,5
0.15707963267948966,152.0,120.0,157.61957637015792,2.2840676574637273,5
0.15707963267948966,153.0,120.0,155.82198442672288,2.2481525711708463,5
0.15707963267948966,154.0,120.0,153.9780644514199,2.213121317269588,5
0.15707963267948966,155.0,120.0,152.08651265498347,2.1789893511427194,5
0.15707963267948966,156.0,120.0,150.14582549697525,2.145658590126973,5
0.15707963267948966,157.0,120.0,148.1545445101535,2.113026828779503,5
0.15707963267948966,158.0,120.0,146.11085273661254,2.0811388108713778,5
0.15707963267948966,159.0,120.0,144.01325659421843,2.0500448310094175,5
0.15707963267948966,160.0,120.0,141.8600050790226,2.0196607342700617,5
0.15707963267948966,161.0,120.0,,1.9899515462537036,4
0.15707963267948966,162.0,120.0,,1.9608311615038294,4
0.15707963267948966,163.0,120.0,,1.9324084246963973,4
0.15707963267948966,164.0,120.0,,1.9046792898965548,4
0.15707963267948966,165.0,120.0,,1.877499586375124,4
0.15707963267948966,166.0,120.0,,1.8508392558667754,4
0.15707963267948966,167.0,120.0,,1.8248630558428234,4
0.15707963267948966,168.0,120.0,,1.7994464501943672,4
0.15707963267948966,169.0,120.0,,1.7744707409848388,4
0.15707963267948966,170.0,120.0,,1.7500599810396116,4
0.15707963267948966,171.0,120.0,,1.7262483501196808,4
0.15707963267948966,172.0,120.0,,1.7028446497645198,4
0.15707963267948966,173.0,120.0,,1.6798841780486509,4
0.15707963267948966,174.0,120.0,,1.657509044313933,4
0.15707963267948966,175.0,120.0,,1.6355400686221282,4
0.15707963267948966,176.0,120.0,,1.61395550106614,4
0.15707963267948966,177.0,120.0,,1.5929027751645934,4
0.15707963267948966,178.0,120.0,,,1
0.15707963267948966,179.0,120.0,,,1
0.15707963267948966,180.0,120.0,,,1
0.15707963267948966,130.0,124.0,,3.4261859825738177,6
0.15707963267948966,131.0,124.0,,3.360136837263436,6
0.15707963267948966,132.0,124.0,,3.295754626514958,6
0.15707963267948966,133.0,124.0,,3.2334426292988097,6
0.15707963267948966,134.0,124.0,,3.1727736394115453,6
0.15707963267948966,135.0,124.0,,3.1138238854392704,6
0.15707963267948966,136.0,124.0,,3.056452559750857,6
0.15707963267948966,137.0,124.0,,3.0006959537039126,6
0.15707963267948966,138.0,124.0,,2.946575837477576,6
0.15707963267948966,139.0,124.0,,2.8936882839145066,6
0.15707963267948966,140.0,124.0,,2.842483909496578,6
0.15707963267948966,141.0,124.0,179.56558490140276,2.792388980295302,5
0.15707963267948966,142.0,124.0,178.22155833297134,2.7437846294449355,5
0.15707963267948966,143.0,124.0,176.84361123506483,2.6962973153547245,5
0.15707963267948966,144.0,124.0,175.4309962276229,2.6501065584155215,5
0.15707963267948966,145.0,124.0,173.98268510720044,2.605169754597348,5
0.15707963267948966,146.0,124.0,172.4979913721902,2.561381180523729,5
0.15707963267948966,147.0,124.0,170.9757763420443,2.5186816967383647,5
0.15707963267948966,148.0,124.0,169.41518570940855,2.477056509587853,5
0.15707963267948966,149.0,124.0,167.81512688117598,2.4363930757694625,5
0.15707963267948966,150.0,124.0,166.17492261507053,2.396822987250926,5
0.15707963267948966,151.0,124.0,164.4931699570299,2.3581506492132873,5
0.15707963267948966,152.0,124.0,162.76866605984176,2.3204958455463918,5
0.15707963267948966,153.0,124.0,161.00036711295672,2.283751130179465,5
0.15707963267948966,154.0,124.0,159.1871648516353,2.247884905243223,5
0.15707963267948966,155.0,124.0,157.32754399242208,2.212736525474515,5
0.15707963267948966,156.0,124.0,155.42015028049815,2.1785321572969156,5
0.15707963267948966,157.0,124.0,153.46358942163658,2.1451781645620667,5
0.15707963267948966,158.0,124.0,151.45652801023368,2.112535824554198,5
0.15707963267948966,159.0,124.0,149.39729605070968,2.080642020164943,5
0.15707963267948966,160.0,124.0,147.28396130688137,2.04940686630289,5
0.15707963267948966,161.0,124.0,145.11461940471125,2.0190289244297333,5
0.15707963267948966,162.0,124.0,,1.9893236781162127,4
0.15707963267948966,163.0,124.0,,1.960180326495164,4
0.15707963267948966,164.0,124.0,,1.9316848128521171,4
0.15707963267948966,165.0,124.0,,1.9039124059846704,4
0.15707963267948966,166.0,124.0,,1.876722814866937,4
0.15707963267948966,167.0,124.0,,1.8500878453664444,4
0.15707963267948966,168.0,124.0,,1.8239974041108822,4
0.15707963267948966,169.0,124.0,,1.7985637255535634,4
0.15707963267948966,170.0,124.0,,1.773607992816755,4
0.15707963267948966,171.0,124.0,,1.7491459687342907,4
0.15707963267948966,172.0,124.0,,1.725255606045453,4
0.15707963267948966,173.0,124.0,,1.7018734037130698,4
0.15707963267948966,174.0,124.0,,1.6788988440237922,4
0.15707963267948966,175.0,124.0,,1.656443492478312,4
0.15707963267948966,176.0,124.0,,1.6344852237264116,4
0.15707963267948966,177.0,124.0,,1.6129169777860775,4
0.15707963267948966,178.0,124.0,,1.591758066005633,4
0.15707963267948966,179.0,124.0,,,1
0.15707963267948966,180.0,124.0,,,1
0.15707963267948966,130.0,128.0,,3.4935239455212765,6
0.15707963267948966,131.0,128.0,,3.4255372893355425,6
0.15707963267948966,132.0,128.0,,3.35955715035081,6
0.15707963267948966,133.0,128.0,,3.2953353329627255,6
0.15707963267948966,134.0,128.0,,3.233067355614661,6
0.15707963267948966,135.0,128.0,,3.1722942909364016,6
0.15707963267948966,136.0,128.0,,3.1133944925169397,6
0.15707963267948966,137.0,128.0,,3.056005008374372,6
0.15707963267948966,138.0,128.0,,3.000420503228317,6
0.15707963267948966,139.0,128.0,,2.9461009834031815,6
0.15707963267948966,140.0,128.0,,2.8935415054774283,6
0.15707963267948966,141.0,128.0,184.5495738048172,2.8421204784879306,5
0.15707963267948966,142.0,128.0,183.2238254330931,2.7922723803784035,5
0.15707963267948966,143.0,128.0,181.86584130510843,2.7435058843641036,5
0.15707963267948966,144.0,128.0,180.4730234668968,2.6961912936536425,5
0.15707963267948966,145.0,128.0,179.0455043783493,2.649967865630491,5
0.15707963267948966,146.0,128.0,177.58226558737482,2.6049604118042797,5
0.15707963267948966,147.0,128.0,176.08229968210634,2.561123671177266,5
0.15707963267948966,148.0,128.0,174.54551121604808,2.518502689851645,5
0.15707963267948966,149.0,128.0,172.9694774456268,2.4768414974933846,5
0.15707963267948966,150.0,128.0,171.35424116284102,2.4362127547711707,5
0.15707963267948966,151.0,128.0,169.6985085959081,2.3965736062995426,5
0.15707963267948966,152.0,128.0,168.00089624659907,2.3578784598446094,5
0.15707963267948966,153.0,128.0,166.26134391989672,2.320159108265769,5
0.15707963267948966,154.0,128.0,164.47765602978978,2.28343640812632,5
0.15707963267948966,155.0,128.0,162.64876567383382,2.2475367557684045,5
0.15707963267948966,156.0,128.0,160.77338791664877,2.2124228987595567,5
0.15707963267948966,157.0,128.0,158.850663196406,2.1781491895531886,5
0.15707963267948966,158.0,128.0,156.87874419475546,2.144717941008509,5
0.15707963267948966,159.0,128.0,154.85605905573436,2.112114283570412,5
0.15707963267948966,160.0,128.0,152.7809028584363,2.080212401868472,5
0.15707963267948966,161.0,128.0,150.65261610083547,2.048967004438552,5
0.15707963267948966,162.0,128.0,148.4684752518382,2.018480142358086,5
0.15707963267948966,163.0,128.0,,1.9887225783366773,4
0.15707963267948966,164.0,128.0,,1.95962933866722,4
0.15707963267948966,165.0,128.0,,1.9310989958204636,4
0.15707963267948966,166.0,128.0,,1.903225771003465,4
0.15707963267948966,167.0,128.0,,1.8760417522960797,4
0.15707963267948966,168.0,128.0,,1.8494345315767104,4
0.15707963267948966,169.0,128.0,,1.8232565711494146,4
0.15707963267948966,170.0,128.0,,1.7977720692497638,4
0.15707963267948966,171.0,128.0,,1.77284844845982,4
0.15707963267948966,172.0,128.0,,1.7483699574683393,4
0.15707963267948966,173.0,128.0,,1.7243958713677074,4
0.15707963267948966,174.0,128.0,,1.7010148455719925,4
0.15707963267948966,175.0,128.0,,1.6780557316765186,4
0.15707963267948966,176.0,128.0,,1.6555010025724606,4
0.15707963267948966,177.0,128.0,,1.6335362623015466,4
0.15707963267948966,178.0,128.0,,1.6119722467087592,4
0.15707963267948966,179.0,128.0,,1.5907544456656983,4
0.15707963267948966,180.0,128.0,,,1
0.15707963267948966,130.0,132.0,,3.5615443563874045,6
0.15707963267948966,131.0,132.0,,3.491787686803863,6
0.15707963267948966,132.0,132.0,,3.424003870772691,6
0.15707963267948966,133.0,132.0,,3.3581632476578216,6
0.15707963267948966,134.0,132.0,,3.2940770484543678,6
0.15707963267948966,135.0,132.0,,3.2319275609374283,6
0.15707963267948966,136.0,132.0,,3.171501691005269,6
0.15707963267948966,137.0,132.0,,3.1126301501570284,6
0.15707963267948966,138.0,132.0,,3.0554972659094304,6
0.15707963267948966,139.0,132.0,,2.999642428404889,6
0.15707963267948966,140.0,132.0,,2.9455781101912817,6
0.15707963267948966,141.0,132.0,189.62180190226655,2.8927617978967173,5
0.15707963267948966,142.0,132.0,188.31425856725673,2.841709868019458,5
0.15707963267948966,143.0,132.0,186.97446899459348,2.7917562189110074,5
0.15707963267948966,144.0,132.0,185.60131695471063,2.7431441559302367,5
0.15707963267948966,145.0,132.0,184.19400438622515,2.6957644363569835,5
0.15707963267948966,146.0,132.0,182.75119494437416,2.6496672773107615,5
0.15707963267948966,147.0,132.0,181.2738069455067,2.604625653928852,5
0.15707963267948966,148.0,132.0,179.75916175148487,2.5608434648832863,5
0.15707963267948966,149.0,132.0,178.20683264467831,2.518072275734898,5
0.15707963267948966,150.0,132.0,176.61595924172428,2.4764872303038175,5
0.15707963267948966,151.0,132.0,174.9862719410414,2.435895888288476,5
0.15707963267948966,152.0,132.0,173.31474289908388,2.396290117507848,5
0.15707963267948966,153.0,132.0,171.60229822937916,2.3575961198437456,5
0.15707963267948966,154.0,132.0,169.8470337507902,2.3197985080213144,5
0.15707963267948966,155.0,132.0,168.04759087549658,2.28302385451653,5
0.15707963267948966,156.0,132.0,166.20374390059519,2.247155625196835,5
0.15707963267948966,157.0,132.0,164.3132663288075,2.21211672237013,5
0.15707963267948966,158.0,132.0,162.37496240904852,2.1778085054183727,5
0.15707963267948966,159.0,132.0,160.38725553486657,2.144285036970662,5
0.15707963267948966,160.0,132.0,158.3497111591485,2.1116195163692923,5
0.15707963267948966,161.0,132.0,156.25976849225322,2.0797651942335973,5
0.15707963267948966,162.0,132.0,154.11593151309452,2.0485252806609604,5
0.15707963267948966,163.0,132.0,151.91696520878313,2.0179744271473985,5
0.15707963267948966,164.0,132.0,,1.9881954786261196,4
0.15707963267948966,165.0,132.0,,1.9590851484164786,4
0.15707963267948966,166.0,132.0,,1.93058873989897,4
0.15707963267948966,167.0,132.0,,1.9026683078532554,4
0.15707963267948966,168.0,132.0,,1.8754189001345856,4
0.15707963267948966,169.0,132.0,,1.848775568831339,4
0.15707963267948966,170.0,132.0,,1.8226503383211168,4
0.15707963267948966,171.0,132.0,,1.7970538944348127,4
0.15707963267948966,172.0,132.0,,1.7721346764655306,4
0.15707963267948966,173.0,132.0,,1.7476954282502202,4
0.15707963267948966,174.0,132.0,,1.723663482727971,4
0.15707963267948966,175.0,132.0,,1.700241798083725,4
0.15707963267948966,176.0,132.0,,1.6772846855346801,4
0.15707963267948966,177.0,132.0,,1.6547577145172956,4
0.15707963267948966,178.0,132.0,,1.632707127683747,4
0.15707963267948966,179.0,132.0,,1.6111328248734977,4
0.15707963267948966,180.0,132.0,,1.5899434434461475,4
0.15707963267948966,130.0,136.0,,3.6301670889746425,6
0.15707963267948966,131.0,136.0,,3.558792669909615,6
0.15707963267948966,132.0,136.0,,3.4891079736978803,6
0.15707963267948966,133.0,136.0,,3.421631783265449,6
0.15707963267948966,134.0,136.0,,3.3559900487626178,6
0.15707963267948966,135.0,136.0,,3.2922054792188846,6
0.15707963267948966,136.0,136.0,,3.23027961679442,6
0.15707963267948966,137.0,136.0,,3.169846535966432,6
0.15707963267948966,138.0,136.0,,3.111277644819973,6
0.15707963267948966,139.0,136.0,,3.0540417502479134,6
0.15707963267948966,140.0,136.0,,2.99871430119492,6
0.15707963267948966,141.0,136.0,194.77842013175646,2.944629609357366,5
0.15707963267948966,142.0,136.0,193.48893947198164,2.8919657740299844,5
0.15707963267948966,143.0,136.0,192.1675106580046,2.840681659023092,5
0.15707963267948966,144.0,136.0,190.81301461325123,2.790830531300504,5
0.15707963267948966,145.0,136.0,189.42615655951684,2.7423058335058275,5
0.15707963267948966,146.0,136.0,188.0041186581436,2.6950887922990128,5
0.15707963267948966,147.0,136.0,186.5472494155106,2.6490349528168933,5
0.15707963267948966,148.0,136.0,185.0544803086221,2.6041462707213046,5
0.15707963267948966,149.0,136.0,183.5247273412672,2.5603030773598405,5
0.15707963267948966,150.0,136.0,181.95809667551578,2.517564585785576,5
0.15707963267948966,151.0,136.0,180.35207819001891,2.475900103882882,5
0.15707963267948966,152.0,136.0,178.70668064064657,2.4353493680712224,5
0.15707963267948966,153.0,136.0,177.02068293123997,2.3958310244064935,5
0.15707963267948966,154.0,136.0,175.29251392949962,2.3571614112749435,5
0.15707963267948966,155.0,136.0,173.52268886214014,2.319428636720256,5
0.15707963267948966,156.0,136.0,171.7084660922644,2.282533554895556,5
0.15707963267948966,157.0,136.0,169.8490312055822,2.2466492593839233,5
0.15707963267948966,158.0,136.0,167.94288045884753,2.211633016854872,5
0.15707963267948966,159.0,136.0,165.9898512606755,2.1774037518259397,5
0.15707963267948966,160.0,136.0,163.98742762544202,2.143905591564257,5
0.15707963267948966,161.0,136.0,161.93436511322406,2.111126785090281,5
0.15707963267948966,162.0,136.0,159.82989618990212,2.0792825224630826,5
0.15707963267948966,163.0,136.0,157.67071473057334,2.0480605077236858,5
0.15707963267948966,164.0,136.0,155.45659798330487,2.0175484419237617,5
0.15707963267948966,165.0,136.0,,1.987657977123223,4
0.15707963267948966,166.0,136.0,,1.9585754190406683,4
0.15707963267948966,167.0,136.0,,1.9300684604879164,4
0.15707963267948966,168.0,136.0,,1.9021699859900767,4
0.15707963267948966,169.0,136.0,,1.8748030615106932,4
0.15707963267948966,170.0,136.0,,1.8481981163080519,4
0.15707963267948966,171.0,136.0,,1.8221018887694311,4
0.15707963267948966,172.0,136.0,,1.7965088487035348,4
0.15707963267948966,173.0,136.0,,1.7714890632033615,4
0.15707963267948966,174.0,136.0,,1.747067385167567,4
0.15707963267948966,175.0,136.0,,1.723049035488991,4
0.15707963267948966,176.0,136.0,,1.6995181424759247,4
0.15707963267948966,177.0,136.0,,1.6765830506099724,4
0.15707963267948966,178.0,136.0,,1.654065791717373,4
0.15707963267948966,179.0,136.0,,1.631940378877359,4
0.15707963267948966,180.0,136.0,,1.6103932416546425,4
0.15707963267948966,130.0,140.0,,3.6993344373482873,6
0.15707963267948966,131.0,140.0,,3.6262651465136506,6
0.15707963267948966,132.0,140.0,,3.554840982482894,6
0.15707963267948966,133.0,140.0,,3.4857335965669893,6
0.15707963267948966,134.0,140.0,,3.4183757831396435,6
0.15707963267948966,135.0,140.0,,3.3529869709030145,6
0.15707963267948966,136.0,140.0,,3.2895084979543654,6
0.15707963267948966,137.0,140.0,,3.22758787838838,6
0.15707963267948966,138.0,140.0,,3.1676496770826015,6
0.15707963267948966,139.0,140.0,,3.1091581825630072,6
0.15707963267948966,140.0,140.0,,3.0522258270109166,6
0.15707963267948966,141.0,140.0,200.01740487431778,2.9969280213582126,5
0.15707963267948966,142.0,140.0,198.7456517612539,2.943050221229368,5
0.15707963267948966,143.0,140.0,197.4430065320271,2.8906342555313262,5
0.15707963267948966,144.0,140.0,196.1068868586645,2.839517260570971,5
0.15707963267948966,145.0,140.0,194.73850495340065,2.789730867086004,5
0.15707963267948966,146.0,140.0,193.3365565140679,2.7411942593708534,5
0.15707963267948966,147.0,140.0,191.90025520779568,2.6939870574398217,5
0.15707963267948966,148.0,140.0,190.4283021726588,2.648016479003974,5
0.15707963267948966,149.0,140.0,188.9215408910975,2.6032354080610007,5
0.15707963267948966,150.0,140.0,187.3773403246077,2.5595101065054346,5
0.15707963267948966,151.0,140.0,185.79534137146345,2.5168653568833195,5
0.15707963267948966,152.0,140.0,184.17464111489804,2.475299552365398,5
0.15707963267948966,153.0,140.0,182.51504313250874,2.4346124497341406,5
0.15707963267948966,154.0,140.0,180.8135348077547,2.395095233218926,5
0.15707963267948966,155.0,140.0,179.070884044459,2.356539071529431,5
0.15707963267948966,156.0,140.0,177.28542977700434,2.3188279715974653,5
0.15707963267948966,157.0,140.0,175.4556315940913,2.2820251824914086,5
0.15707963267948966,158.0,140.0,173.58163644779393,2.2460602481199197,5
0.15707963267948966,159.0,140.0,171.66088305224508,2.2110402730597354,5
0.15707963267948966,160.0,140.0,169.69236447249736,2.1768473502393073,5
0.15707963267948966,161.0,140.0,167.67431450953035,2.143402602555457,5
0.15707963267948966,162.0,140.0,165.60692205314874,2.110655900547163,5
0.15707963267948966,163.0,140.0,163.48705626530912,2.0787032560608703,5
0.15707963267948966,164.0,140.0,161.31352165968167,2.0475253909231466,5
0.15707963267948966,165.0,140.0,159.08483272639262,2.0170501511893857,5
0.15707963267948966,166.0,140.0,,1.9871811401414576,4
0.15707963267948966,167.0,140.0,,1.9579699577190903,4
0.15707963267948966,168.0,140.0,,1.9295336287632887,4
0.15707963267948966,169.0,140.0,,1.9016480828916538,4
0.15707963267948966,170.0,140.0,,1.8742901009643873,4
0.15707963267948966,171.0,140.0,,1.8476138391145804,4
0.15707963267948966,172.0,140.0,,1.8215328086950222,4
0.15707963267948966,173.0,140.0,,1.795957892010569,4
0.15707963267948966,174.0,140.0,,1.7708749024974273,4
0.15707963267948966,175.0,140.0,,1.7464412471459845,4
0.15707963267948966,176.0,140.0,,1.722456460969851,4
0.15707963267948966,177.0,140.0,,1.6989258214688912,4
0.15707963267948966,178.0,140.0,,1.675931265171505,4
0.15707963267948966,179.0,140.0,,1.653437046983569,4
0.15707963267948966,180.0,140.0,,1.6313171245899023,4
0.15707963267948966,130.0,144.0,,3.7688183341367796,6
0.15707963267948966,131.0,144.0,,3.6941301637699024,6
0.15707963267948966,132.0,144.0,,3.621158228372168,6
0.15707963267948966,133.0,144.0,,3.5501559222720145,6
0.15707963267948966,134.0,144.0,,3.4814761633140314,6
0.15707963267948966,135.0,144.0,,3.414404078306279,6
0.15707963267948966,136.0,144.0,,3.3494848595896367,6
0.15707963267948966,137.0,144.0,,3.2859985979547295,6
0.15707963267948966,138.0,144.0,,3.2245883477189423,6
0.15707963267948966,139.0,144.0,,3.164590164389366,6
0.15707963267948966,140.0,144.0,,3.1064032188797253,6
0.15707963267948966,141.0,144.0,205.33741994755206,3.0497734047711202,5
0.15707963267948966,142.0,144.0,204.08306969763487,2.9945894336951557,5
0.15707963267948966,143.0,144.0,202.79682751509546,2.94092879762742,5
0.15707963267948966,144.0,144.0,201.47928229622525,2.8886671912406694,5
0.15707963267948966,145.0,144.0,200.1295747671221,2.8377744121359214,5
0.15707963267948966,146.0,144.0,198.7467204175141,2.7881910879019753,5
0.15707963267948966,147.0,144.0,197.3312920308438,2.739785010544518,5
0.15707963267948966,148.0,144.0,195.880143552961,2.6926644969854183,5
0.15707963267948966,149.0,144.0,194.3942351408124,2.646673744763628,5
0.15707963267948966,150.0,144.0,192.87225701230327,2.6019728605726855,5
0.15707963267948966,151.0,144.0,191.31319190770185,2.55833368248001,5
0.15707963267948966,152.0,144.0,189.7171635728696,2.5158523318884236,5
0.15707963267948966,153.0,144.0,188.08133432585223,2.4742735976267567,5
0.15707963267948966,154.0,144.0,186.40618960355727,2.4337563295235287,5
0.15707963267948966,155.0,144.0,184.69034820998849,2.3941798282232796,5
0.15707963267948966,156.0,144.0,182.9322716720308,2.3556652164700234,5
0.15707963267948966,157.0,144.0,181.13244541981655,2.3180881917671283,5
0.15707963267948966,158.0,144.0,179.28819447843253,2.2813348631781256,5
0.15707963267948966,159.0,144.0,177.39873659507438,2.245430606384969,5
0.15707963267948966,160.0,144.0,175.46251972191993,2.2103479393902967,5
0.15707963267948966,161.0,144.0,173.47958051300134,2.176137945097299,5
0.15707963267948966,162.0,144.0,171.4472566105824,2.142772856462923,5
0.15707963267948966,163.0,144.0,169.36443677625098,2.1101356790148458,5
0.15707963267948966,164.0,144.0,167.23026526598974,2.0780954659000157,5
0.15707963267948966,165.0,144.0,165.04175880582193,2.046917413935685,5
0.15707963267948966,166.0,144.0,162.79848958962594,2.0164606596742756,5
0.15707963267948966,167.0,144.0,,1.986656741906945,4
0.15707963267948966,168.0,144.0,,1.9574280526071788,4
0.15707963267948966,169.0,144.0,,1.928940977445941,4
0.15707963267948966,170.0,144.0,,1.9010699589176108,4
0.15707963267948966,171.0,144.0,,1.873787013439974,4
0.15707963267948966,172.0,144.0,,1.8470079889951692,4
0.15707963267948966,173.0,144.0,,1.820952960712682,4
0.15707963267948966,174.0,144.0,,1.7953951640412973,4
0.15707963267948966,175.0,144.0,,1.7703404215618779,4
0.15707963267948966,176.0,144.0,,1.7458153227144468,4
0.15707963267948966,177.0,144.0,,1.7218789292254155,4
0.15707963267948966,178.0,144.0,,1.6983568383232543,4
0.15707963267948966,179.0,144.0,,1.6752817704010132,4
0.15707963267948966,180.0,144.0,,1.6528043604323241,4
0.15707963267948966,130.0,148.0,,3.838223332950793,6
0.15707963267948966,131.0,148.0,,3.76182678089383,6
0.15707963267948966,132.0,148.0,,3.687139673600614,6
0.15707963267948966,133.0,148.0,,3.6148707887643505,6
0.15707963267948966,134.0,148.0,,3.5444409164145454,6
0.15707963267948966,135.0,148.0,,3.476040591046195,6
0.15707963267948966,136.0,148.0,,3.4096068520319998,6
0.15707963267948966,137.0,148.0,,3.344727738495839,6
0.15707963267948966,138.0,148.0,,3.2820278801831897,6
0.15707963267948966,139.0,148.0,,3.2206532511585015,6
0.15707963267948966,140.0,148.0,,3.1612383190368294,6
0.15707963267948966,141.0,148.0,210.73639998341704,3.103164721584253,5
0.15707963267948966,142.0,148.0,209.4975371908897,3.0467408372062033,5
0.15707963267948966,143.0,148.0,208.228455690171,2.9917444255262566,5
0.15707963267948966,144.0,148.0,206.92841011524044,2.9381747520000956,5
0.15707963267948966,145.0,148.0,205.59639955950573,2.886155834839673,5
0.15707963267948966,146.0,148.0,204.2335071615673,2.8355130464277782,5
0.15707963267948966,147.0,148.0,202.83650031634292,2.786015553745584,5
0.15707963267948966,148.0,148.0,201.4059691084181,2.7378384699881115,5
0.15707963267948966,149.0,148.0,199.94093007542205,2.6908558966275993,5
0.15707963267948966,150.0,148.0,198.44020058866732,2.64511196711655,5
0.15707963267948966,151.0,148.0,196.90443980451158,2.600297960534962,5
0.15707963267948966,152.0,148.0,195.33070271850292,2.5568766930980873,5
0.15707963267948966,153.0,148.0,193.7193305996322,2.5144165182903366,5
0.15707963267948966,154.0,148.0,192.0691605055322,2.473041378472095,5
0.15707963267948966,155.0,148.0,190.3786693394282,2.432631362777273,5
0.15707963267948966,156.0,148.0,188.64866057338958,2.39313357007957,5
0.15707963267948966,157.0,148.0,186.87630990507233,2.3545986034674304,5
0.15707963267948966,158.0,148.0,185.06104717565452,2.3170370182674174,5
0.15707963267948966,159.0,148.0,183.20147471182418,2.2804265087714812,5
0.15707963267948966,160.0,148.0,181.29757354663613,2.2445938621527266,5
0.15707963267948966,161.0,148.0,179.34699720036846,2.209569758739007,5
0.15707963267948966,162.0,148.0,177.34872380922803,2.17529020453592,5
0.15707963267948966,163.0,148.0,175.30101334987367,2.141967405149774,5
0.15707963267948966,164.0,148.0,173.20406264205863,2.1093450133974456,5
0.15707963267948966,165.0,148.0,171.05480600484677,2.0774378826153495,5
0.15707963267948966,166.0,148.0,168.85208849666301,2.046198219060919,5
0.15707963267948966,167.0,148.0,166.5945354944531,2.0157688570595313,5
0.15707963267948966,168.0,148.0,,1.9860259997411058,4
0.15707963267948966,169.0,148.0,,1.9568428407548626,4
0.15707963267948966,170.0,148.0,,1.9282591673161977,4
0.15707963267948966,171.0,148.0,,1.9004431143250902,4
0.15707963267948966,172.0,148.0,,1.8732150565893226,4
0.15707963267948966,173.0,148.0,,1.846468684180067,4
0.15707963267948966,174.0,148.0,,1.820307518062238,4
0.15707963267948966,175.0,148.0,,1.794807027684086,4
0.15707963267948966,176.0,148.0,,1.7697879801224492,4
0.15707963267948966,177.0,148.0,,1.7451963374021677,4
0.15707963267948966,178.0,148.0,,1.721258210384067,4
0.15707963267948966,179.0,148.0,,1.6977777253113078,4
0.15707963267948966,180.0,148.0,,1.6747182306301007,4
0.15707963267948966,130.0,152.0,,3.9076007804142483,6
0.15707963267948966,131.0,152.0,,3.829422299942727,6
0.15707963267948966,132.0,152.0,,3.7533780394441485,6
0.15707963267948966,133.0,152.0,,3.6794405664016194,6
0.15707963267948966,134.0,152.0,,3.607588258030716,6
0.15707963267948966,135.0,152.0,,3.5375378058212577,6
0.15707963267948966,136.0,152.0,,3.4697557970361204,6
0.15707963267948966,137.0,152.0,,3.4035115878178015,6
0.15707963267948966,138.0,152.0,,3.3393871854029324,6
0.15707963267948966,139.0,152.0,,3.2768272149029816,6
0.15707963267948966,140.0,152.0,,3.2160251326155045,6
0.15707963267948966,141.0,152.0,216.21063171925073,3.156887164304874,5
0.15707963267948966,142.0,152.0,214.98778612183162,3.0991983812466937,5
0.15707963267948966,143.0,152.0,213.73494145018373,3.0430045038906313,5
0.15707963267948966,144.0,152.0,212.4531252744604,2.988365465467201,5
0.15707963267948966,145.0,152.0,211.1387279491708,2.935093075344274,5
0.15707963267948966,146.0,152.0,209.7932427463041,2.8832095658789982,5
0.15707963267948966,147.0,152.0,208.41538574514445,2.8326005928323594,5
0.15707963267948966,148.0,152.0,207.00437657684253,2.7833806377013293,5
0.15707963267948966,149.0,152.0,205.55908327391563,2.7353976138571072,5
0.15707963267948966,150.0,152.0,204.08056450518407,2.68860470800589,5
0.15707963267948966,151.0,152.0,202.5656380456978,2.642994148727846,5
0.15707963267948966,152.0,152.0,201.01465138071347,2.598493497631751,5
0.15707963267948966,153.0,152.0,199.42655745938256,2.5550159418467615,5
0.15707963267948966,154.0,152.0,197.79995234576137,2.512675687182828,5
0.15707963267948966,155.0,152.0,196.1358931049274,2.4713754637441934,5
0.15707963267948966,156.0,152.0,194.431264788836,2.4311300175003874,5
0.15707963267948966,157.0,152.0,192.6858480150719,2.3918171551504073,5
0.15707963267948966,158.0,152.0,190.89830611335853,2.353315427032208,5
0.15707963267948966,159.0,152.0,189.06873031247625,2.31576943094282,5
0.15707963267948966,160.0,152.0,187.19467441090202,2.2791852645600796,5
0.15707963267948966,161.0,152.0,185.2755245636091,2.2434813412961807,5
0.15707963267948966,162.0,152.0,183.3097544888991,2.2085235896191233,5
0.15707963267948966,163.0,152.0,181.29709902432606,2.1743676604454634,5
0.15707963267948966,164.0,152.0,179.23526247825697,2.140978138816984,5
0.15707963267948966,165.0,152.0,177.12306907284335,2.108461482005088,5
0.15707963267948966,166.0,152.0,174.95982794385208,2.0766151325948905,5
0.15707963267948966,167.0,152.0,172.7421832664385,2.0454294251111844,5
0.15707963267948966,168.0,152.0,170.47019708732842,2.014926498938923,5
0.15707963267948966,169.0,152.0,,1.9852259481983023,4
0.15707963267948966,170.0,152.0,,1.9561399780257285,4
0.15707963267948966,171.0,152.0,,1.927596131483266,4
0.15707963267948966,172.0,152.0,,1.8997276491595843,4
0.15707963267948966,173.0,152.0,,1.8725258904130457,4
0.15707963267948966,174.0,152.0,,1.8458364864820174,4
0.15707963267948966,175.0,152.0,,1.8196652377823659,4
0.15707963267948966,176.0,152.0,,1.7941534331875575,4
0.15707963267948966,177.0,152.0,,1.7691598170965634,4
0.15707963267948966,178.0,152.0,,1.7446380677811497,4
0.15707963267948966,179.0,152.0,,1.7206203706456833,4
0.15707963267948966,180.0,152.0,,1.6971843959304713,4
0.15707963267948966,130.0,156.0,,3.9766305521401453,6
0.15707963267948966,131.0,156.0,,3.896979559095488,6
0.15707963267948966,132.0,156.0,,3.8189712708759673,6
0.15707963267948966,133.0,156.0,,3.743799116314872,6
0.15707963267948966,134.0,156.0,,3.6706287637965884,6
0.15707963267948966,135.0,156.0,,3.5992587060430967,6
0.15707963267948966,136.0,156.0,,3.530037843483721,6
0.15707963267948966,137.0,156.0,,3.462538145537799,6
0.15707963267948966,138.0,156.0,,3.397064017781766,6
0.15707963267948966,139.0,156.0,,3.332990141985178,6
0.15707963267948966,140.0,156.0,,3.2710170612422815,6
0.15707963267948966,141.0,156.0,221.75870187225289,3.210500746982823,5
0.15707963267948966,142.0,156.0,220.55105365736193,3.151612928837518,5
0.15707963267948966,143.0,156.0,219.3158165682266,3.094388451815651,5
0.15707963267948966,144.0,156.0,218.0492834258829,3.038560846440332,5
0.15707963267948966,145.0,156.0,216.7526915297048,2.984289957652245,5
0.15707963267948966,146.0,156.0,215.42518152772348,2.931327158730997,5
0.15707963267948966,147.0,156.0,214.0653380012037,2.8796555979447582,5
0.15707963267948966,148.0,156.0,212.6744330743598,2.8293698361191,5
0.15707963267948966,149.0,156.0,211.24867678184273,2.780258780969422,5
0.15707963267948966,150.0,156.0,209.78967701688282,2.732406865396794,5
0.15707963267948966,151.0,156.0,208.29598721424378,2.6858691582045684,5
0.15707963267948966,152.0,156.0,206.766702633579,2.6405192602687837,5
0.15707963267948966,153.0,156.0,205.20215430727993,2.5960881691404563,5
0.15707963267948966,154.0,156.0,203.59891092231987,2.552871549331672,5
0.15707963267948966,155.0,156.0,201.95833749945612,2.510614149664316,5
0.15707963267948966,156.0,156.0,200.27885351677932,2.469405642799828,5
0.15707963267948966,157.0,156.0,198.55920874916973,2.429307775975162,5
0.15707963267948966,158.0,156.0,196.79970399031916,2.390042770556878,5
0.15707963267948966,159.0,156.0,194.99754443496462,2.351804129695795,5
0.15707963267948966,160.0,156.0,193.15269992381513,2.314311440106486,5
0.15707963267948966,161.0,156.0,191.26370677610456,2.277752401179044,5
0.15707963267948966,162.0,156.0,189.3302771332988,2.2421181695832724,5
0.15707963267948966,163.0,156.0,187.34990005591575,2.207277946593764,5
0.15707963267948966,164.0,156.0,185.32214153684927,2.1732066367169605,5
0.15707963267948966,165.0,156.0,183.24521065138876,2.1399092108318687,5
0.15707963267948966,166.0,156.0,181.11882959466976,2.107326089531156,5
0.15707963267948966,167.0,156.0,178.94049073276315,2.07559306776772,5
0.15707963267948966,168.0,156.0,176.70893670072093,2.044493374318364,5
0.15707963267948966,169.0,156.0,174.42300569769466,2.0140523012880496,5
0.15707963267948966,170.0,156.0,,1.9843132802063415,4
0.15707963267948966,171.0,156.0,,1.955283956200795,4
0.15707963267948966,172.0,156.0,,1.9268216437449892,4
0.15707963267948966,173.0,156.0,,1.8989391257225696,4
0.15707963267948966,174.0,156.0,,1.871741136786047,4
0.15707963267948966,175.0,156.0,,1.8451030655294813,4
0.15707963267948966,176.0,156.0,,1.8189902624817822,4
0.15707963267948966,177.0,156.0,,1.793396069773867,4
0.15707963267948966,178.0,156.0,,1.7684850850356022,4
0.15707963267948966,179.0,156.0,,1.7439910873564082,4
0.15707963267948966,180.0,156.0,,1.7199423024440625,4
0.15707963267948966,130.0,160.0,,4.0447498496782,6
0.15707963267948966,131.0,160.0,,3.963613767587859,6
0.15707963267948966,132.0,160.0,,3.8844271671448096,6
0.15707963267948966,133.0,160.0,,3.807912323592887,6
0.15707963267948966,134.0,160.0,,3.733195712435949,6
0.15707963267948966,135.0,160.0,,3.6604775785002728,6
0.15707963267948966,136.0,160.0,,3.5899600624315977,6
0.15707963267948966,137.0,160.0,,3.5213089670151665,6
0.15707963267948966,138.0,160.0,,3.4544535763504007,6
0.15707963267948966,139.0,160.0,,3.3892696494323826,6
0.15707963267948966,140.0,160.0,,3.3261042875039686,6
0.15707963267948966,141.0,160.0,227.38005369754168,3.264338645952304,5
0.15707963267948966,142.0,160.0,226.18747560093217,3.2044177677165075,5
0.15707963267948966,143.0,160.0,224.9668396608567,3.1458709998147736,5
0.15707963267948966,144.0,160.0,223.71692331706,3.088954143113441,5
0.15707963267948966,145.0,160.0,222.43706022346902,3.033416415342116,5
0.15707963267948966,146.0,160.0,221.1263259045854,2.9793609075641796,5
0.15707963267948966,147.0,160.0,219.78585624125702,2.926812173449982,5
0.15707963267948966,148.0,160.0,218.41191755355135,2.875494797982516,5
0.15707963267948966,149.0,160.0,217.00596279666047,2.825469094358379,5
0.15707963267948966,150.0,160.0,215.56674056454196,2.776686599126788,5
0.15707963267948966,151.0,160.0,214.09328598893526,2.729079130437691,5
0.15707963267948966,152.0,160.0,212.5862440559569,2.682676210121152,5
0.15707963267948966,153.0,160.0,211.04207038362887,2.637387096570265,5
0.15707963267948966,154.0,160.0,209.462172289776,2.5932510878886026,5
0.15707963267948966,155.0,160.0,207.84507954792107,2.550250039921177,5
0.15707963267948966,156.0,160.0,206.1896045487086,2.5082257625298263,5
0.15707963267948966,157.0,160.0,204.49625554005894,2.4671241250060976,5
0.15707963267948966,158.0,160.0,202.76192524352192,2.4270336804328076,5
0.15707963267948966,159.0,160.0,200.9870748214865,2.387992097326621,5
0.15707963267948966,160.0,160.0,199.1702699091189,2.3498435839394567,5
0.15707963267948966,161.0,160.0,197.31136247770033,2.312543079738876,5
0.15707963267948966,162.0,160.0,195.4073490993417,2.276111588688191,5
0.15707963267948966,163.0,160.0,193.45868296770533,2.240425070194902,5
0.15707963267948966,164.0,160.0,191.46362199481504,2.205753318191931,5
0.15707963267948966,165.0,160.0,189.4216484203772,2.171797012732333,5
0.15707963267948966,166.0,160.0,187.33020177323064,2.1385447054187776,5
0.15707963267948966,167.0,160.0,185.1888309868893,2.106023696514186,5
0.15707963267948966,168.0,160.0,182.99546319299557,2.074377177716708,5
0.15707963267948966,169.0,160.0,180.75014334920562,2.043330489382878,5
0.15707963267948966,170.0,160.0,178.44965043091372,2.012990295135308,5
0.15707963267948966,171.0,160.0,,1.9832504310356514,4
0.15707963267948966,172.0,160.0,,1.954243625991379,4
0.15707963267948966,173.0,160.0,,1.925894723586025,4
0.15707963267948966,174.0,160.0,,1.898065005179736,4
0.15707963267948966,175.0,160.0,,1.870806728981702,4
0.15707963267948966,176.0,160.0,,1.8442438603513958,4
0.15707963267948966,177.0,160.0,,1.8181967630576206,4
0.15707963267948966,178.0,160.0,,1.7926347645232994,4
0.15707963267948966,179.0,160.0,,1.76768967986304,4
0.15707963267948966,180.0,160.0,,1.7432489697675932,4
0.15707963267948966,130.0,164.0,,4.112223044797197,6
0.15707963267948966,131.0,164.0,,4.029785187078393,6
0.15707963267948966,132.0,164.0,,3.9493987806196817,6
0.15707963267948966,133.0,164.0,,3.8714666553111168,6
0.15707963267948966,134.0,164.0,,3.795220465044427,6
0.15707963267948966,135.0,164.0,,3.721370275378099,6
0.15707963267948966,136.0,164.0,,3.6495595380697554,6
0.15707963267948966,137.0,164.0,,3.579569006620126,6
0.15707963267948966,138.0,164.0,,3.5115232173412334,6
0.15707963267948966,139.0,164.0,,3.445232395574348,6
0.15707963267948966,140.0,164.0,,3.380813369596497,6
0.15707963267948966,141.0,164.0,233.07021403536388,3.317911979550665,5
0.15707963267948966,142.0,164.0,231.89310471186442,3.256863656679358,5
0.15707963267948966,143.0,164.0,230.6878011032377,3.1972977567460257,5
0.15707963267948966,144.0,164.0,229.45350382223188,3.1393507350690038,5
0.15707963267948966,145.0,164.0,228.18958407714516,3.082797433170912,5
0.15707963267948966,146.0,164.0,226.89682104401675,3.0277179224216906,5
0.15707963267948966,147.0,164.0,225.57270919240256,2.974047604376782,5
0.15707963267948966,148.0,164.0,224.21730056871672,2.921645960762717,5
0.15707963267948966,149.0,164.0,222.8299331213703,2.870632816032851,5
0.15707963267948966,150.0,164.0,221.4095912390212,2.8209490721127426,5
0.15707963267948966,151.0,164.0,219.9572487538593,2.7725119111261494,5
0.15707963267948966,152.0,164.0,218.4691825143014,2.725232127554113,5
0.15707963267948966,153.0,164.0,216.9468777336518,2.6790193050271403,5
0.15707963267948966,154.0,164.0,215.3888105503348,2.6339523770970326,5
0.15707963267948966,155.0,164.0,213.79426815846364,2.5899155984806783,5
0.15707963267948966,156.0,164.0,212.16353252296193,2.5471529192897076,5
0.15707963267948966,157.0,164.0,210.49335471406496,2.505313050533312,5
0.15707963267948966,158.0,164.0,208.78461617180733,2.46446852368477,5
0.15707963267948966,159.0,164.0,207.03589149464844,2.4245809006339702,5
0.15707963267948966,160.0,164.0,205.24719880556722,2.3855214472829545,5
0.15707963267948966,161.0,164.0,203.41508828269792,2.3475714263153145,5
0.15707963267948966,162.0,164.0,201.54075964392288,2.3104774158754875,5
0.15707963267948966,163.0,164.0,199.6224338675461,2.274133516712846,5
0.15707963267948966,164.0,164.0,197.6598008179305,2.238625210487787,5
0.15707963267948966,165.0,164.0,195.64951180086052,2.203903583981149,5
0.15707963267948966,166.0,164.0,193.59238307613242,2.1701019462656075,5
0.15707963267948966,167.0,164.0,191.48640268415488,2.137016864018517,5
0.15707963267948966,168.0,164.0,189.3308880756666,2.1046015446795723,5
0.15707963267948966,169.0,164.0,187.1233400949417,2.0729013347330163,5
0.15707963267948966,170.0,164.0,184.8630415892617,2.041982949252086,5
0.15707963267948966,171.0,164.0,182.54900660233588,2.0117352182133086,5
0.15707963267948966,172.0,164.0,,1.9821037493348213,4
0.15707963267948966,173.0,164.0,,1.9530454090314144,4
0.15707963267948966,174.0,164.0,,1.9247630751004512,4
0.15707963267948966,175.0,164.0,,1.897045247743237,4
0.15707963267948966,176.0,164.0,,1.869838187609469,4
0.15707963267948966,177.0,164.0,,1.843257049564128,4
0.15707963267948966,178.0,164.0,,1.8172827888174252,4
0.15707963267948966,179.0,164.0,,1.7918027903229694,4
0.15707963267948966,180.0,164.0,,1.7667698457502334,4
0.15707963267948966,130.0,168.0,,4.178652091153104,6
0.15707963267948966,131.0,168.0,,4.094714851322175,6
0.15707963267948966,132.0,168.0,,4.0131796469456775,6
0.15707963267948966,133.0,168.0,,3.933939575301533,6
0.15707963267948966,134.0,168.0,,3.856522715446685,6
0.15707963267948966,135.0,168.0,,3.7816409974441516,6
0.15707963267948966,136.0,168.0,,3.708746184256791,6
0.15707963267948966,137.0,168.0,,3.6375579951183337,6
0.15707963267948966,138.0,168.0,,3.5683910489616197,6
0.15707963267948966,139.0,168.0,,3.5008344996471874,6
0.15707963267948966,140.0,168.0,,3.435247017560431,6
0.15707963267948966,141.0,168.0,238.8296173573531,3.371327865776776,5
0.15707963267948966,142.0,168.0,237.66691994854395,3.3090761404235893,5
0.15707963267948966,143.0,168.0,236.47622711900019,3.2483970223269614,5
0.15707963267948966,144.0,168.0,235.25879963018988,3.189402562593784,5
0.15707963267948966,145.0,168.0,234.0104416739271,3.1319542683550745,5
0.15707963267948966,146.0,168.0,232.73337725901234,3.075844825848151,5
0.15707963267948966,147.0,168.0,231.42620346112886,3.021263362013993,5
0.15707963267948966,148.0,168.0,230.0882394425823,2.9680178373987656,5
0.15707963267948966,149.0,168.0,228.71855239130002,2.9159633934211935,5
0.15707963267948966,150.0,168.0,227.3183244091258,2.8652615287091967,5
0.15707963267948966,151.0,168.0,225.88364134123344,2.8157865005593146,5
0.15707963267948966,152.0,168.0,224.41610637578952,2.767626059556652,5
0.15707963267948966,153.0,168.0,222.91440162212353,2.7206325418187873,5
0.15707963267948966,154.0,168.0,221.37742738534342,2.674799757101797,5
0.15707963267948966,155.0,168.0,219.80608326383705,2.6300515865477028,5
0.15707963267948966,156.0,168.0,218.1967160346905,2.5862935825194096,5
0.15707963267948966,157.0,168.0,216.5505734174346,2.5435675148119317,5
0.15707963267948966,158.0,168.0,214.86622666284262,2.5019549876247646,5
0.15707963267948966,159.0,168.0,213.14229885174973,2.461416028671721,5
0.15707963267948966,160.0,168.0,211.37964565734936,2.421648127419151,5
0.15707963267948966,161.0,168.0,209.5753941422261,2.382868708400047,5
0.15707963267948966,162.0,168.0,207.72944116353926,2.344919050298764,5
0.15707963267948966,163.0,168.0,205.8396962070722,2.307921875704579,5
0.15707963267948966,164.0,168.0,203.90719995826123,2.271828295645648,5
0.15707963267948966,165.0,168.0,201.92906261443932,2.2364634120726903,5
0.15707963267948966,166.0,168.0,199.90468292181012,2.2019160835495923,5
0.15707963267948966,167.0,168.0,197.83221037958523,2.1681113429222094,5
0.15707963267948966,168.0,168.0,195.71247410591306,2.135148390160102,5
0.15707963267948966,169.0,168.0,193.54196986640147,2.1028952955180182,5
0.15707963267948966,170.0,168.0,191.31993092402223,2.0712962269404875,5
0.15707963267948966,171.0,168.0,189.04556973135934,2.040349924758725,5
0.15707963267948966,172.0,168.0,186.71656190028637,2.010238099976247,5
0.15707963267948966,173.0,168.0,,1.9806990859763296,4
0.15707963267948966,174.0,168.0,,1.9517704057344105,4
0.15707963267948966,175.0,168.0,,1.9234609383307046,4
0.15707963267948966,176.0,168.0,,1.8958268595762398,4
0.15707963267948966,177.0,168.0,,1.868716790603759,4
0.15707963267948966,178.0,168.0,,1.8421331143814628,4
0.15707963267948966,179.0,168.0,,1.8162177109272646,4
0.15707963267948966,180.0,168.0,,1.7908024018995092,4
0.15707963267948966,130.0,172.0,,4.243954946461095,6
0.15707963267948966,131.0,172.0,,4.158744344921638,6
0.15707963267948966,132.0,172.0,,4.076205951185622,6
0.15707963267948966,133.0,172.0,,3.9957236843515855,6
0.15707963267948966,134.0,172.0,,3.917218610519828,6
0.15707963267948966,135.0,172.0,,3.841049254567226,6
0.15707963267948966,136.0,172.0,,3.76668131621655,6
0.15707963267948966,137.0,172.0,,3.6945928279298665,6
0.15707963267948966,138.0,172.0,,3.62442230310037,6
0.15707963267948966,139.0,172.0,,3.555914584841466,6
0.15707963267948966,140.0,172.0,,3.489332244383999,6
0.15707963267948966,141.0,172.0,244.65578748299166,3.424227339688872,5
0.15707963267948966,142.0,172.0,243.50691741570682,3.36122567812171,5
0.15707963267948966,143.0,172.0,242.33175745999145,3.2994359111677154,5
0.15707963267948966,144.0,172.0,241.12809987582483,3.2394236870245985,5
0.15707963267948966,145.0,172.0,239.89601474529334,3.180867754857582,5
0.15707963267948966,146.0,172.0,238.63493080489195,3.1237804478675324,5
0.15707963267948966,147.0,172.0,237.34410711621192,3.0680946068378523,5
0.15707963267948966,148.0,172.0,236.02280063661485,3.0139776727819982,5
0.15707963267948966,149.0,172.0,234.67168967432488,2.961036432666334,5
0.15707963267948966,150.0,172.0,233.28848235308095,2.9096208691799643,5
0.15707963267948966,151.0,172.0,231.8731198083133,2.859219151645507,5
0.15707963267948966,152.0,172.0,230.42492013766028,2.8102484760885877,5
0.15707963267948966,153.0,172.0,228.94284438380225,2.7622570042297574,5
0.15707963267948966,154.0,172.0,227.42794728371226,2.7155447955435275,5
0.15707963267948966,155.0,172.0,225.87633831474787,2.6700159921251037,5
0.15707963267948966,156.0,172.0,224.28959082956297,2.6255458658186397,5
0.15707963267948966,157.0,172.0,222.6662651561252,2.5821079557629116,5
0.15707963267948966,158.0,172.0,221.00510871870338,2.5396892484799074,5
0.15707963267948966,159.0,172.0,219.30713604146402,2.4982580442196114,5
0.15707963267948966,160.0,172.0,217.56874170593957,2.4577178875200887,5
0.15707963267948966,161.0,172.0,215.7907063881925,2.4183138973271023,5
0.15707963267948966,162.0,172.0,213.97145722901163,2.3797592237698906,5
0.15707963267948966,163.0,172.0,212.11133947303406,2.3420296840463264,5
0.15707963267948966,164.0,172.0,210.20706767451264,2.3051283710170725,5
0.15707963267948966,165.0,172.0,208.25923392005558,2.2691101687975253,5
0.15707963267948966,166.0,172.0,206.26603509026526,2.2339845511404137,5
0.15707963267948966,167.0,172.0,204.22752558195842,2.199597785340064,5
0.15707963267948966,168.0,172.0,202.14077847872642,2.165934286022538,5
0.15707963267948966,169.0,172.0,200.00541035219916,2.1329944603605417,5
0.15707963267948966,170.0,172.0,197.8198474913888,2.1008756407418003,5
0.15707963267948966,171.0,172.0,195.58423621970934,2.069442500337199,5
0.15707963267948966,172.0,172.0,193.29514281167152,2.0386069934702924,5
0.15707963267948966,173.0,172.0,190.95155522589715,2.0084863184760198,5
0.15707963267948966,174.0,172.0,,1.979106113260526,4
0.15707963267948966,175.0,172.0,,1.9502755095299833,4
0.15707963267948966,176.0,172.0,,1.9220044933659526,4
0.15707963267948966,177.0,172.0,,1.8944137318672702,4
0.15707963267948966,178.0,172.0,,1.867430817486617,4
0.15707963267948966,179.0,172.0,,1.8409382465433581,4
0.15707963267948966,180.0,172.0,,1.8149566178943939,4
0.15707963267948966,130.0,176.0,,4.30796661781129,6
0.15707963267948966,131.0,176.0,,4.221514348355956,6
0.15707963267948966,132.0,176.0,,4.137919793099281,6
0.15707963267948966,133.0,176.0,,4.056435294548981,6
0.15707963267948966,134.0,176.0,,3.9769683059533514,6
0.15707963267948966,135.0,176.0,,3.899643796465615,6
0.15707963267948966,136.0,176.0,,3.8243870478375532,6
0.15707963267948966,137.0,176.0,,3.7511504300323386,6
0.15707963267948966,138.0,176.0,,3.679893176324577,6
0.15707963267948966,139.0,176.0,,3.6103371356331193,6
0.15707963267948966,140.0,176.0,,3.5426416583308664,6
0.15707963267948966,141.0,176.0,250.5470934471466,3.4766779572211224,5
0.15707963267948966,142.0,176.0,249.4131613897641,3.412448713450253,5
0.15707963267948966,143.0,176.0,248.2515446016536,3.3497255099322785,5
0.15707963267948966,144.0,176.0,247.06251101890234,3.2888769659969563,5
0.15707963267948966,145.0,176.0,245.84550738233685,3.2294045290745186,5
0.15707963267948966,146.0,176.0,244.59974597511112,3.1714823181931897,5
0.15707963267948966,147.0,176.0,243.3247035451811,3.1149417434772326,5
0.15707963267948966,148.0,176.0,242.02107741485887,3.059804671799037,5
0.15707963267948966,149.0,176.0,240.68643087090678,3.006046581985564,5
0.15707963267948966,150.0,176.0,239.3208423122412,2.9536215586367076,5
0.15707963267948966,151.0,176.0,237.9236461700937,2.902463313134006,5
0.15707963267948966,152.0,176.0,236.49388193228484,2.8526214767596114,5
0.15707963267948966,153.0,176.0,235.03272895381974,2.8039952354648294,5
0.15707963267948966,154.0,176.0,233.53607815550907,2.756459845371964,5
0.15707963267948966,155.0,176.0,232.00579819916163,2.710103909321836,5
0.15707963267948966,156.0,176.0,230.44043349908426,2.664766606109847,5
0.15707963267948966,157.0,176.0,228.83884372126596,2.620483300438794,5
0.15707963267948966,158.0,176.0,227.20205632352014,2.577341059488223,5
0.15707963267948966,159.0,176.0,225.5262302471004,2.535268316975837,5
0.15707963267948966,160.0,176.0,223.81267420848272,2.4940895072732086,5
0.15707963267948966,161.0,176.0,222.0598365832808,2.453855617697602,5
0.15707963267948966,162.0,176.0,220.26802881615305,2.41449534721416,5
0.15707963267948966,163.0,176.0,218.43355578147916,2.376176351121064,5
0.15707963267948966,164.0,176.0,216.5578625145663,2.3386927082955733,5
0.15707963267948966,165.0,176.0,214.63914529053866,2.302037307498678,5
0.15707963267948966,166.0,176.0,212.67735466569485,2.2661407368362108,5
0.15707963267948966,167.0,176.0,210.66897819588132,2.2310981285971634,5
0.15707963267948966,168.0,176.0,208.615070536894,2.1969510923521836,5
0.15707963267948966,169.0,176.0,206.5135934847077,2.163414918783079,5
0.15707963267948966,170.0,176.0,204.3643115705052,2.13063190112143,5
0.15707963267948966,171.0,176.0,202.16429548292137,2.0985635518295007,5
0.15707963267948966,172.0,176.0,199.913351105645,2.0673014761057926,5
0.15707963267948966,173.0,176.0,197.6105227814713,2.0366438344502513,5
0.15707963267948966,174.0,176.0,195.2523006110967,2.006572582842826,5
0.15707963267948966,175.0,176.0,,1.9772293630106563,4
0.15707963267948966,176.0,176.0,,1.9485590841914362,4
0.15707963267948966,177.0,176.0,,1.9204043375069395,4
0.15707963267948966,178.0,176.0,,1.892799392665258,4
0.15707963267948966,179.0,176.0,,1.8659017559013662,4
0.15707963267948966,180.0,176.0,,1.839530177538685,4
0.15707963267948966,130.0,180.0,,4.37059662414031,6
0.15707963267948966,131.0,180.0,,4.283277040419096,6
0.15707963267948966,132.0,180.0,,4.19841732307661,6
0.15707963267948966,133.0,180.0,,4.115616247748885,6
0.15707963267948966,134.0,180.0,,4.035386604999801,6
0.15707963267948966,135.0,180.0,,3.957049027650206,6
0.15707963267948966,136.0,180.0,,3.8806978860931993,6
0.15707963267948966,137.0,180.0,,3.8067255212447577,6
0.15707963267948966,138.0,180.0,,3.734255418350358,6
0.15707963267948966,139.0,180.0,,3.6639949930398803,6
0.15707963267948966,140.0,180.0,,3.5952916717818986,6
0.15707963267948966,141.0,180.0,256.50367924328174,3.528487236637555,5
0.15707963267948966,142.0,180.0,255.3823601598066,3.463494549181881,5
0.15707963267948966,143.0,180.0,254.23457634871374,3.3998383283637588,5
0.15707963267948966,144.0,180.0,253.0597407881276,3.3378882770932172,5
0.15707963267948966,145.0,180.0,251.8571518758043,3.2774668390465056,5
0.15707963267948966,146.0,180.0,250.6263980670161,3.2186286921366167,5
0.15707963267948966,147.0,180.0,249.3681710067204,3.161147791857178,5
0.15707963267948966,148.0,180.0,248.07994238138542,3.1053466095772966,5
0.15707963267948966,149.0,180.0,246.76190543145114,3.0507492233589306,5
0.15707963267948966,150.0,180.0,245.41339930989022,2.997518171091304,5
0.15707963267948966,151.0,180.0,244.03355803326397,2.9455279356560324,5
0.15707963267948966,152.0,180.0,242.62365801347082,2.894874126329533,5
0.15707963267948966,153.0,180.0,241.17938641773708,2.845339672600102,5
0.15707963267948966,154.0,180.0,239.70288479255566,2.7970122968751463,5
0.15707963267948966,155.0,180.0,238.1926778985544,2.7499055345402708,5
0.15707963267948966,156.0,180.0,236.64772396655331,2.704003793375097,5
0.15707963267948966,157.0,180.0,235.06908156740576,2.6590074280020715,5
0.15707963267948966,158.0,180.0,233.4526726613067,2.615092933181505,5
0.15707963267948966,159.0,180.0,231.800285821599,2.572166678822769,5
0.15707963267948966,160.0,180.0,230.11034647760928,2.5303339097553086,5
0.15707963267948966,161.0,180.0,228.3815983578402,2.489494142326164,5
0.15707963267948966,162.0,180.0,226.61481662199517,2.4495152187030764,5
0.15707963267948966,163.0,180.0,224.8072956790536,2.4104317140798583,5
0.15707963267948966,164.0,180.0,222.95875652029764,2.3722226688317183,5
0.15707963267948966,165.0,180.0,221.0677781995752,2.334946523833795,5
0.15707963267948966,166.0,180.0,219.13483964554385,2.2985232771305033,5
0.15707963267948966,167.0,180.0,217.15736459237004,2.262884326561825,5
0.15707963267948966,168.0,180.0,215.13481197010447,2.2279530205729583,5
0.15707963267948966,169.0,180.0,213.06546077997865,2.1938863550368404,5
0.15707963267948966,170.0,180.0,210.95011308466255,2.1605837557032537,5
0.15707963267948966,171.0,180.0,208.78549211582106,2.1279994592005123,5
0.15707963267948966,172.0,180.0,206.57087839496177,2.096047897146509,5
0.15707963267948966,173.0,180.0,204.30586274037026,2.0648415585320947,5
0.15707963267948966,174.0,180.0,201.9875438424088,2.0343489162298867,5
0.15707963267948966,175.0,180.0,199.61550323427775,2.004465377066246,5
0.15707963267948966,176.0,180.0,,1.9751556686741976,4
0.15707963267948966,177.0,180.0,,1.9465723533844774,4
0.15707963267948966,178.0,180.0,,1.9185581718609055,4
0.15707963267948966,179.0,180.0,,1.891087236717579,4
0.15707963267948966,180.0,180.0,,1.8641697327458222,4
0.15707963267948966,130.0,184.0,,4.431283155799632,6
0.15707963267948966,131.0,184.0,,4.3434325886443474,6
0.15707963267948966,132.0,184.0,,4.257594290844585,6
0.15707963267948966,133.0,184.0,,4.173869496131999,6
0.15707963267948966,134.0,184.0,,4.092746316820124,6
0.15707963267948966,135.0,184.0,,4.0134669185185965,6
0.15707963267948966,136.0,184.0,,3.936388843901514,6
0.15707963267948966,137.0,184.0,,3.8613969830403487,6
0.15707963267948966,138.0,184.0,,3.7880358733071025,6
0.15707963267948966,139.0,184.0,,3.7166451446056197,6
0.15707963267948966,140.0,184.0,,3.6470102302372966,6
0.15707963267948966,141.0,184.0,262.5219851355053,3.579483305512466,5
0.15707963267948966,142.0,184.0,261.41376091522056,3.5132887204399976,5
0.15707963267948966,143.0,184.0,260.2793181053346,3.448952973437585,5
0.15707963267948966,144.0,184.0,259.1181322482947,3.3861915464813857,5
0.15707963267948966,145.0,184.0,257.92981849685947,3.3251822868989365,5
0.15707963267948966,146.0,184.0,256.7150418170267,3.2654754648815603,5
0.15707963267948966,147.0,184.0,255.47123640821204,3.2071898197238475,5
0.15707963267948966,148.0,184.0,254.19868528705646,3.1504266850155807,5
0.15707963267948966,149.0,184.0,252.89672301995304,3.095037930319338,5
0.15707963267948966,150.0,184.0,251.56459127262934,3.0409231969960304,5
0.15707963267948966,151.0,184.0,250.2018886942051,2.9882333483111014,5
0.15707963267948966,152.0,184.0,248.80936334967862,2.9368175313108416,5
0.15707963267948966,153.0,184.0,247.38416019972914,2.886581161973537,5
0.15707963267948966,154.0,184.0,245.92653210212706,2.837549700536477,5
0.15707963267948966,155.0,184.0,244.4355226087379,2.789635179204113,5
0.15707963267948966,156.0,184.0,242.91051972907587,2.7428105862196195,5
0.15707963267948966,157.0,184.0,241.3523578282371,2.6971866400575344,5
0.15707963267948966,158.0,184.0,239.75811580788675,2.6526058656251217,5
0.15707963267948966,159.0,184.0,238.12788032458502,2.6091226466523723,5
0.15707963267948966,160.0,184.0,236.46049939097813,2.566601206903189,5
0.15707963267948966,161.0,184.0,234.7570423120082,2.5249111311596204,5
0.15707963267948966,162.0,184.0,233.01346645312898,2.484309353226674,5
0.15707963267948966,163.0,184.0,231.23126379158313,2.4446491719603847,5
0.15707963267948966,164.0,184.0,229.40871147516933,2.4059118046783197,5
0.15707963267948966,165.0,184.0,227.54629268211494,2.3679620962308974,5
0.15707963267948966,166.0,184.0,225.64022861499873,2.3307968342865255,5
0.15707963267948966,167.0,184.0,223.69185224604675,2.294585652227381,5
0.15707963267948966,168.0,184.0,221.69923824450657,2.2591803257722183,5
0.15707963267948966,169.0,184.0,219.66261280485838,2.224514501664893,5
0.15707963267948966,170.0,184.0,217.57850880465892,2.19053044540724,5
0.15707963267948966,171.0,184.0,215.4475861491749,2.157406648798521,5
0.15707963267948966,172.0,184.0,213.26761198555957,2.1249994240970866,5
0.15707963267948966,173.0,184.0,211.03906125404077,2.093257525274171,5
0.15707963267948966,174.0,184.0,208.75881894523184,2.0621357303387207,5
0.15707963267948966,175.0,184.0,206.42592999968596,2.0317420202420395,5
0.15707963267948966,176.0,184.0,204.03991533353573,2.0020566026197035,5
0.15707963267948966,177.0,184.0,,1.9729054441048273,4
0.15707963267948966,178.0,184.0,,1.9443029230596283,4
0.15707963267948966,179.0,184.0,,1.9164603355429557,4
0.15707963267948966,180.0,184.0,,1.8891340901733797,4
0.15707963267948966,130.0,188.0,,4.490775305285332,6
0.15707963267948966,131.0,188.0,,4.401882343463131,6
0.15707963267948966,132.0,188.0,,4.315380912008542,6
0.15707963267948966,133.0,188.0,,4.2308815341084784,6
0.15707963267948966,134.0,188.0,,4.148740279587109,6
0.15707963267948966,135.0,188.0,,4.068414993217824,6
0.15707963267948966,136.0,188.0,,3.990562087675813,6
0.15707963267948966,137.0,188.0,,3.9144675263877233,6
0.15707963267948966,138.0,188.0,,3.840478845056302,6
0.15707963267948966,139.0,188.0,,3.7685240510550417,6
0.15707963267948966,140.0,188.0,,3.698006195571753,6
0.15707963267948966,141.0,188.0,268.6014394653585,3.62956512124557,5
0.15707963267948966,142.0,188.0,267.50577496621264,3.5626440717979118,5
0.15707963267948966,143.0,188.0,266.3843279624442,3.4976654083772307,5
0.15707963267948966,144.0,188.0,265.23759225158415,3.433938380808165,5
0.15707963267948966,145.0,188.0,264.0635693419444,3.371991412106793,5
0.15707963267948966,146.0,188.0,262.86232514428565,3.3113994623986915,5
0.15707963267948966,147.0,188.0,261.6333340280941,3.252444828077408,5
0.15707963267948966,148.0,188.0,260.3759189848567,3.1949999551690658,5
0.15707963267948966,149.0,188.0,259.08943879364267,3.138833165914386,5
0.15707963267948966,150.0,188.0,257.7735077481447,3.0841222909760075,5
0.15707963267948966,151.0,188.0,256.4288044679644,3.0306465302578123,5
0.15707963267948966,152.0,188.0,255.0526048097484,2.978300459272034,5
0.15707963267948966,153.0,188.0,253.64517340679362,2.9273589492760896,5
0.15707963267948966,154.0,188.0,252.2056272872724,2.8775030240823547,5
0.15707963267948966,155.0,188.0,250.73336798644976,2.8290992004478035,5
0.15707963267948966,156.0,188.0,249.2291250259944,2.7816141919161734,5
0.15707963267948966,157.0,188.0,247.69025258880725,2.7352933444476366,5
0.15707963267948966,158.0,188.0,246.11733464092794,2.690010314523496,5
0.15707963267948966,159.0,188.0,244.5077717421406,2.645707462778176,5
0.15707963267948966,160.0,188.0,242.8624247862383,2.602580921416219,5
0.15707963267948966,161.0,188.0,241.1816378132923,2.5604141497706974,5
0.15707963267948966,162.0,188.0,239.4623582028987,2.5191648900585384,5
0.15707963267948966,163.0,188.0,237.70456639572348,2.4787678769739445,5
0.15707963267948966,164.0,188.0,235.90700753139674,2.439340475590923,5
0.15707963267948966,165.0,188.0,234.0704647755309,2.4008908707044734,5
0.15707963267948966,166.0,188.0,232.1921696386363,2.3631854130486225,5
0.15707963267948966,167.0,188.0,230.2718188647347,2.326381312389892,5
0.15707963267948966,168.0,188.0,228.3079208616504,2.2903023264974967,5
0.15707963267948966,169.0,188.0,226.30125812056536,2.2551079264677436,5
0.15707963267948966,170.0,188.0,224.24885340786133,2.2206982494911034,5
0.15707963267948966,171.0,188.0,222.15018618260586,2.1869665746151847,5
0.15707963267948966,172.0,188.0,220.00516267460551,2.1539164985190333,5
0.15707963267948966,173.0,188.0,217.8102224448034,2.1216633168313064,5
0.15707963267948966,174.0,188.0,215.56620490985875,2.0901297480111722,5
0.15707963267948966,175.0,188.0,213.27066168204897,2.0592216123992975,5
0.15707963267948966,176.0,188.0,210.9239641801659,2.0288778426806537,5
0.15707963267948966,177.0,188.0,,1.9993386276505551,4
0.15707963267948966,178.0,188.0,,1.9703609570264282,4
0.15707963267948966,179.0,188.0,,1.9419263868384447,4
0.15707963267948966,180.0,188.0,,1.914095352230625,4
0.15707963267948966,130.0,192.0,,4.548354772921166,6
0.15707963267948966,131.0,192.0,,4.458727235815141,6
0.15707963267948966,132.0,192.0,,4.3710513876859505,6
0.15707963267948966,133.0,192.0,,4.286205842232479,6
0.15707963267948966,134.0,192.0,,4.203390996544493,6
0.15707963267948966,135.0,192.0,,4.122448374003577,6
0.15707963267948966,136.0,192.0,,4.04367368969614,6
0.15707963267948966,137.0,192.0,,3.966667936778572,6
0.15707963267948966,138.0,192.0,,3.8921096460664804,6
0.15707963267948966,139.0,192.0,,3.8191836979633194,6
0.15707963267948966,140.0,192.0,,3.748014233061416,6
0.15707963267948966,141.0,192.0,274.7405084683536,3.6786386333733683,5
0.15707963267948966,142.0,192.0,273.65723213331495,3.610961254899614,5
0.15707963267948966,143.0,192.0,272.54958408728703,3.5450584107960945,5
0.15707963267948966,144.0,192.0,271.4154634333775,3.480765082633538,5
0.15707963267948966,145.0,192.0,270.25503780249204,3.4181584469644672,5
0.15707963267948966,146.0,192.0,269.06780347651187,3.356869073402787,5
0.15707963267948966,147.0,192.0,267.85307618272986,3.2973294596330303,5
0.15707963267948966,148.0,192.0,266.6103283137768,3.2388390591013745,5
0.15707963267948966,149.0,192.0,265.3400284452547,3.1819821846916048,5
0.15707963267948966,150.0,192.0,264.0402390222769,3.1264030172683333,5
0.15707963267948966,151.0,192.0,262.71091199797127,3.0723368545232352,5
0.15707963267948966,152.0,192.0,261.35146924833026,3.0194476737177482,5
0.15707963267948966,153.0,192.0,259.9610911756059,2.9678232432285743,5
0.15707963267948966,154.0,192.0,258.5391983028573,2.9174081418070217,5
0.15707963267948966,155.0,192.0,257.08642530496354,2.868107267124213,5
0.15707963267948966,156.0,192.0,255.60036577004385,2.8198937964403052,5
0.15707963267948966,157.0,192.0,254.08103157114084,2.7729794504381466,5
0.15707963267948966,158.0,192.0,252.5275693636892,2.7271312865360904,5
0.15707963267948966,159.0,192.0,250.93914886026786,2.68227117257,5
0.15707963267948966,160.0,192.0,249.31650172432884,2.6384453744967167,5
0.15707963267948966,161.0,192.0,247.65703002867434,2.595530315024131,5
0.15707963267948966,162.0,192.0,245.96065870232488,2.5536762228463603,5
0.15707963267948966,163.0,192.0,244.22624535580917,2.512819022307798,5
0.15707963267948966,164.0,192.0,242.45482754833793,2.4728503045874684,5
0.15707963267948966,165.0,192.0,240.64217504123462,2.4337622212971217,5
0.15707963267948966,166.0,192.0,238.79003096405333,2.3953765579637762,5
0.15707963267948966,167.0,192.0,236.89650207263202,2.3580419164171356,5
0.15707963267948966,168.0,192.0,234.9621978144708,2.321524126006206,5
0.15707963267948966,169.0,192.0,232.98316271056797,2.2857136350071054,5
0.15707963267948966,170.0,192.0,230.96078949412768,2.2506555288459884,5
0.15707963267948966,171.0,192.0,228.89296738179172,2.2164377831504556,5
0.15707963267948966,172.0,192.0,226.77984455990094,2.1829781349083603,5
0.15707963267948966,173.0,192.0,224.61900003461363,2.150208786728779,5
0.15707963267948966,174.0,192.0,222.4096617547432,2.1180494820061986,5
0.15707963267948966,175.0,192.0,220.15155536633407,2.086691262082631,5
0.15707963267948966,176.0,192.0,217.8410181577208,2.0559708705276787,5
0.15707963267948966,177.0,192.0,215.478917313683,2.025855761400476,5
0.15707963267948966,178.0,192.0,,1.996325612014545,4
0.15707963267948966,179.0,192.0,,1.9675427617649526,4
0.15707963267948966,180.0,192.0,,1.939294673547559,4
0.15707963267948966,130.0,196.0,,4.604669588294169,6
0.15707963267948966,131.0,196.0,,4.514063678102778,6
0.15707963267948966,132.0,196.0,,4.4257282188385245,6
0.15707963267948966,133.0,196.0,,4.340197251330388,6
0.15707963267948966,134.0,196.0,,4.256051112474811,6
0.15707963267948966,135.0,196.0,,4.174883608947879,6
0.15707963267948966,136.0,196.0,,4.095172646936729,6
0.15707963267948966,137.0,196.0,,4.017659928460539,6
0.15707963267948966,138.0,196.0,,3.9422495546458585,6
0.15707963267948966,139.0,196.0,,3.8685028552192056,6
0.15707963267948966,140.0,196.0,,3.796889276642785,6
0.15707963267948966,141.0,196.0,280.938206366732,3.72685918584139,5
0.15707963267948966,142.0,196.0,279.8680868985807,3.658452830742493,5
0.15707963267948966,143.0,196.0,278.77228335483744,3.591865625831429,5
0.15707963267948966,144.0,196.0,277.65104144226785,3.5268172972548655,5
0.15707963267948966,145.0,196.0,276.5038646985166,3.4633805124390324,5
0.15707963267948966,146.0,196.0,275.33009564581056,3.401471531923631,5
0.15707963267948966,147.0,196.0,274.1292852952688,3.3409996535962363,5
0.15707963267948966,148.0,196.0,272.90188239748636,3.282079880706964,5
0.15707963267948966,149.0,196.0,271.64596246009916,3.224719173167638,5
0.15707963267948966,150.0,196.0,270.361523631572,3.168458007971134,5
0.15707963267948966,151.0,196.0,269.04801623885163,3.1135862697406695,5
0.15707963267948966,152.0,196.0,267.70467569236797,3.0599913701953776,5
0.15707963267948966,153.0,196.0,266.33094449809334,3.00768072618654,5
0.15707963267948966,154.0,196.0,264.9273725086836,2.9565221390118634,5
0.15707963267948966,155.0,196.0,263.4917619852034,2.9067572193550557,5
0.15707963267948966,156.0,196.0,262.0240922434218,2.858018522867751,5
0.15707963267948966,157.0,196.0,260.5236250995618,2.8104409595143656,5
0.15707963267948966,158.0,196.0,258.9894945366997,2.76393115509557,5
0.15707963267948966,159.0,196.0,257.4222602623742,2.7183504749675445,5
0.15707963267948966,160.0,196.0,255.81973967409314,2.6739554580729843,5
0.15707963267948966,161.0,196.0,254.18175276080552,2.6305838023458143,5
0.15707963267948966,162.0,196.0,252.5073881501563,2.5881944733012427,5
0.15707963267948966,163.0,196.0,250.79572485168165,2.54663704049461,5
0.15707963267948966,164.0,196.0,249.04754950230375,2.505934955654137,5
0.15707963267948966,165.0,196.0,247.26006911797964,2.466367299552502,5
0.15707963267948966,166.0,196.0,245.43313297492074,2.4276083065934193,5
0.15707963267948966,167.0,196.0,243.5654681472522,2.389658339376122,5
0.15707963267948966,168.0,196.0,241.65778875655135,2.352442571606967,5
0.15707963267948966,169.0,196.0,239.70738727817178,2.3161754993072208,5
0.15707963267948966,170.0,196.0,237.7138787155579,2.2806986560642573,5
0.15707963267948966,171.0,196.0,235.67578047011656,2.2459319880661486,5
0.15707963267948966,172.0,196.0,233.59397659605122,2.211871898860927,5
0.15707963267948966,173.0,196.0,231.46528555361695,2.1786055065788794,5
0.15707963267948966,174.0,196.0,229.28909832743463,2.1460893795012925,5
0.15707963267948966,175.0,196.0,227.06560446150036,2.114181868371258,5
0.15707963267948966,176.0,196.0,224.79114519789445,2.0829032361508375,5
0.15707963267948966,177.0,196.0,222.46629359208066,2.052394957238813,5
0.15707963267948966,178.0,196.0,220.09011256797248,2.0225128716312732,5
0.15707963267948966,179.0,196.0,,1.993152388280495,4
0.15707963267948966,180.0,196.0,,1.9644057255944136,4
0.15707963267948966,130.0,200.0,,4.658545911715433,6
0.15707963267948966,131.0,200.0,,4.567125248031337,6
0.15707963267948966,132.0,200.0,,4.478639169017999,6
0.15707963267948966,133.0,200.0,,4.392010182634145,6
0.15707963267948966,134.0,200.0,,4.307572318788968,6
0.15707963267948966,135.0,200.0,,4.225680862356724,6
0.15707963267948966,136.0,200.0,,4.145414360905219,6
0.15707963267948966,137.0,200.0,,4.067580719764152,6
0.15707963267948966,138.0,200.0,,3.991299922567679,6
0.15707963267948966,139.0,200.0,,3.9169037458841807,6
0.15707963267948966,140.0,200.0,,3.844472300968707,6
0.15707963267948966,141.0,200.0,287.1944325060465,3.7737319466640438,5
0.15707963267948966,142.0,200.0,286.13545420207726,3.704804556002739,5
0.15707963267948966,143.0,200.0,285.0518588755184,3.63734783942956,5
0.15707963267948966,144.0,200.0,283.9431457184127,3.571779097821194,5
0.15707963267948966,145.0,200.0,282.80871167090453,3.5077519832988258,5
0.15707963267948966,146.0,200.0,281.6481561416302,3.4453327290115863,5
0.15707963267948966,147.0,200.0,280.46190876312534,3.384243169247218,5
0.15707963267948966,148.0,200.0,279.24806399820386,3.324633414056102,5
0.15707963267948966,149.0,200.0,278.00666014394983,3.2664019196530396,5
0.15707963267948966,150.0,200.0,276.7371730998275,3.2095802274551177,5
0.15707963267948966,151.0,200.0,275.43888647188044,3.1539925964753794,5
0.15707963267948966,152.0,200.0,274.1112659560373,3.099957681951995,5
0.15707963267948966,153.0,200.0,272.75478599991794,3.047134554185484,5
0.15707963267948966,154.0,200.0,271.3674315443633,2.9954660289456263,5
0.15707963267948966,155.0,200.0,269.9491555649852,2.9449226143589677,5
0.15707963267948966,156.0,200.0,268.49930594191267,2.8955479775629107,5
0.15707963267948966,157.0,200.0,267.01702559017144,2.8472358789827847,5
0.15707963267948966,158.0,200.0,265.50187668582913,2.8002934227702996,5
0.15707963267948966,159.0,200.0,263.9544929755683,2.754287044696712,5
0.15707963267948966,160.0,200.0,262.3721562662723,2.7092809100393755,5
0.15707963267948966,161.0,200.0,260.7549374692747,2.66516819358671,5
0.15707963267948966,162.0,200.0,259.10183197865524,2.6221524400266656,5
0.15707963267948966,163.0,200.0,257.413360842194,2.580216108294193,5
0.15707963267948966,164.0,200.0,255.68734271005192,2.5390581950092685,5
0.15707963267948966,165.0,200.0,253.9235046289241,2.4988372439766913,5
0.15707963267948966,166.0,200.0,252.1207647531559,2.4594427203692724,5
0.15707963267948966,167.0,200.0,250.27829289614965,2.4209625000482746,5
0.15707963267948966,168.0,200.0,248.39694250174384,2.3834131988335243,5
0.15707963267948966,169.0,200.0,246.47350331921933,2.346596646236586,5
0.15707963267948966,170.0,200.0,244.50767608517089,2.310507340347639,5
0.15707963267948966,171.0,200.0,242.5001261394171,2.2752152190077726,5
0.15707963267948966,172.0,200.0,240.4466989225539,2.2408103113181808,5
0.15707963267948966,173.0,200.0,238.3489437616782,2.207079911697995,5
0.15707963267948966,174.0,200.0,236.20456482455066,2.173965954399075,5
0.15707963267948966,175.0,200.0,234.01400523696674,2.1415958825679438,5
0.15707963267948966,176.0,200.0,231.7745102567713,2.109982184737091,5
0.15707963267948966,177.0,200.0,229.48525925453768,2.078929967427757,5
0.15707963267948966,178.0,200.0,227.14620915997205,2.048493190148919,5
0.15707963267948966,179.0,200.0,224.75371046643073,2.018817878766663,5
0.15707963267948966,180.0,200.0,,1.9897099004119818,4
0.47123889803846897,130.0,0.0,,,3
0.47123889803846897,131.0,0.0,,,3
0.47123889803846897,132.0,0.0,,,3
0.47123889803846897,133.0,0.0,,,3
0.47123889803846897,134.0,0.0,,,3
0.47123889803846897,135.0,0.0,,,3
0.47123889803846897,136.0,0.0,,,3
0.47123889803846897,137.0,0.0,,,2
0.47123889803846897,138.0,0.0,,,2
0.47123889803846897,139.0,0.0,,,2
0.47123889803846897,140.0,0.0,,,2
0.47123889803846897,141.0,0.0,,,2
0.47123889803846897,142.0,0.0,,,2
0.47123889803846897,143.0,0.0,,,2
0.47123889803846897,144.0,0.0,,,1
0.47123889803846897,145.0,0.0,,,1
0.47123889803846897,146.0,0.0,,,1
0.47123889803846897,147.0,0.0,,,1
0.47123889803846897,148.0,0.0,,,1
0.47123889803846897,149.0,0.0,,,1
0.47123889803846897,150.0,0.0,,,1
0.47123889803846897,151.0,0.0,,,1
0.47123889803846897,152.0,0.0,,,1
0.47123889803846897,153.0,0.0,,,1
0.47123889803846897,154.0,0.0,,,1
0.47123889803846897,155.0,0.0,,,1
0.47123889803846897,156.0,0.0,,,1
0.47123889803846897,157.0,0.0,,,1
0.47123889803846897,158.0,0.0,,,1
0.47123889803846897,159.0,0.0,,,1
0.47123889803846897,160.0,0.0,,,1
0.47123889803846897,161.0,0.0,,,1
0.47123889803846897,162.0,0.0,,,1
0.47123889803846897,163.0,0.0,,,1
0.47123889803846897,164.0,0.0,,,1
0.47123889803846897,165.0,0.0,,,1
0.47123889803846897,166.0,0.0,,,1
0.47123889803846897,167.0,0.0,,,1
0.47123889803846897,168.0,0.0,,,1
0.47123889803846897,169.0,0.0,,,1
0.47123889803846897,170.0,0.0,,,1
0.47123889803846897,171.0,0.0,,,1
0.47123889803846897,172.0,0.0,,,1
0.47123889803846897,173.0,0.0,,,1
0.47123889803846897,174.0,0.0,,,1
0.47123889803846897,175.0,0.0,,,1
0.47123889803846897,176.0,0.0,,,1
0.47123889803846897,177.0,0.0,,,1
0.47123889803846897,178.0,0.0,,,1
0.47123889803846897,179.0,0.0,,,1
0.47123889803846897,180.0,0.0,,,1
0.47123889803846897,130.0,4.0,,,3
0.47123889803846897,131.0,4.0,,,3
0.47123889803846897,132.0,4.0,,,3
0.47123889803846897,133.0,4.0,,,3
0.47123889803846897,134.0,4.0,,,3
0.47123889803846897,135.0,4.0,,,3
0.47123889803846897,136.0,4.0,,,3
0.47123889803846897,137.0,4.0,,,2
0.47123889803846897,138.0,4.0,,,2
0.47123889803846897,139.0,4.0,,,2
0.47123889803846897,140.0,4.0,,,2
0.47123889803846897,141.0,4.0,,,2
0.47123889803846897,142.0,4.0,,,2
0.47123889803846897,143.0,4.0,,,2
0.47123889803846897,144.0,4.0,,,1
0.47123889803846897,145.0,4.0,,,1
0.47123889803846897,146.0,4.0,,,1
0.47123889803846897,147.0,4.0,,,1
0.47123889803846897,148.0,4.0,,,1
0.47123889803846897,149.0,4.0,,,1
0.47123889803846897,150.0,4.0,,,1
0.47123889803846897,151.0,4.0,,,1
0.47123889803846897,152.0,4.0,,,1
0.47123889803846897,153.0,4.0,,,1
0.47123889803846897,154.0,4.0,,,1
0.47123889803846897,155.0,4.0,,,1
0.47123889803846897,156.0,4.0,,,1
0.47123889803846897,157.0,4.0,,,1
0.47123889803846897,158.0,4.0,,,1
0.47123889803846897,159.0,4.0,,,1
0.47123889803846897,160.0,4.0,,,1
0.47123889803846897,161.0,4.0,,,1
0.47123889803846897,162.0,4.0,,,1
0.47123889803846897,163.0,4.0,,,1
0.47123889803846897,164.0,4.0,,,1
0.47123889803846897,165.0,4.0,,,1
0.47123889803846897,166.0,4.0,,,1
0.47123889803846897,167.0,4.0,,,1
0.47123889803846897,168.0,4.0,,,1
0.47123889803846897,169.0,4.0,,,1
0.47123889803846897,170.0,4.0,,,1
0.47123889803846897,171.0,4.0,,,1
0.47123889803846897,172.0,4.0,,,1
0.47123889803846897,173.0,4.0,,,1
0.47123889803846897,174.0,4.0,,,1
0.47123889803846897,175.0,4.0,,,1
0.47123889803846897,176.0,4.0,,,1
0.47123889803846897,177.0,4.0,,,1
0.47123889803846897,178.0,4.0,,,1
0.47123889803846897,179.0,4.0,,,1
0.47123889803846897,180.0,4.0,,,1
0.47123889803846897,130.0,8.0,,,3
0.47123889803846897,131.0,8.0,,,3
0.47123889803846897,132.0,8.0,,,3
0.47123889803846897,133.0,8.0,,,3
0.47123889803846897,134.0,8.0,,,3
0.47123889803846897,135.0,8.0,,,3
0.47123889803846897,136.0,8.0,,,3
0.47123889803846897,137.0,8.0,,,2
0.47123889803846897,138.0,8.0,,,2
0.47123889803846897,139.0,8.0,,,2
0.47123889803846897,140.0,8.0,,,2
0.47123889803846897,141.0,8.0,,,2
0.47123889803846897,142.0,8.0,,,2
0.47123889803846897,143.0,8.0,,,2
0.47123889803846897,144.0,8.0,,,1
0.47123889803846897,145.0,8.0,,,1
0.47123889803846897,146.0,8.0,,,1
0.47123889803846897,147.0,8.0,,,1
0.47123889803846897,148.0,8.0,,,1
0.47123889803846897,149.0,8.0,,,1
0.47123889803846897,150.0,8.0,,,1
0.47123889803846897,151.0,8.0,,,1
0.47123889803846897,152.0,8.0,,,1
0.47123889803846897,153.0,8.0,,,1
0.47123889803846897,154.0,8.0,,,1
0.47123889803846897,155.0,8.0,,,1
0.47123889803846897,156.0,8.0,,,1
0.47123889803846897,157.0,8.0,,,1
0.47123889803846897,158.0,8.0,,,1
0.47123889803846897,159.0,8.0,,,1
0.47123889803846897,160.0,8.0,,,1
0.47123889803846897,161.0,8.0,,,1
0.47123889803846897,162.0,8.0,,,1
0.47123889803846897,163.0,8.0,,,1
0.47123889803846897,164.0,8.0,,,1
0.47123889803846897,165.0,8.0,,,1
0.47123889803846897,166.0,8.0,,,1
0.47123889803846897,167.0,8.0,,,1
0.47123889803846897,168.0,8.0,,,1
0.47123889803846897,169.0,8.0,,,1
0.47123889803846897,170.0,8.0,,,1
0.47123889803846897,171.0,8.0,,,1
0.47123889803846897,172.0,8.0,,,1
0.47123889803846897,173.0,8.0,,,1
0.47123889803846897,174.0,8.0,,,1
0.47123889803846897,175.0,8.0,,,1
0.47123889803846897,176.0,8.0,,,1
0.47123889803846897,177.0,8.0,,,1
0.47123889803846897,178.0,8.0,,,1
0.47123889803846897,179.0,8.0,,,1
0.47123889803846897,180.0,8.0,,,1
0.47123889803846897,130.0,12.0,,,3
0.47123889803846897,131.0,12.0,,,3
0.47123889803846897,132.0,12.0,,,3
0.47123889803846897,133.0,12.0,,,3
0.47123889803846897,134.0,12.0,,,3
0.47123889803846897,135.0,12.0,,,3
0.47123889803846897,136.0,12.0,,,3
0.47123889803846897,137.0,12.0,,,3
0.47123889803846897,138.0,12.0,,,2
0.47123889803846897,139.0,12.0,,,2
0.47123889803846897,140.0,12.0,,,2
0.47123889803846897,141.0,12.0,,,2
0.47123889803846897,142.0,12.0,,,2
0.47123889803846897,143.0,12.0,,,2
0.47123889803846897,144.0,12.0,,,1
0.47123889803846897,145.0,12.0,,,1
0.47123889803846897,146.0,12.0,,,1
0.47123889803846897,147.0,12.0,,,1
0.47123889803846897,148.0,12.0,,,1
0.47123889803846897,149.0,12.0,,,1
0.47123889803846897,150.0,12.0,,,1
0.47123889803846897,151.0,12.0,,,1
0.47123889803846897,152.0,12.0,,,1
0.47123889803846897,153.0,12.0,,,1
0.47123889803846897,154.0,12.0,,,1
0.47123889803846897,155.0,12.0,,,1
0.47123889803846897,156.0,12.0,,,1
0.47123889803846897,157.0,12.0,,,1
0.47123889803846897,158.0,12.0,,,1
0.47123889803846897,159.0,12.0,,,1
0.47123889803846897,160.0,12.0,,,1
0.47123889803846897,161.0,12.0,,,1
0.47123889803846897,162.0,12.0,,,1
0.47123889803846897,163.0,12.0,,,1
0.47123889803846897,164.0,12.0,,,1
0.47123889803846897,165.0,12.0,,,1
0.47123889803846897,166.0,12.0,,,1
0.47123889803846897,167.0,12.0,,,1
0.47123889803846897,168.0,12.0,,,1
0.47123889803846897,169.0,12.0,,,1
0.47123889803846897,170.0,12.0,,,1
0.47123889803846897,171.0,12.0,,,1
0.47123889803846897,172.0,12.0,,,1
0.47123889803846897,173.0,12.0,,,1
0.47123889803846897,174.0,12.0,,,1
0.47123889803846897,175.0,12.0,,,1
0.47123889803846897,176.0,12.0,,,1
0.47123889803846897,177.0,12.0,,,1
0.47123889803846897,178.0,12.0,,,1
0.47123889803846897,179.0,12.0,,,1
0.47123889803846897,180.0,12.0,,,1
0.47123889803846897,130.0,16.0,,,3
0.47123889803846897,131.0,16.0,,,3
0.47123889803846897,132.0,16.0,,,3
0.47123889803846897,133.0,16.0,,,3
0.47123889803846897,134.0,16.0,,,3
0.47123889803846897,135.0,16.0,,,3
0.47123889803846897,136.0,16.0,,,3
0.47123889803846897,137.0,16.0,,,3
0.47123889803846897,138.0,16.0,,,3
0.47123889803846897,139.0,16.0,,,2
0.47123889803846897,140.0,16.0,,,2
0.47123889803846897,141.0,16.0,,,2
0.47123889803846897,142.0,16.0,,,2
0.47123889803846897,143.0,16.0,,,2
0.47123889803846897,144.0,16.0,,,2
0.47123889803846897,145.0,16.0,,,1
0.47123889803846897,146.0,16.0,,,1
0.47123889803846897,147.0,16.0,,,1
0.47123889803846897,148.0,16.0,,,1
0.47123889803846897,149.0,16.0,,,1
0.47123889803846897,150.0,16.0,,,1
0.47123889803846897,151.0,16.0,,,1
0.47123889803846897,152.0,16.0,,,1
0.47123889803846897,153.0,16.0,,,1
0.47123889803846897,154.0,16.0,,,1
0.47123889803846897,155.0,16.0,,,1
0.47123889803846897,156.0,16.0,,,1
0.47123889803846897,157.0,16.0,,,1
0.47123889803846897,158.0,16.0,,,1
0.47123889803846897,159.0,16.0,,,1
0.47123889803846897,160.0,16.0,,,1
0.47123889803846897,161.0,16.0,,,1
0.47123889803846897,162.0,16.0,,,1
0.47123889803846897,163.0,16.0,,,1
0.47123889803846897,164.0,16.0,,,1
0.47123889803846897,165.0,16.0,,,1
0.47123889803846897,166.0,16.0,,,1
0.47123889803846897,167.0,16.0,,,1
0.47123889803846897,168.0,16.0,,,1
0.47123889803846897,169.0,16.0,,,1
0.47123889803846897,170.0,16.0,,,1
0.47123889803846897,171.0,16.0,,,1
0.47123889803846897,172.0,16.0,,,1
0.47123889803846897,173.0,16.0,,,1
0.47123889803846897,174.0,16.0,,,1
0.47123889803846897,175.0,16.0,,,1
0.47123889803846897,176.0,16.0,,,1
0.47123889803846897,177.0,16.0,,,1
0.47123889803846897,178.0,16.0,,,1
0.47123889803846897,179.0,16.0,,,1
0.47123889803846897,180.0,16.0,,,1
0.47123889803846897,130.0,20.0,,,3
0.47123889803846897,131.0,20.0,,,3
0.47123889803846897,132.0,20.0,,,3
0.47123889803846897,133.0,20.0,,,3
0.47123889803846897,134.0,20.0,,,3
0.47123889803846897,135.0,20.0,,,3
0.47123889803846897,136.0,20.0,,,3
0.47123889803846897,137.0,20.0,,,3
0.47123889803846897,138.0,20.0,,,3
0.47123889803846897,139.0,20.0,,,3
0.47123889803846897,140.0,20.0,,,2
0.47123889803846897,141.0,20.0,,,2
0.47123889803846897,142.0,20.0,,,2
0.47123889803846897,143.0,20.0,,,2
0.47123889803846897,144.0,20.0,,,2
0.47123889803846897,145.0,20.0,,,1
0.47123889803846897,146.0,20.0,,,1
0.47123889803846897,147.0,20.0,,,1
0.47123889803846897,148.0,20.0,,,1
0.47123889803846897,149.0,20.0,,,1
0.47123889803846897,150.0,20.0,,,1
0.47123889803846897,151.0,20.0,,,1
0.47123889803846897,152.0,20.0,,,1
0.47123889803846897,153.0,20.0,,,1
0.47123889803846897,154.0,20.0,,,1
0.47123889803846897,155.0,20.0,,,1
0.47123889803846897,156.0,20.0,,,1
0.47123889803846897,157.0,20.0,,,1
0.47123889803846897,158.0,20.0,,,1
0.47123889803846897,159.0,20.0,,,1
0.47123889803846897,160.0,20.0,,,1
0.47123889803846897,161.0,20.0,,,1
0.47123889803846897,162.0,20.0,,,1
0.47123889803846897,163.0,20.0,,,1
0.47123889803846897,164.0,20.0,,,1
0.47123889803846897,165.0,20.0,,,1
0.47123889803846897,166.0,20.0,,,1
0.47123889803846897,167.0,20.0,,,1
0.47123889803846897,168.0,20.0,,,1
0.47123889803846897,169.0,20.0,,,1
0.47123889803846897,170.0,20.0,,,1
0.47123889803846897,171.0,20.0,,,1
0.47123889803846897,172.0,20.0,,,1
0.47123889803846897,173.0,20.0,,,1
0.47123889803846897,174.0,20.0,,,1
0.47123889803846897,175.0,20.0,,,1
0.47123889803846897,176.0,20.0,,,1
0.47123889803846897,177.0,20.0,,,1
0.47123889803846897,178.0,20.0,,,1
0.47123889803846897,179.0,20.0,,,1
0.47123889803846897,180.0,20.0,,,1
0.47123889803846897,130.0,24.0,,,3
0.47123889803846897,131.0,24.0,,,3
0.47123889803846897,132.0,24.0,,,3
0.47123889803846897,133.0,24.0,,,3
0.47123889803846897,134.0,24.0,,,3
0.47123889803846897,135.0,24.0,,,3
0.47123889803846897,136.0,24.0,,,3
0.47123889803846897,137.0,24.0,,,3
0.47123889803846897,138.0,24.0,,,3
0.47123889803846897,139.0,24.0,,,3
0.47123889803846897,140.0,24.0,,,3
0.47123889803846897,141.0,24.0,,,2
0.47123889803846897,142.0,24.0,,,2
0.47123889803846897,143.0,24.0,,,2
0.47123889803846897,144.0,24.0,,,2
0.47123889803846897,145.0,24.0,,,1
0.47123889803846897,146.0,24.0,,,1
0.47123889803846897,147.0,24.0,,,1
0.47123889803846897,148.0,24.0,,,1
0.47123889803846897,149.0,24.0,,,1
0.47123889803846897,150.0,24.0,,,1
0.47123889803846897,151.0,24.0,,,1
0.47123889803846897,152.0,24.0,,,1
0.47123889803846897,153.0,24.0,,,1
0.47123889803846897,154.0,24.0,,,1
0.47123889803846897,155.0,24.0,,,1
0.47123889803846897,156.0,24.0,,,1
0.47123889803846897,157.0,24.0,,,1
0.47123889803846897,158.0,24.0,,,1
0.47123889803846897,159.0,24.0,,,1
0.47123889803846897,160.0,24.0,,,1
0.47123889803846897,161.0,24.0,,,1
0.47123889803846897,162.0,24.0,,,1
0.47123889803846897,163.0,24.0,,,1
0.47123889803846897,164.0,24.0,,,1
0.47123889803846897,165.0,24.0,,,1
0.47123889803846897,166.0,24.0,,,1
0.47123889803846897,167.0,24.0,,,1
0.47123889803846897,168.0,24.0,,,1
0.47123889803846897,169.0,24.0,,,1
0.47123889803846897,170.0,24.0,,,1
0.47123889803846897,171.0,24.0,,,1
0.47123889803846897,172.0,24.0,,,1
0.47123889803846897,173.0,24.0,,,1
0.47123889803846897,174.0,24.0,,,1
0.47123889803846897,175.0,24.0,,,1
0.47123889803846897,176.0,24.0,,,1
0.47123889803846897,177.0,24.0,,,1
0.47123889803846897,178.0,24.0,,,1
0.47123889803846897,179.0,24.0,,,1
0.47123889803846897,180.0,24.0,,,1
0.47123889803846897,130.0,28.0,,,3
0.47123889803846897,131.0,28.0,,,3
0.47123889803846897,132.0,28.0,,,3
0.47123889803846897,133.0,28.0,,,3
0.47123889803846897,134.0,28.0,,,3
0.47123889803846897,135.0,28.0,,,3
0.47123889803846897,136.0,28.0,,,3
0.47123889803846897,137.0,28.0,,,3
0.47123889803846897,138.0,28.0,,,3
0.47123889803846897,139.0,28.0,,,3
0.47123889803846897,140.0,28.0,,,3
0.47123889803846897,141.0,28.0,,,3
0.47123889803846897,142.0,28.0,,,2
0.47123889803846897,143.0,28.0,,,2
0.47123889803846897,144.0,28.0,,,2
0.47123889803846897,145.0,28.0,,,2
0.47123889803846897,146.0,28.0,,,1
0.47123889803846897,147.0,28.0,,,1
0.47123889803846897,148.0,28.0,,,1
0.47123889803846897,149.0,28.0,,,1
0.47123889803846897,150.0,28.0,,,1
0.47123889803846897,151.0,28.0,,,1
0.47123889803846897,152.0,28.0,,,1
0.47123889803846897,153.0,28.0,,,1
0.47123889803846897,154.0,28.0,,,1
0.47123889803846897,155.0,28.0,,,1
0.47123889803846897,156.0,28.0,,,1
0.47123889803846897,157.0,28.0,,,1
0.47123889803846897,158.0,28.0,,,1
0.47123889803846897,159.0,28.0,,,1
0.47123889803846897,160.0,28.0,,,1
0.47123889803846897,161.0,28.0,,,1
0.47123889803846897,162.0,28.0,,,1
0.47123889803846897,163.0,28.0,,,1
0.47123889803846897,164.0,28.0,,,1
0.47123889803846897,165.0,28.0,,,1
0.47123889803846897,166.0,28.0,,,1
0.47123889803846897,167.0,28.0,,,1
0.47123889803846897,168.0,28.0,,,1
0.47123889803846897,169.0,28.0,,,1
0.47123889803846897,170.0,28.0,,,1
0.47123889803846897,171.0,28.0,,,1
0.47123889803846897,172.0,28.0,,,1
0.47123889803846897,173.0,28.0,,,1
0.47123889803846897,174.0,28.0,,,1
0.47123889803846897,175.0,28.0,,,1
0.47123889803846897,176.0,28.0,,,1
0.47123889803846897,177.0,28.0,,,1
0.47123889803846897,178.0,28.0,,,1
0.47123889803846897,179.0,28.0,,,1
0.47123889803846897,180.0,28.0,,,1
0.47123889803846897,130.0,32.0,,,3
0.47123889803846897,131.0,32.0,,,3
0.47123889803846897,132.0,32.0,,,3
0.47123889803846897,133.0,32.0,,,3
0.47123889803846897,134.0,32.0,,,3
0.47123889803846897,135.0,32.0,,,3
0.47123889803846897,136.0,32.0,,,3
0.47123889803846897,137.0,32.0,,,3
0.47123889803846897,138.0,32.0,,,3
0.47123889803846897,139.0,32.0,,,3
0.47123889803846897,140.0,32.0,,,3
0.47123889803846897,141.0,32.0,,,3
0.47123889803846897,142.0,32.0,,,3
0.47123889803846897,143.0,32.0,,,3
0.47123889803846897,144.0,32.0,,,2
0.47123889803846897,145.0,32.0,,,2
0.47123889803846897,146.0,32.0,,,1
0.47123889803846897,147.0,32.0,,,1
0.47123889803846897,148.0,32.0,,,1
0.47123889803846897,149.0,32.0,,,1
0.47123889803846897,150.0,32.0,,,1
0.47123889803846897,151.0,32.0,,,1
0.47123889803846897,152.0,32.0,,,1
0.47123889803846897,153.0,32.0,,,1
0.47123889803846897,154.0,32.0,,,1
0.47123889803846897,155.0,32.0,,,1
0.47123889803846897,156.0,32.0,,,1
0.47123889803846897,157.0,32.0,,,1
0.47123889803846897,158.0,32.0,,,1
0.47123889803846897,159.0,32.0,,,1
0.47123889803846897,160.0,32.0,,,1
0.47123889803846897,161.0,32.0,,,1
0.47123889803846897,162.0,32.0,,,1
0.47123889803846897,163.0,32.0,,,1
0.47123889803846897,164.0,32.0,,,1
0.47123889803846897,165.0,32.0,,,1
0.47123889803846897,166.0,32.0,,,1
0.47123889803846897,167.0,32.0,,,1
0.47123889803846897,168.0,32.0,,,1
0.47123889803846897,169.0,32.0,,,1
0.47123889803846897,170.0,32.0,,,1
0.47123889803846897,171.0,32.0,,,1
0.47123889803846897,172.0,32.0,,,1
0.47123889803846897,173.0,32.0,,,1
0.47123889803846897,174.0,32.0,,,1
0.47123889803846897,175.0,32.0,,,1
0.47123889803846897,176.0,32.0,,,1
0.47123889803846897,177.0,32.0,,,1
0.47123889803846897,178.0,32.0,,,1
0.47123889803846897,179.0,32.0,,,1
0.47123889803846897,180.0,32.0,,,1
0.47123889803846897,130.0,36.0,,,3
0.47123889803846897,131.0,36.0,,,3
0.47123889803846897,132.0,36.0,,,3
0.47123889803846897,133.0,36.0,,,3
0.47123889803846897,134.0,36.0,,,3
0.47123889803846897,135.0,36.0,,,3
0.47123889803846897,136.0,36.0,,,3
0.47123889803846897,137.0,36.0,,,3
0.47123889803846897,138.0,36.0,,,3
0.47123889803846897,139.0,36.0,,,3
0.47123889803846897,140.0,36.0,,,3
0.47123889803846897,141.0,36.0,,,3
0.47123889803846897,142.0,36.0,,,3
0.47123889803846897,143.0,36.0,,,3
0.47123889803846897,144.0,36.0,,,3
0.47123889803846897,145.0,36.0,,,3
0.47123889803846897,146.0,36.0,,,2
0.47123889803846897,147.0,36.0,,,1
0.47123889803846897,148.0,36.0,,,1
0.47123889803846897,149.0,36.0,,,1
0.47123889803846897,150.0,36.0,,,1
0.47123889803846897,151.0,36.0,,,1
0.47123889803846897,152.0,36.0,,,1
0.47123889803846897,153.0,36.0,,,1
0.47123889803846897,154.0,36.0,,,1
0.47123889803846897,155.0,36.0,,,1
0.47123889803846897,156.0,36.0,,,1
0.47123889803846897,157.0,36.0,,,1
0.47123889803846897,158.0,36.0,,,1
0.47123889803846897,159.0,36.0,,,1
0.47123889803846897,160.0,36.0,,,1
0.47123889803846897,161.0,36.0,,,1
0.47123889803846897,162.0,36.0,,,1
0.47123889803846897,163.0,36.0,,,1
0.47123889803846897,164.0,36.0,,,1
0.47123889803846897,165.0,36.0,,,1
0.47123889803846897,166.0,36.0,,,1
0.47123889803846897,167.0,36.0,,,1
0.47123889803846897,168.0,36.0,,,1
0.47123889803846897,169.0,36.0,,,1
0.47123889803846897,170.0,36.0,,,1
0.47123889803846897,171.0,36.0,,,1
0.47123889803846897,172.0,36.0,,,1
0.47123889803846897,173.0,36.0,,,1
0.47123889803846897,174.0,36.0,,,1
0.47123889803846897,175.0,36.0,,,1
0.47123889803846897,176.0,36.0,,,1
0.47123889803846897,177.0,36.0,,,1
0.47123889803846897,178.0,36.0,,,1
0.47123889803846897,179.0,36.0,,,1
0.47123889803846897,180.0,36.0,,,1
0.47123889803846897,130.0,40.0,,,3
0.47123889803846897,131.0,40.0,,,3
0.47123889803846897,132.0,40.0,,,3
0.47123889803846897,133.0,40.0,,,3
0.47123889803846897,134.0,40.0,,,3
0.47123889803846897,135.0,40.0,,,3
0.47123889803846897,136.0,40.0,,,3
0.47123889803846897,137.0,40.0,,,3
0.47123889803846897,138.0,40.0,,,3
0.47123889803846897,139.0,40.0,,,3
0.47123889803846897,140.0,40.0,,,3
0.47123889803846897,141.0,40.0,,,3
0.47123889803846897,142.0,40.0,,,3
0.47123889803846897,143.0,40.0,,,3
0.47123889803846897,144.0,40.0,,,3
0.47123889803846897,145.0,40.0,,,3
0.47123889803846897,146.0,40.0,,,3
0.47123889803846897,147.0,40.0,,,3
0.47123889803846897,148.0,40.0,,,1
0.47123889803846897,149.0,40.0,,,1
0.47123889803846897,150.0,40.0,,,1
0.47123889803846897,151.0,40.0,,,1
0.47123889803846897,152.0,40.0,,,1
0.47123889803846897,153.0,40.0,,,1
0.47123889803846897,154.0,40.0,,,1
0.47123889803846897,155.0,40.0,,,1
0.47123889803846897,156.0,40.0,,,1
0.47123889803846897,157.0,40.0,,,1
0.47123889803846897,158.0,40.0,,,1
0.47123889803846897,159.0,40.0,,,1
0.47123889803846897,160.0,40.0,,,1
0.47123889803846897,161.0,40.0,,,1
0.47123889803846897,162.0,40.0,,,1
0.47123889803846897,163.0,40.0,,,1
0.47123889803846897,164.0,40.0,,,1
0.47123889803846897,165.0,40.0,,,1
0.47123889803846897,166.0,40.0,,,1
0.47123889803846897,167.0,40.0,,,1
0.47123889803846897,168.0,40.0,,,1
0.47123889803846897,169.0,40.0,,,1
0.47123889803846897,170.0,40.0,,,1
0.47123889803846897,171.0,40.0,,,1
0.47123889803846897,172.0,40.0,,,1
0.47123889803846897,173.0,40.0,,,1
0.47123889803846897,174.0,40.0,,,1
0.47123889803846897,175.0,40.0,,,1
0.47123889803846897,176.0,40.0,,,1
0.47123889803846897,177.0,40.0,,,1
0.47123889803846897,178.0,40.0,,,1
0.47123889803846897,179.0,40.0,,,1
0.47123889803846897,180.0,40.0,,,1
0.47123889803846897,130.0,44.0,,,3
0.47123889803846897,131.0,44.0,,,3
0.47123889803846897,132.0,44.0,,,3
0.47123889803846897,133.0,44.0,,,3
0.47123889803846897,134.0,44.0,,,3
0.47123889803846897,135.0,44.0,,,3
0.47123889803846897,136.0,44.0,,,3
0.47123889803846897,137.0,44.0,,,3
0.47123889803846897,138.0,44.0,,,3
0.47123889803846897,139.0,44.0,,,3
0.47123889803846897,140.0,44.0,,,3
0.47123889803846897,141.0,44.0,,,3
0.47123889803846897,142.0,44.0,,,3
0.47123889803846897,143.0,44.0,,,3
0.47123889803846897,144.0,44.0,,,3
0.47123889803846897,145.0,44.0,,,3
0.47123889803846897,146.0,44.0,,,3
0.47123889803846897,147.0,44.0,,,3
0.47123889803846897,148.0,44.0,,,3
0.47123889803846897,149.0,44.0,,,1
0.47123889803846897,150.0,44.0,,,1
0.47123889803846897,151.0,44.0,,,1
0.47123889803846897,152.0,44.0,,,1
0.47123889803846897,153.0,44.0,,,1
0.47123889803846897,154.0,44.0,,,1
0.47123889803846897,155.0,44.0,,,1
0.47123889803846897,156.0,44.0,,,1
0.47123889803846897,157.0,44.0,,,1
0.47123889803846897,158.0,44.0,,,1
0.47123889803846897,159.0,44.0,,,1
0.47123889803846897,160.0,44.0,,,1
0.47123889803846897,161.0,44.0,,,1
0.47123889803846897,162.0,44.0,,,1
0.47123889803846897,163.0,44.0,,,1
0.47123889803846897,164.0,44.0,,,1
0.47123889803846897,165.0,44.0,,,1
0.47123889803846897,166.0,44.0,,,1
0.47123889803846897,167.0,44.0,,,1
0.47123889803846897,168.0,44.0,,,1
0.47123889803846897,169.0,44.0,,,1
0.47123889803846897,170.0,44.0,,,1
0.47123889803846897,171.0,44.0,,,1
0.47123889803846897,172.0,44.0,,,1
0.47123889803846897,173.0,44.0,,,1
0.47123889803846897,174.0,44.0,,,1
0.47123889803846897,175.0,44.0,,,1
0.47123889803846897,176.0,44.0,,,1
0.47123889803846897,177.0,44.0,,,1
0.47123889803846897,178.0,44.0,,,1
0.47123889803846897,179.0,44.0,,,1
0.47123889803846897,180.0,44.0,,,1
0.47123889803846897,130.0,48.0,,,3
0.47123889803846897,131.0,48.0,,,3
0.47123889803846897,132.0,48.0,,,3
0.47123889803846897,133.0,48.0,,,3
0.47123889803846897,134.0,48.0,,,3
0.47123889803846897,135.0,48.0,,,3
0.47123889803846897,136.0,48.0,,,3
0.47123889803846897,137.0,48.0,,,3
0.47123889803846897,138.0,48.0,,,3
0.47123889803846897,139.0,48.0,,,3
0.47123889803846897,140.0,48.0,,,3
0.47123889803846897,141.0,48.0,,,3
0.47123889803846897,142.0,48.0,,,3
0.47123889803846897,143.0,48.0,,,3
0.47123889803846897,144.0,48.0,,,3
0.47123889803846897,145.0,48.0,,,3
0.47123889803846897,146.0,48.0,,,3
0.47123889803846897,147.0,48.0,,,3
0.47123889803846897,148.0,48.0,,,3
0.47123889803846897,149.0,48.0,,,1
0.47123889803846897,150.0,48.0,,,1
0.47123889803846897,151.0,48.0,,,1
0.47123889803846897,152.0,48.0,,,1
0.47123889803846897,153.0,48.0,,,1
0.47123889803846897,154.0,48.0,,,1
0.47123889803846897,155.0,48.0,,,1
0.47123889803846897,156.0,48.0,,,1
0.47123889803846897,157.0,48.0,,,1
0.47123889803846897,158.0,48.0,,,1
0.47123889803846897,159.0,48.0,,,1
0.47123889803846897,160.0,48.0,,,1
0.47123889803846897,161.0,48.0,,,1
0.47123889803846897,162.0,48.0,,,1
0.47123889803846897,163.0,48.0,,,1
0.47123889803846897,164.0,48.0,,,1
0.47123889803846897,165.0,48.0,,,1
0.47123889803846897,166.0,48.0,,,1
0.47123889803846897,167.0,48.0,,,1
0.47123889803846897,168.0,48.0,,,1
0.47123889803846897,169.0,48.0,,,1
0.47123889803846897,170.0,48.0,,,1
0.47123889803846897,171.0,48.0,,,1
0.47123889803846897,172.0,48.0,,,1
0.47123889803846897,173.0,48.0,,,1
0.47123889803846897,174.0,48.0,,,1
0.47123889803846897,175.0,48.0,,,1
0.47123889803846897,176.0,48.0,,,1
0.47123889803846897,177.0,48.0,,,1
0.47123889803846897,178.0,48.0,,,1
0.47123889803846897,179.0,48.0,,,1
0.47123889803846897,180.0,48.0,,,1
0.47123889803846897,130.0,52.0,,,3
0.47123889803846897,131.0,52.0,,,3
0.47123889803846897,132.0,52.0,,,3
0.47123889803846897,133.0,52.0,,,3
0.47123889803846897,134.0,52.0,,,3
0.47123889803846897,135.0,52.0,,,3
0.47123889803846897,136.0,52.0,,,3
0.47123889803846897,137.0,52.0,,,3
0.47123889803846897,138.0,52.0,,,3
0.47123889803846897,139.0,52.0,,,3
0.47123889803846897,140.0,52.0,,,3
0.47123889803846897,141.0,52.0,,,3
0.47123889803846897,142.0,52.0,,,3
0.47123889803846897,143.0,52.0,,,3
0.47123889803846897,144.0,52.0,,,3
0.47123889803846897,145.0,52.0,,,3
0.47123889803846897,146.0,52.0,,,3
0.47123889803846897,147.0,52.0,,,3
0.47123889803846897,148.0,52.0,,,3
0.47123889803846897,149.0,52.0,,,3
0.47123889803846897,150.0,52.0,,,1
0.47123889803846897,151.0,52.0,,,1
0.47123889803846897,152.0,52.0,,,1
0.47123889803846897,153.0,52.0,,,1
0.47123889803846897,154.0,52.0,,,1
0.47123889803846897,155.0,52.0,,,1
0.47123889803846897,156.0,52.0,,,1
0.47123889803846897,157.0,52.0,,,1
0.47123889803846897,158.0,52.0,,,1
0.47123889803846897,159.0,52.0,,,1
0.47123889803846897,160.0,52.0,,,1
0.47123889803846897,161.0,52.0,,,1
0.47123889803846897,162.0,52.0,,,1
0.47123889803846897,163.0,52.0,,,1
0.47123889803846897,164.0,52.0,,,1
0.47123889803846897,165.0,52.0,,,1
0.47123889803846897,166.0,52.0,,,1
0.47123889803846897,167.0,52.0,,,1
0.47123889803846897,168.0,52.0,,,1
0.47123889803846897,169.0,52.0,,,1
0.47123889803846897,170.0,52.0,,,1
0.47123889803846897,171.0,52.0,,,1
0.47123889803846897,172.0,52.0,,,1
0.47123889803846897,173.0,52.0,,,1
0.47123889803846897,174.0,52.0,,,1
0.47123889803846897,175.0,52.0,,,1
0.47123889803846897,176.0,52.0,,,1
0.47123889803846897,177.0,52.0,,,1
0.47123889803846897,178.0,52.0,,,1
0.47123889803846897,179.0,52.0,,,1
0.47123889803846897,180.0,52.0,,,1
0.47123889803846897,130.0,56.0,,,3
0.47123889803846897,131.0,56.0,,,3
0.47123889803846897,132.0,56.0,,,3
0.47123889803846897,133.0,56.0,,,3
0.47123889803846897,134.0,56.0,,,3
0.47123889803846897,135.0,56.0,,,3
0.47123889803846897,136.0,56.0,,,3
0.47123889803846897,137.0,56.0,,,3
0.47123889803846897,138.0,56.0,,,3
0.47123889803846897,139.0,56.0,,,3
0.47123889803846897,140.0,56.0,,,3
0.47123889803846897,141.0,56.0,,,3
0.47123889803846897,142.0,56.0,,,3
0.47123889803846897,143.0,56.0,,,3
0.47123889803846897,144.0,56.0,,,3
0.47123889803846897,145.0,56.0,,,3
0.47123889803846897,146.0,56.0,,,3
0.47123889803846897,147.0,56.0,,,3
0.47123889803846897,148.0,56.0,,,3
0.47123889803846897,149.0,56.0,,,3
0.47123889803846897,150.0,56.0,,,3
0.47123889803846897,151.0,56.0,,,1
0.47123889803846897,152.0,56.0,,,1
0.47123889803846897,153.0,56.0,,,1
0.47123889803846897,154.0,56.0,,,1
0.47123889803846897,155.0,56.0,,,1
0.47123889803846897,156.0,56.0,,,1
0.47123889803846897,157.0,56.0,,,1
0.47123889803846897,158.0,56.0,,,1
0.47123889803846897,159.0,56.0,,,1
0.47123889803846897,160.0,56.0,,,1
0.47123889803846897,161.0,56.0,,,1
0.47123889803846897,162.0,56.0,,,1
0.47123889803846897,163.0,56.0,,,1
0.47123889803846897,164.0,56.0,,,1
0.47123889803846897,165.0,56.0,,,1
0.47123889803846897,166.0,56.0,,,1
0.47123889803846897,167.0,56.0,,,1
0.47123889803846897,168.0,56.0,,,1
0.47123889803846897,169.0,56.0,,,1
0.47123889803846897,170.0,56.0,,,1
0.47123889803846897,171.0,56.0,,,1
0.47123889803846897,172.0,56.0,,,1
0.47123889803846897,173.0,56.0,,,1
0.47123889803846897,174.0,56.0,,,1
0.47123889803846897,175.0,56.0,,,1
0.47123889803846897,176.0,56.0,,,1
0.47123889803846897,177.0,56.0,,,1
0.47123889803846897,178.0,56.0,,,1
0.47123889803846897,179.0,56.0,,,1
0.47123889803846897,180.0,56.0,,,1
0.47123889803846897,130.0,60.0,,,3
0.47123889803846897,131.0,60.0,,,3
0.47123889803846897,132.0,60.0,,,3
0.47123889803846897,133.0,60.0,,,3
0.47123889803846897,134.0,60.0,,,3
0.47123889803846897,135.0,60.0,,,3
0.47123889803846897,136.0,60.0,,,3
0.47123889803846897,137.0,60.0,,,3
0.47123889803846897,138.0,60.0,,,3
0.47123889803846897,139.0,60.0,,,3
0.47123889803846897,140.0,60.0,,,3
0.47123889803846897,141.0,60.0,,,3
0.47123889803846897,142.0,60.0,,,3
0.47123889803846897,143.0,60.0,,,3
0.47123889803846897,144.0,60.0,,,3
0.47123889803846897,145.0,60.0,,,3
0.47123889803846897,146.0,60.0,,,3
0.47123889803846897,147.0,60.0,,,3
0.47123889803846897,148.0,60.0,,,3
0.47123889803846897,149.0,60.0,,,3
0.47123889803846897,150.0,60.0,,,3
0.47123889803846897,151.0,60.0,,,3
0.47123889803846897,152.0,60.0,,,1
0.47123889803846897,153.0,60.0,,,1
0.47123889803846897,154.0,60.0,,,1
0.47123889803846897,155.0,60.0,,,1
0.47123889803846897,156.0,60.0,,,1
0.47123889803846897,157.0,60.0,,,1
0.47123889803846897,158.0,60.0,,,1
0.47123889803846897,159.0,60.0,,,1
0.47123889803846897,160.0,60.0,,,1
0.47123889803846897,161.0,60.0,,,1
0.47123889803846897,162.0,60.0,,,1
0.47123889803846897,163.0,60.0,,,1
0.47123889803846897,164.0,60.0,,,1
0.47123889803846897,165.0,60.0,,,1
0.47123889803846897,166.0,60.0,,,1
0.47123889803846897,167.0,60.0,,,1
0.47123889803846897,168.0,60.0,,,1
0.47123889803846897,169.0,60.0,,,1
0.47123889803846897,170.0,60.0,,,1
0.47123889803846897,171.0,60.0,,,1
0.47123889803846897,172.0,60.0,,,1
0.47123889803846897,173.0,60.0,,,1
0.47123889803846897,174.0,60.0,,,1
0.47123889803846897,175.0,60.0,,,1
0.47123889803846897,176.0,60.0,,,1
0.47123889803846897,177.0,60.0,,,1
0.47123889803846897,178.0,60.0,,,1
0.47123889803846897,179.0,60.0,,,1
0.47123889803846897,180.0,60.0,,,1
0.47123889803846897,130.0,64.0,,,3
0.47123889803846897,131.0,64.0,,,3
0.47123889803846897,132.0,64.0,,,3
0.47123889803846897,133.0,64.0,,,3
0.47123889803846897,134.0,64.0,,,3
0.47123889803846897,135.0,64.0,,,3
0.47123889803846897,136.0,64.0,,,3
0.47123889803846897,137.0,64.0,,,3
0.47123889803846897,138.0,64.0,,,3
0.47123889803846897,139.0,64.0,,,3
0.47123889803846897,140.0,64.0,,,3
0.47123889803846897,141.0,64.0,,,3
0.47123889803846897,142.0,64.0,,,3
0.47123889803846897,143.0,64.0,,,3
0.47123889803846897,144.0,64.0,,,3
0.47123889803846897,145.0,64.0,,,3
0.47123889803846897,146.0,64.0,,,3
0.47123889803846897,147.0,64.0,,,3
0.47123889803846897,148.0,64.0,,,3
0.47123889803846897,149.0,64.0,,,3
0.47123889803846897,150.0,64.0,,,3
0.47123889803846897,151.0,64.0,,,3
0.47123889803846897,152.0,64.0,,,3
0.47123889803846897,153.0,64.0,,,1
0.47123889803846897,154.0,64.0,,,1
0.47123889803846897,155.0,64.0,,,1
0.47123889803846897,156.0,64.0,,,1
0.47123889803846897,157.0,64.0,,,1
0.47123889803846897,158.0,64.0,,,1
0.47123889803846897,159.0,64.0,,,1
0.47123889803846897,160.0,64.0,,,1
0.47123889803846897,161.0,64.0,,,1
0.47123889803846897,162.0,64.0,,,1
0.47123889803846897,163.0,64.0,,,1
0.47123889803846897,164.0,64.0,,,1
0.47123889803846897,165.0,64.0,,,1
0.47123889803846897,166.0,64.0,,,1
0.47123889803846897,167.0,64.0,,,1
0.47123889803846897,168.0,64.0,,,1
0.47123889803846897,169.0,64.0,,,1
0.47123889803846897,170.0,64.0,,,1
0.47123889803846897,171.0,64.0,,,1
0.47123889803846897,172.0,64.0,,,1
0.47123889803846897,173.0,64.0,,,1
0.47123889803846897,174.0,64.0,,,1
0.47123889803846897,175.0,64.0,,,1
0.47123889803846897,176.0,64.0,,,1
0.47123889803846897,177.0,64.0,,,1
0.47123889803846897,178.0,64.0,,,1
0.47123889803846897,179.0,64.0,,,1
0.47123889803846897,180.0,64.0,,,1
0.47123889803846897,130.0,68.0,,,3
0.47123889803846897,131.0,68.0,,,3
0.47123889803846897,132.0,68.0,,,3
0.47123889803846897,133.0,68.0,,,3
0.47123889803846897,134.0,68.0,,,3
0.47123889803846897,135.0,68.0,,,3
0.47123889803846897,136.0,68.0,,,3
0.47123889803846897,137.0,68.0,,,3
0.47123889803846897,138.0,68.0,,,3
0.47123889803846897,139.0,68.0,,,3
0.47123889803846897,140.0,68.0,,,3
0.47123889803846897,141.0,68.0,,,3
0.47123889803846897,142.0,68.0,,,3
0.47123889803846897,143.0,68.0,,,3
0.47123889803846897,144.0,68.0,,,3
0.47123889803846897,145.0,68.0,,,3
0.47123889803846897,146.0,68.0,,,3
0.47123889803846897,147.0,68.0,,,3
0.47123889803846897,148.0,68.0,,,3
0.47123889803846897,149.0,68.0,,,3
0.47123889803846897,150.0,68.0,,,3
0.47123889803846897,151.0,68.0,,,3
0.47123889803846897,152.0,68.0,,,3
0.47123889803846897,153.0,68.0,,,3
0.47123889803846897,154.0,68.0,,,1
0.47123889803846897,155.0,68.0,,,1
0.47123889803846897,156.0,68.0,,,1
0.47123889803846897,157.0,68.0,,,1
0.47123889803846897,158.0,68.0,,,1
0.47123889803846897,159.0,68.0,,,1
0.47123889803846897,160.0,68.0,,,1
0.47123889803846897,161.0,68.0,,,1
0.47123889803846897,162.0,68.0,,,1
0.47123889803846897,163.0,68.0,,,1
0.47123889803846897,164.0,68.0,,,1
0.47123889803846897,165.0,68.0,,,1
0.47123889803846897,166.0,68.0,,,1
0.47123889803846897,167.0,68.0,,,1
0.47123889803846897,168.0,68.0,,,1
0.47123889803846897,169.0,68.0,,,1
0.47123889803846897,170.0,68.0,,,1
0.47123889803846897,171.0,68.0,,,1
0.47123889803846897,172.0,68.0,,,1
0.47123889803846897,173.0,68.0,,,1
0.47123889803846897,174.0,68.0,,,1
0.47123889803846897,175.0,68.0,,,1
0.47123889803846897,176.0,68.0,,,1
0.47123889803846897,177.0,68.0,,,1
0.47123889803846897,178.0,68.0,,,1
0.47123889803846897,179.0,68.0,,,1
0.47123889803846897,180.0,68.0,,,1
0.47123889803846897,130.0,72.0,,,3
0.47123889803846897,131.0,72.0,,,3
0.47123889803846897,132.0,72.0,,,3
0.47123889803846897,133.0,72.0,,,3
0.47123889803846897,134.0,72.0,,,3
0.47123889803846897,135.0,72.0,,,3
0.47123889803846897,136.0,72.0,,,3
0.47123889803846897,137.0,72.0,,,3
0.47123889803846897,138.0,72.0,,,3
0.47123889803846897,139.0,72.0,,,3
0.47123889803846897,140.0,72.0,,,3
0.47123889803846897,141.0,72.0,,,3
0.47123889803846897,142.0,72.0,,,3
0.47123889803846897,143.0,72.0,,,3
0.47123889803846897,144.0,72.0,,,3
0.47123889803846897,145.0,72.0,,,3
0.47123889803846897,146.0,72.0,,,3
0.47123889803846897,147.0,72.0,,,3
0.47123889803846897,148.0,72.0,,,3
0.47123889803846897,149.0,72.0,,,3
0.47123889803846897,150.0,72.0,,,3
0.47123889803846897,151.0,72.0,,,3
0.47123889803846897,152.0,72.0,,,3
0.47123889803846897,153.0,72.0,,,3
0.47123889803846897,154.0,72.0,,,3
0.47123889803846897,155.0,72.0,,,1
0.47123889803846897,156.0,72.0,,,1
0.47123889803846897,157.0,72.0,,,1
0.47123889803846897,158.0,72.0,,,1
0.47123889803846897,159.0,72.0,,,1
0.47123889803846897,160.0,72.0,,,1
0.47123889803846897,161.0,72.0,,,1
0.47123889803846897,162.0,72.0,,,1
0.47123889803846897,163.0,72.0,,,1
0.47123889803846897,164.0,72.0,,,1
0.47123889803846897,165.0,72.0,,,1
0.47123889803846897,166.0,72.0,,,1
0.47123889803846897,167.0,72.0,,,1
0.47123889803846897,168.0,72.0,,,1
0.47123889803846897,169.0,72.0,,,1
0.47123889803846897,170.0,72.0,,,1
0.47123889803846897,171.0,72.0,,,1
0.47123889803846897,172.0,72.0,,,1
0.47123889803846897,173.0,72.0,,,1
0.47123889803846897,174.0,72.0,,,1
0.47123889803846897,175.0,72.0,,,1
0.47123889803846897,176.0,72.0,,,1
0.47123889803846897,177.0,72.0,,,1
0.47123889803846897,178.0,72.0,,,1
0.47123889803846897,179.0,72.0,,,1
0.47123889803846897,180.0,72.0,,,1
0.47123889803846897,130.0,76.0,,,3
0.47123889803846897,131.0,76.0,,,3
0.47123889803846897,132.0,76.0,,,3
0.47123889803846897,133.0,76.0,,,3
0.47123889803846897,134.0,76.0,,,3
0.47123889803846897,135.0,76.0,,,3
0.47123889803846897,136.0,76.0,,,3
0.47123889803846897,137.0,76.0,,,3
0.47123889803846897,138.0,76.0,,,3
0.47123889803846897,139.0,76.0,,,3
0.47123889803846897,140.0,76.0,,,3
0.47123889803846897,141.0,76.0,,,3
0.47123889803846897,142.0,76.0,,,3
0.47123889803846897,143.0,76.0,,,3
0.47123889803846897,144.0,76.0,,,3
0.47123889803846897,145.0,76.0,,,3
0.47123889803846897,146.0,76.0,,,3
0.47123889803846897,147.0,76.0,,,3
0.47123889803846897,148.0,76.0,,,3
0.47123889803846897,149.0,76.0,,,3
0.47123889803846897,150.0,76.0,,,3
0.47123889803846897,151.0,76.0,,,3
0.47123889803846897,152.0,76.0,,,3
0.47123889803846897,153.0,76.0,,,3
0.47123889803846897,154.0,76.0,,,3
0.47123889803846897,155.0,76.0,,,3
0.47123889803846897,156.0,76.0,,,3
0.47123889803846897,157.0,76.0,,,1
0.47123889803846897,158.0,76.0,,,1
0.47123889803846897,159.0,76.0,,,1
0.47123889803846897,160.0,76.0,,,1
0.47123889803846897,161.0,76.0,,,1
0.47123889803846897,162.0,76.0,,,1
0.47123889803846897,163.0,76.0,,,1
0.47123889803846897,164.0,76.0,,,1
0.47123889803846897,165.0,76.0,,,1
0.47123889803846897,166.0,76.0,,,1
0.47123889803846897,167.0,76.0,,,1
0.47123889803846897,168.0,76.0,,,1
0.47123889803846897,169.0,76.0,,,1
0.47123889803846897,170.0,76.0,,,1
0.47123889803846897,171.0,76.0,,,1
0.47123889803846897,172.0,76.0,,,1
0.47123889803846897,173.0,76.0,,,1
0.47123889803846897,174.0,76.0,,,1
0.47123889803846897,175.0,76.0,,,1
0.47123889803846897,176.0,76.0,,,1
0.47123889803846897,177.0,76.0,,,1
0.47123889803846897,178.0,76.0,,,1
0.47123889803846897,179.0,76.0,,,1
0.47123889803846897,180.0,76.0,,,1
0.47123889803846897,130.0,80.0,,,3
0.47123889803846897,131.0,80.0,,,3
0.47123889803846897,132.0,80.0,,,3
0.47123889803846897,133.0,80.0,,,3
0.47123889803846897,134.0,80.0,,,3
0.47123889803846897,135.0,80.0,,,3
0.47123889803846897,136.0,80.0,,,3
0.47123889803846897,137.0,80.0,,,3
0.47123889803846897,138.0,80.0,,,3
0.47123889803846897,139.0,80.0,,,3
0.47123889803846897,140.0,80.0,,,3
0.47123889803846897,141.0,80.0,,,3
0.47123889803846897,142.0,80.0,,,3
0.47123889803846897,143.0,80.0,,,3
0.47123889803846897,144.0,80.0,,,3
0.47123889803846897,145.0,80.0,,,3
0.47123889803846897,146.0,80.0,,,3
0.47123889803846897,147.0,80.0,,,3
0.47123889803846897,148.0,80.0,,,3
0.47123889803846897,149.0,80.0,,,3
0.47123889803846897,150.0,80.0,,,3
0.47123889803846897,151.0,80.0,,,3
0.47123889803846897,152.0,80.0,,,3
0.47123889803846897,153.0,80.0,,,3
0.47123889803846897,154.0,80.0,,,3
0.47123889803846897,155.0,80.0,,,3
0.47123889803846897,156.0,80.0,,,3
0.47123889803846897,157.0,80.0,,,3
0.47123889803846897,158.0,80.0,,,1
0.47123889803846897,159.0,80.0,,,1
0.47123889803846897,160.0,80.0,,,1
0.47123889803846897,161.0,80.0,,,1
0.47123889803846897,162.0,80.0,,,1
0.47123889803846897,163.0,80.0,,,1
0.47123889803846897,164.0,80.0,,,1
0.47123889803846897,165.0,80.0,,,1
0.47123889803846897,166.0,80.0,,,1
0.47123889803846897,167.0,80.0,,,1
0.47123889803846897,168.0,80.0,,,1
0.47123889803846897,169.0,80.0,,,1
0.47123889803846897,170.0,80.0,,,1
0.47123889803846897,171.0,80.0,,,1
0.47123889803846897,172.0,80.0,,,1
0.47123889803846897,173.0,80.0,,,1
0.47123889803846897,174.0,80.0,,,1
0.47123889803846897,175.0,80.0,,,1
0.47123889803846897,176.0,80.0,,,1
0.47123889803846897,177.0,80.0,,,1
0.47123889803846897,178.0,80.0,,,1
0.47123889803846897,179.0,80.0,,,1
0.47123889803846897,180.0,80.0,,,1
0.47123889803846897,130.0,84.0,,,3
0.47123889803846897,131.0,84.0,,,3
0.47123889803846897,132.0,84.0,,,3
0.47123889803846897,133.0,84.0,,,3
0.47123889803846897,134.0,84.0,,,3
0.47123889803846897,135.0,84.0,,,3
0.47123889803846897,136.0,84.0,,,3
0.47123889803846897,137.0,84.0,,,3
0.47123889803846897,138.0,84.0,,,3
0.47123889803846897,139.0,84.0,,,3
0.47123889803846897,140.0,84.0,,,3
0.47123889803846897,141.0,84.0,,,3
0.47123889803846897,142.0,84.0,,,3
0.47123889803846897,143.0,84.0,,,3
0.47123889803846897,144.0,84.0,,,3
0.47123889803846897,145.0,84.0,,,3
0.47123889803846897,146.0,84.0,,,3
0.47123889803846897,147.0,84.0,,,3
0.47123889803846897,148.0,84.0,,,3
0.47123889803846897,149.0,84.0,,,3
0.47123889803846897,150.0,84.0,,,3
0.47123889803846897,151.0,84.0,,,3
0.47123889803846897,152.0,84.0,,,3
0.47123889803846897,153.0,84.0,,,3
0.47123889803846897,154.0,84.0,,,3
0.47123889803846897,155.0,84.0,,,3
0.47123889803846897,156.0,84.0,,,3
0.47123889803846897,157.0,84.0,,,3
0.47123889803846897,158.0,84.0,,,3
0.47123889803846897,159.0,84.0,,,1
0.47123889803846897,160.0,84.0,,,1
0.47123889803846897,161.0,84.0,,,1
0.47123889803846897,162.0,84.0,,,1
0.47123889803846897,163.0,84.0,,,1
0.47123889803846897,164.0,84.0,,,1
0.47123889803846897,165.0,84.0,,,1
0.47123889803846897,166.0,84.0,,,1
0.47123889803846897,167.0,84.0,,,1
0.47123889803846897,168.0,84.0,,,1
0.47123889803846897,169.0,84.0,,,1
0.47123889803846897,170.0,84.0,,,1
0.47123889803846897,171.0,84.0,,,1
0.47123889803846897,172.0,84.0,,,1
0.47123889803846897,173.0,84.0,,,1
0.47123889803846897,174.0,84.0,,,1
0.47123889803846897,175.0,84.0,,,1
0.47123889803846897,176.0,84.0,,,1
0.47123889803846897,177.0,84.0,,,1
0.47123889803846897,178.0,84.0,,,1
0.47123889803846897,179.0,84.0,,,1
0.47123889803846897,180.0,84.0,,,1
0.47123889803846897,130.0,88.0,,,3
0.47123889803846897,131.0,88.0,,,3
0.47123889803846897,132.0,88.0,,,3
0.47123889803846897,133.0,88.0,,,3
0.47123889803846897,134.0,88.0,,,3
0.47123889803846897,135.0,88.0,,,3
0.47123889803846897,136.0,88.0,,,3
0.47123889803846897,137.0,88.0,,,3
0.47123889803846897,138.0,88.0,,,3
0.47123889803846897,139.0,88.0,,,3
0.47123889803846897,140.0,88.0,,,3
0.47123889803846897,141.0,88.0,,,3
0.47123889803846897,142.0,88.0,,,3
0.47123889803846897,143.0,88.0,,,3
0.47123889803846897,144.0,88.0,,,3
0.47123889803846897,145.0,88.0,,,3
0.47123889803846897,146.0,88.0,,,3
0.47123889803846897,147.0,88.0,,,3
0.47123889803846897,148.0,88.0,,,3
0.47123889803846897,149.0,88.0,,,3
0.47123889803846897,150.0,88.0,,,3
0.47123889803846897,151.0,88.0,,,3
0.47123889803846897,152.0,88.0,,,3
0.47123889803846897,153.0,88.0,,,3
0.47123889803846897,154.0,88.0,,,3
0.47123889803846897,155.0,88.0,,,3
0.47123889803846897,156.0,88.0,,,3
0.47123889803846897,157.0,88.0,,,3
0.47123889803846897,158.0,88.0,,,3
0.47123889803846897,159.0,88.0,,,3
0.47123889803846897,160.0,88.0,,,1
0.47123889803846897,161.0,88.0,,,1
0.47123889803846897,162.0,88.0,,,1
0.47123889803846897,163.0,88.0,,,1
0.47123889803846897,164.0,88.0,,,1
0.47123889803846897,165.0,88.0,,,1
0.47123889803846897,166.0,88.0,,,1
0.47123889803846897,167.0,88.0,,,1
0.47123889803846897,168.0,88.0,,,1
0.47123889803846897,169.0,88.0,,,1
0.47123889803846897,170.0,88.0,,,1
0.47123889803846897,171.0,88.0,,,1
0.47123889803846897,172.0,88.0,,,1
0.47123889803846897,173.0,88.0,,,1
0.47123889803846897,174.0,88.0,,,1
0.47123889803846897,175.0,88.0,,,1
0.47123889803846897,176.0,88.0,,,1
0.47123889803846897,177.0,88.0,,,1
0.47123889803846897,178.0,88.0,,,1
0.47123889803846897,179.0,88.0,,,1
0.47123889803846897,180.0,88.0,,,1
0.47123889803846897,130.0,92.0,,,3
0.47123889803846897,131.0,92.0,,,3
0.47123889803846897,132.0,92.0,,,3
0.47123889803846897,133.0,92.0,,,3
0.47123889803846897,134.0,92.0,,,3
0.47123889803846897,135.0,92.0,,,3
0.47123889803846897,136.0,92.0,,,3
0.47123889803846897,137.0,92.0,,,3
0.47123889803846897,138.0,92.0,,,3
0.47123889803846897,139.0,92.0,,,3
0.47123889803846897,140.0,92.0,,,3
0.47123889803846897,141.0,92.0,,,3
0.47123889803846897,142.0,92.0,,,3
0.47123889803846897,143.0,92.0,,,3
0.47123889803846897,144.0,92.0,,,3
0.47123889803846897,145.0,92.0,,,3
0.47123889803846897,146.0,92.0,,,3
0.47123889803846897,147.0,92.0,,,3
0.47123889803846897,148.0,92.0,,,3
0.47123889803846897,149.0,92.0,,,3
0.47123889803846897,150.0,92.0,,,3
0.47123889803846897,151.0,92.0,,,3
0.47123889803846897,152.0,92.0,,,3
0.47123889803846897,153.0,92.0,,,3
0.47123889803846897,154.0,92.0,,,3
0.47123889803846897,155.0,92.0,,,3
0.47123889803846897,156.0,92.0,,,3
0.47123889803846897,157.0,92.0,,,3
0.47123889803846897,158.0,92.0,,,3
0.47123889803846897,159.0,92.0,,,3
0.47123889803846897,160.0,92.0,,,3
0.47123889803846897,161.0,92.0,,,3
0.47123889803846897,162.0,92.0,,,1
0.47123889803846897,163.0,92.0,,,1
0.47123889803846897,164.0,92.0,,,1
0.47123889803846897,165.0,92.0,,,1
0.47123889803846897,166.0,92.0,,,1
0.47123889803846897,167.0,92.0,,,1
0.47123889803846897,168.0,92.0,,,1
0.47123889803846897,169.0,92.0,,,1
0.47123889803846897,170.0,92.0,,,1
0.47123889803846897,171.0,92.0,,,1
0.47123889803846897,172.0,92.0,,,1
0.47123889803846897,173.0,92.0,,,1
0.47123889803846897,174.0,92.0,,,1
0.47123889803846897,175.0,92.0,,,1
0.47123889803846897,176.0,92.0,,,1
0.47123889803846897,177.0,92.0,,,1
0.47123889803846897,178.0,92.0,,,1
0.47123889803846897,179.0,92.0,,,1
0.47123889803846897,180.0,92.0,,,1
0.47123889803846897,130.0,96.0,,3.0583537737121542,6
0.47123889803846897,131.0,96.0,,3.0027590946238853,6
0.47123889803846897,132.0,96.0,107.00348088093948,2.948957920672323,5
0.47123889803846897,133.0,96.0,105.86589146041393,2.8964306186292466,5
0.47123889803846897,134.0,96.0,104.69012294006683,2.845510867462376,5
0.47123889803846897,135.0,96.0,103.47402211624487,2.7957700613923135,5
0.47123889803846897,136.0,96.0,102.21442418046796,2.7473376756839483,5
0.47123889803846897,137.0,96.0,100.90820146541279,2.7003070393546276,5
0.47123889803846897,138.0,96.0,99.55198691116443,2.654387546694809,5
0.47123889803846897,139.0,96.0,98.14273535454079,2.6098629400418387,5
0.47123889803846897,140.0,96.0,96.73088985290646,2.56634667516684,5
0.47123889803846897,141.0,96.0,95.33698611314482,2.5240876717155554,5
0.47123889803846897,142.0,96.0,93.87580093529897,2.4826532492838975,5
0.47123889803846897,143.0,96.0,92.3459295837916,2.4423645485596817,5
0.47123889803846897,144.0,96.0,90.74648960612087,2.403028838033232,5
0.47123889803846897,145.0,96.0,89.08280715953643,2.3647560175326974,5
0.47123889803846897,146.0,96.0,87.36230111849198,2.3274221432999305,5
0.47123889803846897,147.0,96.0,85.09715549508066,2.2909099646889257,5
0.47123889803846897,148.0,96.0,85.58965757537013,2.255295935968252,5
0.47123889803846897,149.0,96.0,83.22613134132746,2.2204950358160485,5
0.47123889803846897,150.0,96.0,80.78059003056548,2.186556111056357,5
0.47123889803846897,151.0,96.0,78.24816126517621,2.153467591255784,5
0.47123889803846897,152.0,96.0,75.66054262646065,2.1210973774098485,5
0.47123889803846897,153.0,96.0,73.02804835978799,2.0893602488422163,5
0.47123889803846897,154.0,96.0,70.29166922276981,2.0584074110237145,5
0.47123889803846897,155.0,96.0,67.44297545649641,2.0282720718902616,5
0.47123889803846897,156.0,96.0,,1.9987397135871379,4
0.47123889803846897,157.0,96.0,,1.9698279576572997,4
0.47123889803846897,158.0,96.0,,1.9415193303568417,4
0.47123889803846897,159.0,96.0,,1.9139726687297187,4
0.47123889803846897,160.0,96.0,,1.886943032252347,4
0.47123889803846897,161.0,96.0,,1.860452967351978,4
0.47123889803846897,162.0,96.0,,1.8345542551170957,4
0.47123889803846897,163.0,96.0,,,1
0.47123889803846897,164.0,96.0,,,1
0.47123889803846897,165.0,96.0,,,1
0.47123889803846897,166.0,96.0,,,1
0.47123889803846897,167.0,96.0,,,1
0.47123889803846897,168.0,96.0,,,1
0.47123889803846897,169.0,96.0,,,1
0.47123889803846897,170.0,96.0,,,1
0.47123889803846897,171.0,96.0,,,1
0.47123889803846897,172.0,96.0,,,1
0.47123889803846897,173.0,96.0,,,1
0.47123889803846897,174.0,96.0,,,1
0.47123889803846897,175.0,96.0,,,1
0.47123889803846897,176.0,96.0,,,1
0.47123889803846897,177.0,96.0,,,1
0.47123889803846897,178.0,96.0,,,1
0.47123889803846897,179.0,96.0,,,1
0.47123889803846897,180.0,96.0,,,1
0.47123889803846897,130.0,100.0,,3.121142316470297,6
0.47123889803846897,131.0,100.0,,3.0638903406011835,6
0.47123889803846897,132.0,100.0,114.09607313271646,3.0081251579068176,5
0.47123889803846897,133.0,100.0,112.99967341323119,2.95406795539448,5
0.47123889803846897,134.0,100.0,111.86654082150086,2.9011662199997446,5
0.47123889803846897,135.0,100.0,110.6958999132906,2.8500480375123627,5
0.47123889803846897,136.0,100.0,109.48333224713083,2.8000397886101385,5
0.47123889803846897,137.0,100.0,108.22944238055862,2.7514570982966022,5
0.47123889803846897,138.0,100.0,106.93050984725967,2.7040822455816045,5
0.47123889803846897,139.0,100.0,105.58426721391554,2.6580020564201154,5
0.47123889803846897,140.0,100.0,104.1907071969306,2.6132003532469783,5
0.47123889803846897,141.0,100.0,102.7492565670697,2.569527822072217,5
0.47123889803846897,142.0,100.0,101.26195437085248,2.5269638345864722,5
0.47123889803846897,143.0,100.0,99.46469777436884,2.485477237211707,5
0.47123889803846897,144.0,100.0,97.43610621596152,2.4449744109794214,5
0.47123889803846897,145.0,100.0,95.51567482660217,2.405477675332155,5
0.47123889803846897,146.0,100.0,93.546030872103,2.3669347496724122,5
0.47123889803846897,147.0,100.0,92.07425059713846,2.3294393787409344,5
0.47123889803846897,148.0,100.0,90.79273871419849,2.292818666908069,5
0.47123889803846897,149.0,100.0,88.55151635090188,2.2570538862373097,5
0.47123889803846897,150.0,100.0,86.2353538320212,2.222137209109834,5
0.47123889803846897,151.0,100.0,83.83863652951109,2.1879589376557664,5
0.47123889803846897,152.0,100.0,81.35666872508884,2.154716585236356,5
0.47123889803846897,153.0,100.0,78.78439609053825,2.1222251850396305,5
0.47123889803846897,154.0,100.0,76.11522132252794,2.09045462044219,5
0.47123889803846897,155.0,100.0,73.34224922370878,2.0593748272265624,5
0.47123889803846897,156.0,100.0,70.47597437497724,2.0290377306105087,5
0.47123889803846897,157.0,100.0,,1.9994452942481795,4
0.47123889803846897,158.0,100.0,,1.970429413142583,4
0.47123889803846897,159.0,100.0,,1.942020791128902,4
0.47123889803846897,160.0,100.0,,1.914320324116573,4
0.47123889803846897,161.0,100.0,,1.8872263953073358,4
0.47123889803846897,162.0,100.0,,1.8606621437875162,4
0.47123889803846897,163.0,100.0,,1.834650700142882,4
0.47123889803846897,164.0,100.0,,,1
0.47123889803846897,165.0,100.0,,,1
0.47123889803846897,166.0,100.0,,,1
0.47123889803846897,167.0,100.0,,,1
0.47123889803846897,168.0,100.0,,,1
0.47123889803846897,169.0,100.0,,,1
0.47123889803846897,170.0,100.0,,,1
0.47123889803846897,171.0,100.0,,,1
0.47123889803846897,172.0,100.0,,,1
0.47123889803846897,173.0,100.0,,,1
0.47123889803846897,174.0,100.0,,,1
0.47123889803846897,175.0,100.0,,,1
0.47123889803846897,176.0,100.0,,,1
0.47123889803846897,177.0,100.0,,,1
0.47123889803846897,178.0,100.0,,,1
0.47123889803846897,179.0,100.0,,,1
0.47123889803846897,180.0,100.0,,,1
0.47123889803846897,130.0,104.0,,3.1862719453293735,6
0.47123889803846897,131.0,104.0,,3.126929235729095,6
0.47123889803846897,132.0,104.0,121.29815015205797,3.06939785224575,5
0.47123889803846897,133.0,104.0,119.73375745551057,3.0134977754406562,5
0.47123889803846897,134.0,104.0,118.18878727412327,2.9589692218065013,5
0.47123889803846897,135.0,104.0,116.78695725623284,2.906040209254814,5
0.47123889803846897,136.0,104.0,115.62862287867345,2.8545472283018607,5
0.47123889803846897,137.0,104.0,114.4542254834428,2.80443389205348,5
0.47123889803846897,138.0,104.0,113.24309523944969,2.7556388487719303,5
0.47123889803846897,139.0,104.0,111.99419959917726,2.708114508787075,5
0.47123889803846897,140.0,104.0,110.71446614803945,2.6618251065762313,5
0.47123889803846897,141.0,104.0,109.03282395401722,2.6167276039542013,5
0.47123889803846897,142.0,104.0,107.30163242523021,2.5728771318334416,5
0.47123889803846897,143.0,104.0,106.15998140183837,2.530130431323252,5
0.47123889803846897,144.0,104.0,104.30333140876151,2.488477682477996,5
0.47123889803846897,145.0,104.0,102.39012428754684,2.44782382787,5
0.47123889803846897,146.0,104.0,100.41800110949389,2.4081308282981597,5
0.47123889803846897,147.0,104.0,98.3843703278081,2.369412778970222,5
0.47123889803846897,148.0,104.0,96.286347197578,2.3317578651210265,5
0.47123889803846897,149.0,104.0,94.12134823017104,2.294972402086834,5
0.47123889803846897,150.0,104.0,91.88551728981685,2.259100445082126,5
0.47123889803846897,151.0,104.0,89.57557993827007,2.2240237118402293,5
0.47123889803846897,152.0,104.0,87.18696420479863,2.1897172537718324,5
0.47123889803846897,153.0,104.0,84.7162145856097,2.1563254165376518,5
0.47123889803846897,154.0,104.0,82.15761954305805,2.123669664380558,5
0.47123889803846897,155.0,104.0,79.50465015514116,2.0918218549063416,5
0.47123889803846897,156.0,104.0,76.75284264724858,2.0606042876397046,5
0.47123889803846897,157.0,104.0,73.89248102565139,2.030102644101851,5
0.47123889803846897,158.0,104.0,70.91632101211368,2.0004118680206546,5
0.47123889803846897,159.0,104.0,,1.9712900749241606,4
0.47123889803846897,160.0,104.0,,1.942844731324262,4
0.47123889803846897,161.0,104.0,,1.9149475051386664,4
0.47123889803846897,162.0,104.0,,1.8877865533473892,4
0.47123889803846897,163.0,104.0,,1.861177066397171,4
0.47123889803846897,164.0,104.0,,1.8350811620337122,4
0.47123889803846897,165.0,104.0,,,1
0.47123889803846897,166.0,104.0,,,1
0.47123889803846897,167.0,104.0,,,1
0.47123889803846897,168.0,104.0,,,1
0.47123889803846897,169.0,104.0,,,1
0.47123889803846897,170.0,104.0,,,1
0.47123889803846897,171.0,104.0,,,1
0.47123889803846897,172.0,104.0,,,1
0.47123889803846897,173.0,104.0,,,1
0.47123889803846897,174.0,104.0,,,1
0.47123889803846897,175.0,104.0,,,1
0.47123889803846897,176.0,104.0,,,1
0.47123889803846897,177.0,104.0,,,1
0.47123889803846897,178.0,104.0,,,1
0.47123889803846897,179.0,104.0,,,1
0.47123889803846897,180.0,104.0,,,1
0.47123889803846897,130.0,108.0,,3.2534318046018096,6
0.47123889803846897,131.0,108.0,,3.1921214029823233,6
0.47123889803846897,132.0,108.0,127.2632641108382,3.1325835993118005,5
0.47123889803846897,133.0,108.0,125.95164587944663,3.074888396827005,5
0.47123889803846897,134.0,108.0,124.6026664943207,3.018507942160561,5
0.47123889803846897,135.0,108.0,123.3406369053104,2.9639384843041134,5
0.47123889803846897,136.0,108.0,122.80647798139432,2.9108970539146872,5
0.47123889803846897,137.0,108.0,121.32721449804957,2.859159390400713,5
0.47123889803846897,138.0,108.0,119.80559106097807,2.8088536428093827,5
0.47123889803846897,139.0,108.0,118.24115229368917,2.759813221833769,5
0.47123889803846897,140.0,108.0,116.63100147985932,2.7122219725611156,5
0.47123889803846897,141.0,108.0,114.97444863041954,2.6656215664698735,5
0.47123889803846897,142.0,108.0,113.26983629606163,2.620434161137351,5
0.47123889803846897,143.0,108.0,111.51532206271145,2.57628664292589,5
0.47123889803846897,144.0,108.0,109.70926972510422,2.5334461075671024,5
0.47123889803846897,145.0,108.0,107.84919690685628,2.4915486854251623,5
0.47123889803846897,146.0,108.0,105.93350772047808,2.4508323741309264,5
0.47123889803846897,147.0,108.0,103.95975528117225,2.410969858341159,5
0.47123889803846897,148.0,108.0,101.92551530924062,2.3721604879574567,5
0.47123889803846897,149.0,108.0,99.82840068708516,2.334193910939465,5
0.47123889803846897,150.0,108.0,97.6647060428889,2.297340639107142,5
0.47123889803846897,151.0,108.0,95.43212748404808,2.261335044060317,5
0.47123889803846897,152.0,108.0,93.12695379761567,2.2261169807270327,5
0.47123889803846897,153.0,108.0,90.74533635376822,2.1917204589964823,5
0.47123889803846897,154.0,108.0,88.28327686323978,2.1580949039929984,5
0.47123889803846897,155.0,108.0,85.7356804095544,2.1253716761405825,5
0.47123889803846897,156.0,108.0,83.09759367809443,2.093394249598645,5
0.47123889803846897,157.0,108.0,80.36320138596695,2.0621129997869794,5
0.47123889803846897,158.0,108.0,77.52521250946936,2.0314884008112517,5
0.47123889803846897,159.0,108.0,74.57609488148695,2.001637114439834,5
0.47123889803846897,160.0,108.0,,1.9724837328443607,4
0.47123889803846897,161.0,108.0,,1.9438781058892212,4
0.47123889803846897,162.0,108.0,,1.9158985405063058,4
0.47123889803846897,163.0,108.0,,1.8886041587651812,4
0.47123889803846897,164.0,108.0,,1.8619305998655777,4
0.47123889803846897,165.0,108.0,,1.8357696264404673,4
0.47123889803846897,166.0,108.0,,1.810107245994535,4
0.47123889803846897,167.0,108.0,,,1
0.47123889803846897,168.0,108.0,,,1
0.47123889803846897,169.0,108.0,,,1
0.47123889803846897,170.0,108.0,,,1
0.47123889803846897,171.0,108.0,,,1
0.47123889803846897,172.0,108.0,,,1
0.47123889803846897,173.0,108.0,,,1
0.47123889803846897,174.0,108.0,,,1
0.47123889803846897,175.0,108.0,,,1
0.47123889803846897,176.0,108.0,,,1
0.47123889803846897,177.0,108.0,,,1
0.47123889803846897,178.0,108.0,,,1
0.47123889803846897,179.0,108.0,,,1
0.47123889803846897,180.0,108.0,,,1
0.47123889803846897,130.0,112.0,,3.322287668218191,6
0.47123889803846897,131.0,112.0,,3.25920095182255,6
0.47123889803846897,132.0,112.0,133.39751666390916,3.1974951894664962,5
0.47123889803846897,133.0,112.0,132.10267648496,3.1380071744651548,5
0.47123889803846897,134.0,112.0,130.77146191806298,3.080018330107662,5
0.47123889803846897,135.0,112.0,129.40330072785378,3.02361006020747,5
0.47123889803846897,136.0,112.0,127.9967423206713,2.968796366475945,5
0.47123889803846897,137.0,112.0,126.55127685607695,2.915438527671102,5
0.47123889803846897,138.0,112.0,125.06419278955549,2.8636453362152907,5
0.47123889803846897,139.0,112.0,123.53553075582437,2.813111836136621,5
0.47123889803846897,140.0,112.0,121.96372347020016,2.7640103601827746,5
0.47123889803846897,141.0,112.0,120.34728489684855,2.716123414356762,5
0.47123889803846897,142.0,112.0,118.68493775907773,2.669529474563792,5
0.47123889803846897,143.0,112.0,116.97454548442632,2.6240921474797605,5
0.47123889803846897,144.0,112.0,115.21466438823762,2.579837410858794,5
0.47123889803846897,145.0,112.0,113.40402728441836,2.5367274665113917,5
0.47123889803846897,146.0,112.0,111.54049135972286,2.4947322656158017,5
0.47123889803846897,147.0,112.0,109.62147432702183,2.4538024157270275,5
0.47123889803846897,148.0,112.0,107.6450765372931,2.4138758649627765,5
0.47123889803846897,149.0,112.0,105.60943275806335,2.374899594333596,5
0.47123889803846897,150.0,112.0,103.51163291332439,2.336908938476013,5
0.47123889803846897,151.0,112.0,101.34896905246039,2.2997412426683654,5
0.47123889803846897,152.0,112.0,99.11862099564881,2.2636515396934436,5
0.47123889803846897,153.0,112.0,96.81685351942471,2.228350082241803,5
0.47123889803846897,154.0,112.0,94.44061179141842,2.193860622450655,5
0.47123889803846897,155.0,112.0,91.98573509793745,2.1601028104051574,5
0.47123889803846897,156.0,112.0,89.4479097963582,2.127250813388312,5
0.47123889803846897,157.0,112.0,86.82222458963247,2.095206317523983,5
0.47123889803846897,158.0,112.0,84.10315232556397,2.063778033597369,5
0.47123889803846897,159.0,112.0,81.28450464555573,2.033072998762636,5
0.47123889803846897,160.0,112.0,78.35917166726487,2.0030357859330215,5
0.47123889803846897,161.0,112.0,,1.9738102009127056,4
0.47123889803846897,162.0,112.0,,1.9451552450739198,4
0.47123889803846897,163.0,112.0,,1.9170937251003128,4
0.47123889803846897,164.0,112.0,,1.8896419540430296,4
0.47123889803846897,165.0,112.0,,1.862910972154105,4
0.47123889803846897,166.0,112.0,,1.8366792324754535,4
0.47123889803846897,167.0,112.0,,1.810949915744628,4
0.47123889803846897,168.0,112.0,,,1
0.47123889803846897,169.0,112.0,,,1
0.47123889803846897,170.0,112.0,,,1
0.47123889803846897,171.0,112.0,,,1
0.47123889803846897,172.0,112.0,,,1
0.47123889803846897,173.0,112.0,,,1
0.47123889803846897,174.0,112.0,,,1
0.47123889803846897,175.0,112.0,,,1
0.47123889803846897,176.0,112.0,,,1
0.47123889803846897,177.0,112.0,,,1
0.47123889803846897,178.0,112.0,,,1
0.47123889803846897,179.0,112.0,,,1
0.47123889803846897,180.0,112.0,,,1
0.47123889803846897,130.0,116.0,,3.3927437834623175,6
0.47123889803846897,131.0,116.0,,3.327616292849945,6
0.47123889803846897,132.0,116.0,138.5752760202991,3.264271075400168,5
0.47123889803846897,133.0,116.0,137.30675320071558,3.202889331856176,5
0.47123889803846897,134.0,116.0,136.0031898885452,3.142965126742946,5
0.47123889803846897,135.0,116.0,134.66376506264282,3.0847849216232635,5
0.47123889803846897,136.0,116.0,133.28709930496345,3.0282599389086857,5
0.47123889803846897,137.0,116.0,131.87227019132,2.9732295998902107,5
0.47123889803846897,138.0,116.0,130.41794019468117,2.9198960245452645,5
0.47123889803846897,139.0,116.0,128.92386897116836,2.867755351925468,5
0.47123889803846897,140.0,116.0,127.38784255064775,2.817210745425556,5
0.47123889803846897,141.0,116.0,125.80903942025934,2.767892235612212,5
0.47123889803846897,142.0,116.0,124.18565658687366,2.71999494364056,5
0.47123889803846897,143.0,116.0,122.51605361407164,2.6732125861545377,5
0.47123889803846897,144.0,116.0,120.80030843914874,2.6276785347965115,5
0.47123889803846897,145.0,116.0,119.03536457877499,2.5832963954974457,5
0.47123889803846897,146.0,116.0,117.21947135442633,2.5399935668151317,5
0.47123889803846897,147.0,116.0,115.35112676029007,2.4979149198301758,5
0.47123889803846897,148.0,116.0,113.42849893505385,2.456808392275036,5
0.47123889803846897,149.0,116.0,111.44937005571936,2.4168461145252307,5
0.47123889803846897,150.0,116.0,109.41163184933735,2.377691774928951,5
0.47123889803846897,151.0,116.0,107.3126540331659,2.339553392183372,5
0.47123889803846897,152.0,116.0,105.14994559688805,2.3023369607658886,5
0.47123889803846897,153.0,116.0,102.92066830608871,2.26603867705328,5
0.47123889803846897,154.0,116.0,100.62172642093526,2.230681810132579,5
0.47123889803846897,155.0,116.0,98.24967488039131,2.19606373743724,5
0.47123889803846897,156.0,116.0,95.80079136107881,2.1622625677781837,5
0.47123889803846897,157.0,116.0,93.27138937272525,2.1291920027449436,5
0.47123889803846897,158.0,116.0,90.65627895951279,2.097018336982972,5
0.47123889803846897,159.0,116.0,87.95078083598511,2.065577914883373,5
0.47123889803846897,160.0,116.0,85.1490855410947,2.034778621751302,5
0.47123889803846897,161.0,116.0,82.24458605637109,2.0046648486018275,5
0.47123889803846897,162.0,116.0,,1.9752715661976257,4
0.47123889803846897,163.0,116.0,,1.9465896666677276,4
0.47123889803846897,164.0,116.0,,1.9184326466283796,4
0.47123889803846897,165.0,116.0,,1.8908874548873038,4
0.47123889803846897,166.0,116.0,,1.8640551651020432,4
0.47123889803846897,167.0,116.0,,1.8377660896059165,4
0.47123889803846897,168.0,116.0,,1.811969819872918,4
0.47123889803846897,169.0,116.0,,1.7867268192370913,4
0.47123889803846897,170.0,116.0,,,1
0.47123889803846897,171.0,116.0,,,1
0.47123889803846897,172.0,116.0,,,1
0.47123889803846897,173.0,116.0,,,1
0.47123889803846897,174.0,116.0,,,1
0.47123889803846897,175.0,116.0,,,1
0.47123889803846897,176.0,116.0,,,1
0.47123889803846897,177.0,116.0,,,1
0.47123889803846897,178.0,116.0,,,1
0.47123889803846897,179.0,116.0,,,1
0.47123889803846897,180.0,116.0,,,1
0.47123889803846897,130.0,120.0,,3.464352003175143,6
0.47123889803846897,131.0,120.0,,3.397516751576883,6
0.47123889803846897,132.0,120.0,143.84718758588352,3.3322635471833033,5
0.47123889803846897,133.0,120.0,142.60372671903434,3.268879723992012,5
0.47123889803846897,134.0,120.0,141.32637942924322,3.2072762293944272,5
0.47123889803846897,135.0,120.0,140.0139247368401,3.1472778121891922,5
0.47123889803846897,136.0,120.0,138.665588567381,3.089188935928904,5
0.47123889803846897,137.0,120.0,137.27989626686394,3.0324667318922596,5
0.47123889803846897,138.0,120.0,135.85729863851637,2.9776035430878975,5
0.47123889803846897,139.0,120.0,134.39530764242497,2.923939468046284,5
0.47123889803846897,140.0,120.0,132.8929164711139,2.871717200915747,5
0.47123889803846897,141.0,120.0,131.34910547761413,2.8209700033196854,5
0.47123889803846897,142.0,120.0,129.76228533299664,2.771570996574689,5
0.47123889803846897,143.0,120.0,128.13236424058175,2.723586243879731,5
0.47123889803846897,144.0,120.0,126.45680950831016,2.6767423238786754,5
0.47123889803846897,145.0,120.0,124.73410177529823,2.6311168191180867,5
0.47123889803846897,146.0,120.0,122.96296334642089,2.586612903039617,5
0.47123889803846897,147.0,120.0,121.1418287776313,2.5432482964639336,5
0.47123889803846897,148.0,120.0,119.26882799699014,2.500933193141343,5
0.47123889803846897,149.0,120.0,117.34207878929757,2.459830205759645,5
0.47123889803846897,150.0,120.0,115.35953897244254,2.4196794536330373,5
0.47123889803846897,151.0,120.0,113.31911410607812,2.380496935992259,5
0.47123889803846897,152.0,120.0,111.21845426080786,2.3422487387898085,5
0.47123889803846897,153.0,120.0,109.0551552866467,2.3049423204805826,5
0.47123889803846897,154.0,120.0,106.82615785480137,2.2684649986424508,5
0.47123889803846897,155.0,120.0,104.52906380172068,2.232991981435431,5
0.47123889803846897,156.0,120.0,102.16036573324827,2.198326672005408,5
0.47123889803846897,157.0,120.0,99.716577574922,2.164449981947531,5
0.47123889803846897,158.0,120.0,97.19391761028426,2.1313074036489783,5
0.47123889803846897,159.0,120.0,94.58814238002626,2.098982959279131,5
0.47123889803846897,160.0,120.0,91.8944300740208,2.0674448177763143,5
0.47123889803846897,161.0,120.0,89.10758353276334,2.0365818044974615,5
0.47123889803846897,162.0,120.0,86.22184333257042,2.006376467772338,5
0.47123889803846897,163.0,120.0,,1.9768519597174994,4
0.47123889803846897,164.0,120.0,,1.9480821037205445,4
0.47123889803846897,165.0,120.0,,1.9198673560138269,4
0.47123889803846897,166.0,120.0,,1.8922924457441153,4
0.47123889803846897,167.0,120.0,,1.8653021397826004,4
0.47123889803846897,168.0,120.0,,1.8389345811028859,4
0.47123889803846897,169.0,120.0,,1.8131161795230446,4
0.47123889803846897,170.0,120.0,,1.7877732234466106,4
0.47123889803846897,171.0,120.0,,,1
0.47123889803846897,172.0,120.0,,,1
0.47123889803846897,173.0,120.0,,,1
0.47123889803846897,174.0,120.0,,,1
0.47123889803846897,175.0,120.0,,,1
0.47123889803846897,176.0,120.0,,,1
0.47123889803846897,177.0,120.0,,,1
0.47123889803846897,178.0,120.0,,,1
0.47123889803846897,179.0,120.0,,,1
0.47123889803846897,180.0,120.0,,,1
0.47123889803846897,130.0,124.0,,3.5373068008272077,6
0.47123889803846897,131.0,124.0,,3.4684466529674136,6
0.47123889803846897,132.0,124.0,149.20585234984608,3.4012491707352672,5
0.47123889803846897,133.0,124.0,147.98622205847596,3.3359052601383565,5
0.47123889803846897,134.0,124.0,146.73354447332247,3.2727046104719606,5
0.47123889803846897,135.0,124.0,145.44681900298718,3.2108587508356097,5
0.47123889803846897,136.0,124.0,144.12567439922617,3.151173569687548,5
0.47123889803846897,137.0,124.0,142.76851263625647,3.092885056738684,5
0.47123889803846897,138.0,124.0,141.37475935232894,3.036240627012828,5
0.47123889803846897,139.0,124.0,139.9430436840262,2.9811462762441847,5
0.47123889803846897,140.0,124.0,138.471925130533,2.927591869396329,5
0.47123889803846897,141.0,124.0,136.9624212104086,2.875289291078811,5
0.47123889803846897,142.0,124.0,135.41041475278422,2.82440307875463,5
0.47123889803846897,143.0,124.0,133.81656701263358,2.7749641214135377,5
0.47123889803846897,144.0,124.0,132.178805557662,2.726759213139697,5
0.47123889803846897,145.0,124.0,130.4959977517005,2.6799731150421997,5
0.47123889803846897,146.0,124.0,128.7668351212466,2.6342201349676433,5
0.47123889803846897,147.0,124.0,126.98982418757055,2.5897391343991885,5
0.47123889803846897,148.0,124.0,125.16293185018834,2.546252933514846,5
0.47123889803846897,149.0,124.0,123.2846684312836,2.5038972463538793,5
0.47123889803846897,150.0,124.0,121.35336484446394,2.462527578457543,5
0.47123889803846897,151.0,124.0,119.36686736370683,2.422366643037346,5
0.47123889803846897,152.0,124.0,117.32360554264478,2.3831439730814274,5
0.47123889803846897,153.0,124.0,115.22008704194285,2.3448527538426944,5
0.47123889803846897,154.0,124.0,113.05590471896326,2.3074355299371,5
0.47123889803846897,155.0,124.0,110.82659019289139,2.2709224039975067,5
0.47123889803846897,156.0,124.0,108.53078693373988,2.235318561436504,5
0.47123889803846897,157.0,124.0,106.16443370670919,2.2005602273705938,5
0.47123889803846897,158.0,124.0,103.72445969741567,2.1666030159954657,5
0.47123889803846897,159.0,124.0,101.20793547357009,2.133366155708563,5
0.47123889803846897,160.0,124.0,98.60990490781289,2.100934326599486,5
0.47123889803846897,161.0,124.0,95.9262216831838,2.0693038829209085,5
0.47123889803846897,162.0,124.0,93.15275947511704,2.0383921303852928,5
0.47123889803846897,163.0,124.0,90.28291458228561,2.0081517675999385,5
0.47123889803846897,164.0,124.0,,1.978531315790474,4
0.47123889803846897,165.0,124.0,,1.9496587663546499,4
0.47123889803846897,166.0,124.0,,1.9214317326238108,4
0.47123889803846897,167.0,124.0,,1.8937595442388606,4
0.47123889803846897,168.0,124.0,,1.8666391746956352,4
0.47123889803846897,169.0,124.0,,1.840213303806933,4
0.47123889803846897,170.0,124.0,,1.8143566737344639,4
0.47123889803846897,171.0,124.0,,1.7889532640290298,4
0.47123889803846897,172.0,124.0,,,1
0.47123889803846897,173.0,124.0,,,1
0.47123889803846897,174.0,124.0,,,1
0.47123889803846897,175.0,124.0,,,1
0.47123889803846897,176.0,124.0,,,1
0.47123889803846897,177.0,124.0,,,1
0.47123889803846897,178.0,124.0,,,1
0.47123889803846897,179.0,124.0,,,1
0.47123889803846897,180.0,124.0,,,1
0.47123889803846897,130.0,128.0,,3.6111103139867327,6
0.47123889803846897,131.0,128.0,,3.540267078077698,6
0.47123889803846897,132.0,128.0,154.64572001902224,3.4710551624700425,5
0.47123889803846897,133.0,128.0,153.4488590186541,3.4040003979792672,5
0.47123889803846897,134.0,128.0,152.2205034140601,3.3389459065994487,5
0.47123889803846897,135.0,128.0,150.95806667939743,3.275385766248867,5
0.47123889803846897,136.0,128.0,149.66244463970528,3.214079611073474,5
0.47123889803846897,137.0,128.0,148.33195219264664,3.1541912707383606,5
0.47123889803846897,138.0,128.0,146.9657911709417,3.095971164997511,5
0.47123889803846897,139.0,128.0,145.56293449092277,3.039337301350458,5
0.47123889803846897,140.0,128.0,144.12276145420242,2.9842772995769242,5
0.47123889803846897,141.0,128.0,142.6437222074654,2.93067092254988,5
0.47123889803846897,142.0,128.0,141.12505952656417,2.878279168594434,5
0.47123889803846897,143.0,128.0,139.56528984399344,2.8275990513365308,5
0.47123889803846897,144.0,128.0,137.96334079037692,2.7779409548389107,5
0.47123889803846897,145.0,128.0,136.31823901656992,2.7297879259017237,5
0.47123889803846897,146.0,128.0,134.62847755232224,2.6827392496897495,5
0.47123889803846897,147.0,128.0,132.8923777471103,2.6371650255092622,5
0.47123889803846897,148.0,128.0,131.10864106855422,2.592486547089125,5
0.47123889803846897,149.0,128.0,129.27583887123222,2.5490805352708024,5
0.47123889803846897,150.0,128.0,127.39214284361249,2.506672147616418,5
0.47123889803846897,151.0,128.0,125.4561705499114,2.465263850429011,5
0.47123889803846897,152.0,128.0,123.4654027232148,2.4248541288737364,5
0.47123889803846897,153.0,128.0,121.41832360179487,2.3856347829917177,5
0.47123889803846897,154.0,128.0,119.31254699525736,2.347291411718568,5
0.47123889803846897,155.0,128.0,117.14627405630597,2.309824170026055,5
0.47123889803846897,156.0,128.0,114.91629317448822,2.2732487757657753,5
0.47123889803846897,157.0,128.0,112.62043830799517,2.23748538621973,5
0.47123889803846897,158.0,128.0,110.25542386520222,2.2026869554850452,5
0.47123889803846897,159.0,128.0,107.81911512162159,2.1687092577593923,5
0.47123889803846897,160.0,128.0,105.30702255310074,2.135443219603993,5
0.47123889803846897,161.0,128.0,102.71533843929117,2.1029095164210156,5
0.47123889803846897,162.0,128.0,100.04116134734674,2.0711615595696045,5
0.47123889803846897,163.0,128.0,97.27862945269852,2.0402182661361468,5
0.47123889803846897,164.0,128.0,94.42352874287384,2.009894402326692,5
0.47123889803846897,165.0,128.0,,1.980246836460637,4
0.47123889803846897,166.0,128.0,,1.951229544544149,4
0.47123889803846897,167.0,128.0,,1.922956089620725,4
0.47123889803846897,168.0,128.0,,1.8952527634466687,4
0.47123889803846897,169.0,128.0,,1.8680739466062155,4
0.47123889803846897,170.0,128.0,,1.8415485751301008,4
0.47123889803846897,171.0,128.0,,1.8156300933355047,4
0.47123889803846897,172.0,128.0,,1.790209841051772,4
0.47123889803846897,173.0,128.0,,1.7652774635031887,4
0.47123889803846897,174.0,128.0,,,1
0.47123889803846897,175.0,128.0,,,1
0.47123889803846897,176.0,128.0,,,1
0.47123889803846897,177.0,128.0,,,1
0.47123889803846897,178.0,128.0,,,1
0.47123889803846897,179.0,128.0,,,1
0.47123889803846897,180.0,128.0,,,1
0.47123889803846897,130.0,132.0,,3.6854114138704808,6
0.47123889803846897,131.0,132.0,,3.612706585094438,6
0.47123889803846897,132.0,132.0,160.1625613327806,3.541893918531106,5
0.47123889803846897,133.0,132.0,158.98804825902062,3.4728267766090353,5
0.47123889803846897,134.0,132.0,157.78183778273447,3.406025007191814,5
0.47123889803846897,135.0,132.0,156.5434222899909,3.3407992552004697,5
0.47123889803846897,136.0,132.0,155.27207419890726,3.277687094253001,5
0.47123889803846897,137.0,132.0,153.96698827237213,3.216257922125184,5
0.47123889803846897,138.0,132.0,152.62687362447556,3.1563739400791824,5
0.47123889803846897,139.0,132.0,151.25210022357413,3.0982591401414847,5
0.47123889803846897,140.0,132.0,149.8405181056676,3.041678131762409,5
0.47123889803846897,141.0,132.0,148.39131248898568,2.986664293209532,5
0.47123889803846897,142.0,132.0,146.90357730219992,2.9329605651577046,5
0.47123889803846897,143.0,132.0,145.37610173175747,2.8809174186452253,5
0.47123889803846897,144.0,132.0,143.80836255652585,2.830100044966124,5
0.47123889803846897,145.0,132.0,142.19866613928033,2.7806895868485664,5
0.47123889803846897,146.0,132.0,140.5456692954384,2.7323326396012626,5
0.47123889803846897,147.0,132.0,138.84823303739424,2.685371001432017,5
0.47123889803846897,148.0,132.0,137.10509675033538,2.6395889105699153,5
0.47123889803846897,149.0,132.0,135.31470873368727,2.5949899545268864,5
0.47123889803846897,150.0,132.0,133.4758094065567,2.5514575447570342,5
0.47123889803846897,151.0,132.0,131.5862895505992,2.509079944093745,5
0.47123889803846897,152.0,132.0,129.64482147545283,2.4676044041002996,5
0.47123889803846897,153.0,132.0,127.6494857541333,2.427278079687243,5
0.47123889803846897,154.0,132.0,125.59862461658172,2.38783962123204,5
0.47123889803846897,155.0,132.0,123.48960613152965,2.349468017688666,5
0.47123889803846897,156.0,132.0,121.32070539753583,2.3119971423869665,5
0.47123889803846897,157.0,132.0,119.0893144653594,2.275439018902389,5
0.47123889803846897,158.0,132.0,116.79331598397118,2.2395991101749626,5
0.47123889803846897,159.0,132.0,114.42937745507832,2.20469033005787,5
0.47123889803846897,160.0,132.0,111.99480742540204,2.1706752852330142,5
0.47123889803846897,161.0,132.0,109.48666140682799,2.1373959185914657,5
0.47123889803846897,162.0,132.0,106.90067577488239,2.1048277530629558,5
0.47123889803846897,163.0,132.0,104.23356404855657,2.0729491286521693,5
0.47123889803846897,164.0,132.0,101.48112915985693,2.0419253255312233,5
0.47123889803846897,165.0,132.0,98.63798629855833,2.011628283386861,5
0.47123889803846897,166.0,132.0,,1.9819184411581503,4
0.47123889803846897,167.0,132.0,,1.952803487812775,4
0.47123889803846897,168.0,132.0,,1.9244632608954177,4
0.47123889803846897,169.0,132.0,,1.8967129674873184,4
0.47123889803846897,170.0,132.0,,1.8695303957924883,4
0.47123889803846897,171.0,132.0,,1.8428996775562116,4
0.47123889803846897,172.0,132.0,,1.8169314001792347,4
0.47123889803846897,173.0,132.0,,1.7914666539409367,4
0.47123889803846897,174.0,132.0,,1.7665198831668403,4
0.47123889803846897,175.0,132.0,,,1
0.47123889803846897,176.0,132.0,,,1
0.47123889803846897,177.0,132.0,,,1
0.47123889803846897,178.0,132.0,,,1
0.47123889803846897,179.0,132.0,,,1
0.47123889803846897,180.0,132.0,,,1
0.47123889803846897,130.0,136.0,,3.7599588259883165,6
0.47123889803846897,131.0,136.0,,3.685516670756203,6
0.47123889803846897,132.0,136.0,165.75453060605415,3.6128105149780763,5
0.47123889803846897,133.0,136.0,164.6004635196761,3.542137412800639,5
0.47123889803846897,134.0,136.0,163.41576891673725,3.4736678639820235,5
0.47123889803846897,135.0,136.0,162.1998024114724,3.406835751628392,5
0.47123889803846897,136.0,136.0,160.9517239502491,3.342005501889244,5
0.47123889803846897,137.0,136.0,159.67147412183522,3.278990915127184,5
0.47123889803846897,138.0,136.0,158.3565262504318,3.217596453134329,5
0.47123889803846897,139.0,136.0,157.00759516596807,3.1579722538221184,5
0.47123889803846897,140.0,136.0,155.62309596399993,3.0998499051201365,5
0.47123889803846897,141.0,136.0,154.2022287160723,3.0434465809127316,5
0.47123889803846897,142.0,136.0,152.74370613818758,2.9882568029044974,5
0.47123889803846897,143.0,136.0,151.24757305159653,2.934963843659549,5
0.47123889803846897,144.0,136.0,149.7117909150396,2.8828419565859695,5
0.47123889803846897,145.0,136.0,148.13535012788745,2.832127465945918,5
0.47123889803846897,146.0,136.0,146.51724304978268,2.7825948347583127,5
0.47123889803846897,147.0,136.0,144.85579343809283,2.734397628964583,5
0.47123889803846897,148.0,136.0,143.15130054524465,2.6874493992214883,5
0.47123889803846897,149.0,136.0,141.40097033473847,2.641593338760058,5
0.47123889803846897,150.0,136.0,139.60356577780914,2.5969547555511414,5
0.47123889803846897,151.0,136.0,137.75788972280873,2.553503365721842,5
0.47123889803846897,152.0,136.0,135.86235355354341,2.5110654041393445,5
0.47123889803846897,153.0,136.0,133.91546508861606,2.469775624241005,5
0.47123889803846897,154.0,136.0,131.91502764284624,2.429360202334799,5
0.47123889803846897,155.0,136.0,129.8595235794378,2.38989125285034,5
0.47123889803846897,156.0,136.0,127.74692243792778,2.351425457896211,5
0.47123889803846897,157.0,136.0,125.57528816861098,2.313979252372167,5
0.47123889803846897,158.0,136.0,123.34184710282881,2.2773542690090123,5
0.47123889803846897,159.0,136.0,121.04463335846549,2.2415968653714873,5
0.47123889803846897,160.0,136.0,118.68077802201874,2.206574485197895,5
0.47123889803846897,161.0,136.0,116.2477601339513,2.172449570381043,5
0.47123889803846897,162.0,136.0,113.74214372118867,2.1391834719595826,5
0.47123889803846897,163.0,136.0,111.16068186116367,2.1066126066013418,5
0.47123889803846897,164.0,136.0,108.4999656342377,2.0747263006190586,5
0.47123889803846897,165.0,136.0,105.7556249706058,2.0435811479531187,5
0.47123889803846897,166.0,136.0,102.92369279005851,2.013240608754376,5
0.47123889803846897,167.0,136.0,,1.98353196126729,4
0.47123889803846897,168.0,136.0,,1.9543833583361057,4
0.47123889803846897,169.0,136.0,,1.9259126216254283,4
0.47123889803846897,170.0,136.0,,1.8981468956594447,4
0.47123889803846897,171.0,136.0,,1.8709442473937177,4
0.47123889803846897,172.0,136.0,,1.8442382694590347,4
0.47123889803846897,173.0,136.0,,1.818225547820642,4
0.47123889803846897,174.0,136.0,,1.7927812264830192,4
0.47123889803846897,175.0,136.0,,1.7677533232053537,4
0.47123889803846897,176.0,136.0,,1.7432650211567065,4
0.47123889803846897,177.0,136.0,,,1
0.47123889803846897,178.0,136.0,,,1
0.47123889803846897,179.0,136.0,,,1
0.47123889803846897,180.0,136.0,,,1
0.47123889803846897,130.0,140.0,,3.8346578580414685,6
0.47123889803846897,131.0,140.0,,3.7583775804541832,6
0.47123889803846897,132.0,140.0,171.41742751909266,3.6838330279964304,5
0.47123889803846897,133.0,140.0,170.2832440566493,3.6114926008558315,5
0.47123889803846897,134.0,140.0,169.11929428782875,3.54144161945824,5
0.47123889803846897,135.0,140.0,167.92446672734394,3.4727973890435235,5
0.47123889803846897,136.0,140.0,166.6993143016727,3.406637497386917,5
0.47123889803846897,137.0,140.0,165.4416503645468,3.342148893058548,5
0.47123889803846897,138.0,140.0,164.15119346848903,3.2791717994612077,5
0.47123889803846897,139.0,140.0,162.8271051622121,3.218124079703314,5
0.47123889803846897,140.0,140.0,161.4685758298969,3.1585535198751997,5
0.47123889803846897,141.0,140.0,160.0741898229389,3.1007073330023944,5
0.47123889803846897,142.0,140.0,158.64465020376286,3.044331477685161,5
0.47123889803846897,143.0,140.0,157.17745209058853,2.9894170222853584,5
0.47123889803846897,144.0,140.0,155.67192048855614,2.9360235660407077,5
0.47123889803846897,145.0,140.0,154.12715505235082,2.8839822866203373,5
0.47123889803846897,146.0,140.0,152.5416358289199,2.8334320157252946,5
0.47123889803846897,147.0,140.0,150.91567692381977,2.7840511547434383,5
0.47123889803846897,148.0,140.0,149.24671736172292,2.73593501692101,5
0.47123889803846897,149.0,140.0,147.5337385312268,2.6889987712439005,5
0.47123889803846897,150.0,140.0,145.7759954259058,2.6433388301274316,5
0.47123889803846897,151.0,140.0,143.97108141830904,2.598598531530409,5
0.47123889803846897,152.0,140.0,142.1185691503916,2.5551485754089125,5
0.47123889803846897,153.0,140.0,140.2166970003262,2.5128578140505398,5
0.47123889803846897,154.0,140.0,138.2633684331401,2.471443576303357,5
0.47123889803846897,155.0,140.0,136.25787475920325,2.431117019171914,5
0.47123889803846897,156.0,140.0,134.19774396660281,2.3916417002418804,5
0.47123889803846897,157.0,140.0,132.0808987009475,2.3531902052956992,5
0.47123889803846897,158.0,140.0,129.9056219460483,2.3156362833234367,5
0.47123889803846897,159.0,140.0,127.66972776936426,2.279060902109933,5
0.47123889803846897,160.0,140.0,125.37098532797009,2.243276617579469,5
0.47123889803846897,161.0,140.0,123.00643058726158,2.2082691618247123,5
0.47123889803846897,162.0,140.0,120.57388273369561,2.174082473166814,5
0.47123889803846897,163.0,140.0,118.07036877045846,2.1408149605054594,5
0.47123889803846897,164.0,140.0,115.49216952721976,2.108225320006484,5
0.47123889803846897,165.0,140.0,112.83640036235589,2.0763569509235316,5
0.47123889803846897,166.0,140.0,110.0992994419002,2.0451005760712273,5
0.47123889803846897,167.0,140.0,107.27605681012645,2.0147243394333594,5
0.47123889803846897,168.0,140.0,,1.9850059592428981,4
0.47123889803846897,169.0,140.0,,1.9558552303231307,4
0.47123889803846897,170.0,140.0,,1.9273066903582967,4
0.47123889803846897,171.0,140.0,,1.8995157750819127,4
0.47123889803846897,172.0,140.0,,1.8722964924380656,4
0.47123889803846897,173.0,140.0,,1.8455941206820141,4
0.47123889803846897,174.0,140.0,,1.8194579664226889,4
0.47123889803846897,175.0,140.0,,1.7939879486444998,4
0.47123889803846897,176.0,140.0,,1.7689728889551772,4
0.47123889803846897,177.0,140.0,,1.744427590431868,4
0.47123889803846897,178.0,140.0,,,1
0.47123889803846897,179.0,140.0,,,1
0.47123889803846897,180.0,140.0,,,1
0.47123889803846897,130.0,144.0,,3.909020989878946,6
0.47123889803846897,131.0,144.0,,3.8310474859193424,6
0.47123889803846897,132.0,144.0,177.14919486350942,3.754904068355182,5
0.47123889803846897,133.0,144.0,176.0340448113576,3.680980075746794,5
0.47123889803846897,134.0,144.0,174.89075512769503,3.6091457675784953,5
0.47123889803846897,135.0,144.0,173.7163608358837,3.538965916290506,5
0.47123889803846897,136.0,144.0,172.51213958705213,3.4712138469417217,5
0.47123889803846897,137.0,144.0,171.27661775323512,3.4051226031720443,5
0.47123889803846897,138.0,144.0,170.00912921449017,3.3409126815599572,5
0.47123889803846897,139.0,144.0,168.70885642991198,3.2783901859682545,5
0.47123889803846897,140.0,144.0,167.37578112003172,3.2175688452138056,5
0.47123889803846897,141.0,144.0,166.0070828063816,3.1583586853674395,5
0.47123889803846897,142.0,144.0,164.60380112289934,3.1005518319784318,5
0.47123889803846897,143.0,144.0,163.1642537244871,3.0446152387018213,5
0.47123889803846897,144.0,144.0,161.6876274706693,2.989918705541274,5
0.47123889803846897,145.0,144.0,160.17249672653955,2.936489964180276,5
0.47123889803846897,146.0,144.0,158.6192700279153,2.884632111658054,5
0.47123889803846897,147.0,144.0,157.02552477771488,2.8340072022140452,5
0.47123889803846897,148.0,144.0,155.3904062923827,2.7848602647882448,5
0.47123889803846897,149.0,144.0,153.7127962341121,2.736912048120637,5
0.47123889803846897,150.0,144.0,151.9915890327559,2.6900305953357493,5
0.47123889803846897,151.0,144.0,150.22604483517884,2.644366477147983,5
0.47123889803846897,152.0,144.0,148.41400109221823,2.599814592054901,5
0.47123889803846897,153.0,144.0,146.55427683735348,2.556409250713084,5
0.47123889803846897,154.0,144.0,144.64539531549693,2.5139829310680244,5
0.47123889803846897,155.0,144.0,142.68634881625488,2.47276018655919,5
0.47123889803846897,156.0,144.0,140.67481577269453,2.432375806666375,5
0.47123889803846897,157.0,144.0,138.60919827657239,2.393091107506905,5
0.47123889803846897,158.0,144.0,136.48738740373776,2.354584744328893,5
0.47123889803846897,159.0,144.0,134.30885258288978,2.3170088417040238,5
0.47123889803846897,160.0,144.0,132.06971070347416,2.28045318278474,5
0.47123889803846897,161.0,144.0,129.76843291933633,2.2446855187151753,5
0.47123889803846897,162.0,144.0,127.4028121110036,2.209739353558176,5
0.47123889803846897,163.0,144.0,124.97011793020596,2.1755584320664787,5
0.47123889803846897,164.0,144.0,122.46729703726595,2.1421796422934656,5
0.47123889803846897,165.0,144.0,119.89170090262344,2.1096568473947896,5
0.47123889803846897,166.0,144.0,117.24001618521868,2.0777282622043245,5
0.47123889803846897,167.0,144.0,114.50824734821111,2.0465534775224197,5
0.47123889803846897,168.0,144.0,111.69303171369852,2.016077478853618,5
0.47123889803846897,169.0,144.0,,1.9863235477185253,4
0.47123889803846897,170.0,144.0,,1.9572062826107457,4
0.47123889803846897,171.0,144.0,,1.9286694446004229,4
0.47123889803846897,172.0,144.0,,1.9007745732715375,4
0.47123889803846897,173.0,144.0,,1.8735461112813743,4
0.47123889803846897,174.0,144.0,,1.8468405270883896,4
0.47123889803846897,175.0,144.0,,1.8206602671978729,4
0.47123889803846897,176.0,144.0,,1.795137571455519,4
0.47123889803846897,177.0,144.0,,1.7701299939486324,4
0.47123889803846897,178.0,144.0,,1.7455838159139139,4
0.47123889803846897,179.0,144.0,,1.7215712634100848,4
0.47123889803846897,180.0,144.0,,,1
0.47123889803846897,130.0,148.0,,3.9830293798027308,6
0.47123889803846897,131.0,148.0,,3.9034765328196275,6
0.47123889803846897,132.0,148.0,182.94731589368783,3.8256797305196,5
0.47123889803846897,133.0,148.0,181.85153336969213,3.7500777828205027,5
0.47123889803846897,134.0,148.0,180.72639827494692,3.6767537049632906,5
0.47123889803846897,135.0,148.0,179.57233392310107,3.605256639568686,5
0.47123889803846897,136.0,148.0,178.38849207519982,3.535998338355294,5
0.47123889803846897,137.0,148.0,177.17419601349562,3.4683606974770664,5
0.47123889803846897,138.0,148.0,175.9285175294508,3.402656101481603,5
0.47123889803846897,139.0,148.0,174.65178828799503,3.338836661970894,5
0.47123889803846897,140.0,148.0,173.34130380760098,3.2764870496332397,5
0.47123889803846897,141.0,148.0,171.99781415280998,3.2160278722049513,5
0.47123889803846897,142.0,148.0,170.61991409124477,3.156889919042881,5
0.47123889803846897,143.0,148.0,169.207047979466,3.099634928423297,5
0.47123889803846897,144.0,148.0,167.75727966054825,3.043745012955503,5
0.47123889803846897,145.0,148.0,166.27173879729486,2.989301287114147,5
0.47123889803846897,146.0,148.0,164.74784884272498,2.9362527691018037,5
0.47123889803846897,147.0,148.0,163.18491663883435,2.884538904841644,5
0.47123889803846897,148.0,148.0,161.5820325456277,2.8341375532021313,5
0.47123889803846897,149.0,148.0,159.937948422223,2.784961809929354,5
0.47123889803846897,150.0,148.0,158.25210311491452,2.7370168118785467,5
0.47123889803846897,151.0,148.0,156.5227914295881,2.6904179396515313,5
0.47123889803846897,152.0,148.0,154.74875303332445,2.644954531567294,5
0.47123889803846897,153.0,148.0,152.9288422101621,2.600440461051043,5
0.47123889803846897,154.0,148.0,151.0618362386545,2.5571179804771287,5
0.47123889803846897,155.0,148.0,149.14613648166616,2.5148258578351896,5
0.47123889803846897,156.0,148.0,147.18011575509556,2.4735595507395542,5
0.47123889803846897,157.0,148.0,145.16231620792877,2.433352799706953,5
0.47123889803846897,158.0,148.0,143.0912040736515,2.394045502990376,5
0.47123889803846897,159.0,148.0,140.96489093488137,2.355694190938611,5
0.47123889803846897,160.0,148.0,138.78123222310145,2.3181855215612313,5
0.47123889803846897,161.0,148.0,136.53799719886322,2.2815155906877203,5
0.47123889803846897,162.0,148.0,134.2346320953305,2.2458071953132923,5
0.47123889803846897,163.0,148.0,131.866855974261,2.21088161429288,5
0.47123889803846897,164.0,148.0,129.43286702652523,2.176739014405369,5
0.47123889803846897,165.0,148.0,126.93074278940782,2.14334190554993,5
0.47123889803846897,166.0,148.0,124.35645993866953,2.1107785030357404,5
0.47123889803846897,167.0,148.0,121.70725195538216,2.0789295171010957,5
0.47123889803846897,168.0,148.0,118.98069126583495,2.047758840792198,5
0.47123889803846897,169.0,148.0,116.17160890276764,2.0172717120967025,5
0.47123889803846897,170.0,148.0,,1.9874819337320395,4
0.47123889803846897,171.0,148.0,,1.9583846081650063,4
0.47123889803846897,172.0,148.0,,1.929885375224854,4
0.47123889803846897,173.0,148.0,,1.9019016471801649,4
0.47123889803846897,174.0,148.0,,1.8746692357449168,4
0.47123889803846897,175.0,148.0,,1.8480034278671327,4
0.47123889803846897,176.0,148.0,,1.8218108490407772,4
0.47123889803846897,177.0,148.0,,1.7961979932092986,4
0.47123889803846897,178.0,148.0,,1.7711837697696553,4
0.47123889803846897,179.0,148.0,,1.7466399709861749,4
0.47123889803846897,180.0,148.0,,1.7225528261426513,4
0.47123889803846897,130.0,152.0,,4.05636786195238,6
0.47123889803846897,131.0,152.0,,3.974934062864204,6
0.47123889803846897,132.0,152.0,188.81138470468156,3.895472267221877,5
0.47123889803846897,133.0,152.0,187.73261388005795,3.8188168783661807,5
0.47123889803846897,134.0,152.0,186.6259613542854,3.7438824948087177,5
0.47123889803846897,135.0,152.0,185.49086321449332,3.6710341124772015,5
0.47123889803846897,136.0,152.0,184.3266720653114,3.600331719303006,5
0.47123889803846897,137.0,152.0,183.13234421577945,3.5313020871523952,5
0.47123889803846897,138.0,152.0,181.90867086848854,3.464333023377231,5
0.47123889803846897,139.0,152.0,180.65294097410052,3.3990952713097453,5
0.47123889803846897,140.0,152.0,179.36550507271681,3.3356197209014655,5
0.47123889803846897,141.0,152.0,178.04540116154595,3.273770793040704,5
0.47123889803846897,142.0,152.0,176.69186433982617,3.213405558117662,5
0.47123889803846897,143.0,152.0,175.30358017607594,3.1548921230050233,5
0.47123889803846897,144.0,152.0,173.88128043274824,3.09764276505524,5
0.47123889803846897,145.0,152.0,172.42254766108942,3.042128355651464,5
0.47123889803846897,146.0,152.0,170.92684573699546,2.9879789131381354,5
0.47123889803846897,147.0,152.0,169.39334079169203,2.9351335356219157,5
0.47123889803846897,148.0,152.0,167.82094046383628,2.8836270959342243,5
0.47123889803846897,149.0,152.0,166.20904131253337,2.833485015753581,5
0.47123889803846897,150.0,152.0,164.55621381555773,2.7845798031185565,5
0.47123889803846897,151.0,152.0,162.86129645001216,2.736747210496979,5
0.47123889803846897,152.0,152.0,161.123279773934,2.69013675583258,5
0.47123889803846897,153.0,152.0,159.3403332997021,2.6448385363133498,5
0.47123889803846897,154.0,152.0,157.51316898567947,2.6006237136362436,5
0.47123889803846897,155.0,152.0,155.63829892007206,2.5573563967880077,5
0.47123889803846897,156.0,152.0,153.7149406729414,2.515162860175975,5
0.47123889803846897,157.0,152.0,151.7428164008746,2.473967532160425,5
0.47123889803846897,158.0,152.0,149.7180537420502,2.4337416565927783,5
0.47123889803846897,159.0,152.0,147.6407661740454,2.3945833367517326,5
0.47123889803846897,160.0,152.0,145.50878605733493,2.3563079117900325,5
0.47123889803846897,161.0,152.0,143.3203591022603,2.31885235176963,5
0.47123889803846897,162.0,152.0,141.07353825902715,2.2822349114877225,5
0.47123889803846897,163.0,152.0,138.7659444757576,2.246583741749178,5
0.47123889803846897,164.0,152.0,136.3960677193539,2.211716539668479,5
0.47123889803846897,165.0,152.0,133.96040878509888,2.177627956761651,5
0.47123889803846897,166.0,152.0,131.45715452405503,2.1442778468119914,5
0.47123889803846897,167.0,152.0,128.8840145657377,2.1116285336094798,5
0.47123889803846897,168.0,152.0,126.23676380376614,2.07985183734354,5
0.47123889803846897,169.0,152.0,123.51297295756608,2.0487731966172507,5
0.47123889803846897,170.0,152.0,120.70920708065553,2.0182727887789946,5
0.47123889803846897,171.0,152.0,,1.9884060168439899,4
0.47123889803846897,172.0,152.0,,1.9593740083490097,4
0.47123889803846897,173.0,152.0,,1.9308950302833392,4
0.47123889803846897,174.0,152.0,,1.9029241332787608,4
0.47123889803846897,175.0,152.0,,1.8756592289651952,4
0.47123889803846897,176.0,152.0,,1.8489842887258485,4
0.47123889803846897,177.0,152.0,,1.8228288165431414,4
0.47123889803846897,178.0,152.0,,1.7971467483357748,4
0.47123889803846897,179.0,152.0,,1.77216006650212,4
0.47123889803846897,180.0,152.0,,1.7476237362925295,4
0.47123889803846897,130.0,156.0,,4.1284359441326375,6
0.47123889803846897,131.0,156.0,,4.045482135684614,6
0.47123889803846897,132.0,156.0,194.73810524694684,3.9647487525408898,5
0.47123889803846897,133.0,156.0,193.676305736019,3.8865660111579863,5
0.47123889803846897,134.0,156.0,192.5872871669021,3.810459891909641,5
0.47123889803846897,135.0,156.0,191.47031547557324,3.735997755184611,5
0.47123889803846897,136.0,156.0,190.32452167965,3.664005794503065,5
0.47123889803846897,137.0,156.0,189.15092967199016,3.5935975928114003,5
0.47123889803846897,138.0,156.0,187.94669482906508,3.525479111747314,5
0.47123889803846897,139.0,156.0,186.71209278819595,3.45891816034655,5
0.47123889803846897,140.0,156.0,185.44633974308888,3.3941878738149107,5
0.47123889803846897,141.0,156.0,184.14868850601007,3.3312917870782908,5
0.47123889803846897,142.0,156.0,182.81793258608454,3.269832547545829,5
0.47123889803846897,143.0,156.0,181.45492656954107,3.21005195121637,5
0.47123889803846897,144.0,156.0,180.0571954498415,3.151720909957709,5
0.47123889803846897,145.0,156.0,178.6243546324362,3.0949489279023497,5
0.47123889803846897,146.0,156.0,177.15563632971833,3.0396163107281837,5
0.47123889803846897,147.0,156.0,175.64982460557368,2.985656777705231,5
0.47123889803846897,148.0,156.0,174.10708376275682,2.9330977201186457,5
0.47123889803846897,149.0,156.0,172.52530529753264,2.881995718425741,5
0.47123889803846897,150.0,156.0,170.90382058776385,2.8319764091888486,5
0.47123889803846897,151.0,156.0,169.2411810154289,2.783335230782047,5
0.47123889803846897,152.0,156.0,167.53742257791154,2.73581292314676,5
0.47123889803846897,153.0,156.0,165.79092591060078,2.689416755811666,5
0.47123889803846897,154.0,156.0,164.00009022681448,2.644101678182495,5
0.47123889803846897,155.0,156.0,162.16380976621414,2.6000175395763514,5
0.47123889803846897,156.0,156.0,160.280813466068,2.556981442512028,5
0.47123889803846897,157.0,156.0,158.3501344605458,2.51501856546169,5
0.47123889803846897,158.0,156.0,156.36997558869936,2.47388972227244,5
0.47123889803846897,159.0,156.0,154.33875220460288,2.433788119359195,5
0.47123889803846897,160.0,156.0,152.2547513858224,2.394652136232421,5
0.47123889803846897,161.0,156.0,150.11724611274894,2.3565418935304483,5
0.47123889803846897,162.0,156.0,147.92349961132226,2.319164099681092,5
0.47123889803846897,163.0,156.0,145.6717807187356,2.2826810049888877,5
0.47123889803846897,164.0,156.0,143.36028821195885,2.246972183777776,5
0.47123889803846897,165.0,156.0,140.98690088981368,2.212168389788947,5
0.47123889803846897,166.0,156.0,138.54903174896336,2.1782116266491323,5
0.47123889803846897,167.0,156.0,136.0445481178133,2.1449228752729503,5
0.47123889803846897,168.0,156.0,133.47085017464073,2.112334652086336,5
0.47123889803846897,169.0,156.0,130.82470625069357,2.0805112625684554,5
0.47123889803846897,170.0,156.0,128.10345094312603,2.049442991725405,5
0.47123889803846897,171.0,156.0,125.3037562542998,2.0190609092991494,5
0.47123889803846897,172.0,156.0,,1.9892276718285775,4
0.47123889803846897,173.0,156.0,,1.9601228600929073,4
0.47123889803846897,174.0,156.0,,1.9316935164873392,4
0.47123889803846897,175.0,156.0,,1.9037888421652354,4
0.47123889803846897,176.0,156.0,,1.8764450208036438,4
0.47123889803846897,177.0,156.0,,1.8497984568189365,4
0.47123889803846897,178.0,156.0,,1.8236724045831212,4
0.47123889803846897,179.0,156.0,,1.7980260095576615,4
0.47123889803846897,180.0,156.0,,1.7729632089237601,4
0.47123889803846897,130.0,160.0,,4.1995252025453835,6
0.47123889803846897,131.0,160.0,,4.1152827013538,6
0.47123889803846897,132.0,160.0,200.72626984674932,4.033142129137554,5
0.47123889803846897,133.0,160.0,199.68087977943333,3.953590168536887,5
0.47123889803846897,134.0,160.0,198.6085438622091,3.875969016704956,5
0.47123889803846897,135.0,160.0,197.51021407567407,3.8007512143543107,5
0.47123889803846897,136.0,160.0,196.38251069449677,3.7272899550822065,5
0.47123889803846897,137.0,160.0,195.22687447236703,3.655589362703223,5
0.47123889803846897,138.0,160.0,194.04213370408652,3.5861586494226536,5
0.47123889803846897,139.0,160.0,192.8276290776235,3.51850617615435,5
0.47123889803846897,140.0,160.0,191.5826007322302,3.452525785306063,5
0.47123889803846897,141.0,160.0,190.30600006456785,3.38828846871743,5
0.47123889803846897,142.0,160.0,188.99882218625987,3.3256263952033813,5
0.47123889803846897,143.0,160.0,187.65832184254683,3.2647740296387657,5
0.47123889803846897,144.0,160.0,186.28445871062934,3.205413449788674,5
0.47123889803846897,145.0,160.0,184.87645591731268,3.1476355156019733,5
0.47123889803846897,146.0,160.0,183.43323636955753,3.0912905019114167,5
0.47123889803846897,147.0,160.0,181.95508067743197,3.036293226470557,5
0.47123889803846897,148.0,160.0,180.43943238343465,2.9827061538919626,5
0.47123889803846897,149.0,160.0,178.8864025841986,2.930502312462218,5
0.47123889803846897,150.0,160.0,177.29483271210606,2.879400093231211,5
0.47123889803846897,151.0,160.0,175.66364032675006,2.829749212443698,5
0.47123889803846897,152.0,160.0,173.99220395864023,2.7813825530399674,5
0.47123889803846897,153.0,160.0,172.27909620857673,2.7341302557611917,5
0.47123889803846897,154.0,160.0,170.5231711613991,2.6880284862598125,5
0.47123889803846897,155.0,160.0,168.72339539429353,2.6429476022823724,5
0.47123889803846897,156.0,160.0,166.87884355189934,2.5988909107539335,5
0.47123889803846897,157.0,160.0,164.9875208144671,2.5560318451133606,5
0.47123889803846897,158.0,160.0,163.04864984769966,2.514174394129567,5
0.47123889803846897,159.0,160.0,161.06072282539392,2.473342810230502,5
0.47123889803846897,160.0,160.0,159.02232053149015,2.4333734331861825,5
0.47123889803846897,161.0,160.0,156.93192573296707,2.394379510858684,5
0.47123889803846897,162.0,160.0,154.7876631683427,2.3562291372649997,5
0.47123889803846897,163.0,160.0,152.5878180944255,2.3190408138492136,5
0.47123889803846897,164.0,160.0,150.33115763735782,2.282700854179377,5
0.47123889803846897,165.0,160.0,148.01515738460446,2.247077492105598,5
0.47123889803846897,166.0,160.0,145.63776407193052,2.2122858622883097,5
0.47123889803846897,167.0,160.0,143.19701267232654,2.178368405805525,5
0.47123889803846897,168.0,160.0,140.69053215122167,2.145195000407008,5
0.47123889803846897,169.0,160.0,138.11553884843545,2.1127194091390833,5
0.47123889803846897,170.0,160.0,135.4696134619934,2.0808725282611014,5
0.47123889803846897,171.0,160.0,132.74981713266357,2.049879356796529,5
0.47123889803846897,172.0,160.0,129.95261992361884,2.019525530334153,5
0.47123889803846897,173.0,160.0,,1.989791245426316,4
0.47123889803846897,174.0,160.0,,1.960640409185455,4
0.47123889803846897,175.0,160.0,,1.9322682713841506,4
0.47123889803846897,176.0,160.0,,1.9044411203410425,4
0.47123889803846897,177.0,160.0,,1.8771151701436013,4
0.47123889803846897,178.0,160.0,,1.8504044661917047,4
0.47123889803846897,179.0,160.0,,1.8243431124265033,4
0.47123889803846897,180.0,160.0,,1.798741653186479,4
0.47123889803846897,130.0,164.0,,4.268895179778327,6
0.47123889803846897,131.0,164.0,,4.183347886835102,6
0.47123889803846897,132.0,164.0,206.77433142486137,4.100115646203728,5
0.47123889803846897,133.0,164.0,205.74439094086068,4.019245949975018,5
0.47123889803846897,134.0,164.0,204.68972536779782,3.9402924121577705,5
0.47123889803846897,135.0,164.0,203.60689229849814,3.863907822046468,5
0.47123889803846897,136.0,164.0,202.49720519635503,3.789505976116705,5
0.47123889803846897,137.0,164.0,201.3596276502254,3.716801324891289,5
0.47123889803846897,138.0,164.0,200.19356131692112,3.6462244364209706,5
0.47123889803846897,139.0,164.0,198.99820844150844,3.5772910576592705,5
0.47123889803846897,140.0,164.0,197.77272315374037,3.5101664381703195,5
0.47123889803846897,141.0,164.0,196.51818876039363,3.445004338445231,5
0.47123889803846897,142.0,164.0,195.2315969476257,3.3813182961463455,5
0.47123889803846897,143.0,164.0,193.91323478421398,3.319289519436331,5
0.47123889803846897,144.0,164.0,192.56231158162134,3.258767899599739,5
0.47123889803846897,145.0,164.0,191.17785135521947,3.19991107601967,5
0.47123889803846897,146.0,164.0,189.76026689740294,3.142354120708302,5
0.47123889803846897,147.0,164.0,188.30661886366988,3.0865516716994126,5
0.47123889803846897,148.0,164.0,186.817649525411,3.0319720389951,5
0.47123889803846897,149.0,164.0,185.2920690417491,2.9788351530015578,5
0.47123889803846897,150.0,164.0,183.7289665402237,2.9269672593816196,5
0.47123889803846897,151.0,164.0,182.1279648398277,2.876414742555463,5
0.47123889803846897,152.0,164.0,180.48677805442074,2.8268436953891865,5
0.47123889803846897,153.0,164.0,178.80551434279377,2.7786362878546527,5
0.47123889803846897,154.0,164.0,177.08281333334799,2.731716070394093,5
0.47123889803846897,155.0,164.0,175.3172463849405,2.685877573247797,5
0.47123889803846897,156.0,164.0,173.50879124968083,2.6409975974145254,5
0.47123889803846897,157.0,164.0,171.6551717961413,2.5973047068602813,5
0.47123889803846897,158.0,164.0,169.75537021292294,2.554487287542246,5
0.47123889803846897,159.0,164.0,167.80793948713966,2.5128659744499924,5
0.47123889803846897,160.0,164.0,165.812379616449,2.472196162069755,5
0.47123889803846897,161.0,164.0,163.76641174584438,2.4324069083501394,5
0.47123889803846897,162.0,164.0,161.66866011379344,2.393537568859826,5
0.47123889803846897,163.0,164.0,159.5180547662633,2.35549357223756,5
0.47123889803846897,164.0,164.0,157.3119316337616,2.3184197720328337,5
0.47123889803846897,165.0,164.0,155.04928812466844,2.2822280024220727,5
0.47123889803846897,166.0,164.0,152.72791977743134,2.246782641645984,5
0.47123889803846897,167.0,164.0,150.34639774014937,2.212092532482182,5
0.47123889803846897,168.0,164.0,147.90205098514457,2.1781732897550588,5
0.47123889803846897,169.0,164.0,145.39256883482034,2.14510875544782,5
0.47123889803846897,170.0,164.0,142.8159105682319,2.112742769098749,5
0.47123889803846897,171.0,164.0,140.16927357415227,2.0810325403277394,5
0.47123889803846897,172.0,164.0,137.44953952308504,2.0499811121142297,5
0.47123889803846897,173.0,164.0,134.65464602788023,2.01974072070347,5
0.47123889803846897,174.0,164.0,,1.9900579351358902,4
0.47123889803846897,175.0,164.0,,1.9609961503477336,4
0.47123889803846897,176.0,164.0,,1.9325640548655327,4
0.47123889803846897,177.0,164.0,,1.9048009510826596,4
0.47123889803846897,178.0,164.0,,1.877580333809626,4
0.47123889803846897,179.0,164.0,,1.8508526279172532,4
0.47123889803846897,180.0,164.0,,1.8248074573306035,4
0.47123889803846897,130.0,168.0,,4.337071074761413,6
0.47123889803846897,131.0,168.0,,4.2501147506465475,6
0.47123889803846897,132.0,168.0,212.8805449224096,4.166184848264719,5
0.47123889803846897,133.0,168.0,211.86737900192304,4.084078428929089,5
0.47123889803846897,134.0,168.0,210.82710483469899,4.004070816874996,5
0.47123889803846897,135.0,168.0,209.76097894327816,3.926418382880268,5
0.47123889803846897,136.0,168.0,208.66810335261223,3.8505880303238844,5
0.47123889803846897,137.0,168.0,207.54791245693718,3.7769237240267404,5
0.47123889803846897,138.0,168.0,206.3995638502101,3.7050688376310617,5
0.47123889803846897,139.0,168.0,205.2239634064275,3.635128997044055,5
0.47123889803846897,140.0,168.0,204.01765899978074,3.5669921835857306,5
0.47123889803846897,141.0,168.0,202.7819764553714,3.500627517509317,5
0.47123889803846897,142.0,168.0,201.5159825647704,3.4360587120082227,5
0.47123889803846897,143.0,168.0,200.21887007528474,3.373051867565426,5
0.47123889803846897,144.0,168.0,198.8897378686857,3.3116373942046504,5
0.47123889803846897,145.0,168.0,197.52913532448207,3.2517863894991152,5
0.47123889803846897,146.0,168.0,196.1337953282158,3.19340620934065,5
0.47123889803846897,147.0,168.0,194.70497630720666,3.1365106479698635,5
0.47123889803846897,148.0,168.0,193.24129073939525,3.0809216492959193,5
0.47123889803846897,149.0,168.0,191.74193362835013,3.026853504127595,5
0.47123889803846897,150.0,168.0,190.20538511738235,2.973988093626815,5
0.47123889803846897,151.0,168.0,188.63283290766762,2.922560996280801,5
0.47123889803846897,152.0,168.0,187.02129390882234,2.8722899810615417,5
0.47123889803846897,153.0,168.0,185.37040943174765,2.823375846204226,5
0.47123889803846897,154.0,168.0,183.67921330921752,2.775337648185542,5
0.47123889803846897,155.0,168.0,181.9472102291184,2.728573992580322,5
0.47123889803846897,156.0,168.0,180.17225358181693,2.6829319142877304,5
0.47123889803846897,157.0,168.0,178.3540313057197,2.638497198516432,5
0.47123889803846897,158.0,168.0,176.49119577682998,2.5949968010819418,5
0.47123889803846897,159.0,168.0,174.5829446639507,2.5525684811146734,5
0.47123889803846897,160.0,168.0,172.62691087805723,2.5109619105449603,5
0.47123889803846897,161.0,168.0,170.62270200989792,2.4704326292969894,5
0.47123889803846897,162.0,168.0,168.56864956918756,2.43090084288903,5
0.47123889803846897,163.0,168.0,166.4634119137395,2.3922768867165938,5
0.47123889803846897,164.0,168.0,164.30537373136164,2.3544161497199805,5
0.47123889803846897,165.0,168.0,162.0927370232469,2.317380662593788,5
0.47123889803846897,166.0,168.0,159.82455723865186,2.2812921657790266,5
0.47123889803846897,167.0,168.0,157.4973340079648,2.2460419017973594,5
0.47123889803846897,168.0,168.0,155.11059368162162,2.2114982552083315,5
0.47123889803846897,169.0,168.0,152.6615960354178,2.177673035793301,5
0.47123889803846897,170.0,168.0,150.14911192143168,2.1446322536784383,5
0.47123889803846897,171.0,168.0,147.56985841129384,2.1124096559523897,5
0.47123889803846897,172.0,168.0,144.92109816297733,2.0808480195989567,5
0.47123889803846897,173.0,168.0,142.20172822271633,2.0498508693339486,5
0.47123889803846897,174.0,168.0,139.40712468541003,2.0196066866309503,5
0.47123889803846897,175.0,168.0,,1.990053390562539,4
0.47123889803846897,176.0,168.0,,1.9610754726703876,4
0.47123889803846897,177.0,168.0,,1.9326351258088834,4
0.47123889803846897,178.0,168.0,,1.9049366550160736,4
0.47123889803846897,179.0,168.0,,1.877778451824964,4
0.47123889803846897,180.0,168.0,,1.8511388377020568,4
0.47123889803846897,130.0,172.0,,4.403231649371545,6
0.47123889803846897,131.0,172.0,,4.315385515440464,6
0.47123889803846897,132.0,172.0,219.04542828702967,4.230121402897042,5
0.47123889803846897,133.0,172.0,218.04585656900758,4.147147517907967,5
0.47123889803846897,134.0,172.0,217.02111716582434,4.066230165158969,5
0.47123889803846897,135.0,172.0,215.97068800821629,3.9873732377193654,5
0.47123889803846897,136.0,172.0,214.8939977251378,3.9103722565198176,5
0.47123889803846897,137.0,172.0,213.7902483315449,3.8359752876629436,5
0.47123889803846897,138.0,172.0,212.66053024313356,3.7632834205797003,5
0.47123889803846897,139.0,172.0,211.50110835086238,3.6922626139724573,5
0.47123889803846897,140.0,172.0,210.31381684545389,3.6232100300142656,5
0.47123889803846897,141.0,172.0,209.09735221946238,3.5557803933825527,5
0.47123889803846897,142.0,172.0,207.85109400675464,3.4901349432862285,5
0.47123889803846897,143.0,172.0,206.57419715322015,3.426178576755334,5
0.47123889803846897,144.0,172.0,205.2658205312984,3.3637327230779364,5
0.47123889803846897,145.0,172.0,203.92710130630954,3.302962448780915,5
0.47123889803846897,146.0,172.0,202.55481962442678,3.2437436855233863,5
0.47123889803846897,147.0,172.0,201.14936793217845,3.1860304783462516,5
0.47123889803846897,148.0,172.0,199.70990128078984,3.1295386627368065,5
0.47123889803846897,149.0,172.0,198.23515344461052,3.0745945832779276,5
0.47123889803846897,150.0,172.0,196.72598986020273,3.0208597379341806,5
0.47123889803846897,151.0,172.0,195.17946575298876,2.9685265237170735,5
0.47123889803846897,152.0,172.0,193.5957700085076,2.917223251408625,5
0.47123889803846897,153.0,172.0,191.9738555579208,2.8675182781640354,5
0.47123889803846897,154.0,172.0,190.31215410172456,2.8187775227404597,5
0.47123889803846897,155.0,172.0,188.61162114056438,2.7713559030777253,5
0.47123889803846897,156.0,172.0,186.8693391465952,2.724816550495943,5
0.47123889803846897,157.0,172.0,185.08479697226323,2.6795914391352995,5
0.47123889803846897,158.0,172.0,183.25664676433527,2.6352014163416637,5
0.47123889803846897,159.0,172.0,181.38481611886542,2.592055112032611,5
0.47123889803846897,160.0,172.0,179.46706908490023,2.5498630632899024,5
0.47123889803846897,161.0,172.0,177.50238156149445,2.508570411429681,5
0.47123889803846897,162.0,172.0,175.48915252666293,2.4682580292473912,5
0.47123889803846897,163.0,172.0,173.4273003189111,2.428768001537558,5
0.47123889803846897,164.0,172.0,171.31411940517816,2.390425375705988,5
0.47123889803846897,165.0,172.0,169.14819212740798,2.3527740509937494,5
0.47123889803846897,166.0,172.0,166.92898366878907,2.315969307022402,5
0.47123889803846897,167.0,172.0,164.65341436184085,2.2799284132623265,5
0.47123889803846897,168.0,172.0,162.32050635286777,2.244796092920607,5
0.47123889803846897,169.0,172.0,159.92767843131097,2.21046417363704,5
0.47123889803846897,170.0,172.0,157.47494904995,2.17679331366744,5
0.47123889803846897,171.0,172.0,154.9579794131299,2.143866504695296,5
0.47123889803846897,172.0,172.0,152.37478009883318,2.1116850644565592,5
0.47123889803846897,173.0,172.0,149.72487834235767,2.0802319705141463,5
0.47123889803846897,174.0,172.0,147.00351280549802,2.049386290210051,5
0.47123889803846897,175.0,172.0,144.20893928771198,2.019166510500331,5
0.47123889803846897,176.0,172.0,,1.9896968749875839,4
0.47123889803846897,177.0,172.0,,1.9608291183265563,4
0.47123889803846897,178.0,172.0,,1.9325072284679534,4
0.47123889803846897,179.0,172.0,,1.9047705525040726,4
0.47123889803846897,180.0,172.0,,1.8777148866682667,4
0.47123889803846897,130.0,176.0,,4.467739939933529,6
0.47123889803846897,131.0,176.0,,4.37905477592968,6
0.47123889803846897,132.0,176.0,225.26557961804278,4.29278611265643,5
0.47123889803846897,133.0,176.0,224.28022264803172,4.208360719540057,5
0.47123889803846897,134.0,176.0,223.27016439121206,4.126850267633121,5
0.47123889803846897,135.0,176.0,222.23479351538947,4.047161506643337,5
0.47123889803846897,136.0,176.0,221.17344112138613,3.9692421777173337,5
0.47123889803846897,137.0,176.0,220.08730222366532,3.8936701632592676,5
0.47123889803846897,138.0,176.0,218.9725021810148,3.819876251091312,5
0.47123889803846897,139.0,176.0,217.83096789020075,3.748115398731762,5
0.47123889803846897,140.0,176.0,216.661446328792,3.67808062434655,5
0.47123889803846897,141.0,176.0,215.46335417839305,3.609900336310433,5
0.47123889803846897,142.0,176.0,214.2358885919888,3.5433702566450958,5
0.47123889803846897,143.0,176.0,212.97830293293316,3.4785300885967705,5
0.47123889803846897,144.0,176.0,211.6917670636834,3.4152795907623426,5
0.47123889803846897,145.0,176.0,210.3728050891055,3.353633422427854,5
0.47123889803846897,146.0,176.0,209.02229272029075,3.293464012131153,5
0.47123889803846897,147.0,176.0,207.63926705184036,3.2347043696736404,5
0.47123889803846897,148.0,176.0,206.2226788588366,3.1773768861611207,5
0.47123889803846897,149.0,176.0,204.7732778212875,3.121662600995289,5
0.47123889803846897,150.0,176.0,203.28776587566642,3.067147467999474,5
0.47123889803846897,151.0,176.0,201.76714348770628,3.0140075632102206,5
0.47123889803846897,152.0,176.0,200.21011969190994,2.962110537343799,5
0.47123889803846897,153.0,176.0,198.61554076781434,2.911377278748907,5
0.47123889803846897,154.0,176.0,196.98381747078938,2.861826443396557,5
0.47123889803846897,155.0,176.0,195.31204261658237,2.8136173728344964,5
0.47123889803846897,156.0,176.0,193.60053318086923,2.766478847587097,5
0.47123889803846897,157.0,176.0,191.84801389119062,2.7203981153954286,5
0.47123889803846897,158.0,176.0,190.0541665205,2.675402167081711,5
0.47123889803846897,159.0,176.0,188.2159376290727,2.6314293408392673,5
0.47123889803846897,160.0,176.0,186.33405489102577,2.588409321589212,5
0.47123889803846897,161.0,176.0,184.4067834342385,2.5465050410144725,5
0.47123889803846897,162.0,176.0,182.43353058681026,2.505566700662528,5
0.47123889803846897,163.0,176.0,180.41127879696236,2.4655009613151617,5
0.47123889803846897,164.0,176.0,178.3403062588633,2.426333170066771,5
0.47123889803846897,165.0,176.0,176.21865330096617,2.3879632919600216,5
0.47123889803846897,166.0,176.0,174.04514769668657,2.3506036462529645,5
0.47123889803846897,167.0,176.0,171.81797461136546,2.31402216297657,5
0.47123889803846897,168.0,176.0,169.53545610121654,2.2782220384190572,5
0.47123889803846897,169.0,176.0,167.19649900823524,2.243134184101417,5
0.47123889803846897,170.0,176.0,164.7979374327953,2.208973002931207,5
0.47123889803846897,171.0,176.0,162.33899587525843,2.1754843616813146,5
0.47123889803846897,172.0,176.0,159.81795372079182,2.1427497464045078,5
0.47123889803846897,173.0,176.0,157.23097899136866,2.1106108098461562,5
0.47123889803846897,174.0,176.0,154.57718087002047,2.0792426981363112,5
0.47123889803846897,175.0,176.0,151.85399427243405,2.048566579005399,5
0.47123889803846897,176.0,176.0,149.0581233192339,2.0185188334632604,5
0.47123889803846897,177.0,176.0,,1.9890117061345207,4
0.47123889803846897,178.0,176.0,,1.960294245450332,4
0.47123889803846897,179.0,176.0,,1.9320972130453846,4
0.47123889803846897,180.0,176.0,,1.9044134141779647,4
0.47123889803846897,130.0,180.0,,4.529918722767788,6
0.47123889803846897,131.0,180.0,,4.4405903614151345,6
0.47123889803846897,132.0,180.0,231.5406225372075,4.353441384229928,5
0.47123889803846897,133.0,180.0,230.56901180429898,4.268322165664762,5
0.47123889803846897,134.0,180.0,229.57296297189598,4.185967920462171,5
0.47123889803846897,135.0,180.0,228.55197579411308,4.105096239736927,5
0.47123889803846897,136.0,180.0,227.50729654915426,4.026825733151463,5
0.47123889803846897,137.0,180.0,226.43490666789523,3.950337064234048,5
0.47123889803846897,138.0,180.0,225.3368476886174,3.8754404546281505,5
0.47123889803846897,139.0,180.0,224.2119022554314,3.802931259475122,5
0.47123889803846897,140.0,180.0,223.0588887813226,3.732058407701883,5
0.47123889803846897,141.0,180.0,221.87892982791837,3.6630236114510617,5
0.47123889803846897,142.0,180.0,220.6694763589734,3.5956664632631883,5
0.47123889803846897,143.0,180.0,219.43236462938836,3.529786271828342,5
0.47123889803846897,144.0,180.0,218.16387942037645,3.465756307505989,5
0.47123889803846897,145.0,180.0,216.865324403072,3.403085393569195,5
0.47123889803846897,146.0,180.0,215.53563354149503,3.3423438848016667,5
0.47123889803846897,147.0,180.0,214.1739229425679,3.2829346008501306,5
0.47123889803846897,148.0,180.0,212.78090820426476,3.224813149985229,5
0.47123889803846897,149.0,180.0,211.35292639568007,3.1682465154517967,5
0.47123889803846897,150.0,180.0,209.8916930207378,3.112893018031304,5
0.47123889803846897,151.0,180.0,208.39570894561808,3.0588370155962847,5
0.47123889803846897,152.0,180.0,206.8640954628522,3.0061903490749495,5
0.47123889803846897,153.0,180.0,205.29562318919662,2.954827328768453,5
0.47123889803846897,154.0,180.0,203.69137873084875,2.904698875323162,5
0.47123889803846897,155.0,180.0,202.04825870091477,2.8556225420046895,5
0.47123889803846897,156.0,180.0,200.36615727908608,2.8077356787746606,5
0.47123889803846897,157.0,180.0,198.64385974631224,2.760843280181363,5
0.47123889803846897,158.0,180.0,196.8816004228774,2.7152358840656734,5
0.47123889803846897,159.0,180.0,195.07656519692563,2.6705960282319983,5
0.47123889803846897,160.0,180.0,193.22880672153394,2.627016295275242,5
0.47123889803846897,161.0,180.0,191.3368434220904,2.584284979721462,5
0.47123889803846897,162.0,180.0,189.400347839771,2.542648044022687,5
0.47123889803846897,163.0,180.0,187.416766736244,2.5019211060386826,5
0.47123889803846897,164.0,180.0,185.3857520094651,2.4621626004066437,5
0.47123889803846897,165.0,180.0,183.30549864930515,2.4232558738511023,5
0.47123889803846897,166.0,180.0,181.17564122582215,2.385126712639178,5
0.47123889803846897,167.0,180.0,178.99375430472625,2.3478844404907147,5
0.47123889803846897,168.0,180.0,176.75855296858074,2.3115436106333394,5
0.47123889803846897,169.0,180.0,174.46887747880575,2.275984267717465,5
0.47123889803846897,170.0,180.0,172.12218979676356,2.241164322976561,5
0.47123889803846897,171.0,180.0,169.71742613837773,2.206955814517277,5
0.47123889803846897,172.0,180.0,167.25310999344467,2.1737236484964693,5
0.47123889803846897,173.0,180.0,164.72579299564896,2.141133136830543,5
0.47123889803846897,174.0,180.0,162.1346378589187,2.1091792435106256,5
0.47123889803846897,175.0,180.0,159.47744184248293,2.0778755454125686,5
0.47123889803846897,176.0,180.0,156.75091198722674,2.0473735199612473,5
0.47123889803846897,177.0,180.0,153.9531642989323,2.0174503967492368,5
0.47123889803846897,178.0,180.0,,1.9880874865297606,4
0.47123889803846897,179.0,180.0,,1.9593934436321818,4
0.47123889803846897,180.0,180.0,,1.931316119763604,4
0.47123889803846897,130.0,184.0,,4.590772448319992,6
0.47123889803846897,131.0,184.0,,4.500499546367547,6
0.47123889803846897,132.0,184.0,237.86942789181492,4.412179075882549,5
0.47123889803846897,133.0,184.0,236.91089050885688,4.32679412313951,5
0.47123889803846897,134.0,184.0,235.92838707675236,4.243300080466725,5
0.47123889803846897,135.0,184.0,234.92320930302182,4.161690808634019,5
0.47123889803846897,136.0,184.0,233.8911882304336,4.082513727796546,5
0.47123889803846897,137.0,184.0,232.83450409694242,4.0051824117017985,5
0.47123889803846897,138.0,184.0,231.75195933442166,3.9297186807048434,5
0.47123889803846897,139.0,184.0,230.64303041833006,3.856203702955693,5
0.47123889803846897,140.0,184.0,229.5069776759286,3.784389302694902,5
0.47123889803846897,141.0,184.0,228.3432259911114,3.7148810868863684,5
0.47123889803846897,142.0,184.0,227.15301838804723,3.646696032191511,5
0.47123889803846897,143.0,184.0,225.93241622844005,3.5801607918633587,5
0.47123889803846897,144.0,184.0,224.68310533562598,3.515402923568705,5
0.47123889803846897,145.0,184.0,223.40392949235712,3.4520226081724577,5
0.47123889803846897,146.0,184.0,222.09412824443368,3.390334561752566,5
0.47123889803846897,147.0,184.0,220.75283527731048,3.330040259483507,5
0.47123889803846897,148.0,184.0,219.38124925298044,3.27126072911446,5
0.47123889803846897,149.0,184.0,217.97568183092284,3.2139157572008976,5
0.47123889803846897,150.0,184.0,216.53727946871874,3.1580259237973034,5
0.47123889803846897,151.0,184.0,215.06491391137249,3.103356143535675,5
0.47123889803846897,152.0,184.0,213.5574211387226,3.049949853904465,5
0.47123889803846897,153.0,184.0,212.01575221325166,2.99769049737426,5
0.47123889803846897,154.0,184.0,210.43648171117803,2.9467318911074325,5
0.47123889803846897,155.0,184.0,208.8204590348122,2.8971160133018006,5
0.47123889803846897,156.0,184.0,207.16640200527627,2.848556844401232,5
0.47123889803846897,157.0,184.0,205.47289923412202,2.8010672419167273,5
0.47123889803846897,158.0,184.0,203.7408974742179,2.754742984232345,5
0.47123889803846897,159.0,184.0,201.9673939557541,2.709319523827194,5
0.47123889803846897,160.0,184.0,200.15211080493117,2.6650262008952295,5
0.47123889803846897,161.0,184.0,198.29358346374565,2.621806845364904,5
0.47123889803846897,162.0,184.0,196.39216829887715,2.5796227124582054,5
0.47123889803846897,163.0,184.0,194.44517109929993,2.53819875364082,5
0.47123889803846897,164.0,184.0,192.4520064890219,2.497744229272188,5
0.47123889803846897,165.0,184.0,190.41087888283687,2.4581760873626277,5
0.47123889803846897,166.0,184.0,188.32233410362662,2.419587712387786,5
0.47123889803846897,167.0,184.0,186.18309302802447,2.3818177890916448,5
0.47123889803846897,168.0,184.0,183.99236879285115,2.3448051804386347,5
0.47123889803846897,169.0,184.0,181.74913508575239,2.3085766674098465,5
0.47123889803846897,170.0,184.0,179.45110774534393,2.2732387438777666,5
0.47123889803846897,171.0,184.0,177.09710597797695,2.238656965052015,5
0.47123889803846897,172.0,184.0,174.68583782035742,2.2047240159595347,5
0.47123889803846897,173.0,184.0,172.2141853944262,2.171494671717501,5
0.47123889803846897,174.0,184.0,169.6813594251502,2.1391309118817383,5
0.47123889803846897,175.0,184.0,167.0854555412704,2.107392726445649,5
0.47123889803846897,176.0,184.0,164.4231905948332,2.0762438402438828,5
0.47123889803846897,177.0,184.0,161.69317587618897,2.0457547760546446,5
0.47123889803846897,178.0,184.0,158.8927955661404,2.016025353684164,5
0.47123889803846897,179.0,184.0,,1.9868328871279337,4
0.47123889803846897,180.0,184.0,,1.9581989020827435,4
0.47123889803846897,130.0,188.0,,4.649077601338712,6
0.47123889803846897,131.0,188.0,,4.558054266284939,6
0.47123889803846897,132.0,188.0,244.25071769123912,4.469145781735104,5
0.47123889803846897,133.0,188.0,243.30494995067278,4.382904225091944,5
0.47123889803846897,134.0,188.0,242.33675162048817,4.29850358301415,5
0.47123889803846897,135.0,188.0,241.34391539927168,4.216713791651965,5
0.47123889803846897,136.0,188.0,240.3266654496653,4.136790674048831,5
0.47123889803846897,137.0,188.0,239.28451416722845,4.058540180462052,5
0.47123889803846897,138.0,188.0,238.21695816724196,3.9825484422745325,5
0.47123889803846897,139.0,188.0,237.12329415312135,3.908453540271213,5
0.47123889803846897,140.0,188.0,236.00301282805117,3.8360434298917814,5
0.47123889803846897,141.0,188.0,234.85739789481917,3.7654054634044716,5
0.47123889803846897,142.0,188.0,233.68230156727114,3.6964824069128577,5
0.47123889803846897,143.0,188.0,232.47975434014978,3.6293740833066344,5
0.47123889803846897,144.0,188.0,231.24852011981415,3.563663500655646,5
0.47123889803846897,145.0,188.0,229.9879301591155,3.499724010679414,5
0.47123889803846897,146.0,188.0,228.69713607415025,3.4374339827546505,5
0.47123889803846897,147.0,188.0,227.3773462838173,3.3764602846349003,5
0.47123889803846897,148.0,188.0,226.02462009702015,3.3171110559684647,5
0.47123889803846897,149.0,188.0,224.640671809805,3.2588898347997035,5
0.47123889803846897,150.0,188.0,223.22420540665178,3.202231368458142,5
0.47123889803846897,151.0,188.0,221.7742982021164,3.1467503388498517,5
0.47123889803846897,152.0,188.0,220.29169533512518,3.092740182121678,5
0.47123889803846897,153.0,188.0,218.7726109633718,3.039956221407048,5
0.47123889803846897,154.0,188.0,217.21880051464285,2.988483233553644,5
0.47123889803846897,155.0,188.0,215.62872187747305,2.9380263710986148,5
0.47123889803846897,156.0,188.0,214.00129770077598,2.8888308088322825,5
0.47123889803846897,157.0,188.0,212.33706363677632,2.840635108633223,5
0.47123889803846897,158.0,188.0,210.63261192488724,2.793699171554077,5
0.47123889803846897,159.0,188.0,208.88894714052415,2.7477969884550384,5
0.47123889803846897,160.0,188.0,207.10455912491082,2.7029292473474054,5
0.47123889803846897,161.0,188.0,205.2778910568061,2.659037038563241,5
0.47123889803846897,162.0,188.0,203.41003950776823,2.6159869595895056,5
0.47123889803846897,163.0,188.0,201.49762898886712,2.574095890948337,5
0.47123889803846897,164.0,188.0,199.54035042816875,2.5331809074080454,5
0.47123889803846897,165.0,188.0,197.53783380897147,2.493075241422389,5
0.47123889803846897,166.0,188.0,195.48684911462928,2.45376816852816,5
0.47123889803846897,167.0,188.0,193.38799659001222,2.4153511236623353,5
0.47123889803846897,168.0,188.0,191.23921257267062,2.3778723554710046,5
0.47123889803846897,169.0,188.0,189.03985582918875,2.3411637217512764,5
0.47123889803846897,170.0,188.0,186.78760126838705,2.3052044309272874,5
0.47123889803846897,171.0,188.0,184.4813067760971,2.2699411979466477,5
0.47123889803846897,172.0,188.0,182.119824381931,2.2356559753757246,5
0.47123889803846897,173.0,188.0,179.7002926879872,2.2020279988199194,5
0.47123889803846897,174.0,188.0,177.2219878329979,2.168988815031104,5
0.47123889803846897,175.0,188.0,174.6832506486757,2.1366932269286796,5
0.47123889803846897,176.0,188.0,172.08080321524608,2.105143487649893,5
0.47123889803846897,177.0,188.0,169.41367850177932,2.0742389189322346,5
0.47123889803846897,178.0,188.0,166.6794845378653,2.043903930489469,5
0.47123889803846897,179.0,188.0,163.87560143119293,2.0142365272589875,5
0.47123889803846897,180.0,188.0,,1.985232009189521,4
0.47123889803846897,130.0,192.0,,4.705534208166822,6
0.47123889803846897,131.0,192.0,,4.613543576592574,6
0.47123889803846897,132.0,192.0,250.68371253803318,4.524436874317973,5
0.47123889803846897,133.0,192.0,249.7514752574671,4.437413349919243,5
0.47123889803846897,134.0,192.0,248.79539765483588,4.352542123404034,5
0.47123889803846897,135.0,192.0,247.81578276438185,4.270056838302754,5
0.47123889803846897,136.0,192.0,246.81216649444173,4.1891228567075025,5
0.47123889803846897,137.0,192.0,245.78405953553937,4.110477026964883,5
0.47123889803846897,138.0,192.0,244.73080085012168,4.033745052605559,5
0.47123889803846897,139.0,192.0,243.65193292023534,3.958622497435067,5
0.47123889803846897,140.0,192.0,242.54878208221623,3.885749787915222,5
0.47123889803846897,141.0,192.0,241.41700379517945,3.814493737962561,5
0.47123889803846897,142.0,192.0,240.258942757428,3.7450462913947935,5
0.47123889803846897,143.0,192.0,239.0732907522797,3.67723949530437,5
0.47123889803846897,144.0,192.0,237.85944768623003,3.61110956128862,5
0.47123889803846897,145.0,192.0,236.61660439670726,3.5465862388441587,5
0.47123889803846897,146.0,192.0,235.34430620998737,3.483405872069074,5
0.47123889803846897,147.0,192.0,234.0433825745972,3.4219087999305713,5
0.47123889803846897,148.0,192.0,232.71104495633895,3.3615661139925535,5
0.47123889803846897,149.0,192.0,231.34751082989442,3.3030012142692273,5
0.47123889803846897,150.0,192.0,229.9520460593394,3.245665812681785,5
0.47123889803846897,151.0,192.0,228.52369284693984,3.1896931466905065,5
0.47123889803846897,152.0,192.0,227.06366086447642,3.135048739707446,5
0.47123889803846897,153.0,192.0,225.56806033695335,3.0815618533698586,5
0.47123889803846897,154.0,192.0,224.03828479058257,3.0292946459954146,5
0.47123889803846897,155.0,192.0,222.47301987457863,2.978237365967704,5
0.47123889803846897,156.0,192.0,220.87107111532796,2.9285736029980187,5
0.47123889803846897,157.0,192.0,219.23318763807288,2.879934093934073,5
0.47123889803846897,158.0,192.0,217.55680299740422,2.8322274481202236,5
0.47123889803846897,159.0,192.0,215.84165327073947,2.7856450351890385,5
0.47123889803846897,160.0,192.0,214.0866236650729,2.7401326069232583,5
0.47123889803846897,161.0,192.0,212.29205987724632,2.6957373336749657,5
0.47123889803846897,162.0,192.0,210.45461321006647,2.6523191767995318,5
0.47123889803846897,163.0,192.0,208.5751101083292,2.6097807287831505,5
0.47123889803846897,164.0,192.0,206.65185532729006,2.5681032883425416,5
0.47123889803846897,165.0,192.0,204.68476546986804,2.5274302367329557,5
0.47123889803846897,166.0,192.0,202.6707617291128,2.4877214284858096,5
0.47123889803846897,167.0,192.0,200.61019028494948,2.4488168246550215,5
0.47123889803846897,168.0,192.0,198.50107215110833,2.4107112775412234,5
0.47123889803846897,169.0,192.0,196.34325887451374,2.3733507271431495,5
0.47123889803846897,170.0,192.0,194.13417161951642,2.3370124880439067,5
0.47123889803846897,171.0,192.0,191.87281231952772,2.3013275709226435,5
0.47123889803846897,172.0,192.0,189.55822931983909,2.2663970698316227,5
0.47123889803846897,173.0,192.0,187.18765385646788,2.232137185822272,5
0.47123889803846897,174.0,192.0,184.76048549122683,2.1987527811553944,5
0.47123889803846897,175.0,192.0,182.27526564465097,2.1660203193265426,5
0.47123889803846897,176.0,192.0,179.72870965362122,2.1339211862327514,5
0.47123889803846897,177.0,192.0,177.1202216719666,2.102478372110792,5
0.47123889803846897,178.0,192.0,174.44772439734268,2.071786014498238,5
0.47123889803846897,179.0,192.0,171.70822101123252,2.0416658125288327,5
0.47123889803846897,180.0,192.0,168.90006263547616,2.0121055668178496,5
0.47123889803846897,130.0,196.0,,4.759722963736449,6
0.47123889803846897,131.0,196.0,,4.66742332341843,6
0.47123889803846897,132.0,196.0,257.1686592489475,4.577516543253734,5
0.47123889803846897,133.0,196.0,256.24771806268376,4.4898365060987535,5
0.47123889803846897,134.0,196.0,255.30406511200908,4.404573147216395,5
0.47123889803846897,135.0,196.0,254.33725753525297,4.321123585069762,5
0.47123889803846897,136.0,196.0,253.34681494777726,4.239617361002598,5
0.47123889803846897,137.0,196.0,252.3321240733812,4.160580326979412,5
0.47123889803846897,138.0,196.0,251.29276643128682,4.083426330192099,5
0.47123889803846897,139.0,196.0,250.2283612203524,4.007869040303472,5
0.47123889803846897,140.0,196.0,249.13963112553353,3.934448564483675,5
0.47123889803846897,141.0,196.0,248.02395692095502,3.8624844605880573,5
0.47123889803846897,142.0,196.0,246.88171516389068,3.792558983132123,5
0.47123889803846897,143.0,196.0,245.71235764831204,3.7241413976320037,5
0.47123889803846897,144.0,196.0,244.5151261103753,3.657104924709442,5
0.47123889803846897,145.0,196.0,243.289544209425,3.5918484040759986,5
0.47123889803846897,146.0,196.0,242.0363037165741,3.528264711764555,5
0.47123889803846897,147.0,196.0,240.75297953570976,3.466239088218514,5
0.47123889803846897,148.0,196.0,239.43968397528758,3.4053516418791787,5
0.47123889803846897,149.0,196.0,238.09579420681268,3.3462731294645343,5
0.47123889803846897,150.0,196.0,236.7203929689958,3.2882212444604724,5
0.47123889803846897,151.0,196.0,235.31293592412217,3.2315573835638323,5
0.47123889803846897,152.0,196.0,233.87429441609203,3.1762456071520786,5
0.47123889803846897,153.0,196.0,232.40154519393536,3.1223041026139327,5
0.47123889803846897,154.0,196.0,230.8948528089757,3.069602021598089,5
0.47123889803846897,155.0,196.0,229.35324826738784,3.018090400666144,5
0.47123889803846897,156.0,196.0,227.77751749030125,2.9676116646398474,5
0.47123889803846897,157.0,196.0,226.16374539362675,2.9181938815837833,5
0.47123889803846897,158.0,196.0,224.5137198557714,2.870110693757714,5
0.47123889803846897,159.0,196.0,222.8258488264664,2.8230990185168126,5
0.47123889803846897,160.0,196.0,221.09883693933816,2.7770188562641853,5
0.47123889803846897,161.0,196.0,219.33360028032814,2.732006485224803,5
0.47123889803846897,162.0,196.0,217.5265598775641,2.68788512211743,5
0.47123889803846897,163.0,196.0,215.6784411714358,2.6448488111327904,5
0.47123889803846897,164.0,196.0,213.7875464025279,2.602787667213847,5
0.47123889803846897,165.0,196.0,211.8542695414036,2.561594575410798,5
0.47123889803846897,166.0,196.0,209.87537431682142,2.5212405052432123,5
0.47123889803846897,167.0,196.0,207.85116215266538,2.4817606963604746,5
0.47123889803846897,168.0,196.0,205.77966122668047,2.44326218328956,5
0.47123889803846897,169.0,196.0,203.66124260283488,2.4055088294111373,5
0.47123889803846897,170.0,196.0,201.49297756468476,2.368530959259818,5
0.47123889803846897,171.0,196.0,199.27405660403468,2.3322946941288865,5
0.47123889803846897,172.0,196.0,197.00377356906364,2.296927536256061,5
0.47123889803846897,173.0,196.0,194.6793131642316,2.2623420392881988,5
0.47123889803846897,174.0,196.0,192.2999290725863,2.2283514872912167,5
0.47123889803846897,175.0,196.0,189.86530234301435,2.1950553377598503,5
0.47123889803846897,176.0,196.0,187.37114852672124,2.1626075148221306,5
0.47123889803846897,177.0,196.0,184.81753439543343,2.130736514042746,5
0.47123889803846897,178.0,196.0,182.20264281632626,2.0995001840395617,5
0.47123889803846897,179.0,196.0,179.5231577847398,2.068922450508824,5
0.47123889803846897,180.0,196.0,176.77817949094026,2.039020122327737,5
0.47123889803846897,130.0,200.0,,4.811083669026447,6
0.47123889803846897,131.0,200.0,,4.718793660097099,6
0.47123889803846897,132.0,200.0,263.70276087185846,4.628557661460306,5
0.47123889803846897,133.0,200.0,262.7935094551713,4.540244276563193,5
0.47123889803846897,134.0,200.0,261.86190225018663,4.454557223982274,5
0.47123889803846897,135.0,200.0,260.9074636689186,4.370849965877718,5
0.47123889803846897,136.0,200.0,259.9296326107242,4.288977658287422,5
0.47123889803846897,137.0,200.0,258.92801858205286,4.209275546845598,5
0.47123889803846897,138.0,200.0,257.9022473579868,4.131370979869721,5
0.47123889803846897,139.0,200.0,256.8529794201138,4.0554433245916,5
0.47123889803846897,140.0,200.0,255.77774990126701,3.9812498823019276,5
0.47123889803846897,141.0,200.0,254.67691156930442,3.908894689421338,5
0.47123889803846897,142.0,200.0,253.5499558529488,3.8382710261118804,5
0.47123889803846897,143.0,200.0,252.39618093981795,3.7692377733861933,5
0.47123889803846897,144.0,200.0,251.21509323258618,3.7020957189193973,5
0.47123889803846897,145.0,200.0,250.0072553094622,3.6361916107794494,5
0.47123889803846897,146.0,200.0,248.77056190250872,3.5720550611319912,5
0.47123889803846897,147.0,200.0,247.50503687602512,3.509368345766703,5
0.47123889803846897,148.0,200.0,246.2101111308618,3.448089537632761,5
0.47123889803846897,149.0,200.0,244.8850007286157,3.3880700505639365,5
0.47123889803846897,150.0,200.0,243.52902838434917,3.3296484045292765,5
0.47123889803846897,151.0,200.0,242.14286389506785,3.2726759354201262,5
0.47123889803846897,152.0,200.0,240.72416322619662,3.2168009387500147,5
0.47123889803846897,153.0,200.0,239.27289477078983,3.162299954717899,5
0.47123889803846897,154.0,200.0,237.78833300829015,3.1088414848233072,5
0.47123889803846897,155.0,200.0,236.2694551725807,3.0567127108220418,5
0.47123889803846897,156.0,200.0,234.71747223720766,3.0057473150047573,5
0.47123889803846897,157.0,200.0,233.12830154371068,2.9561302937838483,5
0.47123889803846897,158.0,200.0,231.50355232291176,2.9074423698537593,5
0.47123889803846897,159.0,200.0,229.84171871222253,2.8597746337185503,5
0.47123889803846897,160.0,200.0,228.14162439178403,2.8131069818758982,5
0.47123889803846897,161.0,200.0,226.40417828746803,2.7676390032850366,5
0.47123889803846897,162.0,200.0,224.62646575710053,2.7231477454185007,5
0.47123889803846897,163.0,200.0,222.80831424429851,2.679560589134681,5
0.47123889803846897,164.0,200.0,220.94829428850426,2.636921227617586,5
0.47123889803846897,165.0,200.0,219.0470233419944,2.5951578278856107,5
0.47123889803846897,166.0,200.0,217.10181056109624,2.554425506878289,5
0.47123889803846897,167.0,200.0,215.1121850717668,2.514536141088811,5
0.47123889803846897,168.0,200.0,213.07645793900952,2.4754074898760563,5
0.47123889803846897,169.0,200.0,210.99543684404674,2.4371316632464746,5
0.47123889803846897,170.0,200.0,208.8658888744729,2.399744536231746,5
0.47123889803846897,171.0,200.0,206.68715258296436,2.3631508793349094,5
0.47123889803846897,172.0,200.0,204.4588104111744,2.3272636546758463,5
0.47123889803846897,173.0,200.0,202.17790180373555,2.2920391354565677,5
0.47123889803846897,174.0,200.0,199.84422621389066,2.257740687041729,5
0.47123889803846897,175.0,200.0,197.45663565082234,2.2240548306577357,5
0.47123889803846897,176.0,200.0,195.01176420663185,2.1910658065147897,5
0.47123889803846897,177.0,200.0,192.50967300963276,2.158698537476121,5
0.47123889803846897,178.0,200.0,189.94876187254184,2.127127424319457,5
0.47123889803846897,179.0,200.0,187.3254352369172,2.0961554641798505,5
0.47123889803846897,180.0,200.0,184.6398762848516,2.0657244856795205,5
