alpha_s,B4_MeV,Delta0_MeV,sigma_crit_star,M_max_Msun,reject_reason_code
0.0,130.0,0.0,,2.3621805478012896,6
0.0,131.0,0.0,,2.32795885287135,6
0.0,132.0,0.0,,2.2944654258446198,6
0.0,133.0,0.0,,2.26173053563225,6
0.0,134.0,0.0,,2.2296276873179384,6
0.0,135.0,0.0,,2.1982725445913984,6
0.0,136.0,0.0,,2.167494575946162,6
0.0,137.0,0.0,,2.137343092967396,6
0.0,138.0,0.0,,2.1078402681451984,6
0.0,139.0,0.0,,2.078956842199698,6
0.0,140.0,0.0,,2.050614355401181,6
0.0,141.0,0.0,,2.0229060272165804,6
0.0,142.0,0.0,,1.9956929486231767,4
0.0,143.0,0.0,,1.9690542920206662,4
0.0,144.0,0.0,,1.9429015160538754,4
0.0,145.0,0.0,,1.9172710407971743,4
0.0,146.0,0.0,,1.8921361810870043,4
0.0,147.0,0.0,,1.8675025015601523,4
0.0,148.0,0.0,,1.8433305176377228,4
0.0,149.0,0.0,,1.8196122672606616,4
0.0,150.0,0.0,,1.7963562364684833,4
0.0,151.0,0.0,,1.7735287810566311,4
0.0,152.0,0.0,,1.7511617141512534,4
0.0,153.0,0.0,,1.7292033436403202,4
0.0,154.0,0.0,,1.7076484224657928,4
0.0,155.0,0.0,,1.68648547108019,4
0.0,156.0,0.0,,1.6656942875839993,4
0.0,157.0,0.0,,1.6452967754954049,4
0.0,158.0,0.0,,1.6252436351170514,4
0.0,159.0,0.0,,,1
0.0,160.0,0.0,,,1
0.0,161.0,0.0,,,1
0.0,162.0,0.0,,,1
0.0,163.0,0.0,,,1
0.0,164.0,0.0,,,1
0.0,165.0,0.0,,,1
0.0,166.0,0.0,,,1
0.0,167.0,0.0,,,1
0.0,168.0,0.0,,,1
0.0,169.0,0.0,,,1
0.0,170.0,0.0,,,1
0.0,171.0,0.0,,,1
0.0,172.0,0.0,,,1
0.0,173.0,0.0,,,1
0.0,174.0,0.0,,,1
0.0,175.0,0.0,,,1
0.0,176.0,0.0,,,1
0.0,177.0,0.0,,,1
0.0,178.0,0.0,,,1
0.0,179.0,0.0,,,1
0.0,180.0,0.0,,,1
0.0,130.0,4.0,,2.3631644615305314,6
0.0,131.0,4.0,,2.328934906999551,6
0.0,132.0,4.0,,2.295420594865773,6
0.0,133.0,4.0,,2.262633175226787,6
0.0,134.0,4.0,,2.230543977007901,6
0.0,135.0,4.0,,2.199083027367399,6
0.0,136.0,4.0,,2.1683182405310304,6
0.0,137.0,4.0,,2.1381390340899356,6
0.0,138.0,4.0,,2.108655628899519,6
0.0,139.0,4.0,,2.079724921502662,6
0.0,140.0,4.0,,2.05134169459444,6
0.0,141.0,4.0,,2.0236292049385725,6
0.0,142.0,4.0,,1.9963932762745533,4
0.0,143.0,4.0,,1.9697156775678617,4
0.0,144.0,4.0,,1.9435694255648333,4
0.0,145.0,4.0,,1.9179401143106052,4
0.0,146.0,4.0,,1.8927796684985168,4
0.0,147.0,4.0,,1.8681294257653378,4
0.0,148.0,4.0,,1.8439308216240706,4
0.0,149.0,4.0,,1.820204351981056,4
0.0,150.0,4.0,,1.7969168563479967,4
0.0,151.0,4.0,,1.7740839710811802,4
0.0,152.0,4.0,,1.751710254748057,4
0.0,153.0,4.0,,1.7297415219690375,4
0.0,154.0,4.0,,1.708172666641238,4
0.0,155.0,4.0,,1.6869758708806182,4
0.0,156.0,4.0,,1.6661955866004183,4
0.0,157.0,4.0,,1.6457701951789334,4
0.0,158.0,4.0,,1.6257115595478369,4
0.0,159.0,4.0,,,1
0.0,160.0,4.0,,,1
0.0,161.0,4.0,,,1
0.0,162.0,4.0,,,1
0.0,163.0,4.0,,,1
0.0,164.0,4.0,,,1
0.0,165.0,4.0,,,1
0.0,166.0,4.0,,,1
0.0,167.0,4.0,,,1
0.0,168.0,4.0,,,1
0.0,169.0,4.0,,,1
0.0,170.0,4.0,,,1
0.0,171.0,4.0,,,1
0.0,172.0,4.0,,,1
0.0,173.0,4.0,,,1
0.0,174.0,4.0,,,1
0.0,175.0,4.0,,,1
0.0,176.0,4.0,,,1
0.0,177.0,4.0,,,1
0.0,178.0,4.0,,,1
0.0,179.0,4.0,,,1
0.0,180.0,4.0,,,1
0.0,130.0,8.0,,2.3661560032488063,6
0.0,131.0,8.0,,2.331919239830421,6
0.0,132.0,8.0,,2.2982683285706957,6
0.0,133.0,8.0,,2.265396419176047,6
0.0,134.0,8.0,,2.23321915282499,6
0.0,135.0,8.0,,2.2017038868081453,6
0.0,136.0,8.0,,2.1708637627980245,6
0.0,137.0,8.0,,2.140662048056741,6
0.0,138.0,8.0,,2.1110416617172705,6
0.0,139.0,8.0,,2.082071582857807,6
0.0,140.0,8.0,,2.053660131841621,6
0.0,141.0,8.0,,2.025816064642693,6
0.0,142.0,8.0,,1.9985215605000068,4
0.0,143.0,8.0,,1.9718152456020568,4
0.0,144.0,8.0,,1.9455745493903223,4
0.0,145.0,8.0,,1.9198688819895806,4
0.0,146.0,8.0,,1.8946908301551648,4
0.0,147.0,8.0,,1.8699559680649107,4
0.0,148.0,8.0,,1.8457345509385972,4
0.0,149.0,8.0,,1.8219562368667896,4
0.0,150.0,8.0,,1.7986372261881287,4
0.0,151.0,8.0,,1.775758316577802,4
0.0,152.0,8.0,,1.7533656871508878,4
0.0,153.0,8.0,,1.7313133661642577,4
0.0,154.0,8.0,,1.709703083410334,4
0.0,155.0,8.0,,1.6884901953697538,4
0.0,156.0,8.0,,1.6676592783302824,4
0.0,157.0,8.0,,1.6471937875203062,4
0.0,158.0,8.0,,1.6270925527473503,4
0.0,159.0,8.0,,,1
0.0,160.0,8.0,,,1
0.0,161.0,8.0,,,1
0.0,162.0,8.0,,,1
0.0,163.0,8.0,,,1
0.0,164.0,8.0,,,1
0.0,165.0,8.0,,,1
0.0,166.0,8.0,,,1
0.0,167.0,8.0,,,1
0.0,168.0,8.0,,,1
0.0,169.0,8.0,,,1
0.0,170.0,8.0,,,1
0.0,171.0,8.0,,,1
0.0,172.0,8.0,,,1
0.0,173.0,8.0,,,1
0.0,174.0,8.0,,,1
0.0,175.0,8.0,,,1
0.0,176.0,8.0,,,1
0.0,177.0,8.0,,,1
0.0,178.0,8.0,,,1
0.0,179.0,8.0,,,1
0.0,180.0,8.0,,,1
0.0,130.0,12.0,,2.3712725252937674,6
0.0,131.0,12.0,,2.3367633048746854,6
0.0,132.0,12.0,,2.303054831571816,6
0.0,133.0,12.0,,2.270082900772711,6
0.0,134.0,12.0,,2.237693835879164,6
0.0,135.0,12.0,,2.206087399729626,6
0.0,136.0,12.0,,2.1750843180023693,6
0.0,137.0,12.0,,2.1447370937961807,6
0.0,138.0,12.0,,2.11504170046432,6
0.0,139.0,12.0,,2.085904824283596,6
0.0,140.0,12.0,,2.057412542630886,6
0.0,141.0,12.0,,2.029467721698358,6
0.0,142.0,12.0,,2.002084884454795,6
0.0,143.0,12.0,,1.9752636533492711,4
0.0,144.0,12.0,,1.9489429825803615,4
0.0,145.0,12.0,,1.923165526479337,4
0.0,146.0,12.0,,1.8978582089268827,4
0.0,147.0,12.0,,1.873056686653053,4
0.0,148.0,12.0,,1.8487447805945352,4
0.0,149.0,12.0,,1.8248688329907508,4
0.0,150.0,12.0,,1.8015091171313105,4
0.0,151.0,12.0,,1.778568256107535,4
0.0,152.0,12.0,,1.7560699537366693,4
0.0,153.0,12.0,,1.7339697531838338,4
0.0,154.0,12.0,,1.7122974551949308,4
0.0,155.0,12.0,,1.6909933474876448,4
0.0,156.0,12.0,,1.6701049423360081,4
0.0,157.0,12.0,,1.6495695359191322,4
0.0,158.0,12.0,,1.629403855033925,4
0.0,159.0,12.0,,1.6096604289775227,4
0.0,160.0,12.0,,,1
0.0,161.0,12.0,,,1
0.0,162.0,12.0,,,1
0.0,163.0,12.0,,,1
0.0,164.0,12.0,,,1
0.0,165.0,12.0,,,1
0.0,166.0,12.0,,,1
0.0,167.0,12.0,,,1
0.0,168.0,12.0,,,1
0.0,169.0,12.0,,,1
0.0,170.0,12.0,,,1
0.0,171.0,12.0,,,1
0.0,172.0,12.0,,,1
0.0,173.0,12.0,,,1
0.0,174.0,12.0,,,1
0.0,175.0,12.0,,,1
0.0,176.0,12.0,,,1
0.0,177.0,12.0,,,1
0.0,178.0,12.0,,,1
0.0,179.0,12.0,,,1
0.0,180.0,12.0,,,1
0.0,130.0,16.0,,2.3783088801850614,6
0.0,131.0,16.0,,2.3436341582894387,6
0.0,132.0,16.0,,2.3097119802556305,6
0.0,133.0,16.0,,2.2765077533184863,6
0.0,134.0,16.0,,2.243984065225971,6
0.0,135.0,16.0,,2.212159069050953,6
0.0,136.0,16.0,,2.1810140562362634,6
0.0,137.0,16.0,,2.1505016330729325,6
0.0,138.0,16.0,,2.1205954114460615,6
0.0,139.0,16.0,,2.091340272393754,6
0.0,140.0,16.0,,2.062660436522666,6
0.0,141.0,16.0,,2.0346044587322734,6
0.0,142.0,16.0,,2.0070456305139586,6
0.0,143.0,16.0,,1.9800849211988396,4
0.0,144.0,16.0,,1.9536383317744541,4
0.0,145.0,16.0,,1.9277235668004422,4
0.0,146.0,16.0,,1.9023067016375335,4
0.0,147.0,16.0,,1.877411262444783,4
0.0,148.0,16.0,,1.8529845627395938,4
0.0,149.0,16.0,,1.8290082364333191,4
0.0,150.0,16.0,,1.8055247801500707,4
0.0,151.0,16.0,,1.7824851060382494,4
0.0,152.0,16.0,,1.7598661748682722,4
0.0,153.0,16.0,,1.7376866318579578,4
0.0,154.0,16.0,,1.7158919631476446,4
0.0,155.0,16.0,,1.694504198900487,4
0.0,156.0,16.0,,1.6734967726263679,4
0.0,157.0,16.0,,1.6528879922607582,4
0.0,158.0,16.0,,1.6326816750663136,4
0.0,159.0,16.0,,1.612841630419182,4
0.0,160.0,16.0,,,1
0.0,161.0,16.0,,,1
0.0,162.0,16.0,,,1
0.0,163.0,16.0,,,1
0.0,164.0,16.0,,,1
0.0,165.0,16.0,,,1
0.0,166.0,16.0,,,1
0.0,167.0,16.0,,,1
0.0,168.0,16.0,,,1
0.0,169.0,16.0,,,1
0.0,170.0,16.0,,,1
0.0,171.0,16.0,,,1
0.0,172.0,16.0,,,1
0.0,173.0,16.0,,,1
0.0,174.0,16.0,,,1
0.0,175.0,16.0,,,1
0.0,176.0,16.0,,,1
0.0,177.0,16.0,,,1
0.0,178.0,16.0,,,1
0.0,179.0,16.0,,,1
0.0,180.0,16.0,,,1
0.0,130.0,20.0,,2.387447469867975,6
0.0,131.0,20.0,,2.3524675110604147,6
0.0,132.0,20.0,,2.318245284229128,6
0.0,133.0,20.0,,2.284754064233646,6
0.0,134.0,20.0,,2.2520255349140803,6
0.0,135.0,20.0,,2.219983556401498,6
0.0,136.0,20.0,,2.188631188857288,6
0.0,137.0,20.0,,2.1578727740455363,6
0.0,138.0,20.0,,2.127791205476094,6
0.0,139.0,20.0,,2.0983435123695173,6
0.0,140.0,20.0,,2.069457198048437,6
0.0,141.0,20.0,,2.0411425068517857,6
0.0,142.0,20.0,,2.0134487290577088,6
0.0,143.0,20.0,,1.9862795410285876,4
0.0,144.0,20.0,,1.9596882606319754,4
0.0,145.0,20.0,,1.933597520044614,4
0.0,146.0,20.0,,1.9080383034751127,4
0.0,147.0,20.0,,1.8830026107142364,4
0.0,148.0,20.0,,1.8584404889587296,4
0.0,149.0,20.0,,1.8343298740089302,4
0.0,150.0,20.0,,1.8107160452478792,4
0.0,151.0,20.0,,1.787501775855936,4
0.0,152.0,20.0,,1.7647786064765918,4
0.0,153.0,20.0,,1.7424517315614545,4
0.0,154.0,20.0,,1.7205214038644165,4
0.0,155.0,20.0,,1.6990073528241028,4
0.0,156.0,20.0,,1.6779122731098213,4
0.0,157.0,20.0,,1.657222449507337,4
0.0,158.0,20.0,,1.63688605358912,4
0.0,159.0,20.0,,1.6169351776512388,4
0.0,160.0,20.0,,,1
0.0,161.0,20.0,,,1
0.0,162.0,20.0,,,1
0.0,163.0,20.0,,,1
0.0,164.0,20.0,,,1
0.0,165.0,20.0,,,1
0.0,166.0,20.0,,,1
0.0,167.0,20.0,,,1
0.0,168.0,20.0,,,1
0.0,169.0,20.0,,,1
0.0,170.0,20.0,,,1
0.0,171.0,20.0,,,1
0.0,172.0,20.0,,,1
0.0,173.0,20.0,,,1
0.0,174.0,20.0,,,1
0.0,175.0,20.0,,,1
0.0,176.0,20.0,,,1
0.0,177.0,20.0,,,1
0.0,178.0,20.0,,,1
0.0,179.0,20.0,,,1
0.0,180.0,20.0,,,1
0.0,130.0,24.0,,2.398698401615756,6
0.0,131.0,24.0,,2.363319831755676,6
0.0,132.0,24.0,,2.32880141801147,6
0.0,133.0,24.0,,2.295047382918762,6
0.0,134.0,24.0,,2.261984568498145,6
0.0,135.0,24.0,,2.2295915496308902,6
0.0,136.0,24.0,,2.1979612844938945,6
0.0,137.0,24.0,,2.166955027248234,6
0.0,138.0,24.0,,2.1365664567763063,6
0.0,139.0,24.0,,2.106856862484024,6
0.0,140.0,24.0,,2.077772851893848,6
0.0,141.0,24.0,,2.049260958402069,6
0.0,142.0,24.0,,2.021339435364507,6
0.0,143.0,24.0,,1.9939733592418907,4
0.0,144.0,24.0,,1.9671433618495644,4
0.0,145.0,24.0,,1.940883640939429,4
0.0,146.0,24.0,,1.9151167549821977,4
0.0,147.0,24.0,,1.889891564951347,4
0.0,148.0,24.0,,1.8651098951554017,4
0.0,149.0,24.0,,1.8408135401140588,4
0.0,150.0,24.0,,1.817010893947138,4
0.0,151.0,24.0,,1.7936519234177608,4
0.0,152.0,24.0,,1.7707602073149333,4
0.0,153.0,24.0,,1.7482504264994438,4
0.0,154.0,24.0,,1.7261831512758858,4
0.0,155.0,24.0,,1.7045469053665525,4
0.0,156.0,24.0,,1.6833359970173583,4
0.0,157.0,24.0,,1.6625162141854166,4
0.0,158.0,24.0,,1.6420431401481308,4
0.0,159.0,24.0,,1.6219622038585886,4
0.0,160.0,24.0,,,1
0.0,161.0,24.0,,,1
0.0,162.0,24.0,,,1
0.0,163.0,24.0,,,1
0.0,164.0,24.0,,,1
0.0,165.0,24.0,,,1
0.0,166.0,24.0,,,1
0.0,167.0,24.0,,,1
0.0,168.0,24.0,,,1
0.0,169.0,24.0,,,1
0.0,170.0,24.0,,,1
0.0,171.0,24.0,,,1
0.0,172.0,24.0,,,1
0.0,173.0,24.0,,,1
0.0,174.0,24.0,,,1
0.0,175.0,24.0,,,1
0.0,176.0,24.0,,,1
0.0,177.0,24.0,,,1
0.0,178.0,24.0,,,1
0.0,179.0,24.0,,,1
0.0,180.0,24.0,,,1
0.0,130.0,28.0,,2.4119450491599097,6
0.0,131.0,28.0,,2.3761721879321978,6
0.0,132.0,28.0,,2.34131215656865,6
0.0,133.0,28.0,,2.3071573406879695,6
0.0,134.0,28.0,,2.273763466658398,6
0.0,135.0,28.0,,2.2410337208831046,6
0.0,136.0,28.0,,2.2090533039915083,6
0.0,137.0,28.0,,2.1777139234437364,6
0.0,138.0,28.0,,2.147079808046603,6
0.0,139.0,28.0,,2.1170477559786764,6
0.0,140.0,28.0,,2.0876609137189597,6
0.0,141.0,28.0,,2.0588753394880546,6
0.0,142.0,28.0,,2.0306980386561344,6
0.0,143.0,28.0,,2.0030541430519113,6
0.0,144.0,28.0,,1.975992558421463,4
0.0,145.0,28.0,,1.9494607241890018,4
0.0,146.0,28.0,,1.9234449878455544,4
0.0,147.0,28.0,,1.8979880896805237,4
0.0,148.0,28.0,,1.8730077478362879,4
0.0,149.0,28.0,,1.8484977867772043,4
0.0,150.0,28.0,,1.8244759073042518,4
0.0,151.0,28.0,,1.800913618608522,4
0.0,152.0,28.0,,1.7778083395521134,4
0.0,153.0,28.0,,1.7551696816539308,4
0.0,154.0,28.0,,1.7329342951533366,4
0.0,155.0,28.0,,1.7111390756265137,4
0.0,156.0,28.0,,1.6897340144419193,4
0.0,157.0,28.0,,1.6687524595973255,4
0.0,158.0,28.0,,1.6481085355602476,4
0.0,159.0,28.0,,1.6278708439785108,4
0.0,160.0,28.0,,1.6079681674803625,4
0.0,161.0,28.0,,,1
0.0,162.0,28.0,,,1
0.0,163.0,28.0,,,1
0.0,164.0,28.0,,,1
0.0,165.0,28.0,,,1
0.0,166.0,28.0,,,1
0.0,167.0,28.0,,,1
0.0,168.0,28.0,,,1
0.0,169.0,28.0,,,1
0.0,170.0,28.0,,,1
0.0,171.0,28.0,,,1
0.0,172.0,28.0,,,1
0.0,173.0,28.0,,,1
0.0,174.0,28.0,,,1
0.0,175.0,28.0,,,1
0.0,176.0,28.0,,,1
0.0,177.0,28.0,,,1
0.0,178.0,28.0,,,1
0.0,179.0,28.0,,,1
0.0,180.0,28.0,,,1
0.0,130.0,32.0,,2.4272944129852903,6
0.0,131.0,32.0,,2.391045277288115,6
0.0,132.0,32.0,,2.3557557093387236,6
0.0,133.0,32.0,,2.32115548918509,6
0.0,134.0,32.0,,2.287306737005211,6
0.0,135.0,32.0,,2.2542417389486054,6
0.0,136.0,32.0,,2.2218562413562934,6
0.0,137.0,32.0,,2.1901744064223503,6
0.0,138.0,32.0,,2.1591723783340404,6
0.0,139.0,32.0,,2.128776738975161,6
0.0,140.0,32.0,,2.099105812490971,6
0.0,141.0,32.0,,2.0699643574534257,6
0.0,142.0,32.0,,2.041467061702013,6
0.0,143.0,32.0,,2.0135151015285095,6
0.0,144.0,32.0,,1.986166807959387,4
0.0,145.0,32.0,,1.959362538620915,4
0.0,146.0,32.0,,1.9330673841131059,4
0.0,147.0,32.0,,1.9073399598191443,4
0.0,148.0,32.0,,1.8820982437661207,4
0.0,149.0,32.0,,1.8573911967335488,4
0.0,150.0,32.0,,1.8331353741276462,4
0.0,151.0,32.0,,1.8093633815856136,4
0.0,152.0,32.0,,1.786068146213789,4
0.0,153.0,32.0,,1.7632083707011619,4
0.0,154.0,32.0,,1.740736145904883,4
0.0,155.0,32.0,,1.7187337680843582,4
0.0,156.0,32.0,,1.6971289660811446,4
0.0,157.0,32.0,,1.675938048428915,4
0.0,158.0,32.0,,1.6551246990501,4
0.0,159.0,32.0,,1.6347162741677,4
0.0,160.0,32.0,,1.6146805363990513,4
0.0,161.0,32.0,,,1
0.0,162.0,32.0,,,1
0.0,163.0,32.0,,,1
0.0,164.0,32.0,,,1
0.0,165.0,32.0,,,1
0.0,166.0,32.0,,,1
0.0,167.0,32.0,,,1
0.0,168.0,32.0,,,1
0.0,169.0,32.0,,,1
0.0,170.0,32.0,,,1
0.0,171.0,32.0,,,1
0.0,172.0,32.0,,,1
0.0,173.0,32.0,,,1
0.0,174.0,32.0,,,1
0.0,175.0,32.0,,,1
0.0,176.0,32.0,,,1
0.0,177.0,32.0,,,1
0.0,178.0,32.0,,,1
0.0,179.0,32.0,,,1
0.0,180.0,32.0,,,1
0.0,130.0,36.0,,2.444803740974574,6
0.0,131.0,36.0,,2.4081215654726957,6
0.0,132.0,36.0,,2.372219932789379,6
0.0,133.0,36.0,,2.337105969577226,6
0.0,134.0,36.0,,2.3027850820959856,6
0.0,135.0,36.0,,2.269244990456437,6
0.0,136.0,36.0,,2.2364952094778463,6
0.0,137.0,36.0,,2.2043193526639837,6
0.0,138.0,36.0,,2.1728893603504473,6
0.0,139.0,36.0,,2.1421338874963367,6
0.0,140.0,36.0,,2.112006171358675,6
0.0,141.0,36.0,,2.0825454985255263,6
0.0,142.0,36.0,,2.0536791685488414,6
0.0,143.0,36.0,,2.0254028826797765,6
0.0,144.0,36.0,,1.9977480470787519,4
0.0,145.0,36.0,,1.9706336758971805,4
0.0,146.0,36.0,,1.9440690126883464,4
0.0,147.0,36.0,,1.9180326544925592,4
0.0,148.0,36.0,,1.8925187625401603,4
0.0,149.0,36.0,,1.8675140314267125,4
0.0,150.0,36.0,,1.8429814426964986,4
0.0,151.0,36.0,,1.8189610645382137,4
0.0,152.0,36.0,,1.795395968405524,4
0.0,153.0,36.0,,1.7722836510059858,4
0.0,154.0,36.0,,1.7495892935849169,4
0.0,155.0,36.0,,1.7273306224310776,4
0.0,156.0,36.0,,1.705519110016251,4
0.0,157.0,36.0,,1.6841221017792993,4
0.0,158.0,36.0,,1.6631388509951792,4
0.0,159.0,36.0,,1.642511721044981,4
0.0,160.0,36.0,,1.62228993455704,4
0.0,161.0,36.0,,1.6024310876082055,4
0.0,162.0,36.0,,,1
0.0,163.0,36.0,,,1
0.0,164.0,36.0,,,1
0.0,165.0,36.0,,,1
0.0,166.0,36.0,,,1
0.0,167.0,36.0,,,1
0.0,168.0,36.0,,,1
0.0,169.0,36.0,,,1
0.0,170.0,36.0,,,1
0.0,171.0,36.0,,,1
0.0,172.0,36.0,,,1
0.0,173.0,36.0,,,1
0.0,174.0,36.0,,,1
0.0,175.0,36.0,,,1
0.0,176.0,36.0,,,1
0.0,177.0,36.0,,,1
0.0,178.0,36.0,,,1
0.0,179.0,36.0,,,1
0.0,180.0,36.0,,,1
0.0,130.0,40.0,,2.464363188061645,6
0.0,131.0,40.0,,2.4270751853613532,6
0.0,132.0,40.0,,2.390628875687391,6
0.0,133.0,40.0,,2.3550104947177006,6
0.0,134.0,40.0,,2.3202147362170376,6
0.0,135.0,40.0,,2.2861154491199915,6
0.0,136.0,40.0,,2.25280404924885,6
0.0,137.0,40.0,,2.220236880651142,6
0.0,138.0,40.0,,2.1883129849368483,6
0.0,139.0,40.0,,2.157138308138562,6
0.0,140.0,40.0,,2.1266023262688796,6
0.0,141.0,40.0,,2.09675222878537,6
0.0,142.0,40.0,,2.0674876888006133,6
0.0,143.0,40.0,,2.038846826421617,6
0.0,144.0,40.0,,2.010752820609141,6
0.0,145.0,40.0,,1.983275341224724,4
0.0,146.0,40.0,,1.956375850288687,4
0.0,147.0,40.0,,1.9300107782649862,4
0.0,148.0,40.0,,1.904149601886364,4
0.0,149.0,40.0,,1.8788338189821572,4
0.0,150.0,40.0,,1.8539923139003638,4
0.0,151.0,40.0,,1.8296682392093133,4
0.0,152.0,40.0,,1.805819240501873,4
0.0,153.0,40.0,,1.7824016923848471,4
0.0,154.0,40.0,,1.7594923139202645,4
0.0,155.0,40.0,,1.7370237652878682,4
0.0,156.0,40.0,,1.714971424823274,4
0.0,157.0,40.0,,1.6933190647583678,4
0.0,158.0,40.0,,1.6721001933399207,4
0.0,159.0,40.0,,1.6512468116445025,4
0.0,160.0,40.0,,1.6307918045450462,4
0.0,161.0,40.0,,1.6107082885947124,4
0.0,162.0,40.0,,,1
0.0,163.0,40.0,,,1
0.0,164.0,40.0,,,1
0.0,165.0,40.0,,,1
0.0,166.0,40.0,,,1
0.0,167.0,40.0,,,1
0.0,168.0,40.0,,,1
0.0,169.0,40.0,,,1
0.0,170.0,40.0,,,1
0.0,171.0,40.0,,,1
0.0,172.0,40.0,,,1
0.0,173.0,40.0,,,1
0.0,174.0,40.0,,,1
0.0,175.0,40.0,,,1
0.0,176.0,40.0,,,1
0.0,177.0,40.0,,,1
0.0,178.0,40.0,,,1
0.0,179.0,40.0,,,1
0.0,180.0,40.0,,,1
0.0,130.0,44.0,,2.486173488920508,6
0.0,131.0,44.0,,2.448196546129537,6
0.0,132.0,44.0,,2.411151222914202,6
0.0,133.0,44.0,,2.3749190457859033,6
0.0,134.0,44.0,,2.339432057375358,6
0.0,135.0,44.0,,2.30478393067209,6
0.0,136.0,44.0,,2.270890868253428,6
0.0,137.0,44.0,,2.2378378457587953,6
0.0,138.0,44.0,,2.2054275364055282,6
0.0,139.0,44.0,,2.173738941482797,6
0.0,140.0,44.0,,2.1426972486905225,6
0.0,141.0,44.0,,2.1123651621099744,6
0.0,142.0,44.0,,2.0826972830181756,6
0.0,143.0,44.0,,2.053586987849915,6
0.0,144.0,44.0,,2.0251582066824305,6
0.0,145.0,44.0,,1.9972248456437252,4
0.0,146.0,44.0,,1.9699666059672307,4
0.0,147.0,44.0,,1.9432365227000248,4
0.0,148.0,44.0,,1.917012320798201,4
0.0,149.0,44.0,,1.8913604922600467,4
0.0,150.0,44.0,,1.866242395629099,4
0.0,151.0,44.0,,1.8415829523149685,4
0.0,152.0,44.0,,1.817443653556478,4
0.0,153.0,44.0,,1.7937503878816985,4
0.0,154.0,44.0,,1.7705150198021335,4
0.0,155.0,44.0,,1.7477274643953349,4
0.0,156.0,44.0,,1.7254177779848698,4
0.0,157.0,44.0,,1.7035000904925646,4
0.0,158.0,44.0,,1.6819947538725817,4
0.0,159.0,44.0,,1.6608754481269874,4
0.0,160.0,44.0,,1.6402063609987065,4
0.0,161.0,44.0,,1.6199100951275551,4
0.0,162.0,44.0,,1.5999885781867693,4
0.0,163.0,44.0,,,1
0.0,164.0,44.0,,,1
0.0,165.0,44.0,,,1
0.0,166.0,44.0,,,1
0.0,167.0,44.0,,,1
0.0,168.0,44.0,,,1
0.0,169.0,44.0,,,1
0.0,170.0,44.0,,,1
0.0,171.0,44.0,,,1
0.0,172.0,44.0,,,1
0.0,173.0,44.0,,,1
0.0,174.0,44.0,,,1
0.0,175.0,44.0,,,1
0.0,176.0,44.0,,,1
0.0,177.0,44.0,,,1
0.0,178.0,44.0,,,1
0.0,179.0,44.0,,,1
0.0,180.0,44.0,,,1
0.0,130.0,48.0,,2.510099663936471,6
0.0,131.0,48.0,,2.4714382294545367,6
0.0,132.0,48.0,,2.433625797554585,6
0.0,133.0,48.0,,2.3967545123161758,6
0.0,134.0,48.0,,2.3606291596811446,6
0.0,135.0,48.0,,2.325376445681699,6
0.0,136.0,48.0,,2.290911025908991,6
0.0,137.0,48.0,,2.2572365385849946,6
0.0,138.0,48.0,,2.224261281146643,6
0.0,139.0,48.0,,2.1920268283002375,6
0.0,140.0,48.0,,2.160514134211259,6
0.0,141.0,48.0,,2.129657643902884,6
0.0,142.0,48.0,,2.099471253736494,6
0.0,143.0,48.0,,2.069941022957745,6
0.0,144.0,48.0,,2.041026135313343,6
0.0,145.0,48.0,114.30688916068519,2.012705959975256,5
0.0,146.0,48.0,,1.9849880305579937,4
0.0,147.0,48.0,,1.9578515747817296,4
0.0,148.0,48.0,,1.9312649949479215,4
0.0,149.0,48.0,,1.9052143619243858,4
0.0,150.0,48.0,,1.8796763957810347,4
0.0,151.0,48.0,,1.8547045772782973,4
0.0,152.0,48.0,,1.8301744553662795,4
0.0,153.0,48.0,,1.80614108244489,4
0.0,154.0,48.0,,1.7825982017087223,4
0.0,155.0,48.0,,1.7594734486470558,4
0.0,156.0,48.0,,1.7368538925219026,4
0.0,157.0,48.0,,1.7146786383574923,4
0.0,158.0,48.0,,1.6928993591468107,4
0.0,159.0,48.0,,1.671549814529035,4
0.0,160.0,48.0,,1.6505965953289303,4
0.0,161.0,48.0,,1.6300351561114308,4
0.0,162.0,48.0,,1.609849377700763,4
0.0,163.0,48.0,,,1
0.0,164.0,48.0,,,1
0.0,165.0,48.0,,,1
0.0,166.0,48.0,,,1
0.0,167.0,48.0,,,1
0.0,168.0,48.0,,,1
0.0,169.0,48.0,,,1
0.0,170.0,48.0,,,1
0.0,171.0,48.0,,,1
0.0,172.0,48.0,,,1
0.0,173.0,48.0,,,1
0.0,174.0,48.0,,,1
0.0,175.0,48.0,,,1
0.0,176.0,48.0,,,1
0.0,177.0,48.0,,,1
0.0,178.0,48.0,,,1
0.0,179.0,48.0,,,1
0.0,180.0,48.0,,,1
0.0,130.0,52.0,,2.536341967522609,6
0.0,131.0,52.0,,2.496875629406897,6
0.0,132.0,52.0,,2.4583450586756133,6
0.0,133.0,52.0,,2.4205750160177466,6
0.0,134.0,52.0,,2.383831616795715,6
0.0,135.0,52.0,,2.3478818114552626,6
0.0,136.0,52.0,,2.312652564696324,6
0.0,137.0,52.0,,2.27839155130734,6
0.0,138.0,52.0,,2.244768271549757,6
0.0,139.0,52.0,,2.2119680446145034,6
0.0,140.0,52.0,,2.1798401321405505,6
0.0,141.0,52.0,,2.148442907906228,6
0.0,142.0,52.0,,2.117713400593488,6
0.0,143.0,52.0,,2.087699669349771,6
0.0,144.0,52.0,,2.058263442524652,6
0.0,145.0,52.0,114.30688916068519,2.029518320865825,5
0.0,146.0,52.0,112.48955476737126,2.0013118678012627,5
0.0,147.0,52.0,,1.9737127032017883,4
0.0,148.0,52.0,,1.946698621337639,4
0.0,149.0,52.0,,1.9202250915358974,4
0.0,150.0,52.0,,1.8943097700956666,4
0.0,151.0,52.0,,1.8689493649012445,4
0.0,152.0,52.0,,1.8440537954678649,4
0.0,153.0,52.0,,1.8196864585791135,4
0.0,154.0,52.0,,1.7957866960169173,4
0.0,155.0,52.0,,1.7723600102935688,4
0.0,156.0,52.0,,1.7493964253685501,4
0.0,157.0,52.0,,1.7268851490614663,4
0.0,158.0,52.0,,1.7047980337023767,4
0.0,159.0,52.0,,1.6831293990675786,4
0.0,160.0,52.0,,1.6618678783388052,4
0.0,161.0,52.0,,1.6410046456434335,4
0.0,162.0,52.0,,1.6205629285848904,4
0.0,163.0,52.0,,1.6005305079412135,4
0.0,164.0,52.0,,,1
0.0,165.0,52.0,,,1
0.0,166.0,52.0,,,1
0.0,167.0,52.0,,,1
0.0,168.0,52.0,,,1
0.0,169.0,52.0,,,1
0.0,170.0,52.0,,,1
0.0,171.0,52.0,,,1
0.0,172.0,52.0,,,1
0.0,173.0,52.0,,,1
0.0,174.0,52.0,,,1
0.0,175.0,52.0,,,1
0.0,176.0,52.0,,,1
0.0,177.0,52.0,,,1
0.0,178.0,52.0,,,1
0.0,179.0,52.0,,,1
0.0,180.0,52.0,,,1
0.0,130.0,56.0,,2.5647509533671973,6
0.0,131.0,56.0,,2.5243160023953375,6
0.0,132.0,56.0,,2.484922950877132,6
0.0,133.0,56.0,,2.446464138699274,6
0.0,134.0,56.0,,2.4088864909219136,6
0.0,135.0,56.0,,2.3722015149839684,6
0.0,136.0,56.0,,2.336397033325289,6
0.0,137.0,56.0,,2.3013179138404043,6
0.0,138.0,56.0,,2.2671283188236293,6
0.0,139.0,56.0,,2.2336503300095756,6
0.0,140.0,56.0,,2.2009341706261485,6
0.0,141.0,56.0,,2.1689282842258684,6
0.0,142.0,56.0,,2.1376099959680364,6
0.0,143.0,56.0,,2.1070300646340514,6
0.0,144.0,56.0,,2.077037364270751,6
0.0,145.0,56.0,114.30688916068519,2.047765174829357,5
0.0,146.0,56.0,112.48955476737126,2.019091555331607,5
0.0,147.0,56.0,,1.990999838649583,4
0.0,148.0,56.0,,1.9635236059666161,4
0.0,149.0,56.0,,1.9365889699822771,4
0.0,150.0,56.0,,1.9102456529105927,4
0.0,151.0,56.0,,1.8844317816544416,4
0.0,152.0,56.0,,1.859125731105894,4
0.0,153.0,56.0,,1.834359815924337,4
0.0,154.0,56.0,,1.8100739469659197,4
0.0,155.0,56.0,,1.7862675759211364,4
0.0,156.0,56.0,,1.7629251247414393,4
0.0,157.0,56.0,,1.7400537503889089,4
0.0,158.0,56.0,,1.7176388597884342,4
0.0,159.0,56.0,,1.6956711718265922,4
0.0,160.0,56.0,,1.674132751539131,4
0.0,161.0,56.0,,1.6529926998744675,4
0.0,162.0,56.0,,1.6322697002025555,4
0.0,163.0,56.0,,1.6118916438869402,4
0.0,164.0,56.0,,1.5919183975191837,4
0.0,165.0,56.0,,,1
0.0,166.0,56.0,,,1
0.0,167.0,56.0,,,1
0.0,168.0,56.0,,,1
0.0,169.0,56.0,,,1
0.0,170.0,56.0,,,1
0.0,171.0,56.0,,,1
0.0,172.0,56.0,,,1
0.0,173.0,56.0,,,1
0.0,174.0,56.0,,,1
0.0,175.0,56.0,,,1
0.0,176.0,56.0,,,1
0.0,177.0,56.0,,,1
0.0,178.0,56.0,,,1
0.0,179.0,56.0,,,1
0.0,180.0,56.0,,,1
0.0,130.0,60.0,,2.5954312123285606,6
0.0,131.0,60.0,,2.5541152199392925,6
0.0,132.0,60.0,,2.5137957797235444,6
0.0,133.0,60.0,,2.474429656661025,6
0.0,134.0,60.0,,2.436030419422387,6
0.0,135.0,60.0,,2.398474608967622,6
0.0,136.0,60.0,,2.3619223302739663,6
0.0,137.0,60.0,,2.326087993713341,6
0.0,138.0,60.0,,2.291166649867815,6
0.0,139.0,60.0,,2.256937617017139,6
0.0,140.0,60.0,,2.223541294320565,6
0.0,141.0,60.0,,2.1908867368040834,6
0.0,142.0,60.0,,2.158997461138617,6
0.0,143.0,60.0,,2.1278067029131558,6
0.0,144.0,60.0,,2.0972383657901004,6
0.0,145.0,60.0,114.30688916068519,2.0673739430408307,5
0.0,146.0,60.0,112.48955476737126,2.0381354983046984,5
0.0,147.0,60.0,110.61839010645937,2.0095632153322835,5
0.0,148.0,60.0,,1.9815534573128697,4
0.0,149.0,60.0,,1.954155352573063,4
0.0,150.0,60.0,,1.9273480007197579,4
0.0,151.0,60.0,,1.9010662295145684,4
0.0,152.0,60.0,,1.8753436728635806,4
0.0,153.0,60.0,,1.8501490921802701,4
0.0,154.0,60.0,,1.8254790221773676,4
0.0,155.0,60.0,,1.8013023091747116,4
0.0,156.0,60.0,,1.7776009664080241,4
0.0,157.0,60.0,,1.7543417821512228,4
0.0,158.0,60.0,,1.7315563006940116,4
0.0,159.0,60.0,,1.709235265853693,4
0.0,160.0,60.0,,1.6873138268357732,4
0.0,161.0,60.0,,1.6658513280130345,4
0.0,162.0,60.0,,1.6447648095054117,4
0.0,163.0,60.0,,1.6241068024061862,4
0.0,164.0,60.0,,1.6038518223548686,4
0.0,165.0,60.0,,1.5839760874647753,4
0.0,166.0,60.0,,,1
0.0,167.0,60.0,,,1
0.0,168.0,60.0,,,1
0.0,169.0,60.0,,,1
0.0,170.0,60.0,,,1
0.0,171.0,60.0,,,1
0.0,172.0,60.0,,,1
0.0,173.0,60.0,,,1
0.0,174.0,60.0,,,1
0.0,175.0,60.0,,,1
0.0,176.0,60.0,,,1
0.0,177.0,60.0,,,1
0.0,178.0,60.0,,,1
0.0,179.0,60.0,,,1
0.0,180.0,60.0,,,1
0.0,130.0,64.0,,2.6283608288445373,6
0.0,131.0,64.0,,2.5859986976191593,6
0.0,132.0,64.0,,2.5447592921552484,6
0.0,133.0,64.0,,2.504477782861408,6
0.0,134.0,64.0,,2.4651192875598533,6
0.0,135.0,64.0,,2.426715972841998,6
0.0,136.0,64.0,,2.389249300091623,6
0.0,137.0,64.0,,2.352710364019612,6
0.0,138.0,64.0,,2.3169810523775576,6
0.0,139.0,64.0,,2.282015078455944,6
0.0,140.0,64.0,,2.247919413768988,6
0.0,141.0,64.0,,2.2146144183564793,6
0.0,142.0,64.0,,2.1820216560099803,6
0.0,143.0,64.0,,2.1501426258027054,6
0.0,144.0,64.0,,2.119002946111713,6
0.0,145.0,64.0,114.30688916068519,2.088520319096927,5
0.0,146.0,64.0,112.48955476737126,2.05871131854444,5
0.0,147.0,64.0,110.61839010645937,2.029574443091865,5
0.0,148.0,64.0,108.68993931359773,2.001025415484943,5
0.0,149.0,64.0,,1.973098058483317,4
0.0,150.0,64.0,,1.9457610791287434,4
0.0,151.0,64.0,,1.919006302640308,4
0.0,152.0,64.0,,1.8927802410004577,4
0.0,153.0,64.0,,1.867133213436911,4
0.0,154.0,64.0,,1.8419988163986807,4
0.0,155.0,64.0,,1.8173780453508843,4
0.0,156.0,64.0,,1.793218172720759,4
0.0,157.0,64.0,,1.7695761720519745,4
0.0,158.0,64.0,,1.7464105084347714,4
0.0,159.0,64.0,,1.723710817470465,4
0.0,160.0,64.0,,1.7014632583293892,4
0.0,161.0,64.0,,1.6796674594449104,4
0.0,162.0,64.0,,1.6582457913671218,4
0.0,163.0,64.0,,1.6372625100820144,4
0.0,164.0,64.0,,1.616670519635158,4
0.0,165.0,64.0,,1.5964495410260415,4
0.0,166.0,64.0,,,1
0.0,167.0,64.0,,,1
0.0,168.0,64.0,,,1
0.0,169.0,64.0,,,1
0.0,170.0,64.0,,,1
0.0,171.0,64.0,,,1
0.0,172.0,64.0,,,1
0.0,173.0,64.0,,,1
0.0,174.0,64.0,,,1
0.0,175.0,64.0,,,1
0.0,176.0,64.0,,,1
0.0,177.0,64.0,,,1
0.0,178.0,64.0,,,1
0.0,179.0,64.0,,,1
0.0,180.0,64.0,,,1
0.0,130.0,68.0,,2.663607034396959,6
0.0,131.0,68.0,,2.620166708453757,6
0.0,132.0,68.0,,2.5777771394865283,6
0.0,133.0,68.0,,2.5364895566970405,6
0.0,134.0,68.0,,2.496173013743864,6
0.0,135.0,68.0,,2.4569870217824574,6
0.0,136.0,68.0,,2.418601396358134,6
0.0,137.0,68.0,,2.381086903400337,6
0.0,138.0,68.0,,2.3445298834054538,6
0.0,139.0,68.0,,2.308874432974049,6
0.0,140.0,68.0,,2.273956847848222,6
0.0,141.0,68.0,,2.2399095960694315,6
0.0,142.0,68.0,,2.2065134697089217,6
0.0,143.0,68.0,,2.173957028858022,6
0.0,144.0,68.0,,2.14215085593291,6
0.0,145.0,68.0,114.30688916068519,2.111065155535132,5
0.0,146.0,68.0,112.48955476737126,2.080643127458383,5
0.0,147.0,68.0,110.61839010645937,2.0508628151135873,5
0.0,148.0,68.0,108.68993931359773,2.021722962550083,5
0.0,149.0,68.0,,1.9932765137055204,4
0.0,150.0,68.0,,1.965393558008199,4
0.0,151.0,68.0,,1.9381140125100702,4
0.0,152.0,68.0,,1.9114016293008302,4
0.0,153.0,68.0,,1.8852385691913938,4
0.0,154.0,68.0,,1.8596472277040108,4
0.0,155.0,68.0,,1.8345854850781975,4
0.0,156.0,68.0,,1.8099918918768694,4
0.0,157.0,68.0,,1.7859389028745483,4
0.0,158.0,68.0,,1.7623501124476078,4
0.0,159.0,68.0,,1.7392471018959874,4
0.0,160.0,68.0,,1.7165904493012196,4
0.0,161.0,68.0,,1.6943718384277504,4
0.0,162.0,68.0,,1.6725929475909542,4
0.0,163.0,68.0,,1.6512392759422851,4
0.0,164.0,68.0,,1.6303170080526272,4
0.0,165.0,68.0,,1.6098062019925499,4
0.0,166.0,68.0,,1.589674324929855,4
0.0,167.0,68.0,,,1
0.0,168.0,68.0,,,1
0.0,169.0,68.0,,,1
0.0,170.0,68.0,,,1
0.0,171.0,68.0,,,1
0.0,172.0,68.0,,,1
0.0,173.0,68.0,,,1
0.0,174.0,68.0,,,1
0.0,175.0,68.0,,,1
0.0,176.0,68.0,,,1
0.0,177.0,68.0,,,1
0.0,178.0,68.0,,,1
0.0,179.0,68.0,,,1
0.0,180.0,68.0,,,1
0.0,130.0,72.0,,2.701031184456865,6
0.0,131.0,72.0,,2.656430314618691,6
0.0,132.0,72.0,,2.613006490120586,6
0.0,133.0,72.0,,2.5707132587571406,6
0.0,134.0,72.0,,2.5293437009865456,6
0.0,135.0,72.0,,2.489041010718987,6
0.0,136.0,72.0,,2.4497262957397092,6
0.0,137.0,72.0,,2.4113644116824924,6
0.0,138.0,72.0,,2.3738957226198876,6
0.0,139.0,72.0,,2.3373779487248085,6
0.0,140.0,72.0,,2.3016018961818236,6
0.0,141.0,72.0,,2.2667467352879846,6
0.0,142.0,72.0,,2.2326441354609177,6
0.0,143.0,72.0,,2.199398348921535,6
0.0,144.0,72.0,,2.166856179525255,6
0.0,145.0,72.0,114.30688916068519,2.1350707552246444,5
0.0,146.0,72.0,112.48955550398269,2.1039757447197243,5
0.0,147.0,72.0,110.61806924156748,2.073566399686086,5
0.0,148.0,72.0,108.69468458174194,2.0438573375983196,5
0.0,149.0,72.0,106.73066908297032,2.01478480403278,5
0.0,150.0,72.0,,1.9863270112880094,4
0.0,151.0,72.0,,1.9584449075145642,4
0.0,152.0,72.0,,1.9311958602302888,4
0.0,153.0,72.0,,1.9045287288789203,4
0.0,154.0,72.0,,1.878412517915541,4
0.0,155.0,72.0,,1.8528365451297886,4
0.0,156.0,72.0,,1.82780086759744,4
0.0,157.0,72.0,,1.8032676392138312,4
0.0,158.0,72.0,,1.77925849425792,4
0.0,159.0,72.0,,1.7557353037265573,4
0.0,160.0,72.0,,1.732680689327526,4
0.0,161.0,72.0,,1.7100750576029966,4
0.0,162.0,72.0,,1.6879151723363537,4
0.0,163.0,72.0,,1.6662044402601304,4
0.0,164.0,72.0,,1.644896480983946,4
0.0,165.0,72.0,,1.6239999908564222,4
0.0,166.0,72.0,,1.6034993587129907,4
0.0,167.0,72.0,,1.583396581348234,4
0.0,168.0,72.0,,,1
0.0,169.0,72.0,,,1
0.0,170.0,72.0,,,1
0.0,171.0,72.0,,,1
0.0,172.0,72.0,,,1
0.0,173.0,72.0,,,1
0.0,174.0,72.0,,,1
0.0,175.0,72.0,,,1
0.0,176.0,72.0,,,1
0.0,177.0,72.0,,,1
0.0,178.0,72.0,,,1
0.0,179.0,72.0,,,1
0.0,180.0,72.0,,,1
0.0,130.0,76.0,,2.7407384296441366,6
0.0,131.0,76.0,,2.695052383009233,6
0.0,132.0,76.0,,2.650497693696108,6
0.0,133.0,76.0,,2.607003787254293,6
0.0,134.0,76.0,,2.5645161627984714,6
0.0,135.0,76.0,,2.523226985143574,6
0.0,136.0,76.0,,2.4828321761512964,6
0.0,137.0,76.0,,2.4435034988811486,6
0.0,138.0,76.0,,2.405057914098626,6
0.0,139.0,76.0,,2.3676117439408886,6
0.0,140.0,76.0,,2.330990493385926,6
0.0,141.0,76.0,,2.295325119349176,6
0.0,142.0,76.0,,2.260456225790858,6
0.0,143.0,76.0,,2.226381694246596,6
0.0,144.0,76.0,,2.1930798161323266,6
0.0,145.0,76.0,114.70831793780188,2.1605531758662213,5
0.0,146.0,76.0,113.0041622388897,2.1287588057605067,5
0.0,147.0,76.0,111.26381199970692,2.0977087649246955,5
0.0,148.0,76.0,109.48660583420038,2.0673128539736942,5
0.0,149.0,76.0,107.67179848131022,2.037545716613643,5
0.0,150.0,76.0,105.81878515023917,2.0085151220519033,5
0.0,151.0,76.0,,1.9800657766795626,4
0.0,152.0,76.0,,1.9522380452943422,4
0.0,153.0,76.0,,1.9250233022874934,4
0.0,154.0,76.0,,1.8983937839131444,4
0.0,155.0,76.0,,1.872294802855985,4
0.0,156.0,76.0,,1.8467505118694867,4
0.0,157.0,76.0,,1.8217342463298147,4
0.0,158.0,76.0,,1.7972358189213138,4
0.0,159.0,76.0,,1.7732487601667948,4
0.0,160.0,76.0,,1.7497132636767176,4
0.0,161.0,76.0,,1.7266555444223075,4
0.0,162.0,76.0,,1.7040911140919095,4
0.0,163.0,76.0,,1.6819835143592716,4
0.0,164.0,76.0,,1.6603019007736435,4
0.0,165.0,76.0,,1.6390707473118267,4
0.0,166.0,76.0,,1.618212734485023,4
0.0,167.0,76.0,,1.5977739009816978,4
0.0,168.0,76.0,,1.577709354509839,4
0.0,169.0,76.0,,,1
0.0,170.0,76.0,,,1
0.0,171.0,76.0,,,1
0.0,172.0,76.0,,,1
0.0,173.0,76.0,,,1
0.0,174.0,76.0,,,1
0.0,175.0,76.0,,,1
0.0,176.0,76.0,,,1
0.0,177.0,76.0,,,1
0.0,178.0,76.0,,,1
0.0,179.0,76.0,,,1
0.0,180.0,76.0,,,1
0.0,130.0,80.0,,2.7829974497241023,6
0.0,131.0,80.0,,2.7359164416747825,6
0.0,132.0,80.0,,2.690012006718074,6
0.0,133.0,80.0,,2.645268055086072,6
0.0,134.0,80.0,,2.601712604229818,6
0.0,135.0,80.0,,2.559254392541423,6
0.0,136.0,80.0,,2.5178150090020193,6
0.0,137.0,80.0,,2.4774367056913644,6
0.0,138.0,80.0,,2.438059079439702,6
0.0,139.0,80.0,,2.399619807266911,6
0.0,140.0,80.0,,2.3621695724399596,6
0.0,141.0,80.0,,2.325507138650833,6
0.0,142.0,80.0,,2.289761380509779,6
0.0,143.0,80.0,,2.2548962812203435,6
0.0,144.0,80.0,,2.2207598329454017,6
0.0,145.0,80.0,116.31509516234436,2.18749228678144,5
0.0,146.0,80.0,114.72790954911586,2.15492254091778,5
0.0,147.0,80.0,113.1066108760184,2.1230958934433373,5
0.0,148.0,80.0,111.45051807112394,2.0920591338777244,5
0.0,149.0,80.0,109.75888511166778,2.061637637499253,5
0.0,150.0,80.0,108.03119137510214,2.031927093084459,5
0.0,151.0,80.0,106.26567780795322,2.002884839664909,5
0.0,152.0,80.0,,1.9744495782414304,4
0.0,153.0,80.0,,1.9466297728739261,4
0.0,154.0,80.0,,1.9194101222314863,4
0.0,155.0,80.0,,1.8927915424229635,4
0.0,156.0,80.0,,1.8667316489244177,4
0.0,157.0,80.0,,1.841192303862832,4
0.0,158.0,80.0,,1.8162454811563684,4
0.0,159.0,80.0,,1.7917375082621232,4
0.0,160.0,80.0,,1.767778276265613,4
0.0,161.0,80.0,,1.7442972679289193,4
0.0,162.0,80.0,,1.7212869523859309,4
0.0,163.0,80.0,,1.6987366031218696,4
0.0,164.0,80.0,,1.676621738039597,4
0.0,165.0,80.0,,1.654955527797353,4
0.0,166.0,80.0,,1.6337081402190428,4
0.0,167.0,80.0,,1.612878066865439,4
0.0,168.0,80.0,,1.5924835052406183,4
0.0,169.0,80.0,,1.5724826575170596,4
0.0,170.0,80.0,,,1
0.0,171.0,80.0,,,1
0.0,172.0,80.0,,,1
0.0,173.0,80.0,,,1
0.0,174.0,80.0,,,1
0.0,175.0,80.0,,,1
0.0,176.0,80.0,,,1
0.0,177.0,80.0,,,1
0.0,178.0,80.0,,,1
0.0,179.0,80.0,,,1
0.0,180.0,80.0,,,1
0.0,130.0,84.0,,2.827357719927191,6
0.0,131.0,84.0,,2.778868827443015,6
0.0,132.0,84.0,,2.7316717072844403,6
0.0,133.0,84.0,,2.6857102374383532,6
0.0,134.0,84.0,,2.640872227078913,6
0.0,135.0,84.0,,2.597234310408338,6
0.0,136.0,84.0,,2.554715572993198,6
0.0,137.0,84.0,,2.5132326834767595,6
0.0,138.0,84.0,,2.472827904656237,6
0.0,139.0,84.0,,2.4333238995263278,6
0.0,140.0,84.0,,2.3948816739142353,6
0.0,141.0,84.0,,2.3573335799736257,6
0.0,142.0,84.0,,2.3206786173850866,6
0.0,143.0,84.0,,2.2848797404275905,6
0.0,144.0,84.0,,2.2499602646502406,6
0.0,145.0,84.0,118.95712681977282,2.215832553554154,5
0.0,146.0,84.0,117.4683948040915,2.1824824708443535,5
0.0,147.0,84.0,115.94735028076364,2.149960631516272,5
0.0,148.0,84.0,114.39287780254254,2.11815291996053,5
0.0,149.0,84.0,112.80456833495943,2.0870654196279856,5
0.0,150.0,84.0,111.18141752437724,2.0566622728623547,5
0.0,151.0,84.0,109.52242926853125,2.026946191636945,5
0.0,152.0,84.0,,1.9979017222497613,4
0.0,153.0,84.0,,1.9694405708526914,4
0.0,154.0,84.0,,1.9416390956531648,4
0.0,155.0,84.0,,1.9144321311919008,4
0.0,156.0,84.0,,1.88778175614405,4
0.0,157.0,84.0,,1.861710598202838,4
0.0,158.0,84.0,,1.8362004516632078,4
0.0,159.0,84.0,,1.8112140751000116,4
0.0,160.0,84.0,,1.7867512455501569,4
0.0,161.0,84.0,,1.7627998042227617,4
0.0,162.0,84.0,,1.739342852429924,4
0.0,163.0,84.0,,1.716361365556605,4
0.0,164.0,84.0,,1.6938231752907507,4
0.0,165.0,84.0,,1.6717680124586913,4
0.0,166.0,84.0,,1.6501114739943672,4
0.0,167.0,84.0,,1.6288910767093188,4
0.0,168.0,84.0,,1.6081006821844162,4
0.0,169.0,84.0,,1.5876878753207633,4
0.0,170.0,84.0,,1.5676712987086392,4
0.0,171.0,84.0,,,1
0.0,172.0,84.0,,,1
0.0,173.0,84.0,,,1
0.0,174.0,84.0,,,1
0.0,175.0,84.0,,,1
0.0,176.0,84.0,,,1
0.0,177.0,84.0,,,1
0.0,178.0,84.0,,,1
0.0,179.0,84.0,,,1
0.0,180.0,84.0,,,1
0.0,130.0,88.0,,2.8739186643077828,6
0.0,131.0,88.0,,2.8239824267112996,6
0.0,132.0,88.0,,2.775417803160954,6
0.0,133.0,88.0,,2.7280918173369346,6
0.0,134.0,88.0,,2.6820655155932425,6
0.0,135.0,88.0,,2.637221615473882,6
0.0,136.0,88.0,,2.59350033261708,6
0.0,137.0,88.0,,2.550847046385476,6
0.0,138.0,88.0,,2.5093830040889205,6
0.0,139.0,88.0,,2.4688070366408557,6
0.0,140.0,88.0,,2.429304621987412,6
0.0,141.0,88.0,,2.390708530004227,6
0.0,142.0,88.0,,2.3531644461661267,6
0.0,143.0,88.0,,2.3164503516455626,6
0.0,144.0,88.0,,2.280670600171645,6
0.0,145.0,88.0,122.48732371217585,2.245729817052517,5
0.0,146.0,88.0,121.0823300908167,2.21159763643833,5
0.0,147.0,88.0,119.64648338395581,2.1782264642676266,5
0.0,148.0,88.0,118.17875718892704,2.145632592965007,5
0.0,149.0,88.0,116.67828498732361,2.113824687593948,5
0.0,150.0,88.0,115.14362646705948,2.082670396112995,5
0.0,151.0,88.0,113.57512982039033,2.0522750418378686,5
0.0,152.0,88.0,111.97009977339508,2.022575553620587,5
0.0,153.0,88.0,,1.9934516830241487,4
0.0,154.0,88.0,,1.9650115558793357,4
0.0,155.0,88.0,,1.9372223889883426,4
0.0,156.0,88.0,,1.909972229676689,4
0.0,157.0,88.0,,1.883358006041647,4
0.0,158.0,88.0,,1.8572863463189417,4
0.0,159.0,88.0,,1.8317515789733827,4
0.0,160.0,88.0,,1.8067773363359971,4
0.0,161.0,88.0,,1.7823004494032013,4
0.0,162.0,88.0,,1.7583567618151141,4
0.0,163.0,88.0,,1.7348706024655758,4
0.0,164.0,88.0,,1.7118795149892103,4
0.0,165.0,88.0,,1.6893622226958986,4
0.0,166.0,88.0,,1.667312107983448,4
0.0,167.0,88.0,,1.6456867526637027,4
0.0,168.0,88.0,,1.6245051128738879,4
0.0,169.0,88.0,,1.6037172029929445,4
0.0,170.0,88.0,,1.5833376463256637,4
0.0,171.0,88.0,,1.5633369059248088,4
0.0,172.0,88.0,,,1
0.0,173.0,88.0,,,1
0.0,174.0,88.0,,,1
0.0,175.0,88.0,,,1
0.0,176.0,88.0,,,1
0.0,177.0,88.0,,,1
0.0,178.0,88.0,,,1
0.0,179.0,88.0,,,1
0.0,180.0,88.0,,,1
0.0,130.0,92.0,,2.9227599003758855,6
0.0,131.0,92.0,,2.8712821353711564,6
0.0,132.0,92.0,,2.821293633921322,6
0.0,133.0,92.0,,2.7725531876630503,6
0.0,134.0,92.0,,2.725223938041549,6
0.0,135.0,92.0,,2.6791133729910794,6
0.0,136.0,92.0,,2.634126361404727,6
0.0,137.0,92.0,,2.5902664595044236,6
0.0,138.0,92.0,,2.5475907352433316,6
0.0,139.0,92.0,,2.505932102042818,6
0.0,140.0,92.0,,2.465397367748764,6
0.0,141.0,92.0,,2.4258392904945154,6
0.0,142.0,92.0,,2.387250319385378,6
0.0,143.0,92.0,,2.349604952619133,6
0.0,144.0,92.0,,2.312921746084661,6
0.0,145.0,92.0,126.79856016705884,2.276983102504574,5
0.0,146.0,92.0,125.4662343725329,2.242051585730112,5
0.0,147.0,92.0,124.1038679486843,2.2078322212129518,5
0.0,148.0,92.0,122.71114002283235,2.1744194027493657,5
0.0,149.0,92.0,121.28558018106834,2.1418147916243875,5
0.0,150.0,92.0,119.82767947481435,2.109933675540028,5
0.0,151.0,92.0,118.33573315957904,2.0788118179119617,5
0.0,152.0,92.0,116.80835150402649,2.048316763918086,5
0.0,153.0,92.0,115.24361416840388,2.018580861365731,5
0.0,154.0,92.0,,1.9895035387382507,4
0.0,155.0,92.0,,1.9610367477549437,4
0.0,156.0,92.0,,1.9332301566866457,4
0.0,157.0,92.0,,1.9059721445164353,4
0.0,158.0,92.0,,1.8793352786569626,4
0.0,159.0,92.0,,1.853263313554909,4
0.0,160.0,92.0,,1.8277587634353918,4
0.0,161.0,92.0,,1.8027746872259842,4
0.0,162.0,92.0,,1.778307443347902,4
0.0,163.0,92.0,,1.754350226193539,4
0.0,164.0,92.0,,1.7308871930377825,4
0.0,165.0,92.0,,1.7079108043325315,4
0.0,166.0,92.0,,1.6853773853693643,4
0.0,167.0,92.0,,1.6633157103572769,4
0.0,168.0,92.0,,1.6416881053151802,4
0.0,169.0,92.0,,1.6204648371902075,4
0.0,170.0,92.0,,1.5996981270629738,4
0.0,171.0,92.0,,1.579343196387247,4
0.0,172.0,92.0,,1.559365181804841,4
0.0,173.0,92.0,,,1
0.0,174.0,92.0,,,1
0.0,175.0,92.0,,,1
0.0,176.0,92.0,,,1
0.0,177.0,92.0,,,1
0.0,178.0,92.0,,,1
0.0,179.0,92.0,,,1
0.0,180.0,92.0,,,1
0.0,130.0,96.0,,2.973686886472003,6
0.0,131.0,96.0,,2.920709390126998,6
0.0,132.0,96.0,,2.8692127073965685,6
0.0,133.0,96.0,,2.818970969994366,6
0.0,134.0,96.0,,2.770240868574967,6
0.0,135.0,96.0,,2.7228230656839796,6
0.0,136.0,96.0,,2.676491757305484,6
0.0,137.0,96.0,,2.6314571317381907,6
0.0,138.0,96.0,,2.5875522658533603,6
0.0,139.0,96.0,,2.544775428040654,6
0.0,140.0,96.0,,2.5031309124773453,6
0.0,141.0,96.0,,2.462527526290896,6
0.0,142.0,96.0,,2.4228622427345745,6
0.0,143.0,96.0,,2.3842409908813575,6
0.0,144.0,96.0,,2.3466065288910225,6
0.0,145.0,96.0,131.81254868656887,2.309808856996309,5
0.0,146.0,96.0,130.54286749941014,2.2738235624953966,5
0.0,147.0,96.0,129.2446362957402,2.238722252649276,5
0.0,148.0,96.0,127.9159980190749,2.2044904492081225,5
0.0,149.0,96.0,126.55627662526899,2.171079713901581,5
0.0,150.0,96.0,125.16433452208548,2.1384232998891313,5
0.0,151.0,96.0,123.7389868397816,2.106524534350909,5
0.0,152.0,96.0,122.27840184313273,2.075321052093201,5
0.0,153.0,96.0,120.7811566820749,2.0448906597642607,5
0.0,154.0,96.0,119.2450713049571,2.0151037285162325,5
0.0,155.0,96.0,,1.985984190791084,4
0.0,156.0,96.0,,1.957505909587173,4
0.0,157.0,96.0,,1.9296713349165984,4
0.0,158.0,96.0,,1.9024241966869246,4
0.0,159.0,96.0,,1.8757335080597948,4
0.0,160.0,96.0,,1.8496756959775182,4
0.0,161.0,96.0,,1.824126826798366,4
0.0,162.0,96.0,,1.7991534059823946,4
0.0,163.0,96.0,,1.7746865308800142,4
0.0,164.0,96.0,,1.7507197352014674,4
0.0,165.0,96.0,,1.727264520378844,4
0.0,166.0,96.0,,1.7042944008622687,4
0.0,167.0,96.0,,1.681769028055155,4
0.0,168.0,96.0,,1.6596917292977522,4
0.0,169.0,96.0,,1.6380829138756923,4
0.0,170.0,96.0,,1.6168838773007217,4
0.0,171.0,96.0,,1.596101453498574,4
0.0,172.0,96.0,,1.5757132930900366,4
0.0,173.0,96.0,,1.5557370068639265,4
0.0,174.0,96.0,,,1
0.0,175.0,96.0,,,1
0.0,176.0,96.0,,,1
0.0,177.0,96.0,,,1
0.0,178.0,96.0,,,1
0.0,179.0,96.0,,,1
0.0,180.0,96.0,,,1
0.0,130.0,100.0,,3.026710681787435,6
0.0,131.0,100.0,,2.9720802745438752,6
0.0,132.0,100.0,,2.9189179012217394,6
0.0,133.0,100.0,,2.8674313594076164,6
0.0,134.0,100.0,,2.817132221263796,6
0.0,135.0,100.0,,2.7683482613686343,6
0.0,136.0,100.0,,2.720671153464269,6
0.0,137.0,100.0,,2.6744103323074393,6
0.0,138.0,100.0,,2.629211847743001,6
0.0,139.0,100.0,,2.585373596180833,6
0.0,140.0,100.0,,2.5424215545770044,6
0.0,141.0,100.0,,2.5007380838843347,6
0.0,142.0,100.0,,2.459993266247226,6
0.0,143.0,100.0,,2.4203642794879525,6
0.0,144.0,100.0,,2.381607651220351,6
0.0,145.0,100.0,137.46900300167843,2.343881790264274,5
0.0,146.0,100.0,136.254733679435,2.306962733622715,5
0.0,147.0,100.0,135.0120185878417,2.2710204059864103,5
0.0,148.0,100.0,133.73984453240385,2.2359646838087626,5
0.0,149.0,100.0,132.43714151992813,2.2016794282137147,5
0.0,150.0,100.0,131.1022539765504,2.168228088457885,5
0.0,151.0,100.0,129.73514460023043,2.1355491887426714,5
0.0,152.0,100.0,128.33287217276182,2.1036034575689495,5
0.0,153.0,100.0,126.89403191677576,2.0724071718503456,5
0.0,154.0,100.0,125.41644366597194,2.0419069871895035,5
0.0,155.0,100.0,123.89762184346017,2.012081949417127,5
0.0,156.0,100.0,,1.982935243809304,4
0.0,157.0,100.0,,1.9544232844456921,4
0.0,158.0,100.0,,1.9265824707865995,4
0.0,159.0,100.0,,1.899287324494113,4
0.0,160.0,100.0,,1.8725742805868617,4
0.0,161.0,100.0,,1.8464939035305816,4
0.0,162.0,100.0,,1.8209420481276033,4
0.0,163.0,100.0,,1.795934324881056,4
0.0,164.0,100.0,,1.7714557089999836,4
0.0,165.0,100.0,,1.7474657839751262,4
0.0,166.0,100.0,,1.7240002284894993,4
0.0,167.0,100.0,,1.7009902907195233,4
0.0,168.0,100.0,,1.678478538644355,4
0.0,169.0,100.0,,1.6564229360353193,4
0.0,170.0,100.0,,1.6348150648049093,4
0.0,171.0,100.0,,1.6136158576321364,4
0.0,172.0,100.0,,1.5928352122366518,4
0.0,173.0,100.0,,1.572456062125234,4
0.0,174.0,100.0,,1.5524809015396002,4
0.0,175.0,100.0,,,1
0.0,176.0,100.0,,,1
0.0,177.0,100.0,,,1
0.0,178.0,100.0,,,1
0.0,179.0,100.0,,,1
0.0,180.0,100.0,,,1
0.0,130.0,104.0,,3.0817436425502995,6
0.0,131.0,104.0,,3.025541690906694,6
0.0,132.0,104.0,,2.9706224324138666,6
0.0,133.0,104.0,,2.917612184475498,6
0.0,134.0,104.0,,2.865905779512457,6
0.0,135.0,104.0,,2.815627907929609,6
0.0,136.0,104.0,,2.7666391965458215,6
0.0,137.0,104.0,,2.7190348311868915,6
0.0,138.0,104.0,,2.6726206668625756,6
0.0,139.0,104.0,,2.6273769085781837,6
0.0,140.0,104.0,,2.58337372183766,6
0.0,141.0,104.0,,2.540515343068901,6
0.0,142.0,104.0,,2.4986636698613607,6
0.0,143.0,104.0,,2.457904603990488,6
0.0,144.0,104.0,,2.4180827344134395,6
0.0,145.0,104.0,143.72121733413067,2.3793363566659713,5
0.0,146.0,104.0,142.5556737473954,2.341548426649822,5
0.0,147.0,104.0,141.36217745708436,2.3047163315649564,5
0.0,148.0,104.0,140.1397286625334,2.2686668927814875,5
0.0,149.0,104.0,138.88672954409583,2.233524346948505,5
0.0,150.0,104.0,137.60353548446713,2.1992153779327848,5
0.0,151.0,104.0,136.28671155580815,2.165714010772066,5
0.0,152.0,104.0,134.93563285274638,2.132972956915475,5
0.0,153.0,104.0,133.5482046263606,2.1010009435522714,5
0.0,154.0,104.0,132.12220370744453,2.0697421087950905,5
0.0,155.0,104.0,130.65490257550843,2.0392163290284033,5
0.0,156.0,104.0,129.14371128733563,2.0093570042831868,5
0.0,157.0,104.0,,1.9802071938113839,4
0.0,158.0,104.0,,1.951683743265742,4
0.0,159.0,104.0,,1.9237753582937591,4
0.0,160.0,104.0,,1.8964796814367377,4
0.0,161.0,104.0,,1.8698056303602066,4
0.0,162.0,104.0,,1.8436797428167628,4
0.0,163.0,104.0,,1.8180966892944668,4
0.0,164.0,104.0,,1.7930907596656371,4
0.0,165.0,104.0,,1.768572648746383,4
0.0,166.0,104.0,,1.74457063386821,4
0.0,167.0,104.0,,1.7210971852005552,4
0.0,168.0,104.0,,1.698083001105795,4
0.0,169.0,104.0,,1.6755271726859038,4
0.0,170.0,104.0,,1.653445407724445,4
0.0,171.0,104.0,,1.6318056195744677,4
0.0,172.0,104.0,,1.6106283665645513,4
0.0,173.0,104.0,,1.589862541442067,4
0.0,174.0,104.0,,1.569477961167228,4
0.0,175.0,104.0,,1.5495178637832947,4
0.0,176.0,104.0,,,1
0.0,177.0,104.0,,,1
0.0,178.0,104.0,,,1
0.0,179.0,104.0,,,1
0.0,180.0,104.0,,,1
0.0,130.0,108.0,,3.138532371310459,6
0.0,131.0,108.0,,3.080765513751677,6
0.0,132.0,108.0,,3.0243178228198135,6
0.0,133.0,108.0,,2.969659883431262,6
0.0,134.0,108.0,,2.9165296542212507,6
0.0,135.0,108.0,,2.8646437364314763,6
0.0,136.0,108.0,,2.8142332453085595,6
0.0,137.0,108.0,,2.7652098287169884,6
0.0,138.0,108.0,,2.7174502057495156,6
0.0,139.0,108.0,,2.671068680449662,6
0.0,140.0,108.0,,2.6257917234640114,6
0.0,141.0,108.0,,2.5816831497522608,6
0.0,142.0,108.0,,2.5387673826367188,6
0.0,143.0,108.0,,2.4967935657044222,6
0.0,144.0,108.0,,2.456011747885269,6
0.0,145.0,108.0,150.53293276776293,2.41622861398082,5
0.0,146.0,108.0,149.41063146745623,2.3774099698080264,5
0.0,147.0,108.0,148.26085632128502,2.339564266239549,5
0.0,148.0,108.0,147.08298240780576,2.302598133001022,5
0.0,149.0,108.0,145.87433612867557,2.2665629381294066,5
0.0,150.0,108.0,144.6357364520108,2.231357198465353,5
0.0,151.0,108.0,143.3644009709661,2.197001344390818,5
0.0,152.0,108.0,142.0587547286545,2.163471459590314,5
0.0,153.0,108.0,140.71747988738682,2.130692990933496,5
0.0,154.0,108.0,139.33762272616246,2.0986917352940386,5
0.0,155.0,108.0,137.91691935170869,2.0674041411524313,5
0.0,156.0,108.0,136.31960125820754,2.0368131429381138,5
0.0,157.0,108.0,134.2937511172617,2.006958414672265,5
0.0,158.0,108.0,,1.9777390377593633,4
0.0,159.0,108.0,,1.9491695794887813,4
0.0,160.0,108.0,,1.9212822594904464,4
0.0,161.0,108.0,,1.8939489142867256,4
0.0,162.0,108.0,,1.867240115991841,4
0.0,163.0,108.0,,1.8410983128896568,4
0.0,164.0,108.0,,1.8155186802954004,4
0.0,165.0,108.0,,1.7904736585550023,4
0.0,166.0,108.0,,1.7659639201804576,4
0.0,167.0,108.0,,1.7419790305979852,4
0.0,168.0,108.0,,1.7184815045732575,4
0.0,169.0,108.0,,1.6954579048683593,4
0.0,170.0,108.0,,1.6728918754585433,4
0.0,171.0,108.0,,1.6508071599769125,4
0.0,172.0,108.0,,1.6291641237448873,4
0.0,173.0,108.0,,1.6079310097542887,4
0.0,174.0,108.0,,1.587129216786958,4
0.0,175.0,108.0,,1.5667584655446385,4
0.0,176.0,108.0,,1.546803610960325,4
0.0,177.0,108.0,,,1
0.0,178.0,108.0,,,1
0.0,179.0,108.0,,,1
0.0,180.0,108.0,,,1
0.0,130.0,112.0,,3.197307732789936,6
0.0,131.0,112.0,,3.137672632937135,6
0.0,132.0,112.0,,3.0796401090432735,6
0.0,133.0,112.0,,3.0233665063651403,6
0.0,134.0,112.0,,2.9685923210444956,6
0.0,135.0,112.0,,2.91520771644824,6
0.0,136.0,112.0,,2.8634522827528914,6
0.0,137.0,112.0,,2.8129698062473723,6
0.0,138.0,112.0,,2.763913250514071,6
0.0,139.0,112.0,,2.7161894172360257,6
0.0,140.0,112.0,,2.669630702615053,6
0.0,141.0,112.0,,2.62429639445995,6
0.0,142.0,112.0,,2.5801639447098124,6
0.0,143.0,112.0,,2.537115245160219,6
0.0,144.0,112.0,,2.4952254197698305,6
0.0,145.0,112.0,157.87575187336935,2.4544638110320425,5
0.0,146.0,112.0,156.79165161242435,2.4145514942383195,5
0.0,147.0,112.0,155.68107737633116,2.375711521076127,5
0.0,148.0,112.0,154.54231634292273,2.3378000856544077,5
0.0,149.0,112.0,153.1174108096753,2.3008053582154906,5
0.0,150.0,112.0,151.4542073460413,2.2646740215357455,5
0.0,151.0,112.0,149.74832508396565,2.2294682695321923,5
0.0,152.0,112.0,147.9980015978515,2.1950238968310973,5
0.0,153.0,112.0,146.2022461405996,2.161439688792408,5
0.0,154.0,112.0,144.35948429497378,2.1286653756301797,5
0.0,155.0,112.0,142.46796220058377,2.0966099223964227,5
0.0,156.0,112.0,140.52738156835758,2.065327949108066,5
0.0,157.0,112.0,138.53473617614955,2.03471214156003,5
0.0,158.0,112.0,136.4889431370531,2.0047994643824416,5
0.0,159.0,112.0,,1.9755809835713312,4
0.0,160.0,112.0,,1.9470262510509198,4
0.0,161.0,112.0,,1.9190640128180516,4
0.0,162.0,112.0,,1.8917289114573792,4
0.0,163.0,112.0,,1.8649606415661804,4
0.0,164.0,112.0,,1.8388046382860856,4
0.0,165.0,112.0,,1.813192831272825,4
0.0,166.0,112.0,,1.788133320448992,4
0.0,167.0,112.0,,1.763609269963806,4
0.0,168.0,112.0,,1.7395977897290191,4
0.0,169.0,112.0,,1.7160754751294827,4
0.0,170.0,112.0,,1.69307413243329,4
0.0,171.0,112.0,,1.6705161681923175,4
0.0,172.0,112.0,,1.648412503705266,4
0.0,173.0,112.0,,1.626763865129529,4
0.0,174.0,112.0,,1.6055341509330623,4
0.0,175.0,112.0,,1.584723838128182,4
0.0,176.0,112.0,,1.5643326179955013,4
0.0,177.0,112.0,,1.5443280594934354,4
0.0,178.0,112.0,,,1
0.0,179.0,112.0,,,1
0.0,180.0,112.0,,,1
0.0,130.0,116.0,,3.2577352059610907,6
0.0,131.0,116.0,,3.1962137552455676,6
0.0,132.0,116.0,,3.1365130773745613,6
0.0,133.0,116.0,,3.0784857453692234,6
0.0,134.0,116.0,,3.0222703727290003,6
0.0,135.0,116.0,,2.967295242467145,6
0.0,136.0,116.0,,2.9141081713726464,6
0.0,137.0,116.0,,2.8621242219592435,6
0.0,138.0,116.0,,2.8117711332669466,6
0.0,139.0,116.0,,2.762638504710003,6
0.0,140.0,116.0,,2.7149031801707975,6
0.0,141.0,116.0,,2.6682051379845935,6
0.0,142.0,116.0,,2.622919802868638,6
0.0,143.0,116.0,,2.57875550399118,6
0.0,144.0,116.0,,2.5357992484109473,6
0.0,145.0,116.0,163.39995306969575,2.493773874341659,5
0.0,146.0,116.0,161.91709115618272,2.452910939513855,5
0.0,147.0,116.0,160.39584773088794,2.413042400732135,5
0.0,148.0,116.0,158.8358185344126,2.3740783446618012,5
0.0,149.0,116.0,157.23595599279926,2.336172943332993,5
0.0,150.0,116.0,155.59522781888504,2.299085739505115,5
0.0,151.0,116.0,153.91234983481183,2.2629939419908998,5
0.0,152.0,116.0,152.18627869460477,2.227762646525142,5
0.0,153.0,116.0,150.41572099873954,2.193315204531997,5
0.0,154.0,116.0,148.59945502014318,2.1597337658545777,5
0.0,155.0,116.0,146.73585977669225,2.126869993728813,5
0.0,156.0,116.0,144.8237179145274,2.0948145802745697,5
0.0,157.0,116.0,142.8614446418052,2.0634882560175183,5
0.0,158.0,116.0,140.8475158901149,2.0328426920133866,5
0.0,159.0,116.0,138.77993560239477,2.0029160495364215,5
0.0,160.0,116.0,,1.9736682723728045,4
0.0,161.0,116.0,,1.945085968691436,4
0.0,162.0,116.0,,1.9171046275689685,4
0.0,163.0,116.0,,1.8897603606159794,4
0.0,164.0,116.0,,1.8629933106740457,4
0.0,165.0,116.0,,1.8367947781770715,4
0.0,166.0,116.0,,1.811149003962085,4
0.0,167.0,116.0,,1.7860711000164473,4
0.0,168.0,116.0,,1.7615021998561753,4
0.0,169.0,116.0,,1.7374879530455105,4
0.0,170.0,116.0,,1.7139348789031428,4
0.0,171.0,116.0,,1.690899480256806,4
0.0,172.0,116.0,,1.6683296229352806,4
0.0,173.0,116.0,,1.646214369992784,4
0.0,174.0,116.0,,1.6245786812380856,4
0.0,175.0,116.0,,1.6033358301632132,4
0.0,176.0,116.0,,1.5825423993972714,4
0.0,177.0,116.0,,1.5621458828883077,4
0.0,178.0,116.0,,1.5421374012607583,4
0.0,179.0,116.0,,1.522525193776536,4
0.0,180.0,116.0,,,1
0.0,130.0,120.0,,3.3196102243190317,6
0.0,131.0,120.0,,3.2562465439401653,6
0.0,132.0,120.0,,3.1949778332780134,6
0.0,133.0,120.0,,3.135148415094207,6
0.0,134.0,120.0,,3.077427533128805,6
0.0,135.0,120.0,,3.020932082918977,6
0.0,136.0,120.0,,2.9661466438076367,6
0.0,137.0,120.0,,2.9128348992356083,6
0.0,138.0,120.0,,2.8610313390084032,6
0.0,139.0,120.0,,2.8105286490830097,6
0.0,140.0,120.0,,2.7614164795369853,6
0.0,141.0,120.0,,2.7135089018667715,6
0.0,142.0,120.0,,2.667050124060212,6
0.0,143.0,120.0,,2.6217019873652454,6
0.0,144.0,120.0,,2.577466406343613,6
0.0,145.0,120.0,167.5278042810242,2.5343944177340743,5
0.0,146.0,120.0,166.06299542528498,2.492463381799517,5
0.0,147.0,120.0,164.5612078438554,2.451456317474119,5
0.0,148.0,120.0,163.0212839189549,2.4115789519400717,5
0.0,149.0,120.0,161.4423484184477,2.3726015647666054,5
0.0,150.0,120.0,159.8239885049616,2.3346554818236225,5
0.0,151.0,120.0,158.1633167574357,2.2976367955766444,5
0.0,152.0,120.0,156.46102641201918,2.2614655197916753,5
0.0,153.0,120.0,154.71512951196905,2.2262156091703034,5
0.0,154.0,120.0,152.9243102325526,2.1917800269347856,5
0.0,155.0,120.0,151.08801131888129,2.1581212674126506,5
0.0,156.0,120.0,149.20416870862638,2.1252564165990897,5
0.0,157.0,120.0,147.2713140010832,2.0931630127941365,5
0.0,158.0,120.0,145.28789546841452,2.06183577180312,5
0.0,159.0,120.0,143.2530557347752,2.031161715380528,5
0.0,160.0,120.0,141.16440288217564,2.0012053093021187,5
0.0,161.0,120.0,,1.9719304270374431,4
0.0,162.0,120.0,,1.9433132302427043,4
0.0,163.0,120.0,,1.9153015378498974,4
0.0,164.0,120.0,,1.8879287750328295,4
0.0,165.0,120.0,,1.8611560806176828,4
0.0,166.0,120.0,,1.8349409268371637,4
0.0,167.0,120.0,,1.8092956437086039,4
0.0,168.0,120.0,,1.7842191374076968,4
0.0,169.0,120.0,,1.7596448798597508,4
0.0,170.0,120.0,,1.7355812928664152,4
0.0,171.0,120.0,,1.7120259800141733,4
0.0,172.0,120.0,,1.688961088814551,4
0.0,173.0,120.0,,1.6663559599330262,4
0.0,174.0,120.0,,1.6442469084209292,4
0.0,175.0,120.0,,1.6225542636816719,4
0.0,176.0,120.0,,1.6013166070873133,4
0.0,177.0,120.0,,1.5805098840874467,4
0.0,178.0,120.0,,1.5601276729409708,4
0.0,179.0,120.0,,1.5401190734909465,4
0.0,180.0,120.0,,1.5205151757586581,4
0.0,130.0,124.0,,3.3827490791126262,6
0.0,131.0,124.0,,3.3176577852212983,6
0.0,132.0,124.0,,3.254625691568855,6
0.0,133.0,124.0,,3.193364797395043,6
0.0,134.0,124.0,,3.133728650276785,6
0.0,135.0,124.0,,3.075783521917988,6
0.0,136.0,124.0,,3.0194233015542755,6
0.0,137.0,124.0,,2.9647166383353425,6
0.0,138.0,124.0,,2.9114865491626247,6
0.0,139.0,124.0,,2.8596561743773914,6
0.0,140.0,124.0,,2.8091801867688986,6
0.0,141.0,124.0,,2.7600622294709587,6
0.0,142.0,124.0,,2.7122022960467085,6
0.0,143.0,124.0,,2.665666862567137,6
0.0,144.0,124.0,,2.620302488346686,6
0.0,145.0,124.0,171.74171234612356,2.5761001951207314,5
0.0,146.0,124.0,170.29518702440635,2.533012934113364,5
0.0,147.0,124.0,168.81229184302552,2.4909506309605285,5
0.0,148.0,124.0,167.29277237581616,2.4500856442823373,5
0.0,149.0,124.0,165.73391046996227,2.41019295981349,5
0.0,150.0,124.0,164.136421862745,2.3713168174896584,5
0.0,151.0,124.0,162.49854607192796,2.333272953056822,5
0.0,152.0,124.0,160.81920413856668,2.2962228771696496,5
0.0,153.0,124.0,159.09770169288606,2.2600571199970023,5
0.0,154.0,124.0,157.3324393370557,2.224729651157456,5
0.0,155.0,124.0,155.5221295190977,2.1902901016460627,5
0.0,156.0,124.0,153.66559327055708,2.1566619342903346,5
0.0,157.0,124.0,151.76169138907267,2.123738111285015,5
0.0,158.0,124.0,149.80854569433504,2.091599937228254,5
0.0,159.0,124.0,147.8048323619202,2.0602115509865695,5
0.0,160.0,124.0,145.748915441423,2.029549638333765,5
0.0,161.0,124.0,,1.9995812352337665,4
0.0,162.0,124.0,,1.9702917094832193,4
0.0,163.0,124.0,,1.9416442333424104,4
0.0,164.0,124.0,,1.9136545559000528,4
0.0,165.0,124.0,,1.8862383869980235,4
0.0,166.0,124.0,,1.8594642393735115,4
0.0,167.0,124.0,,1.8332634810606132,4
0.0,168.0,124.0,,1.8075895548052667,4
0.0,169.0,124.0,,1.7824851636553074,4
0.0,170.0,124.0,,1.7578979362102118,4
0.0,171.0,124.0,,1.7338586650115007,4
0.0,172.0,124.0,,1.7102797706618509,4
0.0,173.0,124.0,,1.6872113906158468,4
0.0,174.0,124.0,,1.6646132662668573,4
0.0,175.0,124.0,,1.6424507075668258,4
0.0,176.0,124.0,,1.620761020598332,4
0.0,177.0,124.0,,1.5994939065667366,4
0.0,178.0,124.0,,1.578652332149604,4
0.0,179.0,124.0,,1.5582617776526293,4
0.0,180.0,124.0,,1.538263049921785,4
0.0,130.0,128.0,,3.447139450077746,6
0.0,131.0,128.0,,3.380198474091486,6
0.0,132.0,128.0,,3.3155365937610854,6
0.0,133.0,128.0,,3.2525290910412923,6
0.0,134.0,128.0,,3.1913681335660224,6
0.0,135.0,128.0,,3.1318438571871727,6
0.0,136.0,128.0,,3.0739771528080544,6
0.0,137.0,128.0,,3.0177557234357457,6
0.0,138.0,128.0,,2.963027013465703,6
0.0,139.0,128.0,,2.909806621784277,6
0.0,140.0,128.0,,2.8579684183392344,6
0.0,141.0,128.0,,2.8075877066259536,6
0.0,142.0,128.0,,2.7585490683007254,6
0.0,143.0,128.0,,2.7108003320417704,6
0.0,144.0,128.0,,2.664210123635392,6
0.0,145.0,128.0,176.03936240748502,2.6188963781034382,5
0.0,146.0,128.0,174.61145270357704,2.574668205641552,5
0.0,147.0,128.0,173.14697907830586,2.5315692140407564,5
0.0,148.0,128.0,171.64626075778625,2.4896651453018674,5
0.0,149.0,128.0,170.1080464918619,2.448682874749816,5
0.0,150.0,128.0,168.53130412439074,2.4089067802151876,5
0.0,151.0,128.0,166.91566222796638,2.3698731391064247,5
0.0,152.0,128.0,165.25898032285792,2.331899350129782,5
0.0,153.0,128.0,163.5608900874305,2.2948077749211775,5
0.0,154.0,128.0,161.82009807952716,2.25863494717419,5
0.0,155.0,128.0,160.0349107691786,2.2233092664632355,5
0.0,156.0,128.0,158.20575728822962,2.1888355637007484,5
0.0,157.0,128.0,156.32969509621464,2.1551375505264168,5
0.0,158.0,128.0,154.40571381910354,2.1222616908041263,5
0.0,159.0,128.0,152.43201200830802,2.0901288981730763,5
0.0,160.0,128.0,150.40872448012618,2.058747295613072,5
0.0,161.0,128.0,148.33261943163728,2.028094241370969,5
0.0,162.0,128.0,,1.9980977386277086,4
0.0,163.0,128.0,,1.9688153167374536,4
0.0,164.0,128.0,,1.9401319470341714,4
0.0,165.0,128.0,,1.912128055491612,4
0.0,166.0,128.0,,1.8847366843342515,4
0.0,167.0,128.0,,1.8579042388748241,4
0.0,168.0,128.0,,1.8316474011918984,4
0.0,169.0,128.0,,1.8059816677765221,4
0.0,170.0,128.0,,1.7808610313372952,4
0.0,171.0,128.0,,1.756298771915799,4
0.0,172.0,128.0,,1.732229618513441,4
0.0,173.0,128.0,,1.7086659604784482,4
0.0,174.0,128.0,,1.6855855042849583,4
0.0,175.0,128.0,,1.6629633653288762,4
0.0,176.0,128.0,,1.64084540902499,4
0.0,177.0,128.0,,1.6191294722572058,4
0.0,178.0,128.0,,1.5978555869797961,4
0.0,179.0,128.0,,1.5770071684389235,4
0.0,180.0,128.0,,1.55657520113027,4
0.0,130.0,132.0,,3.5125520558594006,6
0.0,131.0,132.0,,3.4438433136140425,6
0.0,132.0,132.0,,3.3774867883125212,6
0.0,133.0,132.0,,3.3127535534287946,6
0.0,134.0,132.0,,3.2500150740720892,6
0.0,135.0,132.0,,3.1889689364480542,6
0.0,136.0,132.0,,3.1295641480143233,6
0.0,137.0,132.0,,3.0720116769231804,6
0.0,138.0,132.0,,3.0156568764397127,6
0.0,139.0,132.0,,2.961039110328842,6
0.0,140.0,132.0,,2.9078607023504004,6
0.0,141.0,132.0,,2.8563115259392187,6
0.0,142.0,132.0,,2.805935306410313,6
0.0,143.0,132.0,,2.75686730294926,6
0.0,144.0,132.0,,2.7090978218530286,6
0.0,145.0,132.0,180.41909605194303,2.6625820697270086,5
0.0,146.0,132.0,179.00824859542672,2.617278679803097,5
0.0,147.0,132.0,177.56238936830988,2.5731721118622057,5
0.0,148.0,132.0,176.08053659328266,2.5301151797461925,5
0.0,149.0,132.0,174.56264005567692,2.4881918458910732,5
0.0,150.0,132.0,173.0062546567192,2.4472625976521596,5
0.0,151.0,132.0,171.4115107637292,2.4073902882609732,5
0.0,152.0,132.0,169.77712680098162,2.368452298535563,5
0.0,153.0,132.0,168.10181029320935,2.330448211379518,5
0.0,154.0,132.0,166.38537749672685,2.2934123698857056,5
0.0,155.0,132.0,164.62583881644326,2.2572410526367435,5
0.0,156.0,132.0,162.82211536399697,2.2219109315317076,5
0.0,157.0,132.0,160.97303304919413,2.1874485440272173,5
0.0,158.0,132.0,159.07757540733573,2.1537796046402544,5
0.0,159.0,132.0,157.13416763720753,2.1208764551588493,5
0.0,160.0,132.0,155.1412230041906,2.0887942883639368,5
0.0,161.0,132.0,153.09724678121276,2.057386382463887,5
0.0,162.0,132.0,151.00117464468215,2.026712899789069,5
0.0,163.0,132.0,,1.9967186096532457,4
0.0,164.0,132.0,,1.9674244880491,4
0.0,165.0,132.0,,1.9387382178107406,4
0.0,166.0,132.0,,1.91073640739537,4
0.0,167.0,132.0,,1.8832961830719106,4
0.0,168.0,132.0,,1.8564723933170335,4
0.0,169.0,132.0,,1.8302462892899651,4
0.0,170.0,132.0,,1.8045570231799697,4
0.0,171.0,132.0,,1.7794200530730302,4
0.0,172.0,132.0,,1.7548009032818248,4
0.0,173.0,132.0,,1.7307053840055484,4
0.0,174.0,132.0,,1.7071311115835541,4
0.0,175.0,132.0,,1.6840594105184128,4
0.0,176.0,132.0,,1.6614667084271446,4
0.0,177.0,132.0,,1.639294603139795,4
0.0,178.0,132.0,,1.617588738845457,4
0.0,179.0,132.0,,1.5963301678000166,4
0.0,180.0,132.0,,1.575485271894818,4
0.0,130.0,136.0,,3.5788759187336803,6
0.0,131.0,136.0,,3.5083329906817746,6
0.0,132.0,136.0,,3.4403231868436697,6
0.0,133.0,136.0,,3.37392930844203,6
0.0,134.0,136.0,,3.3095137933033407,6
0.0,135.0,136.0,,3.2468182879948384,6
0.0,136.0,136.0,,3.1860237969628633,6
0.0,137.0,136.0,,3.1268041088964695,6
0.0,138.0,136.0,,3.0691939335017477,6
0.0,139.0,136.0,,3.0131772156327634,6
0.0,140.0,136.0,,2.9587353970066688,6
0.0,141.0,136.0,,2.9057630552564047,6
0.0,142.0,136.0,,2.854113246342459,6
0.0,143.0,136.0,,2.8038368303101002,6
0.0,144.0,136.0,,2.754864348282366,6
0.0,145.0,136.0,184.87780369669233,2.7072954609042137,5
0.0,146.0,136.0,183.48404378941942,2.6607878276238783,5
0.0,147.0,136.0,182.05680893082035,2.6155976466213944,5
0.0,148.0,136.0,180.59345636015433,2.5714654607228207,5
0.0,149.0,136.0,179.0943384457666,2.5285128808278734,5
0.0,150.0,136.0,177.55827425795422,2.486615706258383,5
0.0,151.0,136.0,175.98418592635943,2.445660958777102,5
0.0,152.0,136.0,174.37193499270577,2.4057887703996417,5
0.0,153.0,136.0,172.7192751743991,2.3668938199923644,5
0.0,154.0,136.0,171.0259044024692,2.32900937827257,5
0.0,155.0,136.0,169.29060962190178,2.291961659572882,5
0.0,156.0,136.0,167.5116480145766,2.2557944958107994,5
0.0,157.0,136.0,165.68977006809493,2.220571876324028,5
0.0,158.0,136.0,163.82183514181693,2.186065780694084,5
0.0,159.0,136.0,161.90703314870126,2.1524198029606154,5
0.0,160.0,136.0,159.94354227058096,2.119552078808377,5
0.0,161.0,136.0,157.93178790361037,2.087422744365682,5
0.0,162.0,136.0,155.86842410173566,2.0560238338894536,5
0.0,163.0,136.0,153.75232387268022,2.025341323840634,5
0.0,164.0,136.0,,1.9953843686199202,4
0.0,165.0,136.0,,1.9660615286931309,4
0.0,166.0,136.0,,1.937406964374849,4
0.0,167.0,136.0,,1.9093605152088935,4
0.0,168.0,136.0,,1.8819478264113936,4
0.0,169.0,136.0,,1.8551301059725662,4
0.0,170.0,136.0,,1.8288828493569225,4
0.0,171.0,136.0,,1.8031912615145917,4
0.0,172.0,136.0,,1.7780551274950909,4
0.0,173.0,136.0,,1.7534408382025455,4
0.0,174.0,136.0,,1.729367429321133,4
0.0,175.0,136.0,,1.7057637242727282,4
0.0,176.0,136.0,,1.6826509607214633,4
0.0,177.0,136.0,,1.6600024663575408,4
0.0,178.0,136.0,,1.6378661652830213,4
0.0,179.0,136.0,,1.6161446540705278,4
0.0,180.0,136.0,,1.5948883844716426,4
0.0,130.0,140.0,,3.64565562287753,6
0.0,131.0,140.0,,3.5734169920770733,6
0.0,132.0,140.0,,3.5036911177844376,6
0.0,133.0,140.0,,3.435688510525471,6
0.0,134.0,140.0,,3.3695911863162227,6
0.0,135.0,140.0,,3.305568948342193,6
0.0,136.0,140.0,,3.2431659594030866,6
0.0,137.0,140.0,,3.182437282759868,6
0.0,138.0,140.0,,3.123481962535238,6
0.0,139.0,140.0,,3.066164608039522,6
0.0,140.0,140.0,,3.0102431055590793,6
0.0,141.0,140.0,,2.956031793286099,6
0.0,142.0,140.0,,2.9030302693338315,6
0.0,143.0,140.0,,2.8516391659849996,6
0.0,144.0,140.0,,2.8014172861909246,6
0.0,145.0,140.0,189.41393627806107,2.7527132237068668,5
0.0,146.0,140.0,188.037181232996,2.7051099073556175,5
0.0,147.0,140.0,186.6268983977018,2.6587691278653,5
0.0,148.0,140.0,185.18206142697804,2.613579067618834,5
0.0,149.0,140.0,183.7017029306,2.56960218388466,5
0.0,150.0,140.0,182.1859203102272,2.526626353261013,5
0.0,151.0,140.0,180.632023771636,2.4847695540751085,5
0.0,152.0,140.0,179.04045390099134,2.443954642413945,5
0.0,153.0,140.0,177.40988412714916,2.4041687867482655,5
0.0,154.0,140.0,175.73905970183597,2.3653679642762864,5
0.0,155.0,140.0,174.02785153689376,2.3274393518199203,5
0.0,156.0,140.0,172.27429688082842,2.290424531882923,5
0.0,157.0,140.0,170.4774214656081,2.2543240201690575,5
0.0,158.0,140.0,168.6360875465919,2.2190612427452927,5
0.0,159.0,140.0,166.74948590110392,2.1845892685180286,5
0.0,160.0,140.0,164.81568273863775,2.15096757829719,5
0.0,161.0,140.0,162.83363102696154,2.118091713942192,5
0.0,162.0,140.0,160.8017792366988,2.086005964028747,5
0.0,163.0,140.0,158.71909594719895,2.054626315424054,5
0.0,164.0,140.0,156.5835999699359,2.0239618284154033,5
0.0,165.0,140.0,,1.9939713347013142,4
0.0,166.0,140.0,,1.9646763361638708,4
0.0,167.0,140.0,,1.9360079895227686,4
0.0,168.0,140.0,,1.9080160908261636,4
0.0,169.0,140.0,,1.8805792592257748,4
0.0,170.0,140.0,,1.85375494354117,4
0.0,171.0,140.0,,1.827521219774599,4
0.0,172.0,140.0,,1.8018546303819327,4
0.0,173.0,140.0,,1.7767378206170736,4
0.0,174.0,140.0,,1.752132338132858,4
0.0,175.0,140.0,,1.728042672255344,4
0.0,176.0,140.0,,1.7044469554274915,4
0.0,177.0,140.0,,1.681360397283055,4
0.0,178.0,140.0,,1.6587104286257068,4
0.0,179.0,140.0,,1.6365329430445947,4
0.0,180.0,140.0,,1.6148034677877496,4
0.0,130.0,144.0,,3.712906481083398,6
0.0,131.0,144.0,,3.6390732939536496,6
0.0,132.0,144.0,,3.5674759942279994,6
0.0,133.0,144.0,,3.49804211975152,6
0.0,134.0,144.0,,3.430392945594827,6
0.0,135.0,144.0,,3.364739624010888,6
0.0,136.0,144.0,,3.300805561205658,6
0.0,137.0,144.0,,3.238775351177127,6
0.0,138.0,144.0,,3.178299303133457,6
0.0,139.0,144.0,,3.119677179565026,6
0.0,140.0,144.0,,3.06243943353996,6
0.0,141.0,144.0,,3.006845963935541,6
0.0,142.0,144.0,,2.9527199005791305,6
0.0,143.0,144.0,,2.900026155000003,6
0.0,144.0,144.0,,2.8486783710586137,6
0.0,145.0,144.0,194.02444794524027,2.7987930759611532,5
0.0,146.0,144.0,192.66455827351902,2.750066595859816,5
0.0,147.0,144.0,191.2713289838504,2.702640236439129,5
0.0,148.0,144.0,189.84512602510523,2.6563388398700516,5
0.0,149.0,144.0,188.38296799859168,2.611279544411474,5
0.0,150.0,144.0,186.88573136780613,2.567415414662162,5
0.0,151.0,144.0,185.35207999783182,2.524612606965257,5
0.0,152.0,144.0,183.7810217221961,2.4828356138756527,5
0.0,153.0,144.0,182.17250235876426,2.4420893008838553,5
0.0,154.0,144.0,180.5238693077705,2.4023577564669227,5
0.0,155.0,144.0,178.83543558115772,2.3635506762416942,5
0.0,156.0,144.0,177.10581786616578,2.325722466643914,5
0.0,157.0,144.0,175.33346129418115,2.28874102342875,5
0.0,158.0,144.0,173.5187789656875,2.2526212564972323,5
0.0,159.0,144.0,171.65908687172828,2.217454877532054,5
0.0,160.0,144.0,169.7535240000485,2.1830167812134174,5
0.0,161.0,144.0,167.80048364696586,2.149421518586107,5
0.0,162.0,144.0,165.8000082362699,2.1165899119568414,5
0.0,163.0,144.0,163.74931115587475,2.084528056621223,5
0.0,164.0,144.0,161.6472142602951,2.053179115353347,5
0.0,165.0,144.0,159.49265345488476,2.022547636014674,5
0.0,166.0,144.0,,1.9925726261619177,4
0.0,167.0,144.0,,1.96327430276905,4
0.0,168.0,144.0,,1.9346571859107413,4
0.0,169.0,144.0,,1.9066437503857936,4
0.0,170.0,144.0,,1.8792150995005705,4
0.0,171.0,144.0,,1.852414317796537,4
0.0,172.0,144.0,,1.8261971350955646,4
0.0,173.0,144.0,,1.8005162672263086,4
0.0,174.0,144.0,,1.7754128862852885,4
0.0,175.0,144.0,,1.7508123285536297,4
0.0,176.0,144.0,,1.7267403921547362,4
0.0,177.0,144.0,,1.703161578982361,4
0.0,178.0,144.0,,1.6800652048096016,4
0.0,179.0,144.0,,1.6574387275148956,4
0.0,180.0,144.0,,1.6352679696924155,4
0.0,130.0,148.0,,3.7804865884185563,6
0.0,131.0,148.0,,3.7047974870437166,6
0.0,132.0,148.0,,3.631754590384187,6
0.0,133.0,148.0,,3.5606157588129794,6
0.0,134.0,148.0,,3.4913433052973546,6
0.0,135.0,148.0,,3.4243231489701014,6
0.0,136.0,148.0,,3.3589242403463504,6
0.0,137.0,148.0,,3.2955684314491616,6
0.0,138.0,148.0,,3.2335770318963437,6
0.0,139.0,148.0,,3.1736780719367625,6
0.0,140.0,148.0,,3.115144464949027,6
0.0,141.0,148.0,,3.058298341102748,6
0.0,142.0,148.0,,3.0028443056936145,6
0.0,143.0,148.0,,2.9490730651022226,6
0.0,144.0,148.0,,2.896575265939021,6
0.0,145.0,148.0,198.70786255168292,2.8455398087458925,5
0.0,146.0,148.0,197.3651422866084,2.7955787746714265,5
0.0,147.0,148.0,195.98848530891127,2.747105668944038,5
0.0,148.0,148.0,194.57899376154828,2.69972545580146,5
0.0,149.0,148.0,193.13539171252884,2.6536811535903992,5
0.0,150.0,148.0,191.65683078143115,2.6087773001634225,5
0.0,151.0,148.0,190.14344180831384,2.5650166415112734,5
0.0,152.0,148.0,188.59197906847734,2.5222836653723877,5
0.0,153.0,148.0,187.00381739483308,2.4806001484580866,5
0.0,154.0,148.0,185.3772132544311,2.4399538536385594,5
0.0,155.0,148.0,183.71114680860782,2.4002512444769635,5
0.0,156.0,148.0,182.00546165500083,2.3615863418765413,5
0.0,157.0,148.0,180.2576648288992,2.323768675565366,5
0.0,158.0,148.0,178.46770024009888,2.2868842819280877,5
0.0,159.0,148.0,176.63420361474715,2.2508783454803036,5
0.0,160.0,148.0,174.75658348431557,2.2157193392150494,5
0.0,161.0,148.0,172.8321226997916,2.1813745681207397,5
0.0,162.0,148.0,170.86086235120678,2.147862314013243,5
0.0,163.0,148.0,168.84105116743262,2.115064090784288,5
0.0,164.0,148.0,166.77159270163935,2.08302068460428,5
0.0,165.0,148.0,164.65045832891545,2.051722597610923,5
0.0,166.0,148.0,162.4763901262205,2.0211154354106213,5
0.0,167.0,148.0,,1.9911742887919608,4
0.0,168.0,148.0,,1.961925775601918,4
0.0,169.0,148.0,,1.933291580245777,4
0.0,170.0,148.0,,1.9052897144200998,4
0.0,171.0,148.0,,1.8779331020661685,4
0.0,172.0,148.0,,1.8511154040304292,4
0.0,173.0,148.0,,1.8249048450922323,4
0.0,174.0,148.0,,1.7992300023938717,4
0.0,175.0,148.0,,1.7741017050350667,4
0.0,176.0,148.0,,1.749508501412123,4
0.0,177.0,148.0,,1.725436883198045,4
0.0,178.0,148.0,,1.7018609408102006,4
0.0,179.0,148.0,,1.6787988315621447,4
0.0,180.0,148.0,,1.6561887157650916,4
0.0,130.0,152.0,,3.8475808393465747,6
0.0,131.0,152.0,,3.770398252089394,6
0.0,132.0,152.0,,3.696108440146881,6
0.0,133.0,152.0,,3.6232868878495954,6
0.0,134.0,152.0,,3.552744640028233,6
0.0,135.0,152.0,,3.484162547789789,6
0.0,136.0,152.0,,3.4173496401119583,6
0.0,137.0,152.0,,3.3525018511630438,6
0.0,138.0,152.0,,3.28931423529398,6
0.0,139.0,152.0,,3.2281048399550096,6
0.0,140.0,152.0,,3.1682888046778324,6
0.0,141.0,152.0,,3.1101369648216055,6
0.0,142.0,152.0,,3.053503918718971,6
0.0,143.0,152.0,,2.9984452034804163,6
0.0,144.0,152.0,,2.944898704967398,6
0.0,145.0,152.0,203.46291980533454,2.8925662443355336,5
0.0,146.0,152.0,202.13530809904884,2.841611523647381,5
0.0,147.0,152.0,200.77565599996578,2.79205213066302,5
0.0,148.0,152.0,199.38319638518325,2.743727696988227,5
0.0,149.0,152.0,197.95676545621387,2.696646541366105,5
0.0,150.0,152.0,196.497368400797,2.6506585725848963,5
0.0,151.0,152.0,195.00207798990695,2.6059153008176503,5
0.0,152.0,152.0,193.47096337054677,2.5622360940103985,5
0.0,153.0,152.0,191.90309905492055,2.519630908755695,5
0.0,154.0,152.0,190.29704848431166,2.4780936248248926,5
0.0,155.0,152.0,188.65375126606608,2.4375247848911425,5
0.0,156.0,152.0,186.97036580565182,2.3980220087211075,5
0.0,157.0,152.0,185.24644538358095,2.359418671912312,5
0.0,158.0,152.0,183.48081069789131,2.3216926058032077,5
0.0,159.0,152.0,181.67328700358385,2.2849600749033616,5
0.0,160.0,152.0,179.82163444548848,2.24903281897474,5
0.0,161.0,152.0,177.92518960933253,2.2138837323272917,5
0.0,162.0,152.0,175.98253731229178,2.1796129685825694,5
0.0,163.0,152.0,173.9929986579684,2.146122260736198,5
0.0,164.0,152.0,171.95468447482565,2.113411130785309,5
0.0,165.0,152.0,169.86622400091522,2.0814105112785417,5
0.0,166.0,152.0,167.72579486457636,2.0501435106527244,5
0.0,167.0,152.0,165.53337312020096,2.01958126887163,5
0.0,168.0,152.0,,1.9896704908932943,4
0.0,169.0,152.0,,1.9604381218146012,4
0.0,170.0,152.0,,1.9318590356928402,4
0.0,171.0,152.0,,1.903909184581175,4
0.0,172.0,152.0,,1.8765430499201314,4
0.0,173.0,152.0,,1.849781557567308,4
0.0,174.0,152.0,,1.823569650552809,4
0.0,175.0,152.0,,1.7979320521316102,4
0.0,176.0,152.0,,1.7728553488778502,4
0.0,177.0,152.0,,1.748274153989548,4
0.0,178.0,152.0,,1.7241869370860383,4
0.0,179.0,152.0,,1.7006197055111427,4
0.0,180.0,152.0,,1.677521170844959,4
0.0,130.0,156.0,,3.9149227108744062,6
0.0,131.0,156.0,,3.836290334839283,6
0.0,132.0,156.0,,3.7601055229307523,6
0.0,133.0,156.0,,3.686034785104716,6
0.0,134.0,156.0,,3.6139968156961135,6
0.0,135.0,156.0,,3.544052558926399,6
0.0,136.0,156.0,,3.47583529067842,6
0.0,137.0,156.0,,3.409724574923351,6
0.0,138.0,156.0,,3.345288318415878,6
0.0,139.0,156.0,,3.2826224001641524,6
0.0,140.0,156.0,,3.221453003871885,6
0.0,141.0,156.0,,3.1622260577811074,6
0.0,142.0,156.0,,3.1044131773907124,6
0.0,143.0,156.0,,3.048264455491786,6
0.0,144.0,156.0,,2.9933596384914094,6
0.0,145.0,156.0,208.286785181764,2.940017182513417,5
0.0,146.0,156.0,206.97472797364338,2.8880479543554745,5
0.0,147.0,156.0,205.63076511398344,2.8373787559091665,5
0.0,148.0,156.0,204.25597844352293,2.78804240510389,5
0.0,149.0,156.0,202.84714003590224,2.7399885932215917,5
0.0,150.0,156.0,201.40487208716732,2.693009189783699,5
0.0,151.0,156.0,199.9281817966245,2.6472603323986177,5
0.0,152.0,156.0,198.41588434114067,2.6026695420094206,5
0.0,153.0,156.0,196.86865851727632,2.559125695889317,5
0.0,154.0,156.0,195.28357588845307,2.516695009746103,5
0.0,155.0,156.0,193.66095678019258,2.4752897020318017,5
0.0,156.0,156.0,191.99965108750806,2.434942169832067,5
0.0,157.0,156.0,190.29812341532715,2.395499426414183,5
0.0,158.0,156.0,188.5572816871727,2.356984233798036,5
0.0,159.0,156.0,186.7741950490548,2.3194274386074496,5
0.0,160.0,156.0,184.94834688843306,2.2827164886951605,5
0.0,161.0,156.0,183.07828433035988,2.2468682448753245,5
0.0,162.0,156.0,181.1641747702697,2.211843881166863,5
0.0,163.0,156.0,179.2034991121157,2.1776214349641165,5
0.0,164.0,156.0,177.19531336330792,2.1442009278367755,5
0.0,165.0,156.0,175.1377880534738,2.111519891257085,5
0.0,166.0,156.0,173.03148279189907,2.079597771993473,5
0.0,167.0,156.0,170.8728373581356,2.0484048242924757,5
0.0,168.0,156.0,168.66099290460625,2.0178920113510754,5
0.0,169.0,156.0,,1.9880389188542322,4
0.0,170.0,156.0,,1.9588757655141535,4
0.0,171.0,156.0,,1.9303210241969966,4
0.0,172.0,156.0,,1.9024097814369365,4
0.0,173.0,156.0,,1.875080780090038,4
0.0,174.0,156.0,,1.8483574753208374,4
0.0,175.0,156.0,,1.822201223577015,4
0.0,176.0,156.0,,1.7965884753012689,4
0.0,177.0,156.0,,1.7715101251484524,4
0.0,178.0,156.0,,1.7469627580209943,4
0.0,179.0,156.0,,1.722921466520195,4
0.0,180.0,156.0,,1.6993879442775501,4
0.0,130.0,160.0,,3.981606558217275,6
0.0,131.0,160.0,,3.9016663292687905,6
0.0,132.0,160.0,,3.823974446043392,6
0.0,133.0,160.0,,3.748544517273522,6
0.0,134.0,160.0,,3.6752280699035147,6
0.0,135.0,160.0,,3.6037432655443076,6
0.0,136.0,160.0,,3.5343409230051104,6
0.0,137.0,160.0,,3.4669274447713088,6
0.0,138.0,160.0,,3.4011555710137977,6
0.0,139.0,160.0,,3.3372409072770255,6
0.0,140.0,160.0,,3.2749172014826256,6
0.0,141.0,160.0,,3.2145492939874667,6
0.0,142.0,160.0,,3.155549492658163,6
0.0,143.0,160.0,,3.0981549005649622,6
0.0,144.0,160.0,,3.0421714802238182,6
0.0,145.0,160.0,213.17750504677997,2.9877678582789353,5
0.0,146.0,160.0,211.88183667116448,2.9346772824495844,5
0.0,147.0,160.0,210.5538238542108,2.8830544743316335,5
0.0,148.0,160.0,209.19448724022251,2.832628386730451,5
0.0,149.0,160.0,207.80279334662245,2.7835179014311757,5
0.0,150.0,160.0,206.3777659976911,2.7356159793146615,5
0.0,151.0,160.0,204.92005640437404,2.6889653115316086,5
0.0,152.0,160.0,203.42633262171034,2.6434338005484546,5
0.0,153.0,160.0,201.8977685640234,2.5990548581212387,5
0.0,154.0,160.0,200.3330042124644,2.5557669570477635,5
0.0,155.0,160.0,198.73094726890406,2.5134808469744603,5
0.0,156.0,160.0,197.09193710909804,2.47224641231229,5
0.0,157.0,160.0,195.41303826399763,2.4319536911288777,5
0.0,158.0,160.0,193.69471278714803,2.392677264625377,5
0.0,159.0,160.0,191.93562272033637,2.354300786426334,5
0.0,160.0,160.0,190.1355496777579,2.3168059094361246,5
0.0,161.0,160.0,188.2912698732473,2.280213479905227,5
0.0,162.0,160.0,186.40368578659263,2.2444705662751194,5
0.0,163.0,160.0,184.4710201941004,2.2095442859619214,5
0.0,164.0,160.0,182.49274917474446,2.1754339622734773,5
0.0,165.0,160.0,180.46574042457718,2.142114104747623,5
0.0,166.0,160.0,178.39041431335636,2.10949962363803,5
0.0,167.0,160.0,176.26477483397443,2.077666934561678,5
0.0,168.0,160.0,174.0877417004934,2.046550715196955,5
0.0,169.0,160.0,171.85737775730132,2.0160669644572975,5
0.0,170.0,160.0,,1.9863102492166649,4
0.0,171.0,160.0,,1.9571753904565523,4
0.0,172.0,160.0,,1.928680733908637,4
0.0,173.0,160.0,,1.900802865201404,4
0.0,174.0,160.0,,1.8735236977518044,4
0.0,175.0,160.0,,1.8468389455110246,4
0.0,176.0,160.0,,1.820704744301295,4
0.0,177.0,160.0,,1.795138920370026,4
0.0,178.0,160.0,,1.7701227656410061,4
0.0,179.0,160.0,,1.7456090465109824,4
0.0,180.0,160.0,,1.721601349701701,4
0.0,130.0,164.0,,4.047906621189734,6
0.0,131.0,164.0,,3.9663948460676943,6
0.0,132.0,164.0,,3.8874795928684467,6
0.0,133.0,164.0,,3.810596198959606,6
0.0,134.0,164.0,,3.7359418598644494,6
0.0,135.0,164.0,,3.6633022298823312,6
0.0,136.0,164.0,,3.5926069988305542,6
0.0,137.0,164.0,,3.5239124994721234,6
0.0,138.0,164.0,,3.456888890605174,6
0.0,139.0,164.0,,3.391808193647567,6
0.0,140.0,164.0,,3.3283957534821385,6
0.0,141.0,164.0,,3.266778355772857,6
0.0,142.0,164.0,,3.2065606397751263,6
0.0,143.0,164.0,,3.1480867919718456,6
0.0,144.0,164.0,,3.091061546712939,6
0.0,145.0,164.0,218.1352199878011,3.0357403566840557,5
0.0,146.0,164.0,216.85350614782635,2.9814982696509547,5
0.0,147.0,164.0,215.54130558856568,2.928886185964251,5
0.0,148.0,164.0,214.19776348848725,2.877496966808911,5
0.0,149.0,164.0,212.8220504113916,2.8273790301238013,5
0.0,150.0,164.0,211.4151769025782,2.7784978023292095,5
0.0,151.0,164.0,209.97424973439408,2.730950383015568,5
0.0,152.0,164.0,208.49933429479043,2.6845165991373796,5
0.0,153.0,164.0,206.9896088184106,2.6391984549590686,5
0.0,154.0,164.0,205.44385416899055,2.5950756975325806,5
0.0,155.0,164.0,203.8630565345652,2.5518952397332835,5
0.0,156.0,164.0,202.2443363593121,2.5098601260969295,5
0.0,157.0,164.0,200.58753838812316,2.468736483649118,5
0.0,158.0,164.0,198.89158002777825,2.4286877441389456,5
0.0,159.0,164.0,197.15659392358074,2.3894931370128405,5
0.0,160.0,164.0,195.3796533876446,2.3512851128489123,5
0.0,161.0,164.0,193.5611887665325,2.313986849527794,5
0.0,162.0,164.0,191.69971413662952,2.2775445636913876,5
0.0,163.0,164.0,189.79486896685273,2.2419223872847502,5
0.0,164.0,164.0,187.84378139883478,2.2071257915369142,5
0.0,165.0,164.0,185.84672798311325,2.1731407302054877,5
0.0,166.0,164.0,183.8019177136093,2.139869109292184,5
0.0,167.0,164.0,181.70861590782386,2.1073950486385935,5
0.0,168.0,164.0,179.56460829846418,2.0756181173860844,5
0.0,169.0,164.0,177.36890188307962,2.044544289700907,5
0.0,170.0,164.0,175.11933305925663,2.0141743013079667,5
0.0,171.0,164.0,,1.9844716902502968,4
0.0,172.0,164.0,,1.955405351173542,4
0.0,173.0,164.0,,1.9269660504013568,4
0.0,174.0,164.0,,1.899152601418102,4
0.0,175.0,164.0,,1.871932841706375,4
0.0,176.0,164.0,,1.8452913789210714,4
0.0,177.0,164.0,,1.8191806022215742,4
0.0,178.0,164.0,,1.7936491767473968,4
0.0,179.0,164.0,,1.7686211086966106,4
0.0,180.0,164.0,,1.7441491187524318,4
0.0,130.0,168.0,,4.113384570755936,6
0.0,131.0,168.0,,4.030643672241403,6
0.0,132.0,168.0,,3.9505219902942703,6
0.0,133.0,168.0,,3.872020586282206,6
0.0,134.0,168.0,,3.796287054284306,6
0.0,135.0,168.0,,3.7224266080421677,6
0.0,136.0,168.0,,3.6504215677975553,6
0.0,137.0,168.0,,3.5805576416128235,6
0.0,138.0,168.0,,3.5122796348956458,6
0.0,139.0,168.0,,3.4461438753570888,6
0.0,140.0,168.0,,3.3815477193158467,6
0.0,141.0,168.0,,3.3188314260929364,6
0.0,142.0,168.0,,3.257504600682432,6
0.0,143.0,168.0,,3.1980775309285625,6
0.0,144.0,168.0,,3.1400010728506973,6
0.0,145.0,168.0,223.15642096204198,3.083489872938283,5
0.0,146.0,168.0,221.8891782209088,3.028313452338354,5
0.0,147.0,168.0,220.59163365411095,2.974692931621183,5
0.0,148.0,168.0,219.2646402544337,2.9222701642176454,5
0.0,149.0,168.0,217.9056188277472,2.871311179569459,5
0.0,150.0,168.0,216.5146061495545,2.821615795253409,5
0.0,151.0,168.0,215.09091293867104,2.77313226278343,5
0.0,152.0,168.0,213.63345201369543,2.725742146986976,5
0.0,153.0,168.0,212.14317120669352,2.6795747124208056,5
0.0,154.0,168.0,210.6166184815927,2.6345785085989823,5
0.0,155.0,168.0,209.05482648119676,2.5905570658213097,5
0.0,156.0,168.0,207.4565373581307,2.5476967508727704,5
0.0,157.0,168.0,205.82044713305385,2.5057982405923918,5
0.0,158.0,168.0,204.14738249332746,2.464930816093005,5
0.0,159.0,168.0,202.43424679830255,2.4250550140656095,5
0.0,160.0,168.0,200.68125019751048,2.3861168269213127,5
0.0,161.0,168.0,198.8870451832232,2.348097886574471,5
0.0,162.0,168.0,197.05164548918975,2.310877966844889,5
0.0,163.0,168.0,195.17220422079492,2.274548032470446,5
0.0,164.0,168.0,193.24891303586958,2.2390925150752943,5
0.0,165.0,168.0,191.2801392808384,2.204442516262846,5
0.0,166.0,168.0,189.26549848076417,2.1705394432157528,5
0.0,167.0,168.0,187.20253304654537,2.137399878169434,5
0.0,168.0,168.0,185.09066189356372,2.104982706611323,5
0.0,169.0,168.0,182.92790435703873,2.0733205196901547,5
0.0,170.0,168.0,180.71445561044087,2.04237668849876,5
0.0,171.0,168.0,178.4470526186684,2.0120961687680645,5
0.0,172.0,168.0,,1.9824334016651013,4
0.0,173.0,168.0,,1.9534681163576821,4
0.0,174.0,168.0,,1.9251019446624884,4
0.0,175.0,168.0,,1.8973536841102538,4
0.0,176.0,168.0,,1.8701825290360343,4
0.0,177.0,168.0,,1.8435999126063793,4
0.0,178.0,168.0,,1.8175716747544202,4
0.0,179.0,168.0,,1.792098931607104,4
0.0,180.0,168.0,,1.7671279999802627,4
0.0,130.0,172.0,,4.1777423190980905,6
0.0,131.0,172.0,,4.093984989030087,6
0.0,132.0,172.0,,4.01251804412903,6
0.0,133.0,172.0,,3.9328821690188502,6
0.0,134.0,172.0,,3.8559709875922326,6
0.0,135.0,172.0,,3.7807506587952036,6
0.0,136.0,172.0,,3.7078643066534323,6
0.0,137.0,172.0,,3.63656547357932,6
0.0,138.0,172.0,,3.5674598267904147,6
0.0,139.0,172.0,,3.5001589466213763,6
0.0,140.0,172.0,,3.43450127278837,6
0.0,141.0,172.0,,3.370686767923309,6
0.0,142.0,172.0,,3.3083647125549858,6
0.0,143.0,172.0,,3.2478656997162325,6
0.0,144.0,172.0,,3.18879538635914,6
0.0,145.0,172.0,228.23962808677987,3.1312505825814214,5
0.0,146.0,172.0,226.98759359853662,3.075069837970616,5
0.0,147.0,172.0,225.70532204926965,3.020539586174482,5
0.0,148.0,172.0,224.39287314215343,2.9672464957972875,5
0.0,149.0,172.0,223.05025783360293,2.9154027299049106,5
0.0,150.0,172.0,221.6746646725433,2.8647150335570264,5
0.0,151.0,172.0,220.26887994478435,2.8152945611160045,5
0.0,152.0,172.0,218.82846414173224,2.767026316338763,5
0.0,153.0,172.0,217.3552417612184,2.7200025166085258,5
0.0,154.0,172.0,215.84773236777954,2.674176338659563,5
0.0,155.0,172.0,214.30502216472533,2.6293888362663647,5
0.0,156.0,172.0,212.72759181627842,2.5857585725364505,5
0.0,157.0,172.0,211.11187117040248,2.5430993280541214,5
0.0,158.0,172.0,209.4593697992334,2.501452062267668,5
0.0,159.0,172.0,207.76851959694665,2.460802755318514,5
0.0,160.0,172.0,206.03803844753645,2.4211208252064766,5
0.0,161.0,172.0,204.26848392951462,2.3823447104829736,5
0.0,162.0,172.0,202.45681394781468,2.344432751870571,5
0.0,163.0,172.0,200.60322733855372,2.3074768127391647,5
0.0,164.0,172.0,198.7061881719559,2.271293802364081,5
0.0,165.0,172.0,196.7656879816693,2.23592809431073,5
0.0,166.0,172.0,194.77901999088218,2.2014153152112335,5
0.0,167.0,172.0,192.74593388096076,2.167646016293112,5
0.0,168.0,172.0,190.66458352902998,2.1346359486765367,5
0.0,169.0,172.0,188.53510444127429,2.1023568358313325,5
0.0,170.0,172.0,186.35460049430714,2.070807433239184,5
0.0,171.0,172.0,184.12215514464083,2.039916599655591,5
0.0,172.0,172.0,181.83670144544715,2.009749106206832,5
0.0,173.0,172.0,,1.9802130299486593,4
0.0,174.0,172.0,,1.9513295654584175,4
0.0,175.0,172.0,,1.9230465293213677,4
0.0,176.0,172.0,,1.8953711034241778,4
0.0,177.0,172.0,,1.8682971157266106,4
0.0,178.0,172.0,,1.841789578700968,4
0.0,179.0,172.0,,1.8158226798823873,4
0.0,180.0,172.0,,1.7904018265991075,4
0.0,130.0,176.0,,4.24093129656446,6
0.0,131.0,176.0,,4.156260098318291,6
0.0,132.0,176.0,,4.073358399207206,6
0.0,133.0,176.0,,3.993114194114901,6
0.0,134.0,176.0,,3.9149323546170383,6
0.0,135.0,176.0,,3.8384122263993636,6
0.0,136.0,176.0,,3.764528571460391,6
0.0,137.0,176.0,,3.692319557719087,6
0.0,138.0,176.0,,3.622050624836941,6
0.0,139.0,176.0,,3.553605449021427,6
0.0,140.0,176.0,,3.4869307793857973,6
0.0,141.0,176.0,,3.4220148604218954,6
0.0,142.0,176.0,,3.3587998022373498,6
0.0,143.0,176.0,,3.297388740335197,6
0.0,144.0,176.0,,3.2372693571564475,6
0.0,145.0,176.0,233.38532869663484,3.178744269142456,5
0.0,146.0,176.0,232.14661742074506,3.121705868853357,5
0.0,147.0,176.0,230.8788096269595,3.0662103416973077,5
0.0,148.0,176.0,229.58112760197167,3.012015656476742,5
0.0,149.0,176.0,228.25283917499857,2.9591890955749895,5
0.0,150.0,176.0,226.89473419967766,2.9076039708253982,5
0.0,151.0,176.0,225.5043288417368,2.857362638385233,5
0.0,152.0,176.0,224.08162693956345,2.808320581424615,5
0.0,153.0,176.0,222.62592428222362,2.760564662391184,5
0.0,154.0,176.0,221.13613874880994,2.7138399256502357,5
0.0,155.0,176.0,219.61333314660567,2.668289706497319,5
0.0,156.0,176.0,218.05385625141727,2.623905638628924,5
0.0,157.0,176.0,216.45888227708616,2.5804562276634604,5
0.0,158.0,176.0,214.82708843176144,2.538123549527412,5
0.0,159.0,176.0,213.1571696577749,2.496670176757783,5
0.0,160.0,176.0,211.44998520568822,2.4561932129191875,5
0.0,161.0,176.0,209.70274852542317,2.416743053971137,5
0.0,162.0,176.0,207.9151947388774,2.378169961281126,5
0.0,163.0,176.0,206.08600687441344,2.340516444897128,5
0.0,164.0,176.0,204.21558924271218,2.3036755807834592,5
0.0,165.0,176.0,202.3009527531828,2.2677040555098964,5
0.0,166.0,176.0,200.342135944688,2.2325471803532406,5
0.0,167.0,176.0,198.33738668726537,2.198187339070874,5
0.0,168.0,176.0,196.2868559981353,2.164580420069161,5
0.0,169.0,176.0,194.18792136097153,2.1317259690945,5
0.0,170.0,176.0,192.03974673389462,2.0995704168701876,5
0.0,171.0,176.0,189.84162480695178,2.068133257840378,5
0.0,172.0,176.0,187.59050627250005,2.0373844914849517,5
0.0,173.0,176.0,185.28640457996968,2.0072849978676564,5
0.0,174.0,176.0,,1.9778754933472034,4
0.0,175.0,176.0,,1.9490347457724178,4
0.0,176.0,176.0,,1.920844513836642,4
0.0,177.0,176.0,,1.8932621299490682,4
0.0,178.0,176.0,,1.8662380116106934,4
0.0,179.0,176.0,,1.8397922145031111,4
0.0,180.0,176.0,,1.8139074591622657,4
0.0,130.0,180.0,,4.303421428507862,6
0.0,131.0,180.0,,4.217314535508347,6
0.0,132.0,180.0,,4.13357217915708,6
0.0,133.0,180.0,,4.052196550358771,6
0.0,134.0,180.0,,3.9727006794062603,6
0.0,135.0,180.0,,3.8953804658769937,6
0.0,136.0,180.0,,3.82046976225091,6
0.0,137.0,180.0,,3.7469843852003777,6
0.0,138.0,180.0,,3.675826679920875,6
0.0,139.0,180.0,,3.6063675109405104,6
0.0,140.0,180.0,,3.538963126271302,6
0.0,141.0,180.0,,3.4730601824513787,6
0.0,142.0,180.0,,3.4088970398061953,6
0.0,143.0,180.0,,3.346349600830668,6
0.0,144.0,180.0,,3.28542322276067,6
0.0,145.0,180.0,238.5901054375189,3.226007009076735,5
0.0,146.0,180.0,237.3649763848915,3.168107399968914,5
0.0,147.0,180.0,236.11092863641355,3.111631990114215,5
0.0,148.0,180.0,234.82925468737332,3.0565482955344043,5
0.0,149.0,180.0,233.51583115233916,3.002916940784046,5
0.0,150.0,180.0,232.17257926287203,2.9505322473680535,5
0.0,151.0,180.0,230.79892780831975,2.8994698731943993,5
0.0,152.0,180.0,229.39186898987478,2.849639124267846,5
0.0,153.0,180.0,227.9527911522996,2.8009759328624586,5
0.0,154.0,180.0,226.48190308037942,2.753543912183167,5
0.0,155.0,180.0,224.97636570521314,2.7071323198285917,5
0.0,156.0,180.0,223.4362487066896,2.6619945966401435,5
0.0,157.0,180.0,221.86061156777274,2.6177793564926923,5
0.0,158.0,180.0,220.2500448660364,2.574656127749247,5
0.0,159.0,180.0,218.60082760851606,2.53256082048621,5
0.0,160.0,180.0,216.91458028348228,2.491457569784975,5
0.0,161.0,180.0,215.18971228230268,2.4513636435483757,5
0.0,162.0,180.0,213.4248604402535,2.412141132127144,5
0.0,163.0,180.0,211.62085915243398,2.373754575142869,5
0.0,164.0,180.0,209.77439411657124,2.3363099311481306,5
0.0,165.0,180.0,207.88578273995552,2.2996620904784395,5
0.0,166.0,180.0,205.95332819593938,2.263902887405013,5
0.0,167.0,180.0,203.9774288134492,2.228892796907183,5
0.0,168.0,180.0,201.95513204173898,2.1946731565727435,5
0.0,169.0,180.0,199.88616839394513,2.1611961998426263,5
0.0,170.0,180.0,197.76850770041608,2.1285308015423756,5
0.0,171.0,180.0,195.60304255478763,2.096519440293241,5
0.0,172.0,180.0,193.38615899360002,2.065201622044082,5
0.0,173.0,180.0,191.11703587122818,2.034596210888945,5
0.0,174.0,180.0,188.7949551705247,2.004626495430657,5
0.0,175.0,180.0,,1.975289895744602,4
0.0,176.0,180.0,,1.9465957383964672,4
0.0,177.0,180.0,,1.9184983259592607,4
0.0,178.0,180.0,,1.8910137024606186,4
0.0,179.0,180.0,,1.8641067105309082,4
0.0,180.0,180.0,,1.837728630463893,4
0.0,130.0,184.0,,4.364220009644416,6
0.0,131.0,184.0,,4.277361809442608,6
0.0,132.0,184.0,,4.192336999347815,6
0.0,133.0,184.0,,4.110018101556515,6
0.0,134.0,184.0,,4.029583299613379,6
0.0,135.0,184.0,,3.951463079143544,6
0.0,136.0,184.0,,3.875436328602186,6
0.0,137.0,184.0,,3.801155182853555,6
0.0,138.0,184.0,,3.7290024512230073,6
0.0,139.0,184.0,,3.65860249256462,6
0.0,140.0,184.0,,3.590169173681153,6
0.0,141.0,184.0,,3.523368779045974,6
0.0,142.0,184.0,,3.4582707778590627,6
0.0,143.0,184.0,,3.394826705039803,6
0.0,144.0,184.0,,3.333127806190809,6
0.0,145.0,184.0,243.85285301602823,3.272777900150543,5
0.0,146.0,184.0,242.6426021542064,3.213993933765603,5
0.0,147.0,184.0,241.40198858342973,3.1567085811445357,5
0.0,148.0,184.0,240.13334119114157,3.1008032628002917,5
0.0,149.0,184.0,238.83528647795256,3.0463430234075712,5
0.0,150.0,184.0,237.50711974252093,2.9931445023330623,5
0.0,151.0,184.0,236.14802229496732,2.9412939178709157,5
0.0,152.0,184.0,234.7592760946725,2.890668841878306,5
0.0,153.0,184.0,233.33677647364794,2.841176361004084,5
0.0,154.0,184.0,231.88231716382037,2.7929958014877796,5
0.0,155.0,184.0,230.39456984512245,2.7458767660492334,5
0.0,156.0,184.0,228.8724717051986,2.6999816728982875,5
0.0,157.0,184.0,227.3170952351072,2.655162893055814,5
0.0,158.0,184.0,225.7245770618807,2.611354220521852,5
0.0,159.0,184.0,224.0963983259013,2.568561893422592,5
0.0,160.0,184.0,222.43111032490475,2.5267276576985913,5
0.0,161.0,184.0,220.7274394290284,2.4859335703721466,5
0.0,162.0,184.0,218.98623592521136,2.44601659875035,5
0.0,163.0,184.0,217.2047160376482,2.407045994198711,5
0.0,164.0,184.0,215.3825476373728,2.3689023639887377,5
0.0,165.0,184.0,213.51858777296997,2.3316635165678607,5
0.0,166.0,184.0,211.6132476640219,2.2952570464134094,5
0.0,167.0,184.0,209.66334419182598,2.259689689393397,5
0.0,168.0,184.0,207.66971242347532,2.224853426579107,5
0.0,169.0,184.0,205.62852422307947,2.1908254626399843,5
0.0,170.0,184.0,203.54230032919955,2.15756641072722,5
0.0,171.0,184.0,201.40732163413645,2.1250154646411636,5
0.0,172.0,184.0,199.2228835469836,2.0931636105319154,5
0.0,173.0,184.0,196.9883626628776,2.062007592875929,5
0.0,174.0,184.0,194.70096958371425,2.031515938222328,5
0.0,175.0,184.0,192.36034638387224,2.0016967114528907,5
0.0,176.0,184.0,,1.9724968355149437,4
0.0,177.0,184.0,,1.9439148807569944,4
0.0,178.0,184.0,,1.9159474996921655,4
0.0,179.0,184.0,,1.8885463017769037,4
0.0,180.0,184.0,,1.8617582501273018,4
0.0,130.0,188.0,,4.42381298461526,6
0.0,131.0,188.0,,4.335638388752072,6
0.0,132.0,188.0,,4.249964061693914,6
0.0,133.0,188.0,,4.166722035828045,6
0.0,134.0,188.0,,4.085386505431175,6
0.0,135.0,188.0,,4.006382886459977,6
0.0,136.0,188.0,,3.9293283780943367,6
0.0,137.0,188.0,,3.8543663159591746,6
0.0,138.0,188.0,,3.781320015209164,6
0.0,139.0,188.0,,3.7100033541854516,6
0.0,140.0,188.0,,3.640592244178025,6
0.0,141.0,188.0,,3.5729424494722912,6
0.0,142.0,188.0,,3.5071272000893314,6
0.0,143.0,188.0,,3.4427375056978478,6
0.0,144.0,188.0,,3.380136876918293,6
0.0,145.0,188.0,249.17377377876858,3.3190317367493636,5
0.0,146.0,188.0,247.9753224728024,3.2594853010058045,5
0.0,147.0,188.0,246.7490259334146,3.2013678226601434,5
0.0,148.0,188.0,245.4942837741572,3.1446785636455634,5
0.0,149.0,188.0,244.21030128598193,3.0894593478684365,5
0.0,150.0,188.0,242.8966445967773,3.0355260763568195,5
0.0,151.0,188.0,241.55410291154863,2.9827404997653737,5
0.0,152.0,188.0,240.17993441302536,2.9314134052983616,5
0.0,153.0,188.0,238.77435418301724,2.8812649501669707,5
0.0,154.0,188.0,237.33656929539953,2.832470423444868,5
0.0,155.0,188.0,235.86572580392337,2.784578382397593,5
0.0,156.0,188.0,234.36260179401043,2.737948819666276,5
0.0,157.0,188.0,232.82467287637218,2.6923726412768088,5
0.0,158.0,188.0,231.2518760437228,2.647866479135401,5
0.0,159.0,188.0,229.64331370775938,2.6044062551406966,5
0.0,160.0,188.0,227.99794319247246,2.5619209219100174,5
0.0,161.0,188.0,226.31673262549293,2.5204098523922887,5
0.0,162.0,188.0,224.59670420534232,2.479874630312035,5
0.0,163.0,188.0,222.83779014737814,2.4402192763185506,5
0.0,164.0,188.0,221.03864331517067,2.4015327750538082,5
0.0,165.0,188.0,219.1998291802543,2.363685518901749,5
0.0,166.0,188.0,217.3188299344013,2.326717191828841,5
0.0,167.0,188.0,215.39483803902436,2.290522520598828,5
0.0,168.0,188.0,213.42744621842937,2.2551534065732985,5
0.0,169.0,188.0,211.41601273771465,2.2205488275894765,5
0.0,170.0,188.0,209.3581967837657,2.1867421659926607,5
0.0,171.0,188.0,207.2533730640937,2.1536467246098168,5
0.0,172.0,188.0,205.10114441493204,2.1212420117077615,5
0.0,173.0,188.0,202.89810704785916,2.0895764102745766,5
0.0,174.0,188.0,200.64493329082376,2.0585655714568194,5
0.0,175.0,188.0,198.33922740132357,2.0282281324379996,5
0.0,176.0,188.0,,1.9985374887130676,4
0.0,177.0,188.0,,1.9694797737828844,4
0.0,178.0,188.0,,1.941014289341589,4
0.0,179.0,188.0,,1.913144812356755,4
0.0,180.0,188.0,,1.8858823296260017,4
0.0,130.0,192.0,,4.481584613624766,6
0.0,131.0,192.0,,4.392646667567031,6
0.0,132.0,192.0,,4.30633915687669,6
0.0,133.0,192.0,,4.222285174038796,6
0.0,134.0,192.0,,4.139856098528385,6
0.0,135.0,192.0,,4.060008610543901,6
0.0,136.0,192.0,,3.9821575271417142,6
0.0,137.0,192.0,,3.9065730270821275,6
0.0,138.0,192.0,,3.8324663769406313,6
0.0,139.0,192.0,,3.760333102825536,6
0.0,140.0,192.0,,3.6902866356722535,6
0.0,141.0,192.0,,3.621877336845065,6
0.0,142.0,192.0,,3.5550441885773774,6
0.0,143.0,192.0,,3.489972183869609,6
0.0,144.0,192.0,,3.426550233026567,6
0.0,145.0,192.0,254.55010262810063,3.364674453670823,5
0.0,146.0,192.0,253.36447015034082,3.304450007194906,5
0.0,147.0,192.0,252.15116267898617,3.245420464518778,5
0.0,148.0,192.0,250.90972609149478,3.1880119472974813,5
0.0,149.0,192.0,249.64081193528986,3.1319263743352903,5
0.0,150.0,192.0,248.34207677901043,3.0773611361276223,5
0.0,151.0,192.0,247.01362799636573,3.0239880239695456,5
0.0,152.0,192.0,245.65484693469068,2.971890808299423,5
0.0,153.0,192.0,244.26484763226483,2.921058158174878,5
0.0,154.0,192.0,242.84314414639618,2.871423184695182,5
0.0,155.0,192.0,241.39055621217318,2.822940088342713,5
0.0,156.0,192.0,239.9042226889347,2.7755654612902965,5
0.0,157.0,192.0,238.38432603081844,2.729398582486611,5
0.0,158.0,192.0,236.82986921880678,2.6840950946236313,5
0.0,159.0,192.0,235.2418241721058,2.6400765804003044,5
0.0,160.0,192.0,233.6161095968395,2.596966840895622,5
0.0,161.0,192.0,231.95464300600676,2.554840666863095,5
0.0,162.0,192.0,230.2558186351298,2.5137386565012565,5
0.0,163.0,192.0,228.51837755288284,2.4735019493534858,5
0.0,164.0,192.0,226.74300763486016,2.434235887027485,5
0.0,165.0,192.0,224.92715384217894,2.3957823173475536,5
0.0,166.0,192.0,223.0702511097683,2.3581404815704072,5
0.0,167.0,192.0,221.1716452965517,2.3214268725374776,5
0.0,168.0,192.0,219.23098591747595,2.2855045671204937,5
0.0,169.0,192.0,217.24607292723533,2.25036502173949,5
0.0,170.0,192.0,215.21633554581686,2.215981702844937,5
0.0,171.0,192.0,213.14008605065723,2.182331145000315,5
0.0,172.0,192.0,211.01804837439474,2.149467697885165,5
0.0,173.0,192.0,208.84705907584228,2.117263140018014,5
0.0,174.0,192.0,206.62639326456377,2.0857570533690692,5
0.0,175.0,192.0,204.35562866716398,2.054940280256985,5
0.0,176.0,192.0,202.03185377212043,2.0247560316475908,5
0.0,177.0,192.0,,1.9952155677720806,4
0.0,178.0,192.0,,1.9662699515643849,4
0.0,179.0,192.0,,1.9379460699562632,4
0.0,180.0,192.0,,1.9102131260348918,4
0.0,130.0,196.0,,4.537997077760328,6
0.0,131.0,196.0,,4.448230634382519,6
0.0,132.0,196.0,,4.36117836510939,6
0.0,133.0,196.0,,4.2760772895107575,6
0.0,134.0,196.0,,4.1932412863592186,6
0.0,135.0,196.0,,4.112664251095361,6
0.0,136.0,196.0,,4.0337800951784955,6
0.0,137.0,196.0,,3.957350347583262,6
0.0,138.0,196.0,,3.882603539203075,6
0.0,139.0,196.0,,3.8098512116293883,6
0.0,140.0,196.0,,3.7389560165642632,6
0.0,141.0,196.0,,3.6696007855755717,6
0.0,142.0,196.0,,3.6022276853790314,6
0.0,143.0,196.0,,3.536532709397055,6
0.0,144.0,196.0,,3.4723831157767284,6
0.0,145.0,196.0,259.98099424710927,3.409692557360797,5
0.0,146.0,196.0,258.80761391096047,3.348610124139401,5
0.0,147.0,196.0,257.6080862382878,3.2889384066996916,5
0.0,148.0,196.0,256.3803629868761,3.230897949838905,5
0.0,149.0,196.0,255.12448744766849,3.1741092737759193,5
0.0,150.0,196.0,253.8397122380765,3.1188218596642736,5
0.0,151.0,196.0,252.52589013310356,3.0646893063065854,5
0.0,152.0,196.0,251.1817908538435,3.0119424107474386,5
0.0,153.0,196.0,249.8082358268515,2.9603478418467537,5
0.0,154.0,196.0,248.4029959190188,2.9100438409031364,5
0.0,155.0,196.0,246.96604455705864,2.8609052240463853,5
0.0,156.0,196.0,245.49669514451347,2.81295796362805,5
0.0,157.0,196.0,243.99398561363685,2.7661365473678425,5
0.0,158.0,196.0,242.4591754039861,2.7202874817195095,5
0.0,159.0,196.0,240.88798524522107,2.6756164436064456,5
0.0,160.0,196.0,239.28238521870082,2.631878221633441,5
0.0,161.0,196.0,237.64081929275815,2.5891406557296412,5
0.0,162.0,196.0,235.96216452938043,2.5474173988412305,5
0.0,163.0,196.0,234.24718584541287,2.5065806284018493,5
0.0,164.0,196.0,232.49327927023546,2.4666845695351465,5
0.0,165.0,196.0,230.70023510050873,2.4276711074573254,5
0.0,166.0,196.0,228.86677640441044,2.3895192442565207,5
0.0,167.0,196.0,226.99374959462423,2.3522385092192772,5
0.0,168.0,196.0,225.07738819340858,2.3157292142047137,5
0.0,169.0,196.0,223.11888099996582,2.280044394737226,5
0.0,170.0,196.0,221.11564959258453,2.2451416660034633,5
0.0,171.0,196.0,219.06867370341212,2.211000379262709,5
0.0,172.0,196.0,216.97516192260866,2.1775959754274647,5
0.0,173.0,196.0,214.8344652367399,2.144914243310041,5
0.0,174.0,196.0,212.6462315405675,2.1129225948340284,5
0.0,175.0,196.0,210.40697217858676,2.0816131644506086,5
0.0,176.0,196.0,208.11749026891425,2.050968270999299,5
0.0,177.0,196.0,205.77528843219352,2.0209660447231323,5
0.0,178.0,196.0,,1.9915801439544114,4
0.0,179.0,196.0,,1.9628203271372255,4
0.0,180.0,196.0,,1.9346307019306388,4
0.0,130.0,200.0,,4.592556815587819,6
0.0,131.0,200.0,,4.5022603392949225,6
0.0,132.0,200.0,,4.414333953317273,6
0.0,133.0,200.0,,4.328537430453411,6
0.0,134.0,200.0,,4.245238762116224,6
0.0,135.0,200.0,,4.1635148578724746,6
0.0,136.0,200.0,,4.084299428902478,6
0.0,137.0,200.0,,4.007192560407497,6
0.0,138.0,200.0,,3.9317480497927773,6
0.0,139.0,200.0,,3.858124730873744,6
0.0,140.0,200.0,,3.7864920477489914,6
0.0,141.0,200.0,,3.7167919944751318,6
0.0,142.0,200.0,,3.648613102925729,6
0.0,143.0,200.0,,3.5819550682554424,6
0.0,144.0,200.0,,3.517100722792367,6
0.0,145.0,200.0,265.46519285145763,3.453899738424765,5
0.0,146.0,200.0,264.3052580059544,3.392079713071471,5
0.0,147.0,200.0,263.11779039452665,3.3319167327395127,5
0.0,148.0,200.0,261.90310011585143,3.2730208517442425,5
0.0,149.0,200.0,260.66058319019845,3.2156501145808414,5
0.0,150.0,200.0,259.3895397041242,3.159558694400562,5
0.0,151.0,200.0,258.0895743669234,3.1048620319718707,5
0.0,152.0,200.0,256.7613570404626,3.0514750038329552,5
0.0,153.0,200.0,255.40233191989668,2.99931177704117,5
0.0,154.0,200.0,254.0127023913282,2.9483962900627887,5
0.0,155.0,200.0,252.59169676475236,2.898632597563887,5
0.0,156.0,200.0,251.13857559295553,2.8499841752657136,5
0.0,157.0,200.0,249.6540002690914,2.8025973093441525,5
0.0,158.0,200.0,248.1356321996278,2.7560863043867445,5
0.0,159.0,200.0,246.58340967682557,2.7107760226955935,5
0.0,160.0,200.0,244.9964919441708,2.6664626208451514,5
0.0,161.0,200.0,243.3739403748972,2.6231516227754765,5
0.0,162.0,200.0,241.716545420006,2.580821465549581,5
0.0,163.0,200.0,240.02165489411308,2.5394460661664104,5
0.0,164.0,200.0,238.289168423874,2.4990145107620814,5
0.0,165.0,200.0,236.51788533210487,2.4594514250744233,5
0.0,166.0,200.0,234.70878583480507,2.4207691214106015,5
0.0,167.0,200.0,232.85786267891825,2.3829588858958877,5
0.0,168.0,200.0,230.96650666999966,2.3459481553383,5
0.0,169.0,200.0,229.03282818402792,2.3097499606095093,5
0.0,170.0,200.0,227.05745236059943,2.274356282329466,5
0.0,171.0,200.0,225.03666234873688,2.23967823149753,5
0.0,172.0,200.0,222.9713693979266,2.2057741708539065,5
0.0,173.0,200.0,220.85942223144468,2.172599795125784,5
0.0,174.0,200.0,218.7014021997367,2.140133500807794,5
0.0,175.0,200.0,216.49432993196746,2.108331472164589,5
0.0,176.0,200.0,214.23742462903692,2.0772207632226856,5
0.0,177.0,200.0,211.9303911979572,2.0467853817120703,5
0.0,178.0,200.0,209.57007407447708,2.0169311279026787,5
0.0,179.0,200.0,,1.9877124302303608,4
0.0,180.0,200.0,,1.95907423598192,4
