set,snapshot,sigma,n_B_over_n0,T_nuc_MeV
B4145_D80_a0.16_ms100,$t_0$,50.0,0.1,20.576590327641682
B4145_D80_a0.16_ms100,$t_0$,50.0,0.13979930511686672,19.711879612496293
B4145_D80_a0.16_ms100,$t_0$,50.0,0.17959867340492736,19.15649070714168
B4145_D80_a0.16_ms100,$t_0$,50.0,0.21939797852179407,18.751771065623927
B4145_D80_a0.16_ms100,$t_0$,50.0,0.25919734680985473,18.42869767472495
B4145_D80_a0.16_ms100,$t_0$,50.0,0.2989966519267214,18.152996927256535
B4145_D80_a0.16_ms100,$t_0$,50.0,0.33879595704358817,17.90610198612081
B4145_D80_a0.16_ms100,$t_0$,50.0,0.3785953253316488,17.677389536907313
B4145_D80_a0.16_ms100,$t_0$,50.0,0.4183946304485155,17.460490528485273
B4145_D80_a0.16_ms100,$t_0$,50.0,0.4581939987365761,17.25152159266287
B4145_D80_a0.16_ms100,$t_0$,50.0,0.49799330385344287,17.048027328100176
B4145_D80_a0.16_ms100,$t_0$,50.0,0.5377926721415035,16.84845205336633
B4145_D80_a0.16_ms100,$t_0$,50.0,0.5775919772583702,16.651775363010955
B4145_D80_a0.16_ms100,$t_0$,50.0,0.6173912823752369,16.457333066866024
B4145_D80_a0.16_ms100,$t_0$,50.0,0.6571907770056854,16.26464709555523
B4145_D80_a0.16_ms100,$t_0$,50.0,0.6969898926089704,16.07339763700138
B4145_D80_a0.16_ms100,$t_0$,50.0,0.7367890082122552,15.883351883907334
B4145_D80_a0.16_ms100,$t_0$,50.0,0.7765887555274795,15.694394134292622
B4145_D80_a0.16_ms100,$t_0$,50.0,0.8163878711307644,15.50644738318689
B4145_D80_a0.16_ms100,$t_0$,50.0,0.8561869867340492,15.319362460032893
B4145_D80_a0.16_ms100,$t_0$,50.0,0.8959867340492736,15.132910729736965
B4145_D80_a0.16_ms100,$t_0$,50.0,0.9357858496525585,14.946835294768043
B4145_D80_a0.16_ms100,$t_0$,50.0,0.9755855969677827,14.760820895661203
B4145_D80_a0.16_ms100,$t_0$,50.0,1.0153847125710675,14.57446574948272
B4145_D80_a0.16_ms100,$t_0$,50.0,1.0551838281743526,14.38736227301658
B4145_D80_a0.16_ms100,$t_0$,50.0,1.0949835754895767,14.198992416053002
B4145_D80_a0.16_ms100,$t_0$,50.0,1.1347826910928616,14.008803994633144
B4145_D80_a0.16_ms100,$t_0$,50.0,1.1745818066961466,13.816936811020222
B4145_D80_a0.16_ms100,$t_0$,50.0,1.214381554011371,13.624381745657208
B4145_D80_a0.16_ms100,$t_0$,50.0,1.2541806696146558,13.431630972160075
B4145_D80_a0.16_ms100,$t_0$,50.0,1.2939797852179407,13.238994302980666
B4145_D80_a0.16_ms100,$t_0$,50.0,1.333779532533165,13.046697798728083
B4145_D80_a0.16_ms100,$t_0$,50.0,1.3735786481364498,12.854812879845316
B4145_D80_a0.16_ms100,$t_0$,50.0,1.413377763739735,12.663307367922469
B4145_D80_a0.16_ms100,$t_0$,50.0,1.453177511054959,12.472019072917126
B4145_D80_a0.16_ms100,$t_0$,50.0,1.4929766266582438,12.280738330060807
B4145_D80_a0.16_ms100,$t_0$,50.0,1.532775742261529,12.089129875218244
B4145_D80_a0.16_ms100,$t_0$,50.0,1.5725754895767532,11.896763344091342
B4145_D80_a0.16_ms100,$t_0$,50.0,1.6123746051800378,11.702966068855941
B4145_D80_a0.16_ms100,$t_0$,50.0,1.652173720783323,11.50702994935511
B4145_D80_a0.16_ms100,$t_0$,50.0,1.6919734680985472,11.30862292697695
B4145_D80_a0.16_ms100,$t_0$,50.0,1.7317725837018318,11.107708027438688
B4145_D80_a0.16_ms100,$t_0$,50.0,1.771571699305117,10.904596542526786
B4145_D80_a0.16_ms100,$t_0$,50.0,1.8113714466203412,10.699972704482862
B4145_D80_a0.16_ms100,$t_0$,50.0,1.8511705622236259,10.494810311727013
B4145_D80_a0.16_ms100,$t_0$,50.0,1.890969677826911,10.29039951889209
B4145_D80_a0.16_ms100,$t_0$,50.0,1.9307694251421352,10.088270504939256
B4145_D80_a0.16_ms100,$t_0$,50.0,1.9705685407454203,9.889846033291454
B4145_D80_a0.16_ms100,$t_0$,50.0,2.010367656348705,9.69582058435265
B4145_D80_a0.16_ms100,$t_0$,50.0,2.050167403663929,9.505682375494306
B4145_D80_a0.16_ms100,$t_0$,50.0,2.089966519267214,9.31472886798048
B4145_D80_a0.16_ms100,$t_0$,50.0,2.129765634870499,9.111810077259195
B4145_D80_a0.16_ms100,$t_0$,50.0,2.169565382185723,8.901636402816324
B4145_D80_a0.16_ms100,$t_0$,50.0,2.209364497789008,8.68336670287999
B4145_D80_a0.16_ms100,$t_0$,50.0,2.249163613392293,8.456069391445691
B4145_D80_a0.16_ms100,$t_0$,50.0,2.2889633607075175,8.21984204019202
B4145_D80_a0.16_ms100,$t_0$,50.0,2.328762476310802,7.97816213177938
B4145_D80_a0.16_ms100,$t_0$,50.0,2.368561591914087,7.740934414474881
B4145_D80_a0.16_ms100,$t_0$,50.0,2.4083613392293115,7.517087699721413
B4145_D80_a0.16_ms100,$t_0$,50.0,2.448160454832596,7.310199733536481
B4145_D80_a0.16_ms100,$t_0$,50.0,2.4879595704358817,7.119427687708291
B4145_D80_a0.16_ms100,$t_0$,50.0,2.5277593177511055,6.942931998452419
B4145_D80_a0.16_ms100,$t_0$,50.0,2.56755843335439,6.7784881196511355
B4145_D80_a0.16_ms100,$t_0$,50.0,2.6073575489576757,6.6250515497175755
B4145_D80_a0.16_ms100,$t_0$,50.0,2.6471572962728995,6.4823930952866915
B4145_D80_a0.16_ms100,$t_0$,50.0,2.686956411876184,6.350913706901634
B4145_D80_a0.16_ms100,$t_0$,50.0,2.726756159191409,6.232312082656349
B4145_D80_a0.16_ms100,$t_0$,50.0,2.7665552747946935,6.128133646488423
B4145_D80_a0.16_ms100,$t_0$,50.0,2.8063543903979786,6.040647593309848
B4145_D80_a0.16_ms100,$t_0$,50.0,2.846154137713203,5.971866594159802
B4145_D80_a0.16_ms100,$t_0$,50.0,2.8859532533164876,5.921509102068803
B4145_D80_a0.16_ms100,$t_0$,50.0,2.9257523689197726,5.888258268223673
B4145_D80_a0.16_ms100,$t_0$,50.0,2.965552116234997,5.869257239355137
B4145_D80_a0.16_ms100,$t_0$,50.0,3.0053512318382816,5.861407483865961
B4145_D80_a0.16_ms100,$t_0$,50.0,3.0451503474415667,5.862192987774273
B4145_D80_a0.16_ms100,$t_0$,50.0,3.084950094756791,5.86932279209497
B4145_D80_a0.16_ms100,$t_0$,50.0,3.124749210360076,5.881227830909204
B4145_D80_a0.16_ms100,$t_0$,50.0,3.1645483259633607,5.896454245438244
B4145_D80_a0.16_ms100,$t_0$,50.0,3.204348073278585,5.913900356197181
B4145_D80_a0.16_ms100,$t_0$,50.0,3.2441471888818696,5.932581141600795
B4145_D80_a0.16_ms100,$t_0$,50.0,3.283946304485155,5.952196890754021
B4145_D80_a0.16_ms100,$t_0$,50.0,3.323746051800379,5.971777578951398
B4145_D80_a0.16_ms100,$t_0$,50.0,3.3635451674036636,5.991360872510761
B4145_D80_a0.16_ms100,$t_0$,50.0,3.403344283006949,6.010034116176152
B4145_D80_a0.16_ms100,$t_0$,50.0,3.443144030322173,6.028112467072291
B4145_D80_a0.16_ms100,$t_0$,50.0,3.4829431459254576,6.045091336730811
B4145_D80_a0.16_ms100,$t_0$,50.0,3.522742261528743,6.060934168128613
B4145_D80_a0.16_ms100,$t_0$,50.0,3.562542008843967,6.075687768541695
B4145_D80_a0.16_ms100,$t_0$,50.0,3.6023411244472525,6.088988444038821
B4145_D80_a0.16_ms100,$t_0$,50.0,3.642140240050537,6.101258598728293
B4145_D80_a0.16_ms100,$t_0$,50.0,3.681939987365761,6.111993753359567
B4145_D80_a0.16_ms100,$t_0$,50.0,3.7217391029690465,6.121233103630053
B4145_D80_a0.16_ms100,$t_0$,50.0,3.761538218572331,6.129373919540598
B4145_D80_a0.16_ms100,$t_0$,50.0,3.801337965887555,6.1358209490637865
B4145_D80_a0.16_ms100,$t_0$,50.0,3.8411370814908405,6.140842726739502
B4145_D80_a0.16_ms100,$t_0$,50.0,3.880936197094125,6.144471897418421
B4145_D80_a0.16_ms100,$t_0$,50.0,3.92073594440935,6.146392408023868
B4145_D80_a0.16_ms100,$t_0$,50.0,3.9605350600126346,6.146813406409366
B4145_D80_a0.16_ms100,$t_0$,50.0,4.00033417561592,6.1456137891497775
B4145_D80_a0.16_ms100,$t_0$,50.0,4.040133922931144,6.142911765718435
B4145_D80_a0.16_ms100,$t_0$,50.0,4.079933038534429,6.13872791255547
B4145_D80_a0.16_ms100,$t_0$,50.0,4.119732154137713,6.133332858769694
B4145_D80_a0.16_ms100,$t_0$,50.0,4.1595319014529375,6.126288562384142
B4145_D80_a0.16_ms100,$t_0$,50.0,4.199331017056222,6.117855267175122
B4145_D80_a0.16_ms100,$t_0$,50.0,4.239130132659508,6.107968560721963
B4145_D80_a0.16_ms100,$t_0$,50.0,4.278929879974732,6.09700323705928
B4145_D80_a0.16_ms100,$t_0$,50.0,4.318728995578017,6.084492635994224
B4145_D80_a0.16_ms100,$t_0$,50.0,4.358528742893241,6.070522395119631
B4145_D80_a0.16_ms100,$t_0$,50.0,4.3983278584965255,6.055302489340538
B4145_D80_a0.16_ms100,$t_0$,50.0,4.43812697409981,6.038316850057122
B4145_D80_a0.16_ms100,$t_0$,50.0,4.477926721415035,6.019677808070697
B4145_D80_a0.16_ms100,$t_0$,50.0,4.51772583701832,5.999481395519691
B4145_D80_a0.16_ms100,$t_0$,50.0,4.557524952621605,5.977212293812161
B4145_D80_a0.16_ms100,$t_0$,50.0,4.597324699936829,5.953338528431999
B4145_D80_a0.16_ms100,$t_0$,50.0,4.6371238155401135,5.927308391863183
B4145_D80_a0.16_ms100,$t_0$,50.0,4.676922931143398,5.899436157978298
B4145_D80_a0.16_ms100,$t_0$,50.0,4.716722678458623,5.8696778743062765
B4145_D80_a0.16_ms100,$t_0$,50.0,4.756521794061908,5.838001161230813
B4145_D80_a0.16_ms100,$t_0$,50.0,4.796320909665193,5.804888159929251
B4145_D80_a0.16_ms100,$t_0$,50.0,4.836120656980417,5.770240650683968
B4145_D80_a0.16_ms100,$t_0$,50.0,4.875919772583702,5.7343888850130025
B4145_D80_a0.16_ms100,$t_0$,50.0,4.915718888186986,5.696839343687272
B4145_D80_a0.16_ms100,$t_0$,50.0,4.955518635502211,5.658114116715173
B4145_D80_a0.16_ms100,$t_0$,50.0,4.995317751105496,5.61736125384251
B4145_D80_a0.16_ms100,$t_0$,50.0,5.035116866708781,5.574959597778419
B4145_D80_a0.16_ms100,$t_0$,50.0,5.074916614024005,5.530018188456459
B4145_D80_a0.16_ms100,$t_0$,50.0,5.11471572962729,5.4825258115138435
B4145_D80_a0.16_ms100,$t_0$,50.0,5.154514845230575,5.432414771849049
B4145_D80_a0.16_ms100,$t_0$,50.0,5.194314592545799,5.379440626260361
B4145_D80_a0.16_ms100,$t_0$,50.0,5.234113708149084,5.32368947396797
B4145_D80_a0.16_ms100,$t_0$,50.0,5.273912823752369,5.265061491115287
B4145_D80_a0.16_ms100,$t_0$,50.0,5.313712571067593,5.204409788210328
B4145_D80_a0.16_ms100,$t_0$,50.0,5.353511686670878,5.14172751844225
B4145_D80_a0.16_ms100,$t_0$,50.0,5.393310802274163,5.077333108348135
B4145_D80_a0.16_ms100,$t_0$,50.0,5.433110549589387,5.012185639550508
B4145_D80_a0.16_ms100,$t_0$,50.0,5.472909665192672,4.946583485744359
B4145_D80_a0.16_ms100,$t_0$,50.0,5.512708780795958,4.881215271558342
B4145_D80_a0.16_ms100,$t_0$,50.0,5.552508528111181,4.81624676012817
B4145_D80_a0.16_ms100,$t_0$,50.0,5.592307643714466,4.75211181638182
B4145_D80_a0.16_ms100,$t_0$,50.0,5.632106759317751,4.689318625968992
B4145_D80_a0.16_ms100,$t_0$,50.0,5.6719065066329755,4.627938296389183
B4145_D80_a0.16_ms100,$t_0$,50.0,5.711705622236261,4.568348767845242
B4145_D80_a0.16_ms100,$t_0$,50.0,5.751504737839546,4.5106433885240795
B4145_D80_a0.16_ms100,$t_0$,50.0,5.791304485154769,4.460239499220215
B4145_D80_a0.16_ms100,$t_0$,50.0,5.831103600758055,4.4184452931111124
B4145_D80_a0.16_ms100,$t_0$,50.0,5.870902716361339,4.376095785110143
B4145_D80_a0.16_ms100,$t_0$,50.0,5.9107024636765635,4.333318211392874
B4145_D80_a0.16_ms100,$t_0$,50.0,5.950501579279849,4.289723758981496
B4145_D80_a0.16_ms100,$t_0$,50.0,5.990300694883134,4.245446839085849
B4145_D80_a0.16_ms100,$t_0$,50.0,6.030100442198358,4.200348570914275
B4145_D80_a0.16_ms100,$t_0$,50.0,6.069899557801643,4.1541068004901724
B4145_D80_a0.16_ms100,$t_0$,50.0,6.109699305116867,4.1067904620825075
B4145_D80_a0.16_ms100,$t_0$,50.0,6.149498420720152,4.058253969604688
B4145_D80_a0.16_ms100,$t_0$,50.0,6.189297536323437,4.008150257208582
B4145_D80_a0.16_ms100,$t_0$,50.0,6.22909728363866,3.956418151881991
B4145_D80_a0.16_ms100,$t_0$,50.0,6.268896399241946,3.902761305294582
B4145_D80_a0.16_ms100,$t_0$,50.0,6.308695514845231,3.846710032049064
B4145_D80_a0.16_ms100,$t_0$,50.0,6.348496525584333,3.7878191865636675
B4145_D80_a0.16_ms100,$t_0$,50.0,6.3882943777637395,3.725732864983288
B4145_D80_a0.16_ms100,$t_0$,50.0,6.428092229943147,3.659947486107132
B4145_D80_a0.16_ms100,$t_0$,50.0,6.467890082122553,3.5900078457144895
B4145_D80_a0.16_ms100,$t_0$,50.0,6.507694251421352,3.515576914356646
B4145_D80_a0.16_ms100,$t_0$,50.0,6.547492103600758,3.4362626305806807
B4145_D80_a0.16_ms100,$t_0$,50.0,6.587289955780164,3.3518840917840995
B4145_D80_a0.16_ms100,$t_0$,50.0,6.62708780795957,3.262522193476907
B4145_D80_a0.16_ms100,$t_0$,50.0,6.666891977258371,3.16839158970156
B4145_D80_a0.16_ms100,$t_0$,50.0,6.706689829437776,3.0703339055833427
B4145_D80_a0.16_ms100,$t_0$,50.0,6.746487681617182,2.970043842755195
B4145_D80_a0.16_ms100,$t_0$,50.0,6.786285533796589,2.8699817562269563
B4145_D80_a0.16_ms100,$t_0$,50.0,6.826089703095389,2.77315135628795
B4145_D80_a0.16_ms100,$t_0$,50.0,6.865887555274795,2.6813649014053835
B4145_D80_a0.16_ms100,$t_0$,50.0,6.905685407454201,2.5952432105389724
B4145_D80_a0.16_ms100,$t_0$,50.0,6.9454832596336065,2.515163849980294
B4145_D80_a0.16_ms100,$t_0$,50.0,6.985287428932407,2.4410101460826246
B4145_D80_a0.16_ms100,$t_0$,50.0,7.025085281111814,2.3724740129597577
B4145_D80_a0.16_ms100,$t_0$,50.0,7.064883133291219,2.309260903858511
B4145_D80_a0.16_ms100,$t_0$,50.0,7.104680985470625,2.251216660582675
B4145_D80_a0.16_ms100,$t_0$,50.0,7.1444788376500314,2.197751333074663
B4145_D80_a0.16_ms100,$t_0$,50.0,7.1842830069488315,2.148540714455972
B4145_D80_a0.16_ms100,$t_0$,50.0,7.224080859128238,2.103209097260161
B4145_D80_a0.16_ms100,$t_0$,50.0,7.263878711307644,2.061344479300584
B4145_D80_a0.16_ms100,$t_0$,50.0,7.30367656348705,2.0227468745146195
B4145_D80_a0.16_ms100,$t_0$,50.0,7.34348073278585,1.9870848606674725
B4145_D80_a0.16_ms100,$t_0$,50.0,7.3832785849652565,1.9540287577459134
B4145_D80_a0.16_ms100,$t_0$,50.0,7.423076437144663,1.9233001361074213
B4145_D80_a0.16_ms100,$t_0$,50.0,7.462874289324068,1.8946474460373062
B4145_D80_a0.16_ms100,$t_0$,50.0,7.502678458622867,1.8678416145281729
B4145_D80_a0.16_ms100,$t_0$,50.0,7.542476310802275,1.8426906763325468
B4145_D80_a0.16_ms100,$t_0$,50.0,7.5822741629816806,1.8190288608133196
B4145_D80_a0.16_ms100,$t_0$,50.0,7.622072015161087,1.796735400738098
B4145_D80_a0.16_ms100,$t_0$,50.0,7.661869867340493,1.7757082675163072
B4145_D80_a0.16_ms100,$t_0$,50.0,7.701674036639292,1.7558240144379376
B4145_D80_a0.16_ms100,$t_0$,50.0,7.741471888818699,1.737021486859181
B4145_D80_a0.16_ms100,$t_0$,50.0,7.7812697409981055,1.719178712962914
B4145_D80_a0.16_ms100,$t_0$,50.0,7.821067593177512,1.7022528668760113
B4145_D80_a0.16_ms100,$t_0$,50.0,7.860871762476311,1.685628299976649
B4145_D80_a0.16_ms100,$t_0$,50.0,7.900669614655716,1.669616482090746
B4145_D80_a0.16_ms100,$t_0$,50.0,7.940467466835124,1.6543360831446556
B4145_D80_a0.16_ms100,$t_0$,50.0,7.98026531901453,1.63974707251487
B4145_D80_a0.16_ms100,$t_0$,50.0,8.020069488313329,1.6258289897030704
B4145_D80_a0.16_ms100,$t_0$,50.0,8.059867340492735,1.6125283337953866
B4145_D80_a0.16_ms100,$t_0$,50.0,8.099665192672141,1.599812006816533
B4145_D80_a0.16_ms100,$t_0$,50.0,8.13946304485155,1.5876652449553246
B4145_D80_a0.16_ms100,$t_0$,50.0,8.179267214150348,1.5760406041244674
B4145_D80_a0.16_ms100,$t_0$,50.0,8.219065066329753,1.564925464742863
B4145_D80_a0.16_ms100,$t_0$,50.0,8.258862918509159,1.5542810839785541
B4145_D80_a0.16_ms100,$t_0$,50.0,8.298660770688565,1.544082844908286
B4145_D80_a0.16_ms100,$t_0$,50.0,8.338458622867973,1.5343085292633816
B4145_D80_a0.16_ms100,$t_0$,50.0,8.378262792166772,1.5249477962528073
B4145_D80_a0.16_ms100,$t_0$,50.0,8.418060644346179,1.5159701534566377
B4145_D80_a0.16_ms100,$t_0$,50.0,8.457858496525585,1.5073566292629819
B4145_D80_a0.16_ms100,$t_0$,50.0,8.49765634870499,1.499099030820504
B4145_D80_a0.16_ms100,$t_0$,50.0,8.53746051800379,1.4911716247877953
B4145_D80_a0.16_ms100,$t_0$,50.0,8.577258370183197,1.4835669851830704
B4145_D80_a0.16_ms100,$t_0$,50.0,8.617056222362603,1.4762622180806815
B4145_D80_a0.16_ms100,$t_0$,50.0,8.656854074542009,1.4692504544969736
B4145_D80_a0.16_ms100,$t_0$,50.0,8.696658243840808,1.462511290312201
B4145_D80_a0.16_ms100,$t_0$,50.0,8.736456096020214,1.4560328385559624
B4145_D80_a0.16_ms100,$t_0$,50.0,8.77625394819962,1.4501158033513286
B4145_D80_a0.16_ms100,$t_0$,50.0,8.816051800379027,1.4501158033513286
B4145_D80_a0.16_ms100,$t_0$,50.0,8.855855969677828,1.4501158033513286
B4145_D80_a0.16_ms100,$t_0$,50.0,8.895653821857234,1.4501158033513286
B4145_D80_a0.16_ms100,$t_0$,50.0,8.93545167403664,1.4501158033513286
B4145_D80_a0.16_ms100,$t_0$,50.0,8.975249526216045,1.4501158033513286
B4145_D80_a0.16_ms100,$t_0$,50.0,9.015047378395451,1.4501158033513286
B4145_D80_a0.16_ms100,$t_0$,50.0,9.054851547694252,1.4501158033513286
B4145_D80_a0.16_ms100,$t_0$,50.0,9.094649399873658,1.4501158033513286
B4145_D80_a0.16_ms100,$t_0$,50.0,9.134447252053064,1.4501158033513286
B4145_D80_a0.16_ms100,$t_0$,50.0,9.17424510423247,1.4501158033513286
B4145_D80_a0.16_ms100,$t_0$,50.0,9.21404927353127,1.4501158033513286
B4145_D80_a0.16_ms100,$t_0$,50.0,9.253847125710676,1.4501158033513286
B4145_D80_a0.16_ms100,$t_0$,50.0,9.293644977890082,1.4501158033513286
B4145_D80_a0.16_ms100,$t_0$,50.0,9.333442830069488,1.4501158033513286
B4145_D80_a0.16_ms100,$t_0$,50.0,9.373246999368288,1.4501158033513286
B4145_D80_a0.16_ms100,$t_0$,50.0,9.413044851547696,1.4501158033513286
B4145_D80_a0.16_ms100,$t_0$,50.0,9.452842703727102,1.4501158033513286
B4145_D80_a0.16_ms100,$t_0$,50.0,9.492640555906506,1.4501158033513286
B4145_D80_a0.16_ms100,$t_0$,50.0,9.532438408085913,1.4501158033513286
B4145_D80_a0.16_ms100,$t_0$,50.0,9.572242577384712,1.4501158033513286
B4145_D80_a0.16_ms100,$t_0$,50.0,9.61204042956412,1.4501158033513286
B4145_D80_a0.16_ms100,$t_0$,50.0,9.651838281743526,1.4501158033513286
B4145_D80_a0.16_ms100,$t_0$,50.0,9.691636133922932,1.4501158033513286
B4145_D80_a0.16_ms100,$t_0$,50.0,9.731440303221731,1.4501158033513286
B4145_D80_a0.16_ms100,$t_0$,50.0,9.771238155401138,1.4501158033513286
B4145_D80_a0.16_ms100,$t_0$,50.0,9.811036007580544,1.4501158033513286
B4145_D80_a0.16_ms100,$t_0$,50.0,9.85083385975995,1.4501158033513286
B4145_D80_a0.16_ms100,$t_0$,50.0,9.89063802905875,1.4501158033513286
B4145_D80_a0.16_ms100,$t_0$,50.0,9.930435881238155,1.4501158033513286
B4145_D80_a0.16_ms100,$t_0$,50.0,9.970233733417562,1.4501158033513286
B4145_D80_a0.16_ms100,$t_0$,50.0,10.010031585596968,1.4501158033513286
B4145_D80_a0.16_ms100,$t_0$,50.0,10.049835754895767,1.4501158033513286
B4145_D80_a0.16_ms100,$t_0$,50.0,10.089633607075173,1.4501158033513286
B4145_D80_a0.16_ms100,$t_0$,50.0,10.12943145925458,1.4501158033513286
B4145_D80_a0.16_ms100,$t_0$,50.0,10.169229311433986,1.4501158033513286
B4145_D80_a0.16_ms100,$t_0$,50.0,10.209027163613394,1.4501158033513286
B4145_D80_a0.16_ms100,$t_0$,50.0,10.248831332912193,1.4501158033513286
B4145_D80_a0.16_ms100,$t_0$,50.0,10.288629185091597,1.2985242662580878
B4145_D80_a0.16_ms100,$t_0$,50.0,10.328427037271004,1.0743713021947463
B4145_D80_a0.16_ms100,$t_0$,50.0,10.36822488945041,0.8114421963742752
B4145_D80_a0.16_ms100,$t_0$,50.0,10.40802905874921,0.6032831127968047
B4145_D80_a0.16_ms100,$t_0$,50.0,10.447826910928617,0.4690484752681586
B4145_D80_a0.16_ms100,$t_0$,50.0,10.487624763108023,0.382474999996233
B4145_D80_a0.16_ms100,$t_0$,50.0,10.52742261528743,0.3235926539967577
B4145_D80_a0.16_ms100,$t_0$,50.0,10.567226784586229,0.28145886685561305
B4145_D80_a0.16_ms100,$t_0$,50.0,10.607024636765635,0.24994268472103762
B4145_D80_a0.16_ms100,$t_0$,50.0,10.646822488945041,0.2255790196390267
B4145_D80_a0.16_ms100,$t_0$,50.0,10.686620341124447,0.20620424357577682
B4145_D80_a0.16_ms100,$t_0$,50.0,10.726424510423248,0.19043885913672354
B4145_D80_a0.16_ms100,$t_0$,50.0,10.766222362602655,0.17738948637498927
B4145_D80_a0.16_ms100,$t_0$,50.0,10.806020214782059,0.1664046487084544
B4145_D80_a0.16_ms100,$t_0$,50.0,10.845818066961465,0.1570429695114744
B4145_D80_a0.16_ms100,$t_0$,50.0,10.885615919140871,0.1489794803593793
B4145_D80_a0.16_ms100,$t_0$,50.0,10.925420088439672,0.14195698913039376
B4145_D80_a0.16_ms100,$t_0$,50.0,10.965217940619079,0.13579356054362096
B4145_D80_a0.16_ms100,$t_0$,50.0,11.005015792798485,0.1303433320851748
B4145_D80_a0.16_ms100,$t_0$,50.0,11.044813644977891,0.1254924608030979
B4145_D80_a0.16_ms100,$t_0$,50.0,11.08461781427669,0.12114869533565656
B4145_D80_a0.16_ms100,$t_0$,50.0,11.124415666456096,0.11723829790942364
B4145_D80_a0.16_ms100,$t_0$,50.0,11.164213518635503,0.11370193374490763
B4145_D80_a0.16_ms100,$t_0$,50.0,11.204011370814909,0.11048920850010338
B4145_D80_a0.16_ms100,$t_0$,50.0,11.243815540113708,0.10755792520503461
B4145_D80_a0.16_ms100,$t_0$,50.0,11.283613392293114,0.1048754130880399
B4145_D80_a0.16_ms100,$t_0$,50.0,11.32341124447252,0.10241388234262581
B4145_D80_a0.16_ms100,$t_0$,50.0,11.363209096651927,0.10014505446800424
B4145_D80_a0.16_ms100,$t_0$,50.0,11.403006948831333,0.09805010345419844
B4145_D80_a0.16_ms100,$t_0$,50.0,11.442811118130132,0.09610883208363395
B4145_D80_a0.16_ms100,$t_0$,50.0,11.482608970309538,0.09430847014961517
B4145_D80_a0.16_ms100,$t_0$,50.0,11.522406822488946,0.09264594551560933
B4145_D80_a0.16_ms100,$t_0$,50.0,11.562204674668353,0.09109849364547287
B4145_D80_a0.16_ms100,$t_0$,50.0,11.602008843967152,0.08966844263660484
B4145_D80_a0.16_ms100,$t_0$,50.0,11.641806696146556,0.08833031285336715
B4145_D80_a0.16_ms100,$t_0$,50.0,11.681604548325963,0.08707284733361079
B4145_D80_a0.16_ms100,$t_0$,50.0,11.72140240050537,0.08589079058152836
B4145_D80_a0.16_ms100,$t_0$,50.0,11.76120656980417,0.08477674865669652
B4145_D80_a0.16_ms100,$t_0$,50.0,11.801004421983576,0.08372664710292449
B4145_D80_a0.16_ms100,$t_0$,50.0,11.840802274162982,0.08273497738046284
B4145_D80_a0.16_ms100,$t_0$,50.0,11.880600126342388,0.08179789090313255
B4145_D80_a0.16_ms100,$t_0$,50.0,11.920404295641188,0.08091088007971678
B4145_D80_a0.16_ms100,$t_0$,50.0,11.960202147820594,0.08007024626001398
B4145_D80_a0.16_ms100,$t_0$,50.0,12.0,0.07927346779226674
B4145_D80_a0.16_ms100,$t_0$,150.0,0.25919734680985473,98.68473378167361
B4145_D80_a0.16_ms100,$t_0$,150.0,0.2989966519267214,96.84914424545677
B4145_D80_a0.16_ms100,$t_0$,150.0,0.33879595704358817,95.18364926891175
B4145_D80_a0.16_ms100,$t_0$,150.0,0.3785953253316488,93.65843100266456
B4145_D80_a0.16_ms100,$t_0$,150.0,0.4183946304485155,92.25114847312261
B4145_D80_a0.16_ms100,$t_0$,150.0,0.4581939987365761,90.94471736156541
B4145_D80_a0.16_ms100,$t_0$,150.0,0.49799330385344287,89.72589166730098
B4145_D80_a0.16_ms100,$t_0$,150.0,0.5377926721415035,88.58420216064923
B4145_D80_a0.16_ms100,$t_0$,150.0,0.5775919772583702,87.51133064233002
B4145_D80_a0.16_ms100,$t_0$,150.0,0.6173912823752369,86.50041442361186
B4145_D80_a0.16_ms100,$t_0$,150.0,0.6571907770056854,85.5458906660254
B4145_D80_a0.16_ms100,$t_0$,150.0,0.6969898926089704,84.64292433595888
B4145_D80_a0.16_ms100,$t_0$,150.0,0.7367890082122552,83.78744635881048
B4145_D80_a0.16_ms100,$t_0$,150.0,0.7765887555274795,82.9758619747901
B4145_D80_a0.16_ms100,$t_0$,150.0,0.8163878711307644,82.20500386866895
B4145_D80_a0.16_ms100,$t_0$,150.0,0.8561869867340492,81.47197317926104
B4145_D80_a0.16_ms100,$t_0$,150.0,0.8959867340492736,80.77415941029653
B4145_D80_a0.16_ms100,$t_0$,150.0,0.9357858496525585,80.10919612862092
B4145_D80_a0.16_ms100,$t_0$,150.0,0.9755855969677827,79.47484368275174
B4145_D80_a0.16_ms100,$t_0$,150.0,1.0153847125710675,78.869075210185
B4145_D80_a0.16_ms100,$t_0$,150.0,1.0551838281743526,78.2900392544539
B4145_D80_a0.16_ms100,$t_0$,150.0,1.0949835754895767,77.7359716279164
B4145_D80_a0.16_ms100,$t_0$,150.0,1.1347826910928616,77.20522419132502
B4145_D80_a0.16_ms100,$t_0$,150.0,1.1745818066961466,76.69635270578031
B4145_D80_a0.16_ms100,$t_0$,150.0,1.214381554011371,76.20794751935242
B4145_D80_a0.16_ms100,$t_0$,150.0,1.2541806696146558,75.73870359474702
B4145_D80_a0.16_ms100,$t_0$,150.0,1.2939797852179407,75.28747466817507
B4145_D80_a0.16_ms100,$t_0$,150.0,1.333779532533165,74.85316768118965
B4145_D80_a0.16_ms100,$t_0$,150.0,1.3735786481364498,74.43479005816741
B4145_D80_a0.16_ms100,$t_0$,150.0,1.413377763739735,74.03139217816387
B4145_D80_a0.16_ms100,$t_0$,150.0,1.453177511054959,73.64215124824005
B4145_D80_a0.16_ms100,$t_0$,150.0,1.4929766266582438,73.26627683747569
B4145_D80_a0.16_ms100,$t_0$,150.0,1.532775742261529,72.9030219681156
B4145_D80_a0.16_ms100,$t_0$,150.0,1.5725754895767532,72.55178687533592
B4145_D80_a0.16_ms100,$t_0$,150.0,1.6123746051800378,72.21188272157511
B4145_D80_a0.16_ms100,$t_0$,150.0,1.652173720783323,71.8828232842381
B4145_D80_a0.16_ms100,$t_0$,150.0,1.6919734680985472,71.56406221531
B4145_D80_a0.16_ms100,$t_0$,150.0,1.7317725837018318,71.25513231009428
B4145_D80_a0.16_ms100,$t_0$,150.0,1.771571699305117,70.955639537719
B4145_D80_a0.16_ms100,$t_0$,150.0,1.8113714466203412,70.66513461226081
B4145_D80_a0.16_ms100,$t_0$,150.0,1.8511705622236259,70.38328998066213
B4145_D80_a0.16_ms100,$t_0$,150.0,1.890969677826911,70.10973596280738
B4145_D80_a0.16_ms100,$t_0$,150.0,1.9307694251421352,69.84416300506149
B4145_D80_a0.16_ms100,$t_0$,150.0,1.9705685407454203,69.5862475422109
B4145_D80_a0.16_ms100,$t_0$,150.0,2.010367656348705,69.33576729108226
B4145_D80_a0.16_ms100,$t_0$,150.0,2.050167403663929,69.09238696412272
B4145_D80_a0.16_ms100,$t_0$,150.0,2.089966519267214,68.85592956962604
B4145_D80_a0.16_ms100,$t_0$,150.0,2.129765634870499,68.62614008831204
B4145_D80_a0.16_ms100,$t_0$,150.0,2.169565382185723,68.40276834879575
B4145_D80_a0.16_ms100,$t_0$,150.0,2.209364497789008,68.18567304354069
B4145_D80_a0.16_ms100,$t_0$,150.0,2.249163613392293,67.97461400983812
B4145_D80_a0.16_ms100,$t_0$,150.0,2.2889633607075175,67.76942406025044
B4145_D80_a0.16_ms100,$t_0$,150.0,2.328762476310802,67.56993185083195
B4145_D80_a0.16_ms100,$t_0$,150.0,2.368561591914087,67.37599108424644
B4145_D80_a0.16_ms100,$t_0$,150.0,2.4083613392293115,67.18737049563902
B4145_D80_a0.16_ms100,$t_0$,150.0,2.448160454832596,67.00393573347603
B4145_D80_a0.16_ms100,$t_0$,150.0,2.4879595704358817,66.82554003851462
B4145_D80_a0.16_ms100,$t_0$,150.0,2.5277593177511055,66.65201747193444
B4145_D80_a0.16_ms100,$t_0$,150.0,2.56755843335439,66.48318744919595
B4145_D80_a0.16_ms100,$t_0$,150.0,2.6073575489576757,66.3189074125934
B4145_D80_a0.16_ms100,$t_0$,150.0,2.6471572962728995,66.15897977335973
B4145_D80_a0.16_ms100,$t_0$,150.0,2.686956411876184,66.00333761846125
B4145_D80_a0.16_ms100,$t_0$,150.0,2.726756159191409,65.85174408949482
B4145_D80_a0.16_ms100,$t_0$,150.0,2.7665552747946935,65.70408762216566
B4145_D80_a0.16_ms100,$t_0$,150.0,2.8063543903979786,65.56025906889694
B4145_D80_a0.16_ms100,$t_0$,150.0,2.846154137713203,65.42004773331779
B4145_D80_a0.16_ms100,$t_0$,150.0,2.8859532533164876,65.28339008748455
B4145_D80_a0.16_ms100,$t_0$,150.0,2.9257523689197726,65.15008438043087
B4145_D80_a0.16_ms100,$t_0$,150.0,2.965552116234997,65.02004187545978
B4145_D80_a0.16_ms100,$t_0$,150.0,3.0053512318382816,64.8931942659246
B4145_D80_a0.16_ms100,$t_0$,150.0,3.0451503474415667,64.769071915714
B4145_D80_a0.16_ms100,$t_0$,150.0,3.084950094756791,64.64819397969511
B4145_D80_a0.16_ms100,$t_0$,150.0,3.124749210360076,64.52988700898489
B4145_D80_a0.16_ms100,$t_0$,150.0,3.1645483259633607,64.41423357931617
B4145_D80_a0.16_ms100,$t_0$,150.0,3.204348073278585,64.30102819159735
B4145_D80_a0.16_ms100,$t_0$,150.0,3.2441471888818696,64.19010361033531
B4145_D80_a0.16_ms100,$t_0$,150.0,3.283946304485155,64.08131870612131
B4145_D80_a0.16_ms100,$t_0$,150.0,3.323746051800379,63.974500981513586
B4145_D80_a0.16_ms100,$t_0$,150.0,3.3635451674036636,63.86983671272767
B4145_D80_a0.16_ms100,$t_0$,150.0,3.403344283006949,63.76709679455486
B4145_D80_a0.16_ms100,$t_0$,150.0,3.443144030322173,63.66580208108361
B4145_D80_a0.16_ms100,$t_0$,150.0,3.4829431459254576,63.56600771139318
B4145_D80_a0.16_ms100,$t_0$,150.0,3.522742261528743,63.46758846389908
B4145_D80_a0.16_ms100,$t_0$,150.0,3.562542008843967,63.37033071004387
B4145_D80_a0.16_ms100,$t_0$,150.0,3.6023411244472525,63.273916499747
B4145_D80_a0.16_ms100,$t_0$,150.0,3.642140240050537,63.178505838753864
B4145_D80_a0.16_ms100,$t_0$,150.0,3.681939987365761,63.08380523363314
B4145_D80_a0.16_ms100,$t_0$,150.0,3.7217391029690465,62.98978286631982
B4145_D80_a0.16_ms100,$t_0$,150.0,3.761538218572331,62.89606059194659
B4145_D80_a0.16_ms100,$t_0$,150.0,3.801337965887555,62.802546571219864
B4145_D80_a0.16_ms100,$t_0$,150.0,3.8411370814908405,62.709354932678075
B4145_D80_a0.16_ms100,$t_0$,150.0,3.880936197094125,62.616316330089944
B4145_D80_a0.16_ms100,$t_0$,150.0,3.92073594440935,62.52302304046816
B4145_D80_a0.16_ms100,$t_0$,150.0,3.9605350600126346,62.42937505464931
B4145_D80_a0.16_ms100,$t_0$,150.0,4.00033417561592,62.33507431079366
B4145_D80_a0.16_ms100,$t_0$,150.0,4.040133922931144,62.240261791719604
B4145_D80_a0.16_ms100,$t_0$,150.0,4.079933038534429,62.14481946340789
B4145_D80_a0.16_ms100,$t_0$,150.0,4.119732154137713,62.048331471887806
B4145_D80_a0.16_ms100,$t_0$,150.0,4.1595319014529375,61.95109497548405
B4145_D80_a0.16_ms100,$t_0$,150.0,4.199331017056222,61.852500328605025
B4145_D80_a0.16_ms100,$t_0$,150.0,4.239130132659508,61.75269294799554
B4145_D80_a0.16_ms100,$t_0$,150.0,4.278929879974732,61.65172057080796
B4145_D80_a0.16_ms100,$t_0$,150.0,4.318728995578017,61.54935628956287
B4145_D80_a0.16_ms100,$t_0$,150.0,4.358528742893241,61.44599472224165
B4145_D80_a0.16_ms100,$t_0$,150.0,4.3983278584965255,61.34145651493057
B4145_D80_a0.16_ms100,$t_0$,150.0,4.43812697409981,61.2353644489354
B4145_D80_a0.16_ms100,$t_0$,150.0,4.477926721415035,61.1281793929105
B4145_D80_a0.16_ms100,$t_0$,150.0,4.51772583701832,61.0197604579102
B4145_D80_a0.16_ms100,$t_0$,150.0,4.557524952621605,60.909824217047394
B4145_D80_a0.16_ms100,$t_0$,150.0,4.597324699936829,60.799124230098066
B4145_D80_a0.16_ms100,$t_0$,150.0,4.6371238155401135,60.68695695065373
B4145_D80_a0.16_ms100,$t_0$,150.0,4.676922931143398,60.57387252819951
B4145_D80_a0.16_ms100,$t_0$,150.0,4.716722678458623,60.45953789522018
B4145_D80_a0.16_ms100,$t_0$,150.0,4.756521794061908,60.34435669281997
B4145_D80_a0.16_ms100,$t_0$,150.0,4.796320909665193,60.22791210260392
B4145_D80_a0.16_ms100,$t_0$,150.0,4.836120656980417,60.11055257728371
B4145_D80_a0.16_ms100,$t_0$,150.0,4.875919772583702,59.9923302547903
B4145_D80_a0.16_ms100,$t_0$,150.0,4.915718888186986,59.87350622165581
B4145_D80_a0.16_ms100,$t_0$,150.0,4.955518635502211,59.752632684448216
B4145_D80_a0.16_ms100,$t_0$,150.0,4.995317751105496,59.6299526913204
B4145_D80_a0.16_ms100,$t_0$,150.0,5.035116866708781,59.5043460117434
B4145_D80_a0.16_ms100,$t_0$,150.0,5.074916614024005,59.3755115112962
B4145_D80_a0.16_ms100,$t_0$,150.0,5.11471572962729,59.24229474464608
B4145_D80_a0.16_ms100,$t_0$,150.0,5.154514845230575,59.10449934922619
B4145_D80_a0.16_ms100,$t_0$,150.0,5.194314592545799,58.959922241698585
B4145_D80_a0.16_ms100,$t_0$,150.0,5.234113708149084,58.80798697173147
B4145_D80_a0.16_ms100,$t_0$,150.0,5.273912823752369,58.646595218332095
B4145_D80_a0.16_ms100,$t_0$,150.0,5.313712571067593,58.472815556187776
B4145_D80_a0.16_ms100,$t_0$,150.0,5.353511686670878,58.282957196938554
B4145_D80_a0.16_ms100,$t_0$,150.0,5.393310802274163,58.07075487466573
B4145_D80_a0.16_ms100,$t_0$,150.0,5.433110549589387,57.82371462343036
B4145_D80_a0.16_ms100,$t_0$,150.0,5.472909665192672,57.5250577908242
B4145_D80_a0.16_ms100,$t_0$,150.0,5.512708780795958,57.14529817066402
B4145_D80_a0.16_ms100,$t_0$,150.0,5.552508528111181,56.62562746670718
B4145_D80_a0.16_ms100,$t_0$,150.0,5.592307643714466,55.83290738808647
B4145_D80_a0.16_ms100,$t_0$,150.0,5.632106759317751,54.59205317392442
B4145_D80_a0.16_ms100,$t_0$,150.0,5.6719065066329755,53.17278006938354
B4145_D80_a0.16_ms100,$t_0$,150.0,5.711705622236261,51.84676750504002
B4145_D80_a0.16_ms100,$t_0$,150.0,5.751504737839546,50.451627893449604
B4145_D80_a0.16_ms100,$t_0$,150.0,5.791304485154769,49.14563735921842
B4145_D80_a0.16_ms100,$t_0$,150.0,5.831103600758055,47.46770284815445
B4145_D80_a0.16_ms100,$t_0$,150.0,5.870902716361339,46.64149352766822
B4145_D80_a0.16_ms100,$t_0$,150.0,5.9107024636765635,46.338411436274065
B4145_D80_a0.16_ms100,$t_0$,150.0,5.950501579279849,46.1423001038377
B4145_D80_a0.16_ms100,$t_0$,150.0,5.990300694883134,45.98875898733375
B4145_D80_a0.16_ms100,$t_0$,150.0,6.030100442198358,45.8554482838993
B4145_D80_a0.16_ms100,$t_0$,150.0,6.069899557801643,45.7123081857768
B4145_D80_a0.16_ms100,$t_0$,150.0,6.109699305116867,45.558680970165724
B4145_D80_a0.16_ms100,$t_0$,150.0,6.149498420720152,45.397938528265406
B4145_D80_a0.16_ms100,$t_0$,150.0,6.189297536323437,45.23094545537739
B4145_D80_a0.16_ms100,$t_0$,150.0,6.22909728363866,45.05967810676183
B4145_D80_a0.16_ms100,$t_0$,150.0,6.268896399241946,44.88551296648758
B4145_D80_a0.16_ms100,$t_0$,150.0,6.308695514845231,44.71821335717673
B4145_D80_a0.16_ms100,$t_0$,150.0,6.348496525584333,44.54201214949433
B4145_D80_a0.16_ms100,$t_0$,150.0,6.3882943777637395,44.360716088944045
B4145_D80_a0.16_ms100,$t_0$,150.0,6.428092229943147,44.17378925335879
B4145_D80_a0.16_ms100,$t_0$,150.0,6.467890082122553,43.98175264905652
B4145_D80_a0.16_ms100,$t_0$,150.0,6.507694251421352,43.78385175284791
B4145_D80_a0.16_ms100,$t_0$,150.0,6.547492103600758,43.58168894108694
B4145_D80_a0.16_ms100,$t_0$,150.0,6.587289955780164,43.374158958575556
B4145_D80_a0.16_ms100,$t_0$,150.0,6.62708780795957,43.161395134224534
B4145_D80_a0.16_ms100,$t_0$,150.0,6.666891977258371,42.94309863850887
B4145_D80_a0.16_ms100,$t_0$,150.0,6.706689829437776,42.719574173272655
B4145_D80_a0.16_ms100,$t_0$,150.0,6.746487681617182,42.48970061180221
B4145_D80_a0.16_ms100,$t_0$,150.0,6.786285533796589,42.25474733307858
B4145_D80_a0.16_ms100,$t_0$,150.0,6.826089703095389,42.01337007608426
B4145_D80_a0.16_ms100,$t_0$,150.0,6.865887555274795,41.76619312517161
B4145_D80_a0.16_ms100,$t_0$,150.0,6.905685407454201,41.51271649976923
B4145_D80_a0.16_ms100,$t_0$,150.0,6.9454832596336065,41.25314342928871
B4145_D80_a0.16_ms100,$t_0$,150.0,6.985287428932407,40.987057319682826
B4145_D80_a0.16_ms100,$t_0$,150.0,7.025085281111814,40.714344336431985
B4145_D80_a0.16_ms100,$t_0$,150.0,7.064883133291219,40.43501583366756
B4145_D80_a0.16_ms100,$t_0$,150.0,7.104680985470625,40.148939302821276
B4145_D80_a0.16_ms100,$t_0$,150.0,7.1444788376500314,39.855667355482574
B4145_D80_a0.16_ms100,$t_0$,150.0,7.1842830069488315,39.55549355602596
B4145_D80_a0.16_ms100,$t_0$,150.0,7.224080859128238,39.24768540173713
B4145_D80_a0.16_ms100,$t_0$,150.0,7.263878711307644,38.932756738483974
B4145_D80_a0.16_ms100,$t_0$,150.0,7.30367656348705,38.609979691898246
B4145_D80_a0.16_ms100,$t_0$,150.0,7.34348073278585,38.279634556771676
B4145_D80_a0.16_ms100,$t_0$,150.0,7.3832785849652565,37.94094816632299
B4145_D80_a0.16_ms100,$t_0$,150.0,7.423076437144663,37.59473082735613
B4145_D80_a0.16_ms100,$t_0$,150.0,7.462874289324068,37.23991608167414
B4145_D80_a0.16_ms100,$t_0$,150.0,7.502678458622867,36.8761970224662
B4145_D80_a0.16_ms100,$t_0$,150.0,7.542476310802275,36.50462133730807
B4145_D80_a0.16_ms100,$t_0$,150.0,7.5822741629816806,36.123279419017
B4145_D80_a0.16_ms100,$t_0$,150.0,7.622072015161087,35.733466966050074
B4145_D80_a0.16_ms100,$t_0$,150.0,7.661869867340493,35.33427912252374
B4145_D80_a0.16_ms100,$t_0$,150.0,7.701674036639292,34.92546054977511
B4145_D80_a0.16_ms100,$t_0$,150.0,7.741471888818699,34.50703088124894
B4145_D80_a0.16_ms100,$t_0$,150.0,7.7812697409981055,34.07834907708896
B4145_D80_a0.16_ms100,$t_0$,150.0,7.821067593177512,33.63964094404571
B4145_D80_a0.16_ms100,$t_0$,150.0,7.860871762476311,33.19043492431283
B4145_D80_a0.16_ms100,$t_0$,150.0,7.900669614655716,32.731060913419284
B4145_D80_a0.16_ms100,$t_0$,150.0,7.940467466835124,32.2599304173077
B4145_D80_a0.16_ms100,$t_0$,150.0,7.98026531901453,31.77811730022292
B4145_D80_a0.16_ms100,$t_0$,150.0,8.020069488313329,31.284764842285938
B4145_D80_a0.16_ms100,$t_0$,150.0,8.059867340492735,30.77948649558455
B4145_D80_a0.16_ms100,$t_0$,150.0,8.099665192672141,30.262539443822035
B4145_D80_a0.16_ms100,$t_0$,150.0,8.13946304485155,29.732717922623607
B4145_D80_a0.16_ms100,$t_0$,150.0,8.179267214150348,29.190766264208627
B4145_D80_a0.16_ms100,$t_0$,150.0,8.219065066329753,28.63554474108628
B4145_D80_a0.16_ms100,$t_0$,150.0,8.258862918509159,28.066864060898215
B4145_D80_a0.16_ms100,$t_0$,150.0,8.298660770688565,27.484879079496984
B4145_D80_a0.16_ms100,$t_0$,150.0,8.338458622867973,26.88907588300521
B4145_D80_a0.16_ms100,$t_0$,150.0,8.378262792166772,26.279032957899542
B4145_D80_a0.16_ms100,$t_0$,150.0,8.418060644346179,25.653327324286614
B4145_D80_a0.16_ms100,$t_0$,150.0,8.457858496525585,25.023128067220505
B4145_D80_a0.16_ms100,$t_0$,150.0,8.49765634870499,24.39742469379222
B4145_D80_a0.16_ms100,$t_0$,150.0,8.53746051800379,23.778285008289245
B4145_D80_a0.16_ms100,$t_0$,150.0,8.577258370183197,23.165486199587846
B4145_D80_a0.16_ms100,$t_0$,150.0,8.617056222362603,22.560894028669303
B4145_D80_a0.16_ms100,$t_0$,150.0,8.656854074542009,21.96355342672281
B4145_D80_a0.16_ms100,$t_0$,150.0,8.696658243840808,21.37530960767004
B4145_D80_a0.16_ms100,$t_0$,150.0,8.736456096020214,20.796372310387962
B4145_D80_a0.16_ms100,$t_0$,150.0,8.77625394819962,20.227656386182954
B4145_D80_a0.16_ms100,$t_0$,150.0,8.816051800379027,19.668946309419603
B4145_D80_a0.16_ms100,$t_0$,150.0,8.855855969677828,19.1192563721871
B4145_D80_a0.16_ms100,$t_0$,150.0,8.895653821857234,18.5819269302368
B4145_D80_a0.16_ms100,$t_0$,150.0,8.93545167403664,18.056968492514002
B4145_D80_a0.16_ms100,$t_0$,150.0,8.975249526216045,17.54320352987866
B4145_D80_a0.16_ms100,$t_0$,150.0,9.015047378395451,17.04007307532067
B4145_D80_a0.16_ms100,$t_0$,150.0,9.054851547694252,16.547690851462608
B4145_D80_a0.16_ms100,$t_0$,150.0,9.094649399873658,16.066424726404055
B4145_D80_a0.16_ms100,$t_0$,150.0,9.134447252053064,15.597721172729889
B4145_D80_a0.16_ms100,$t_0$,150.0,9.17424510423247,15.142516874458924
B4145_D80_a0.16_ms100,$t_0$,150.0,9.21404927353127,14.69991620524375
B4145_D80_a0.16_ms100,$t_0$,150.0,9.253847125710676,14.265722754022075
B4145_D80_a0.16_ms100,$t_0$,150.0,9.293644977890082,13.837132292622444
B4145_D80_a0.16_ms100,$t_0$,150.0,9.333442830069488,13.419866656303721
B4145_D80_a0.16_ms100,$t_0$,150.0,9.373246999368288,13.017799423978968
B4145_D80_a0.16_ms100,$t_0$,150.0,9.413044851547696,12.630937212037347
B4145_D80_a0.16_ms100,$t_0$,150.0,9.452842703727102,12.258172975352174
B4145_D80_a0.16_ms100,$t_0$,150.0,9.492640555906506,11.89641386981242
B4145_D80_a0.16_ms100,$t_0$,150.0,9.532438408085913,11.542335943758637
B4145_D80_a0.16_ms100,$t_0$,150.0,9.572242577384712,11.193404682473235
B4145_D80_a0.16_ms100,$t_0$,150.0,9.61204042956412,10.85093418589732
B4145_D80_a0.16_ms100,$t_0$,150.0,9.651838281743526,10.519242127967967
B4145_D80_a0.16_ms100,$t_0$,150.0,9.691636133922932,10.203024466827317
B4145_D80_a0.16_ms100,$t_0$,150.0,9.731440303221731,9.906881710529262
B4145_D80_a0.16_ms100,$t_0$,150.0,9.771238155401138,9.632449127585996
B4145_D80_a0.16_ms100,$t_0$,150.0,9.811036007580544,9.360038454007148
B4145_D80_a0.16_ms100,$t_0$,150.0,9.85083385975995,9.087726319322485
B4145_D80_a0.16_ms100,$t_0$,150.0,9.89063802905875,8.813491302858175
B4145_D80_a0.16_ms100,$t_0$,150.0,9.930435881238155,8.537080485024047
B4145_D80_a0.16_ms100,$t_0$,150.0,9.970233733417562,8.259331760088637
B4145_D80_a0.16_ms100,$t_0$,150.0,10.010031585596968,7.98332743823018
B4145_D80_a0.16_ms100,$t_0$,150.0,10.049835754895767,7.714789177929926
B4145_D80_a0.16_ms100,$t_0$,150.0,10.089633607075173,7.464117448343818
B4145_D80_a0.16_ms100,$t_0$,150.0,10.12943145925458,7.233937995831782
B4145_D80_a0.16_ms100,$t_0$,150.0,10.169229311433986,7.021539582834212
B4145_D80_a0.16_ms100,$t_0$,150.0,10.209027163613394,6.82224836829004
B4145_D80_a0.16_ms100,$t_0$,150.0,10.248831332912193,6.631450675557456
B4145_D80_a0.16_ms100,$t_0$,150.0,10.288629185091597,6.444436277382305
B4145_D80_a0.16_ms100,$t_0$,150.0,10.328427037271004,6.256212923476265
B4145_D80_a0.16_ms100,$t_0$,150.0,10.36822488945041,6.061052690548319
B4145_D80_a0.16_ms100,$t_0$,150.0,10.40802905874921,5.847721599517906
B4145_D80_a0.16_ms100,$t_0$,150.0,10.447826910928617,5.618243023675427
B4145_D80_a0.16_ms100,$t_0$,150.0,10.487624763108023,5.377052660672169
B4145_D80_a0.16_ms100,$t_0$,150.0,10.52742261528743,5.142194208833564
B4145_D80_a0.16_ms100,$t_0$,150.0,10.567226784586229,4.929091084081574
B4145_D80_a0.16_ms100,$t_0$,150.0,10.607024636765635,4.744825097731151
B4145_D80_a0.16_ms100,$t_0$,150.0,10.646822488945041,4.5886700490203545
B4145_D80_a0.16_ms100,$t_0$,150.0,10.686620341124447,4.470080542064811
B4145_D80_a0.16_ms100,$t_0$,150.0,10.726424510423248,4.379155293062639
B4145_D80_a0.16_ms100,$t_0$,150.0,10.766222362602655,4.2922996270714515
B4145_D80_a0.16_ms100,$t_0$,150.0,10.806020214782059,4.208188577120902
B4145_D80_a0.16_ms100,$t_0$,150.0,10.845818066961465,4.125744420685537
B4145_D80_a0.16_ms100,$t_0$,150.0,10.885615919140871,4.044234766842971
B4145_D80_a0.16_ms100,$t_0$,150.0,10.925420088439672,3.9628843846319777
B4145_D80_a0.16_ms100,$t_0$,150.0,10.965217940619079,3.8806794492777454
B4145_D80_a0.16_ms100,$t_0$,150.0,11.005015792798485,3.7966409812714184
B4145_D80_a0.16_ms100,$t_0$,150.0,11.044813644977891,3.7097678559393272
B4145_D80_a0.16_ms100,$t_0$,150.0,11.08461781427669,3.6193221665361777
B4145_D80_a0.16_ms100,$t_0$,150.0,11.124415666456096,3.5245792541340815
B4145_D80_a0.16_ms100,$t_0$,150.0,11.164213518635503,3.425333529217726
B4145_D80_a0.16_ms100,$t_0$,150.0,11.204011370814909,3.3215771113902064
B4145_D80_a0.16_ms100,$t_0$,150.0,11.243815540113708,3.213697705160229
B4145_D80_a0.16_ms100,$t_0$,150.0,11.283613392293114,3.1027527442166476
B4145_D80_a0.16_ms100,$t_0$,150.0,11.32341124447252,2.9902941852902796
B4145_D80_a0.16_ms100,$t_0$,150.0,11.363209096651927,2.878281308569135
B4145_D80_a0.16_ms100,$t_0$,150.0,11.403006948831333,2.7695780469606595
B4145_D80_a0.16_ms100,$t_0$,150.0,11.442811118130132,2.6653554783374545
B4145_D80_a0.16_ms100,$t_0$,150.0,11.482608970309538,2.5670523731143113
B4145_D80_a0.16_ms100,$t_0$,150.0,11.522406822488946,2.4764184849155133
B4145_D80_a0.16_ms100,$t_0$,150.0,11.562204674668353,2.393305661250205
B4145_D80_a0.16_ms100,$t_0$,150.0,11.602008843967152,2.318369173548146
B4145_D80_a0.16_ms100,$t_0$,150.0,11.641806696146556,2.2503774361135904
B4145_D80_a0.16_ms100,$t_0$,150.0,11.681604548325963,2.1887498013221935
B4145_D80_a0.16_ms100,$t_0$,150.0,11.72140240050537,2.1329097747279118
B4145_D80_a0.16_ms100,$t_0$,150.0,11.76120656980417,2.082297180125891
B4145_D80_a0.16_ms100,$t_0$,150.0,11.801004421983576,2.036383090566362
B4145_D80_a0.16_ms100,$t_0$,150.0,11.840802274162982,1.994772985044777
B4145_D80_a0.16_ms100,$t_0$,150.0,11.880600126342388,1.9569450633269212
B4145_D80_a0.16_ms100,$t_0$,150.0,11.920404295641188,1.9223668380189283
B4145_D80_a0.16_ms100,$t_0$,150.0,11.960202147820594,1.8906026486132987
B4145_D80_a0.16_ms100,$t_0$,150.0,12.0,1.8613194020414854
B4145_D80_a0.16_ms100,$t_{T_{\rm max}}$,50.0,0.1,19.90597022951687
B4145_D80_a0.16_ms100,$t_{T_{\rm max}}$,50.0,0.13979930511686672,18.996941487405653
B4145_D80_a0.16_ms100,$t_{T_{\rm max}}$,50.0,0.17959867340492736,18.386391180210623
B4145_D80_a0.16_ms100,$t_{T_{\rm max}}$,50.0,0.21939797852179407,17.919928151469087
B4145_D80_a0.16_ms100,$t_{T_{\rm max}}$,50.0,0.25919734680985473,17.531214480665966
B4145_D80_a0.16_ms100,$t_{T_{\rm max}}$,50.0,0.2989966519267214,17.187639138956268
B4145_D80_a0.16_ms100,$t_{T_{\rm max}}$,50.0,0.33879595704358817,16.87186104172066
B4145_D80_a0.16_ms100,$t_{T_{\rm max}}$,50.0,0.3785953253316488,16.574122223447937
B4145_D80_a0.16_ms100,$t_{T_{\rm max}}$,50.0,0.4183946304485155,16.288818970038644
B4145_D80_a0.16_ms100,$t_{T_{\rm max}}$,50.0,0.4581939987365761,16.01261308813864
B4145_D80_a0.16_ms100,$t_{T_{\rm max}}$,50.0,0.49799330385344287,15.743616219773152
B4145_D80_a0.16_ms100,$t_{T_{\rm max}}$,50.0,0.5377926721415035,15.480804854044676
B4145_D80_a0.16_ms100,$t_{T_{\rm max}}$,50.0,0.5775919772583702,15.22336256417537
B4145_D80_a0.16_ms100,$t_{T_{\rm max}}$,50.0,0.6173912823752369,14.970479987889169
B4145_D80_a0.16_ms100,$t_{T_{\rm max}}$,50.0,0.6571907770056854,14.721311660055349
B4145_D80_a0.16_ms100,$t_{T_{\rm max}}$,50.0,0.6969898926089704,14.474871546918527
B4145_D80_a0.16_ms100,$t_{T_{\rm max}}$,50.0,0.7367890082122552,14.230074301868287
B4145_D80_a0.16_ms100,$t_{T_{\rm max}}$,50.0,0.7765887555274795,13.98569695836972
B4145_D80_a0.16_ms100,$t_{T_{\rm max}}$,50.0,0.8163878711307644,13.741932431991922
B4145_D80_a0.16_ms100,$t_{T_{\rm max}}$,50.0,0.8561869867340492,13.500256233022569
B4145_D80_a0.16_ms100,$t_{T_{\rm max}}$,50.0,0.8959867340492736,13.261202039746543
B4145_D80_a0.16_ms100,$t_{T_{\rm max}}$,50.0,0.9357858496525585,13.024926859465596
B4145_D80_a0.16_ms100,$t_{T_{\rm max}}$,50.0,0.9755855969677827,12.79127813232704
B4145_D80_a0.16_ms100,$t_{T_{\rm max}}$,50.0,1.0153847125710675,12.55985064576606
B4145_D80_a0.16_ms100,$t_{T_{\rm max}}$,50.0,1.0551838281743526,12.330026414748058
B4145_D80_a0.16_ms100,$t_{T_{\rm max}}$,50.0,1.0949835754895767,12.101043700603455
B4145_D80_a0.16_ms100,$t_{T_{\rm max}}$,50.0,1.1347826910928616,11.871921255624256
B4145_D80_a0.16_ms100,$t_{T_{\rm max}}$,50.0,1.1745818066961466,11.641345308911063
B4145_D80_a0.16_ms100,$t_{T_{\rm max}}$,50.0,1.214381554011371,11.408095030887829
B4145_D80_a0.16_ms100,$t_{T_{\rm max}}$,50.0,1.2541806696146558,11.17162623600713
B4145_D80_a0.16_ms100,$t_{T_{\rm max}}$,50.0,1.2939797852179407,10.932115129253786
B4145_D80_a0.16_ms100,$t_{T_{\rm max}}$,50.0,1.333779532533165,10.690421489451447
B4145_D80_a0.16_ms100,$t_{T_{\rm max}}$,50.0,1.3735786481364498,10.44809540992386
B4145_D80_a0.16_ms100,$t_{T_{\rm max}}$,50.0,1.413377763739735,10.207262106531036
B4145_D80_a0.16_ms100,$t_{T_{\rm max}}$,50.0,1.453177511054959,9.97041386676212
B4145_D80_a0.16_ms100,$t_{T_{\rm max}}$,50.0,1.4929766266582438,9.73954365731628
B4145_D80_a0.16_ms100,$t_{T_{\rm max}}$,50.0,1.532775742261529,9.514299176252722
B4145_D80_a0.16_ms100,$t_{T_{\rm max}}$,50.0,1.5725754895767532,9.286461100886367
B4145_D80_a0.16_ms100,$t_{T_{\rm max}}$,50.0,1.6123746051800378,9.044569414578248
B4145_D80_a0.16_ms100,$t_{T_{\rm max}}$,50.0,1.652173720783323,8.792241607562438
B4145_D80_a0.16_ms100,$t_{T_{\rm max}}$,50.0,1.6919734680985472,8.528036586948861
B4145_D80_a0.16_ms100,$t_{T_{\rm max}}$,50.0,1.7317725837018318,8.252159309259586
B4145_D80_a0.16_ms100,$t_{T_{\rm max}}$,50.0,1.771571699305117,7.97224620604913
B4145_D80_a0.16_ms100,$t_{T_{\rm max}}$,50.0,1.8113714466203412,7.69982642559287
B4145_D80_a0.16_ms100,$t_{T_{\rm max}}$,50.0,1.8511705622236259,7.446091593641456
B4145_D80_a0.16_ms100,$t_{T_{\rm max}}$,50.0,1.890969677826911,7.214105112110886
B4145_D80_a0.16_ms100,$t_{T_{\rm max}}$,50.0,1.9307694251421352,7.000730160032064
B4145_D80_a0.16_ms100,$t_{T_{\rm max}}$,50.0,1.9705685407454203,6.801229790519145
B4145_D80_a0.16_ms100,$t_{T_{\rm max}}$,50.0,2.010367656348705,6.610829569356454
B4145_D80_a0.16_ms100,$t_{T_{\rm max}}$,50.0,2.050167403663929,6.4244470363513555
B4145_D80_a0.16_ms100,$t_{T_{\rm max}}$,50.0,2.089966519267214,6.237331771375508
B4145_D80_a0.16_ms100,$t_{T_{\rm max}}$,50.0,2.129765634870499,6.043397508153041
B4145_D80_a0.16_ms100,$t_{T_{\rm max}}$,50.0,2.169565382185723,5.835632416390474
B4145_D80_a0.16_ms100,$t_{T_{\rm max}}$,50.0,2.209364497789008,5.610515779624795
B4145_D80_a0.16_ms100,$t_{T_{\rm max}}$,50.0,2.249163613392293,5.3748159411094765
B4145_D80_a0.16_ms100,$t_{T_{\rm max}}$,50.0,2.2889633607075175,5.14415681457046
B4145_D80_a0.16_ms100,$t_{T_{\rm max}}$,50.0,2.328762476310802,4.934603904486054
B4145_D80_a0.16_ms100,$t_{T_{\rm max}}$,50.0,2.368561591914087,4.755175525739665
B4145_D80_a0.16_ms100,$t_{T_{\rm max}}$,50.0,2.4083613392293115,4.608463123625677
B4145_D80_a0.16_ms100,$t_{T_{\rm max}}$,50.0,2.448160454832596,4.5056382661101315
B4145_D80_a0.16_ms100,$t_{T_{\rm max}}$,50.0,2.4879595704358817,4.451643540827488
B4145_D80_a0.16_ms100,$t_{T_{\rm max}}$,50.0,2.5277593177511055,4.41365327879929
B4145_D80_a0.16_ms100,$t_{T_{\rm max}}$,50.0,2.56755843335439,4.387834086541463
B4145_D80_a0.16_ms100,$t_{T_{\rm max}}$,50.0,2.6073575489576757,4.372950165895695
B4145_D80_a0.16_ms100,$t_{T_{\rm max}}$,50.0,2.6471572962728995,4.366849004288896
B4145_D80_a0.16_ms100,$t_{T_{\rm max}}$,50.0,2.686956411876184,4.367185926105767
B4145_D80_a0.16_ms100,$t_{T_{\rm max}}$,50.0,2.726756159191409,4.372182690617083
B4145_D80_a0.16_ms100,$t_{T_{\rm max}}$,50.0,2.7665552747946935,4.380512480578353
B4145_D80_a0.16_ms100,$t_{T_{\rm max}}$,50.0,2.8063543903979786,4.3913942925643985
B4145_D80_a0.16_ms100,$t_{T_{\rm max}}$,50.0,2.846154137713203,4.404221722759623
B4145_D80_a0.16_ms100,$t_{T_{\rm max}}$,50.0,2.8859532533164876,4.418370292940918
B4145_D80_a0.16_ms100,$t_{T_{\rm max}}$,50.0,2.9257523689197726,4.433679145316406
B4145_D80_a0.16_ms100,$t_{T_{\rm max}}$,50.0,2.965552116234997,4.449832017999676
B4145_D80_a0.16_ms100,$t_{T_{\rm max}}$,50.0,3.0053512318382816,4.466599095004202
B4145_D80_a0.16_ms100,$t_{T_{\rm max}}$,50.0,3.0451503474415667,4.4837452217448
B4145_D80_a0.16_ms100,$t_{T_{\rm max}}$,50.0,3.084950094756791,4.501242339319103
B4145_D80_a0.16_ms100,$t_{T_{\rm max}}$,50.0,3.124749210360076,4.524300606763702
B4145_D80_a0.16_ms100,$t_{T_{\rm max}}$,50.0,3.1645483259633607,4.549625448398132
B4145_D80_a0.16_ms100,$t_{T_{\rm max}}$,50.0,3.204348073278585,4.57518042470869
B4145_D80_a0.16_ms100,$t_{T_{\rm max}}$,50.0,3.2441471888818696,4.600845643630816
B4145_D80_a0.16_ms100,$t_{T_{\rm max}}$,50.0,3.283946304485155,4.626391807599964
B4145_D80_a0.16_ms100,$t_{T_{\rm max}}$,50.0,3.323746051800379,4.6515185736943305
B4145_D80_a0.16_ms100,$t_{T_{\rm max}}$,50.0,3.3635451674036636,4.67604323938288
B4145_D80_a0.16_ms100,$t_{T_{\rm max}}$,50.0,3.403344283006949,4.699832116141601
B4145_D80_a0.16_ms100,$t_{T_{\rm max}}$,50.0,3.443144030322173,4.722427828420663
B4145_D80_a0.16_ms100,$t_{T_{\rm max}}$,50.0,3.4829431459254576,4.743859429292308
B4145_D80_a0.16_ms100,$t_{T_{\rm max}}$,50.0,3.522742261528743,4.763842190931169
B4145_D80_a0.16_ms100,$t_{T_{\rm max}}$,50.0,3.562542008843967,4.782267226083742
B4145_D80_a0.16_ms100,$t_{T_{\rm max}}$,50.0,3.6023411244472525,4.798927705481728
B4145_D80_a0.16_ms100,$t_{T_{\rm max}}$,50.0,3.642140240050537,4.814066036735332
B4145_D80_a0.16_ms100,$t_{T_{\rm max}}$,50.0,3.681939987365761,4.827433214704251
B4145_D80_a0.16_ms100,$t_{T_{\rm max}}$,50.0,3.7217391029690465,4.839179536967982
B4145_D80_a0.16_ms100,$t_{T_{\rm max}}$,50.0,3.761538218572331,4.849058923718218
B4145_D80_a0.16_ms100,$t_{T_{\rm max}}$,50.0,3.801337965887555,4.857165215719955
B4145_D80_a0.16_ms100,$t_{T_{\rm max}}$,50.0,3.8411370814908405,4.863408166815676
B4145_D80_a0.16_ms100,$t_{T_{\rm max}}$,50.0,3.880936197094125,4.867686464457659
B4145_D80_a0.16_ms100,$t_{T_{\rm max}}$,50.0,3.92073594440935,4.870154106879636
B4145_D80_a0.16_ms100,$t_{T_{\rm max}}$,50.0,3.9605350600126346,4.870735205312037
B4145_D80_a0.16_ms100,$t_{T_{\rm max}}$,50.0,4.00033417561592,4.8695686698389435
B4145_D80_a0.16_ms100,$t_{T_{\rm max}}$,50.0,4.040133922931144,4.86670674284722
B4145_D80_a0.16_ms100,$t_{T_{\rm max}}$,50.0,4.079933038534429,4.8622269873169
B4145_D80_a0.16_ms100,$t_{T_{\rm max}}$,50.0,4.119732154137713,4.856625019480626
B4145_D80_a0.16_ms100,$t_{T_{\rm max}}$,50.0,4.1595319014529375,4.849869473830239
B4145_D80_a0.16_ms100,$t_{T_{\rm max}}$,50.0,4.199331017056222,4.841991084686473
B4145_D80_a0.16_ms100,$t_{T_{\rm max}}$,50.0,4.239130132659508,4.833191466459329
B4145_D80_a0.16_ms100,$t_{T_{\rm max}}$,50.0,4.278929879974732,4.823401366311523
B4145_D80_a0.16_ms100,$t_{T_{\rm max}}$,50.0,4.318728995578017,4.81277456306402
B4145_D80_a0.16_ms100,$t_{T_{\rm max}}$,50.0,4.358528742893241,4.801055576024681
B4145_D80_a0.16_ms100,$t_{T_{\rm max}}$,50.0,4.3983278584965255,4.788255436007503
B4145_D80_a0.16_ms100,$t_{T_{\rm max}}$,50.0,4.43812697409981,4.774162013981134
B4145_D80_a0.16_ms100,$t_{T_{\rm max}}$,50.0,4.477926721415035,4.758831643486526
B4145_D80_a0.16_ms100,$t_{T_{\rm max}}$,50.0,4.51772583701832,4.742189496009272
B4145_D80_a0.16_ms100,$t_{T_{\rm max}}$,50.0,4.557524952621605,4.724151281550106
B4145_D80_a0.16_ms100,$t_{T_{\rm max}}$,50.0,4.597324699936829,4.704667419767624
B4145_D80_a0.16_ms100,$t_{T_{\rm max}}$,50.0,4.6371238155401135,4.6837094249592415
B4145_D80_a0.16_ms100,$t_{T_{\rm max}}$,50.0,4.676922931143398,4.661454015410305
B4145_D80_a0.16_ms100,$t_{T_{\rm max}}$,50.0,4.716722678458623,4.638095174958051
B4145_D80_a0.16_ms100,$t_{T_{\rm max}}$,50.0,4.756521794061908,4.613641818404516
B4145_D80_a0.16_ms100,$t_{T_{\rm max}}$,50.0,4.796320909665193,4.588446473363726
B4145_D80_a0.16_ms100,$t_{T_{\rm max}}$,50.0,4.836120656980417,4.562517837728493
B4145_D80_a0.16_ms100,$t_{T_{\rm max}}$,50.0,4.875919772583702,4.536382384411001
B4145_D80_a0.16_ms100,$t_{T_{\rm max}}$,50.0,4.915718888186986,4.510229261689198
B4145_D80_a0.16_ms100,$t_{T_{\rm max}}$,50.0,4.955518635502211,4.4851328069458996
B4145_D80_a0.16_ms100,$t_{T_{\rm max}}$,50.0,4.995317751105496,4.465376692354606
B4145_D80_a0.16_ms100,$t_{T_{\rm max}}$,50.0,5.035116866708781,4.445318960688018
B4145_D80_a0.16_ms100,$t_{T_{\rm max}}$,50.0,5.074916614024005,4.424701953156212
B4145_D80_a0.16_ms100,$t_{T_{\rm max}}$,50.0,5.11471572962729,4.403639127579883
B4145_D80_a0.16_ms100,$t_{T_{\rm max}}$,50.0,5.154514845230575,4.382003211702899
B4145_D80_a0.16_ms100,$t_{T_{\rm max}}$,50.0,5.194314592545799,4.359738387246554
B4145_D80_a0.16_ms100,$t_{T_{\rm max}}$,50.0,5.234113708149084,4.336696010137935
B4145_D80_a0.16_ms100,$t_{T_{\rm max}}$,50.0,5.273912823752369,4.312813435271723
B4145_D80_a0.16_ms100,$t_{T_{\rm max}}$,50.0,5.313712571067593,4.288227878030755
B4145_D80_a0.16_ms100,$t_{T_{\rm max}}$,50.0,5.353511686670878,4.262620906429055
B4145_D80_a0.16_ms100,$t_{T_{\rm max}}$,50.0,5.393310802274163,4.236098082310775
B4145_D80_a0.16_ms100,$t_{T_{\rm max}}$,50.0,5.433110549589387,4.208622430830317
B4145_D80_a0.16_ms100,$t_{T_{\rm max}}$,50.0,5.472909665192672,4.18026764143968
B4145_D80_a0.16_ms100,$t_{T_{\rm max}}$,50.0,5.512708780795958,4.1508648723467685
B4145_D80_a0.16_ms100,$t_{T_{\rm max}}$,50.0,5.552508528111181,4.120558522116635
B4145_D80_a0.16_ms100,$t_{T_{\rm max}}$,50.0,5.592307643714466,4.089219044401838
B4145_D80_a0.16_ms100,$t_{T_{\rm max}}$,50.0,5.632106759317751,4.056819774272899
B4145_D80_a0.16_ms100,$t_{T_{\rm max}}$,50.0,5.6719065066329755,4.023392877550799
B4145_D80_a0.16_ms100,$t_{T_{\rm max}}$,50.0,5.711705622236261,3.9887368908055785
B4145_D80_a0.16_ms100,$t_{T_{\rm max}}$,50.0,5.751504737839546,3.9528512979523747
B4145_D80_a0.16_ms100,$t_{T_{\rm max}}$,50.0,5.791304485154769,3.915536506477465
B4145_D80_a0.16_ms100,$t_{T_{\rm max}}$,50.0,5.831103600758055,3.876677899821406
B4145_D80_a0.16_ms100,$t_{T_{\rm max}}$,50.0,5.870902716361339,3.8361799129384204
B4145_D80_a0.16_ms100,$t_{T_{\rm max}}$,50.0,5.9107024636765635,3.7937801082586393
B4145_D80_a0.16_ms100,$t_{T_{\rm max}}$,50.0,5.950501579279849,3.749259235960971
B4145_D80_a0.16_ms100,$t_{T_{\rm max}}$,50.0,5.990300694883134,3.7023070507274545
B4145_D80_a0.16_ms100,$t_{T_{\rm max}}$,50.0,6.030100442198358,3.6528535994055136
B4145_D80_a0.16_ms100,$t_{T_{\rm max}}$,50.0,6.069899557801643,3.6006115800147342
B4145_D80_a0.16_ms100,$t_{T_{\rm max}}$,50.0,6.109699305116867,3.545408423060233
B4145_D80_a0.16_ms100,$t_{T_{\rm max}}$,50.0,6.149498420720152,3.486867468287146
B4145_D80_a0.16_ms100,$t_{T_{\rm max}}$,50.0,6.189297536323437,3.42494073789835
B4145_D80_a0.16_ms100,$t_{T_{\rm max}}$,50.0,6.22909728363866,3.359365211749414
B4145_D80_a0.16_ms100,$t_{T_{\rm max}}$,50.0,6.268896399241946,3.2901087280055483
B4145_D80_a0.16_ms100,$t_{T_{\rm max}}$,50.0,6.308695514845231,3.217026908714416
B4145_D80_a0.16_ms100,$t_{T_{\rm max}}$,50.0,6.348496525584333,3.1404383176662445
B4145_D80_a0.16_ms100,$t_{T_{\rm max}}$,50.0,6.3882943777637395,3.060704368449719
B4145_D80_a0.16_ms100,$t_{T_{\rm max}}$,50.0,6.428092229943147,2.9782765869138923
B4145_D80_a0.16_ms100,$t_{T_{\rm max}}$,50.0,6.467890082122553,2.8944666341302043
B4145_D80_a0.16_ms100,$t_{T_{\rm max}}$,50.0,6.507694251421352,2.809955995686902
B4145_D80_a0.16_ms100,$t_{T_{\rm max}}$,50.0,6.547492103600758,2.7256715837458136
B4145_D80_a0.16_ms100,$t_{T_{\rm max}}$,50.0,6.587289955780164,2.6427948997005832
B4145_D80_a0.16_ms100,$t_{T_{\rm max}}$,50.0,6.62708780795957,2.562761642677307
B4145_D80_a0.16_ms100,$t_{T_{\rm max}}$,50.0,6.666891977258371,2.486796069502707
B4145_D80_a0.16_ms100,$t_{T_{\rm max}}$,50.0,6.706689829437776,2.4163997290662484
B4145_D80_a0.16_ms100,$t_{T_{\rm max}}$,50.0,6.746487681617182,2.3519705777694866
B4145_D80_a0.16_ms100,$t_{T_{\rm max}}$,50.0,6.786285533796589,2.2933463004912675
B4145_D80_a0.16_ms100,$t_{T_{\rm max}}$,50.0,6.826089703095389,2.239627642426091
B4145_D80_a0.16_ms100,$t_{T_{\rm max}}$,50.0,6.865887555274795,2.1902660821570468
B4145_D80_a0.16_ms100,$t_{T_{\rm max}}$,50.0,6.905685407454201,2.1447061879743177
B4145_D80_a0.16_ms100,$t_{T_{\rm max}}$,50.0,6.9454832596336065,2.102526669132326
B4145_D80_a0.16_ms100,$t_{T_{\rm max}}$,50.0,6.985287428932407,2.0633385168216334
B4145_D80_a0.16_ms100,$t_{T_{\rm max}}$,50.0,7.025085281111814,2.0270121686506237
B4145_D80_a0.16_ms100,$t_{T_{\rm max}}$,50.0,7.064883133291219,1.9933707764835253
B4145_D80_a0.16_ms100,$t_{T_{\rm max}}$,50.0,7.104680985470625,1.9620823689327422
B4145_D80_a0.16_ms100,$t_{T_{\rm max}}$,50.0,7.1444788376500314,1.9328790694129994
B4145_D80_a0.16_ms100,$t_{T_{\rm max}}$,50.0,7.1842830069488315,1.905617109822201
B4145_D80_a0.16_ms100,$t_{T_{\rm max}}$,50.0,7.224080859128238,1.8800174316075022
B4145_D80_a0.16_ms100,$t_{T_{\rm max}}$,50.0,7.263878711307644,1.8559564730936131
B4145_D80_a0.16_ms100,$t_{T_{\rm max}}$,50.0,7.30367656348705,1.8333057882015886
B4145_D80_a0.16_ms100,$t_{T_{\rm max}}$,50.0,7.34348073278585,1.8118818859859815
B4145_D80_a0.16_ms100,$t_{T_{\rm max}}$,50.0,7.3832785849652565,1.7915900306351218
B4145_D80_a0.16_ms100,$t_{T_{\rm max}}$,50.0,7.423076437144663,1.7723881879291263
B4145_D80_a0.16_ms100,$t_{T_{\rm max}}$,50.0,7.462874289324068,1.754121848385495
B4145_D80_a0.16_ms100,$t_{T_{\rm max}}$,50.0,7.502678458622867,1.7367527024439746
B4145_D80_a0.16_ms100,$t_{T_{\rm max}}$,50.0,7.542476310802275,1.720239230679555
B4145_D80_a0.16_ms100,$t_{T_{\rm max}}$,50.0,7.5822741629816806,1.7044726974741964
B4145_D80_a0.16_ms100,$t_{T_{\rm max}}$,50.0,7.622072015161087,1.6890239303959953
B4145_D80_a0.16_ms100,$t_{T_{\rm max}}$,50.0,7.661869867340493,1.6739779406040753
B4145_D80_a0.16_ms100,$t_{T_{\rm max}}$,50.0,7.701674036639292,1.6595737354093074
B4145_D80_a0.16_ms100,$t_{T_{\rm max}}$,50.0,7.741471888818699,1.6457838991648468
B4145_D80_a0.16_ms100,$t_{T_{\rm max}}$,50.0,7.7812697409981055,1.6325448467341293
B4145_D80_a0.16_ms100,$t_{T_{\rm max}}$,50.0,7.821067593177512,1.6198660801580886
B4145_D80_a0.16_ms100,$t_{T_{\rm max}}$,50.0,7.860871762476311,1.607689911025986
B4145_D80_a0.16_ms100,$t_{T_{\rm max}}$,50.0,7.900669614655716,1.596023639001211
B4145_D80_a0.16_ms100,$t_{T_{\rm max}}$,50.0,7.940467466835124,1.5848005640790774
B4145_D80_a0.16_ms100,$t_{T_{\rm max}}$,50.0,7.98026531901453,1.5740418044074542
B4145_D80_a0.16_ms100,$t_{T_{\rm max}}$,50.0,8.020069488313329,1.5636876540911213
B4145_D80_a0.16_ms100,$t_{T_{\rm max}}$,50.0,8.059867340492735,1.553756623175613
B4145_D80_a0.16_ms100,$t_{T_{\rm max}}$,50.0,8.099665192672141,1.5441942405031281
B4145_D80_a0.16_ms100,$t_{T_{\rm max}}$,50.0,8.13946304485155,1.5350067197071229
B4145_D80_a0.16_ms100,$t_{T_{\rm max}}$,50.0,8.179267214150348,1.52617679951748
B4145_D80_a0.16_ms100,$t_{T_{\rm max}}$,50.0,8.219065066329753,1.517678645661149
B4145_D80_a0.16_ms100,$t_{T_{\rm max}}$,50.0,8.258862918509159,1.5094986193337228
B4145_D80_a0.16_ms100,$t_{T_{\rm max}}$,50.0,8.298660770688565,1.501622048986146
B4145_D80_a0.16_ms100,$t_{T_{\rm max}}$,50.0,8.338458622867973,1.494045462001264
B4145_D80_a0.16_ms100,$t_{T_{\rm max}}$,50.0,8.378262792166772,1.4867473003483835
B4145_D80_a0.16_ms100,$t_{T_{\rm max}}$,50.0,8.418060644346179,1.4797158493703337
B4145_D80_a0.16_ms100,$t_{T_{\rm max}}$,50.0,8.457858496525585,1.4729476565382755
B4145_D80_a0.16_ms100,$t_{T_{\rm max}}$,50.0,8.49765634870499,1.4664244846115575
B4145_D80_a0.16_ms100,$t_{T_{\rm max}}$,50.0,8.53746051800379,1.4601425515417246
B4145_D80_a0.16_ms100,$t_{T_{\rm max}}$,50.0,8.577258370183197,1.4540859452286143
B4145_D80_a0.16_ms100,$t_{T_{\rm max}}$,50.0,8.617056222362603,1.4501158033513286
B4145_D80_a0.16_ms100,$t_{T_{\rm max}}$,50.0,8.656854074542009,1.4501158033513286
B4145_D80_a0.16_ms100,$t_{T_{\rm max}}$,50.0,8.696658243840808,1.4501158033513286
B4145_D80_a0.16_ms100,$t_{T_{\rm max}}$,50.0,8.736456096020214,1.4501158033513286
B4145_D80_a0.16_ms100,$t_{T_{\rm max}}$,50.0,8.77625394819962,1.4501158033513286
B4145_D80_a0.16_ms100,$t_{T_{\rm max}}$,50.0,8.816051800379027,1.4501158033513286
B4145_D80_a0.16_ms100,$t_{T_{\rm max}}$,50.0,8.855855969677828,1.4501158033513286
B4145_D80_a0.16_ms100,$t_{T_{\rm max}}$,50.0,8.895653821857234,1.4501158033513286
B4145_D80_a0.16_ms100,$t_{T_{\rm max}}$,50.0,8.93545167403664,1.4501158033513286
B4145_D80_a0.16_ms100,$t_{T_{\rm max}}$,50.0,8.975249526216045,1.4501158033513286
B4145_D80_a0.16_ms100,$t_{T_{\rm max}}$,50.0,9.015047378395451,1.4501158033513286
B4145_D80_a0.16_ms100,$t_{T_{\rm max}}$,50.0,9.054851547694252,1.4501158033513286
B4145_D80_a0.16_ms100,$t_{T_{\rm max}}$,50.0,9.094649399873658,1.4501158033513286
B4145_D80_a0.16_ms100,$t_{T_{\rm max}}$,50.0,9.134447252053064,1.4501158033513286
B4145_D80_a0.16_ms100,$t_{T_{\rm max}}$,50.0,9.17424510423247,1.4501158033513286
B4145_D80_a0.16_ms100,$t_{T_{\rm max}}$,50.0,9.21404927353127,1.4501158033513286
B4145_D80_a0.16_ms100,$t_{T_{\rm max}}$,50.0,9.253847125710676,1.4501158033513286
B4145_D80_a0.16_ms100,$t_{T_{\rm max}}$,50.0,9.293644977890082,1.4501158033513286
B4145_D80_a0.16_ms100,$t_{T_{\rm max}}$,50.0,9.333442830069488,1.4501158033513286
B4145_D80_a0.16_ms100,$t_{T_{\rm max}}$,50.0,9.373246999368288,1.4501158033513286
B4145_D80_a0.16_ms100,$t_{T_{\rm max}}$,50.0,9.413044851547696,1.4501158033513286
B4145_D80_a0.16_ms100,$t_{T_{\rm max}}$,50.0,9.452842703727102,1.4501158033513286
B4145_D80_a0.16_ms100,$t_{T_{\rm max}}$,50.0,9.492640555906506,1.4501158033513286
B4145_D80_a0.16_ms100,$t_{T_{\rm max}}$,50.0,9.532438408085913,1.4501158033513286
B4145_D80_a0.16_ms100,$t_{T_{\rm max}}$,50.0,9.572242577384712,1.4501158033513286
B4145_D80_a0.16_ms100,$t_{T_{\rm max}}$,50.0,9.61204042956412,1.4501158033513286
B4145_D80_a0.16_ms100,$t_{T_{\rm max}}$,50.0,9.651838281743526,1.4501158033513286
B4145_D80_a0.16_ms100,$t_{T_{\rm max}}$,50.0,9.691636133922932,1.4501158033513286
B4145_D80_a0.16_ms100,$t_{T_{\rm max}}$,50.0,9.731440303221731,1.4501158033513286
B4145_D80_a0.16_ms100,$t_{T_{\rm max}}$,50.0,9.771238155401138,1.4501158033513286
B4145_D80_a0.16_ms100,$t_{T_{\rm max}}$,50.0,9.811036007580544,1.4501158033513286
B4145_D80_a0.16_ms100,$t_{T_{\rm max}}$,50.0,9.85083385975995,1.4501158033513286
B4145_D80_a0.16_ms100,$t_{T_{\rm max}}$,50.0,9.89063802905875,1.4501158033513286
B4145_D80_a0.16_ms100,$t_{T_{\rm max}}$,50.0,9.930435881238155,1.4501158033513286
B4145_D80_a0.16_ms100,$t_{T_{\rm max}}$,50.0,9.970233733417562,1.4501158033513286
B4145_D80_a0.16_ms100,$t_{T_{\rm max}}$,50.0,10.010031585596968,1.4501158033513286
B4145_D80_a0.16_ms100,$t_{T_{\rm max}}$,50.0,10.049835754895767,1.4501158033513286
B4145_D80_a0.16_ms100,$t_{T_{\rm max}}$,50.0,10.089633607075173,1.4501158033513286
B4145_D80_a0.16_ms100,$t_{T_{\rm max}}$,50.0,10.12943145925458,1.4501158033513286
B4145_D80_a0.16_ms100,$t_{T_{\rm max}}$,50.0,10.169229311433986,1.3541380594533163
B4145_D80_a0.16_ms100,$t_{T_{\rm max}}$,50.0,10.209027163613394,1.1611096926329478
B4145_D80_a0.16_ms100,$t_{T_{\rm max}}$,50.0,10.248831332912193,0.9091944250249242
B4145_D80_a0.16_ms100,$t_{T_{\rm max}}$,50.0,10.288629185091597,0.6783841350857497
B4145_D80_a0.16_ms100,$t_{T_{\rm max}}$,50.0,10.328427037271004,0.520421147275558
B4145_D80_a0.16_ms100,$t_{T_{\rm max}}$,50.0,10.36822488945041,0.4184615976395232
B4145_D80_a0.16_ms100,$t_{T_{\rm max}}$,50.0,10.40802905874921,0.35015068785709547
B4145_D80_a0.16_ms100,$t_{T_{\rm max}}$,50.0,10.447826910928617,0.301887404765371
B4145_D80_a0.16_ms100,$t_{T_{\rm max}}$,50.0,10.487624763108023,0.26624649619794327
B4145_D80_a0.16_ms100,$t_{T_{\rm max}}$,50.0,10.52742261528743,0.2389665753058212
B4145_D80_a0.16_ms100,$t_{T_{\rm max}}$,50.0,10.567226784586229,0.21743457537509758
B4145_D80_a0.16_ms100,$t_{T_{\rm max}}$,50.0,10.607024636765635,0.20005401068894038
B4145_D80_a0.16_ms100,$t_{T_{\rm max}}$,50.0,10.646822488945041,0.18572788066689183
B4145_D80_a0.16_ms100,$t_{T_{\rm max}}$,50.0,10.686620341124447,0.17373370658061896
B4145_D80_a0.16_ms100,$t_{T_{\rm max}}$,50.0,10.726424510423248,0.16355873923461892
B4145_D80_a0.16_ms100,$t_{T_{\rm max}}$,50.0,10.766222362602655,0.1548131469642537
B4145_D80_a0.16_ms100,$t_{T_{\rm max}}$,50.0,10.806020214782059,0.1472292664707225
B4145_D80_a0.16_ms100,$t_{T_{\rm max}}$,50.0,10.845818066961465,0.14058572589415297
B4145_D80_a0.16_ms100,$t_{T_{\rm max}}$,50.0,10.885615919140871,0.13472436167287255
B4145_D80_a0.16_ms100,$t_{T_{\rm max}}$,50.0,10.925420088439672,0.12952067743789486
B4145_D80_a0.16_ms100,$t_{T_{\rm max}}$,50.0,10.965217940619079,0.12486648725789089
B4145_D80_a0.16_ms100,$t_{T_{\rm max}}$,50.0,11.005015792798485,0.12068359041820495
B4145_D80_a0.16_ms100,$t_{T_{\rm max}}$,50.0,11.044813644977891,0.11690583845147294
B4145_D80_a0.16_ms100,$t_{T_{\rm max}}$,50.0,11.08461781427669,0.1134785326841251
B4145_D80_a0.16_ms100,$t_{T_{\rm max}}$,50.0,11.124415666456096,0.11035666705118144
B4145_D80_a0.16_ms100,$t_{T_{\rm max}}$,50.0,11.164213518635503,0.10750231543710888
B4145_D80_a0.16_ms100,$t_{T_{\rm max}}$,50.0,11.204011370814909,0.10488391083475519
B4145_D80_a0.16_ms100,$t_{T_{\rm max}}$,50.0,11.243815540113708,0.10247422314441178
B4145_D80_a0.16_ms100,$t_{T_{\rm max}}$,50.0,11.283613392293114,0.10025064324566094
B4145_D80_a0.16_ms100,$t_{T_{\rm max}}$,50.0,11.32341124447252,0.09819171904892501
B4145_D80_a0.16_ms100,$t_{T_{\rm max}}$,50.0,11.363209096651927,0.09628288143804513
B4145_D80_a0.16_ms100,$t_{T_{\rm max}}$,50.0,11.403006948831333,0.09450733290028022
B4145_D80_a0.16_ms100,$t_{T_{\rm max}}$,50.0,11.442811118130132,0.09285326054503584
B4145_D80_a0.16_ms100,$t_{T_{\rm max}}$,50.0,11.482608970309538,0.09130926926099543
B4145_D80_a0.16_ms100,$t_{T_{\rm max}}$,50.0,11.522406822488946,0.08987437199704414
B4145_D80_a0.16_ms100,$t_{T_{\rm max}}$,50.0,11.562204674668353,0.08853260098250328
B4145_D80_a0.16_ms100,$t_{T_{\rm max}}$,50.0,11.602008843967152,0.08728645428005044
B4145_D80_a0.16_ms100,$t_{T_{\rm max}}$,50.0,11.641806696146556,0.08611652539524783
B4145_D80_a0.16_ms100,$t_{T_{\rm max}}$,50.0,11.681604548325963,0.08501351999268585
B4145_D80_a0.16_ms100,$t_{T_{\rm max}}$,50.0,11.72140240050537,0.08397187819659968
B4145_D80_a0.16_ms100,$t_{T_{\rm max}}$,50.0,11.76120656980417,0.08298774314143227
B4145_D80_a0.16_ms100,$t_{T_{\rm max}}$,50.0,11.801004421983576,0.08205579395267402
B4145_D80_a0.16_ms100,$t_{T_{\rm max}}$,50.0,11.840802274162982,0.08117317319496961
B4145_D80_a0.16_ms100,$t_{T_{\rm max}}$,50.0,11.880600126342388,0.08033653260824093
B4145_D80_a0.16_ms100,$t_{T_{\rm max}}$,50.0,11.920404295641188,0.07954180468155753
B4145_D80_a0.16_ms100,$t_{T_{\rm max}}$,50.0,11.960202147820594,0.07878733212252921
B4145_D80_a0.16_ms100,$t_{T_{\rm max}}$,50.0,12.0,0.07806924155227973
B4145_D80_a0.16_ms100,$t_{T_{\rm max}}$,150.0,0.25919734680985473,98.34555176880289
B4145_D80_a0.16_ms100,$t_{T_{\rm max}}$,150.0,0.2989966519267214,96.41902548393558
B4145_D80_a0.16_ms100,$t_{T_{\rm max}}$,150.0,0.33879595704358817,94.65569471075334
B4145_D80_a0.16_ms100,$t_{T_{\rm max}}$,150.0,0.3785953253316488,93.0266306961138
B4145_D80_a0.16_ms100,$t_{T_{\rm max}}$,150.0,0.4183946304485155,91.51038009868836
B4145_D80_a0.16_ms100,$t_{T_{\rm max}}$,150.0,0.4581939987365761,90.09077723598502
B4145_D80_a0.16_ms100,$t_{T_{\rm max}}$,150.0,0.49799330385344287,88.75558733073346
B4145_D80_a0.16_ms100,$t_{T_{\rm max}}$,150.0,0.5377926721415035,87.49541722009037
B4145_D80_a0.16_ms100,$t_{T_{\rm max}}$,150.0,0.5775919772583702,86.3029348913807
B4145_D80_a0.16_ms100,$t_{T_{\rm max}}$,150.0,0.6173912823752369,85.17244293964659
B4145_D80_a0.16_ms100,$t_{T_{\rm max}}$,150.0,0.6571907770056854,84.09935541014704
B4145_D80_a0.16_ms100,$t_{T_{\rm max}}$,150.0,0.6969898926089704,83.07987095353103
B4145_D80_a0.16_ms100,$t_{T_{\rm max}}$,150.0,0.7367890082122552,82.1108613911867
B4145_D80_a0.16_ms100,$t_{T_{\rm max}}$,150.0,0.7765887555274795,81.1895071791213
B4145_D80_a0.16_ms100,$t_{T_{\rm max}}$,150.0,0.8163878711307644,80.31336087619562
B4145_D80_a0.16_ms100,$t_{T_{\rm max}}$,150.0,0.8561869867340492,79.4800538303116
B4145_D80_a0.16_ms100,$t_{T_{\rm max}}$,150.0,0.8959867340492736,78.68742067908643
B4145_D80_a0.16_ms100,$t_{T_{\rm max}}$,150.0,0.9357858496525585,77.93336798497103
B4145_D80_a0.16_ms100,$t_{T_{\rm max}}$,150.0,0.9755855969677827,77.2158694566746
B4145_D80_a0.16_ms100,$t_{T_{\rm max}}$,150.0,1.0153847125710675,76.53293344485921
B4145_D80_a0.16_ms100,$t_{T_{\rm max}}$,150.0,1.0551838281743526,75.8826418521391
B4145_D80_a0.16_ms100,$t_{T_{\rm max}}$,150.0,1.0949835754895767,75.26312598303579
B4145_D80_a0.16_ms100,$t_{T_{\rm max}}$,150.0,1.1347826910928616,74.67259024012185
B4145_D80_a0.16_ms100,$t_{T_{\rm max}}$,150.0,1.1745818066961466,74.10934919041146
B4145_D80_a0.16_ms100,$t_{T_{\rm max}}$,150.0,1.214381554011371,73.57173984212018
B4145_D80_a0.16_ms100,$t_{T_{\rm max}}$,150.0,1.2541806696146558,73.05817864686337
B4145_D80_a0.16_ms100,$t_{T_{\rm max}}$,150.0,1.2939797852179407,72.56720272758419
B4145_D80_a0.16_ms100,$t_{T_{\rm max}}$,150.0,1.333779532533165,72.09741124789149
B4145_D80_a0.16_ms100,$t_{T_{\rm max}}$,150.0,1.3735786481364498,71.64746700268216
B4145_D80_a0.16_ms100,$t_{T_{\rm max}}$,150.0,1.413377763739735,71.21617009373603
B4145_D80_a0.16_ms100,$t_{T_{\rm max}}$,150.0,1.453177511054959,70.80238812129222
B4145_D80_a0.16_ms100,$t_{T_{\rm max}}$,150.0,1.4929766266582438,70.40501248813597
B4145_D80_a0.16_ms100,$t_{T_{\rm max}}$,150.0,1.532775742261529,70.02308608701098
B4145_D80_a0.16_ms100,$t_{T_{\rm max}}$,150.0,1.5725754895767532,69.65570096469806
B4145_D80_a0.16_ms100,$t_{T_{\rm max}}$,150.0,1.6123746051800378,69.30201768249559
B4145_D80_a0.16_ms100,$t_{T_{\rm max}}$,150.0,1.652173720783323,68.9612848639085
B4145_D80_a0.16_ms100,$t_{T_{\rm max}}$,150.0,1.6919734680985472,68.63281315950876
B4145_D80_a0.16_ms100,$t_{T_{\rm max}}$,150.0,1.7317725837018318,68.31592224453975
B4145_D80_a0.16_ms100,$t_{T_{\rm max}}$,150.0,1.771571699305117,68.01005974939918
B4145_D80_a0.16_ms100,$t_{T_{\rm max}}$,150.0,1.8113714466203412,67.71458582664076
B4145_D80_a0.16_ms100,$t_{T_{\rm max}}$,150.0,1.8511705622236259,67.42902171889723
B4145_D80_a0.16_ms100,$t_{T_{\rm max}}$,150.0,1.890969677826911,67.15290068404806
B4145_D80_a0.16_ms100,$t_{T_{\rm max}}$,150.0,1.9307694251421352,66.885761088809
B4145_D80_a0.16_ms100,$t_{T_{\rm max}}$,150.0,1.9705685407454203,66.62717773441146
B4145_D80_a0.16_ms100,$t_{T_{\rm max}}$,150.0,2.010367656348705,66.37680989570721
B4145_D80_a0.16_ms100,$t_{T_{\rm max}}$,150.0,2.050167403663929,66.13427001732697
B4145_D80_a0.16_ms100,$t_{T_{\rm max}}$,150.0,2.089966519267214,65.89931242627806
B4145_D80_a0.16_ms100,$t_{T_{\rm max}}$,150.0,2.129765634870499,65.67156527916403
B4145_D80_a0.16_ms100,$t_{T_{\rm max}}$,150.0,2.169565382185723,65.45085712366418
B4145_D80_a0.16_ms100,$t_{T_{\rm max}}$,150.0,2.209364497789008,65.23687230902469
B4145_D80_a0.16_ms100,$t_{T_{\rm max}}$,150.0,2.249163613392293,65.0293712838793
B4145_D80_a0.16_ms100,$t_{T_{\rm max}}$,150.0,2.2889633607075175,64.8281559064482
B4145_D80_a0.16_ms100,$t_{T_{\rm max}}$,150.0,2.328762476310802,64.63289898866701
B4145_D80_a0.16_ms100,$t_{T_{\rm max}}$,150.0,2.368561591914087,64.44344681894508
B4145_D80_a0.16_ms100,$t_{T_{\rm max}}$,150.0,2.4083613392293115,64.25952495234029
B4145_D80_a0.16_ms100,$t_{T_{\rm max}}$,150.0,2.448160454832596,64.08094943634667
B4145_D80_a0.16_ms100,$t_{T_{\rm max}}$,150.0,2.4879595704358817,63.90747928435538
B4145_D80_a0.16_ms100,$t_{T_{\rm max}}$,150.0,2.5277593177511055,63.73891444283857
B4145_D80_a0.16_ms100,$t_{T_{\rm max}}$,150.0,2.56755843335439,63.57505807442776
B4145_D80_a0.16_ms100,$t_{T_{\rm max}}$,150.0,2.6073575489576757,63.415741778854496
B4145_D80_a0.16_ms100,$t_{T_{\rm max}}$,150.0,2.6471572962728995,63.26081344389594
B4145_D80_a0.16_ms100,$t_{T_{\rm max}}$,150.0,2.686956411876184,63.11011473819601
B4145_D80_a0.16_ms100,$t_{T_{\rm max}}$,150.0,2.726756159191409,62.95524140660383
B4145_D80_a0.16_ms100,$t_{T_{\rm max}}$,150.0,2.7665552747946935,62.81295418954828
B4145_D80_a0.16_ms100,$t_{T_{\rm max}}$,150.0,2.8063543903979786,62.67479680401532
B4145_D80_a0.16_ms100,$t_{T_{\rm max}}$,150.0,2.846154137713203,62.54047464629634
B4145_D80_a0.16_ms100,$t_{T_{\rm max}}$,150.0,2.8859532533164876,62.410265088916724
B4145_D80_a0.16_ms100,$t_{T_{\rm max}}$,150.0,2.9257523689197726,62.28312183947022
B4145_D80_a0.16_ms100,$t_{T_{\rm max}}$,150.0,2.965552116234997,62.15960122549965
B4145_D80_a0.16_ms100,$t_{T_{\rm max}}$,150.0,3.0053512318382816,62.039076809869684
B4145_D80_a0.16_ms100,$t_{T_{\rm max}}$,150.0,3.0451503474415667,61.92098451538895
B4145_D80_a0.16_ms100,$t_{T_{\rm max}}$,150.0,3.084950094756791,61.805719754354065
B4145_D80_a0.16_ms100,$t_{T_{\rm max}}$,150.0,3.124749210360076,61.692602264728436
B4145_D80_a0.16_ms100,$t_{T_{\rm max}}$,150.0,3.1645483259633607,61.58144363947881
B4145_D80_a0.16_ms100,$t_{T_{\rm max}}$,150.0,3.204348073278585,61.4718753290302
B4145_D80_a0.16_ms100,$t_{T_{\rm max}}$,150.0,3.2441471888818696,61.36422872366207
B4145_D80_a0.16_ms100,$t_{T_{\rm max}}$,150.0,3.283946304485155,61.25782262833561
B4145_D80_a0.16_ms100,$t_{T_{\rm max}}$,150.0,3.323746051800379,61.15256288490979
B4145_D80_a0.16_ms100,$t_{T_{\rm max}}$,150.0,3.3635451674036636,61.048667093322855
B4145_D80_a0.16_ms100,$t_{T_{\rm max}}$,150.0,3.403344283006949,60.94567994241372
B4145_D80_a0.16_ms100,$t_{T_{\rm max}}$,150.0,3.443144030322173,60.843945942174095
B4145_D80_a0.16_ms100,$t_{T_{\rm max}}$,150.0,3.4829431459254576,60.7430250067131
B4145_D80_a0.16_ms100,$t_{T_{\rm max}}$,150.0,3.522742261528743,60.643017456743415
B4145_D80_a0.16_ms100,$t_{T_{\rm max}}$,150.0,3.562542008843967,60.544029726235685
B4145_D80_a0.16_ms100,$t_{T_{\rm max}}$,150.0,3.6023411244472525,60.44562240980479
B4145_D80_a0.16_ms100,$t_{T_{\rm max}}$,150.0,3.642140240050537,60.34830295564564
B4145_D80_a0.16_ms100,$t_{T_{\rm max}}$,150.0,3.681939987365761,60.25135979408339
B4145_D80_a0.16_ms100,$t_{T_{\rm max}}$,150.0,3.7217391029690465,60.15558263835767
B4145_D80_a0.16_ms100,$t_{T_{\rm max}}$,150.0,3.761538218572331,60.06024251977713
B4145_D80_a0.16_ms100,$t_{T_{\rm max}}$,150.0,3.801337965887555,59.965457543138385
B4145_D80_a0.16_ms100,$t_{T_{\rm max}}$,150.0,3.8411370814908405,59.87149135687883
B4145_D80_a0.16_ms100,$t_{T_{\rm max}}$,150.0,3.880936197094125,59.778107370575285
B4145_D80_a0.16_ms100,$t_{T_{\rm max}}$,150.0,3.92073594440935,59.68493270294719
B4145_D80_a0.16_ms100,$t_{T_{\rm max}}$,150.0,3.9605350600126346,59.59185736170708
B4145_D80_a0.16_ms100,$t_{T_{\rm max}}$,150.0,4.00033417561592,59.49870362908931
B4145_D80_a0.16_ms100,$t_{T_{\rm max}}$,150.0,4.040133922931144,59.40554462593634
B4145_D80_a0.16_ms100,$t_{T_{\rm max}}$,150.0,4.079933038534429,59.311365753531845
B4145_D80_a0.16_ms100,$t_{T_{\rm max}}$,150.0,4.119732154137713,59.21695547671873
B4145_D80_a0.16_ms100,$t_{T_{\rm max}}$,150.0,4.1595319014529375,59.121016729042495
B4145_D80_a0.16_ms100,$t_{T_{\rm max}}$,150.0,4.199331017056222,59.023561778445256
B4145_D80_a0.16_ms100,$t_{T_{\rm max}}$,150.0,4.239130132659508,58.92457616741442
B4145_D80_a0.16_ms100,$t_{T_{\rm max}}$,150.0,4.278929879974732,58.822955839168365
B4145_D80_a0.16_ms100,$t_{T_{\rm max}}$,150.0,4.318728995578017,58.718509495984165
B4145_D80_a0.16_ms100,$t_{T_{\rm max}}$,150.0,4.358528742893241,58.61119190790732
B4145_D80_a0.16_ms100,$t_{T_{\rm max}}$,150.0,4.3983278584965255,58.49946235700419
B4145_D80_a0.16_ms100,$t_{T_{\rm max}}$,150.0,4.43812697409981,58.38307212440493
B4145_D80_a0.16_ms100,$t_{T_{\rm max}}$,150.0,4.477926721415035,58.260747417111375
B4145_D80_a0.16_ms100,$t_{T_{\rm max}}$,150.0,4.51772583701832,58.13059089729795
B4145_D80_a0.16_ms100,$t_{T_{\rm max}}$,150.0,4.557524952621605,57.99217307653712
B4145_D80_a0.16_ms100,$t_{T_{\rm max}}$,150.0,4.597324699936829,57.84126339064161
B4145_D80_a0.16_ms100,$t_{T_{\rm max}}$,150.0,4.6371238155401135,57.67660074640375
B4145_D80_a0.16_ms100,$t_{T_{\rm max}}$,150.0,4.676922931143398,57.493218152881084
B4145_D80_a0.16_ms100,$t_{T_{\rm max}}$,150.0,4.716722678458623,57.28749863677821
B4145_D80_a0.16_ms100,$t_{T_{\rm max}}$,150.0,4.756521794061908,57.05166552132674
B4145_D80_a0.16_ms100,$t_{T_{\rm max}}$,150.0,4.796320909665193,56.775906246403466
B4145_D80_a0.16_ms100,$t_{T_{\rm max}}$,150.0,4.836120656980417,56.44356650101882
B4145_D80_a0.16_ms100,$t_{T_{\rm max}}$,150.0,4.875919772583702,56.02985139219626
B4145_D80_a0.16_ms100,$t_{T_{\rm max}}$,150.0,4.915718888186986,55.49670353764419
B4145_D80_a0.16_ms100,$t_{T_{\rm max}}$,150.0,4.955518635502211,54.81784837429553
B4145_D80_a0.16_ms100,$t_{T_{\rm max}}$,150.0,4.995317751105496,54.0421260891577
B4145_D80_a0.16_ms100,$t_{T_{\rm max}}$,150.0,5.035116866708781,53.29414432017549
B4145_D80_a0.16_ms100,$t_{T_{\rm max}}$,150.0,5.074916614024005,52.560962275642076
B4145_D80_a0.16_ms100,$t_{T_{\rm max}}$,150.0,5.11471572962729,51.81207931205828
B4145_D80_a0.16_ms100,$t_{T_{\rm max}}$,150.0,5.154514845230575,51.02727876623738
B4145_D80_a0.16_ms100,$t_{T_{\rm max}}$,150.0,5.194314592545799,50.210183486136145
B4145_D80_a0.16_ms100,$t_{T_{\rm max}}$,150.0,5.234113708149084,49.372399543270895
B4145_D80_a0.16_ms100,$t_{T_{\rm max}}$,150.0,5.273912823752369,48.54328699557043
B4145_D80_a0.16_ms100,$t_{T_{\rm max}}$,150.0,5.313712571067593,47.62372205235189
B4145_D80_a0.16_ms100,$t_{T_{\rm max}}$,150.0,5.353511686670878,46.60992210363327
B4145_D80_a0.16_ms100,$t_{T_{\rm max}}$,150.0,5.393310802274163,45.960389457906416
B4145_D80_a0.16_ms100,$t_{T_{\rm max}}$,150.0,5.433110549589387,45.79036362266451
B4145_D80_a0.16_ms100,$t_{T_{\rm max}}$,150.0,5.472909665192672,45.68415058798185
B4145_D80_a0.16_ms100,$t_{T_{\rm max}}$,150.0,5.512708780795958,45.58549038673274
B4145_D80_a0.16_ms100,$t_{T_{\rm max}}$,150.0,5.552508528111181,45.49020900955644
B4145_D80_a0.16_ms100,$t_{T_{\rm max}}$,150.0,5.592307643714466,45.395048285336905
B4145_D80_a0.16_ms100,$t_{T_{\rm max}}$,150.0,5.632106759317751,45.29824063054739
B4145_D80_a0.16_ms100,$t_{T_{\rm max}}$,150.0,5.6719065066329755,45.15365002440884
B4145_D80_a0.16_ms100,$t_{T_{\rm max}}$,150.0,5.711705622236261,45.01994147122968
B4145_D80_a0.16_ms100,$t_{T_{\rm max}}$,150.0,5.751504737839546,44.88310135143503
B4145_D80_a0.16_ms100,$t_{T_{\rm max}}$,150.0,5.791304485154769,44.74389059086726
B4145_D80_a0.16_ms100,$t_{T_{\rm max}}$,150.0,5.831103600758055,44.60263667002952
B4145_D80_a0.16_ms100,$t_{T_{\rm max}}$,150.0,5.870902716361339,44.46230529301041
B4145_D80_a0.16_ms100,$t_{T_{\rm max}}$,150.0,5.9107024636765635,44.31810051722017
B4145_D80_a0.16_ms100,$t_{T_{\rm max}}$,150.0,5.950501579279849,44.16999115539024
B4145_D80_a0.16_ms100,$t_{T_{\rm max}}$,150.0,5.990300694883134,44.01753260830133
B4145_D80_a0.16_ms100,$t_{T_{\rm max}}$,150.0,6.030100442198358,43.860389842474575
B4145_D80_a0.16_ms100,$t_{T_{\rm max}}$,150.0,6.069899557801643,43.69930445541757
B4145_D80_a0.16_ms100,$t_{T_{\rm max}}$,150.0,6.109699305116867,43.53362193173212
B4145_D80_a0.16_ms100,$t_{T_{\rm max}}$,150.0,6.149498420720152,43.364306241442115
B4145_D80_a0.16_ms100,$t_{T_{\rm max}}$,150.0,6.189297536323437,43.19042483837282
B4145_D80_a0.16_ms100,$t_{T_{\rm max}}$,150.0,6.22909728363866,43.01197298615199
B4145_D80_a0.16_ms100,$t_{T_{\rm max}}$,150.0,6.268896399241946,42.82939498657483
B4145_D80_a0.16_ms100,$t_{T_{\rm max}}$,150.0,6.308695514845231,42.64179276358612
B4145_D80_a0.16_ms100,$t_{T_{\rm max}}$,150.0,6.348496525584333,42.44924617653875
B4145_D80_a0.16_ms100,$t_{T_{\rm max}}$,150.0,6.3882943777637395,42.25195116209828
B4145_D80_a0.16_ms100,$t_{T_{\rm max}}$,150.0,6.428092229943147,42.04978884578271
B4145_D80_a0.16_ms100,$t_{T_{\rm max}}$,150.0,6.467890082122553,41.842738854615426
B4145_D80_a0.16_ms100,$t_{T_{\rm max}}$,150.0,6.507694251421352,41.63017301250303
B4145_D80_a0.16_ms100,$t_{T_{\rm max}}$,150.0,6.547492103600758,41.41251306560434
B4145_D80_a0.16_ms100,$t_{T_{\rm max}}$,150.0,6.587289955780164,41.189622226720644
B4145_D80_a0.16_ms100,$t_{T_{\rm max}}$,150.0,6.62708780795957,40.96100496245361
B4145_D80_a0.16_ms100,$t_{T_{\rm max}}$,150.0,6.666891977258371,40.72667567799977
B4145_D80_a0.16_ms100,$t_{T_{\rm max}}$,150.0,6.706689829437776,40.486685774223204
B4145_D80_a0.16_ms100,$t_{T_{\rm max}}$,150.0,6.746487681617182,40.24110598769107
B4145_D80_a0.16_ms100,$t_{T_{\rm max}}$,150.0,6.786285533796589,39.98919238511485
B4145_D80_a0.16_ms100,$t_{T_{\rm max}}$,150.0,6.826089703095389,39.73139397239804
B4145_D80_a0.16_ms100,$t_{T_{\rm max}}$,150.0,6.865887555274795,39.467363738624236
B4145_D80_a0.16_ms100,$t_{T_{\rm max}}$,150.0,6.905685407454201,39.19677321859945
B4145_D80_a0.16_ms100,$t_{T_{\rm max}}$,150.0,6.9454832596336065,38.91986288099506
B4145_D80_a0.16_ms100,$t_{T_{\rm max}}$,150.0,6.985287428932407,38.6362530315459
B4145_D80_a0.16_ms100,$t_{T_{\rm max}}$,150.0,7.025085281111814,38.345897936460915
B4145_D80_a0.16_ms100,$t_{T_{\rm max}}$,150.0,7.064883133291219,38.04833964279917
B4145_D80_a0.16_ms100,$t_{T_{\rm max}}$,150.0,7.104680985470625,37.74423457567786
B4145_D80_a0.16_ms100,$t_{T_{\rm max}}$,150.0,7.1444788376500314,37.43240145786784
B4145_D80_a0.16_ms100,$t_{T_{\rm max}}$,150.0,7.1842830069488315,37.11336860403752
B4145_D80_a0.16_ms100,$t_{T_{\rm max}}$,150.0,7.224080859128238,36.78665692379803
B4145_D80_a0.16_ms100,$t_{T_{\rm max}}$,150.0,7.263878711307644,36.452298932983915
B4145_D80_a0.16_ms100,$t_{T_{\rm max}}$,150.0,7.30367656348705,36.10999024404227
B4145_D80_a0.16_ms100,$t_{T_{\rm max}}$,150.0,7.34348073278585,35.759690126413496
B4145_D80_a0.16_ms100,$t_{T_{\rm max}}$,150.0,7.3832785849652565,35.401275493750475
B4145_D80_a0.16_ms100,$t_{T_{\rm max}}$,150.0,7.423076437144663,35.03447700969668
B4145_D80_a0.16_ms100,$t_{T_{\rm max}}$,150.0,7.462874289324068,34.658907989535166
B4145_D80_a0.16_ms100,$t_{T_{\rm max}}$,150.0,7.502678458622867,34.27474807932159
B4145_D80_a0.16_ms100,$t_{T_{\rm max}}$,150.0,7.542476310802275,33.881263032811795
B4145_D80_a0.16_ms100,$t_{T_{\rm max}}$,150.0,7.5822741629816806,33.47857964897972
B4145_D80_a0.16_ms100,$t_{T_{\rm max}}$,150.0,7.622072015161087,33.06674041979635
B4145_D80_a0.16_ms100,$t_{T_{\rm max}}$,150.0,7.661869867340493,32.64518514152557
B4145_D80_a0.16_ms100,$t_{T_{\rm max}}$,150.0,7.701674036639292,32.21344705294954
B4145_D80_a0.16_ms100,$t_{T_{\rm max}}$,150.0,7.741471888818699,31.772111127665585
B4145_D80_a0.16_ms100,$t_{T_{\rm max}}$,150.0,7.7812697409981055,31.320044371195042
B4145_D80_a0.16_ms100,$t_{T_{\rm max}}$,150.0,7.821067593177512,30.857528390362063
B4145_D80_a0.16_ms100,$t_{T_{\rm max}}$,150.0,7.860871762476311,30.3837997501435
B4145_D80_a0.16_ms100,$t_{T_{\rm max}}$,150.0,7.900669614655716,29.899591700065283
B4145_D80_a0.16_ms100,$t_{T_{\rm max}}$,150.0,7.940467466835124,29.40351007153178
B4145_D80_a0.16_ms100,$t_{T_{\rm max}}$,150.0,7.98026531901453,28.896087730752672
B4145_D80_a0.16_ms100,$t_{T_{\rm max}}$,150.0,8.020069488313329,28.377037312206234
B4145_D80_a0.16_ms100,$t_{T_{\rm max}}$,150.0,8.059867340492735,27.844962870583586
B4145_D80_a0.16_ms100,$t_{T_{\rm max}}$,150.0,8.099665192672141,27.300904080574522
B4145_D80_a0.16_ms100,$t_{T_{\rm max}}$,150.0,8.13946304485155,26.74401553325372
B4145_D80_a0.16_ms100,$t_{T_{\rm max}}$,150.0,8.179267214150348,26.17407553288515
B4145_D80_a0.16_ms100,$t_{T_{\rm max}}$,150.0,8.219065066329753,25.590765782141553
B4145_D80_a0.16_ms100,$t_{T_{\rm max}}$,150.0,8.258862918509159,25.00526252470027
B4145_D80_a0.16_ms100,$t_{T_{\rm max}}$,150.0,8.298660770688565,24.423505379050766
B4145_D80_a0.16_ms100,$t_{T_{\rm max}}$,150.0,8.338458622867973,23.8464746593673
B4145_D80_a0.16_ms100,$t_{T_{\rm max}}$,150.0,8.378262792166772,23.2747615415337
B4145_D80_a0.16_ms100,$t_{T_{\rm max}}$,150.0,8.418060644346179,22.70836166952134
B4145_D80_a0.16_ms100,$t_{T_{\rm max}}$,150.0,8.457858496525585,22.148322397627993
B4145_D80_a0.16_ms100,$t_{T_{\rm max}}$,150.0,8.49765634870499,21.59433896838238
B4145_D80_a0.16_ms100,$t_{T_{\rm max}}$,150.0,8.53746051800379,21.048464446561862
B4145_D80_a0.16_ms100,$t_{T_{\rm max}}$,150.0,8.577258370183197,20.51029025738993
B4145_D80_a0.16_ms100,$t_{T_{\rm max}}$,150.0,8.617056222362603,19.98063299255605
B4145_D80_a0.16_ms100,$t_{T_{\rm max}}$,150.0,8.656854074542009,19.458815895883603
B4145_D80_a0.16_ms100,$t_{T_{\rm max}}$,150.0,8.696658243840808,18.94533682669813
B4145_D80_a0.16_ms100,$t_{T_{\rm max}}$,150.0,8.736456096020214,18.44177916368705
B4145_D80_a0.16_ms100,$t_{T_{\rm max}}$,150.0,8.77625394819962,17.949071791582426
B4145_D80_a0.16_ms100,$t_{T_{\rm max}}$,150.0,8.816051800379027,17.466013241154418
B4145_D80_a0.16_ms100,$t_{T_{\rm max}}$,150.0,8.855855969677828,16.991337790818495
B4145_D80_a0.16_ms100,$t_{T_{\rm max}}$,150.0,8.895653821857234,16.52628693028382
B4145_D80_a0.16_ms100,$t_{T_{\rm max}}$,150.0,8.93545167403664,16.070292578342123
B4145_D80_a0.16_ms100,$t_{T_{\rm max}}$,150.0,8.975249526216045,15.625256034112988
B4145_D80_a0.16_ms100,$t_{T_{\rm max}}$,150.0,9.015047378395451,15.192137424140673
B4145_D80_a0.16_ms100,$t_{T_{\rm max}}$,150.0,9.054851547694252,14.769871476736071
B4145_D80_a0.16_ms100,$t_{T_{\rm max}}$,150.0,9.094649399873658,14.356041769350218
B4145_D80_a0.16_ms100,$t_{T_{\rm max}}$,150.0,9.134447252053064,13.946413231541419
B4145_D80_a0.16_ms100,$t_{T_{\rm max}}$,150.0,9.17424510423247,13.545525939106389
B4145_D80_a0.16_ms100,$t_{T_{\rm max}}$,150.0,9.21404927353127,13.156918679909527
B4145_D80_a0.16_ms100,$t_{T_{\rm max}}$,150.0,9.253847125710676,12.78251715147958
B4145_D80_a0.16_ms100,$t_{T_{\rm max}}$,150.0,9.293644977890082,12.421188262691956
B4145_D80_a0.16_ms100,$t_{T_{\rm max}}$,150.0,9.333442830069488,12.070859045063555
B4145_D80_a0.16_ms100,$t_{T_{\rm max}}$,150.0,9.373246999368288,11.72901822889025
B4145_D80_a0.16_ms100,$t_{T_{\rm max}}$,150.0,9.413044851547696,11.392245525027862
B4145_D80_a0.16_ms100,$t_{T_{\rm max}}$,150.0,9.452842703727102,11.060337488665366
B4145_D80_a0.16_ms100,$t_{T_{\rm max}}$,150.0,9.492640555906506,10.735533905868168
B4145_D80_a0.16_ms100,$t_{T_{\rm max}}$,150.0,9.532438408085913,10.421340493076904
B4145_D80_a0.16_ms100,$t_{T_{\rm max}}$,150.0,9.572242577384712,10.123003757914413
B4145_D80_a0.16_ms100,$t_{T_{\rm max}}$,150.0,9.61204042956412,9.843801919763578
B4145_D80_a0.16_ms100,$t_{T_{\rm max}}$,150.0,9.651838281743526,9.582159179840199
B4145_D80_a0.16_ms100,$t_{T_{\rm max}}$,150.0,9.691636133922932,9.320414729635687
B4145_D80_a0.16_ms100,$t_{T_{\rm max}}$,150.0,9.731440303221731,9.058268412843374
B4145_D80_a0.16_ms100,$t_{T_{\rm max}}$,150.0,9.771238155401138,8.793989814474214
B4145_D80_a0.16_ms100,$t_{T_{\rm max}}$,150.0,9.811036007580544,8.527640608706056
B4145_D80_a0.16_ms100,$t_{T_{\rm max}}$,150.0,9.85083385975995,8.260143328964297
B4145_D80_a0.16_ms100,$t_{T_{\rm max}}$,150.0,9.89063802905875,7.99373440323694
B4145_D80_a0.16_ms100,$t_{T_{\rm max}}$,150.0,9.930435881238155,7.733930634958209
B4145_D80_a0.16_ms100,$t_{T_{\rm max}}$,150.0,9.970233733417562,7.490367375711378
B4145_D80_a0.16_ms100,$t_{T_{\rm max}}$,150.0,10.010031585596968,7.265580234428057
B4145_D80_a0.16_ms100,$t_{T_{\rm max}}$,150.0,10.049835754895767,7.057861068730873
B4145_D80_a0.16_ms100,$t_{T_{\rm max}}$,150.0,10.089633607075173,6.863168172859039
B4145_D80_a0.16_ms100,$t_{T_{\rm max}}$,150.0,10.12943145925458,6.677272142787451
B4145_D80_a0.16_ms100,$t_{T_{\rm max}}$,150.0,10.169229311433986,6.495834775858257
B4145_D80_a0.16_ms100,$t_{T_{\rm max}}$,150.0,10.209027163613394,6.3147249541217265
B4145_D80_a0.16_ms100,$t_{T_{\rm max}}$,150.0,10.248831332912193,6.126183553021024
B4145_D80_a0.16_ms100,$t_{T_{\rm max}}$,150.0,10.288629185091597,5.927904186738285
B4145_D80_a0.16_ms100,$t_{T_{\rm max}}$,150.0,10.328427037271004,5.712090991606299
B4145_D80_a0.16_ms100,$t_{T_{\rm max}}$,150.0,10.36822488945041,5.481579586659903
B4145_D80_a0.16_ms100,$t_{T_{\rm max}}$,150.0,10.40802905874921,5.248940584131016
B4145_D80_a0.16_ms100,$t_{T_{\rm max}}$,150.0,10.447826910928617,5.030638091418286
B4145_D80_a0.16_ms100,$t_{T_{\rm max}}$,150.0,10.487624763108023,4.8372906950317835
B4145_D80_a0.16_ms100,$t_{T_{\rm max}}$,150.0,10.52742261528743,4.671261152515224
B4145_D80_a0.16_ms100,$t_{T_{\rm max}}$,150.0,10.567226784586229,4.530355217479148
B4145_D80_a0.16_ms100,$t_{T_{\rm max}}$,150.0,10.607024636765635,4.433625629895676
B4145_D80_a0.16_ms100,$t_{T_{\rm max}}$,150.0,10.646822488945041,4.346949633234904
B4145_D80_a0.16_ms100,$t_{T_{\rm max}}$,150.0,10.686620341124447,4.263553103458
B4145_D80_a0.16_ms100,$t_{T_{\rm max}}$,150.0,10.726424510423248,4.182315544722837
B4145_D80_a0.16_ms100,$t_{T_{\rm max}}$,150.0,10.766222362602655,4.102471725286667
B4145_D80_a0.16_ms100,$t_{T_{\rm max}}$,150.0,10.806020214782059,4.023187015076737
B4145_D80_a0.16_ms100,$t_{T_{\rm max}}$,150.0,10.845818066961465,3.9438791187424904
B4145_D80_a0.16_ms100,$t_{T_{\rm max}}$,150.0,10.885615919140871,3.8635348519340345
B4145_D80_a0.16_ms100,$t_{T_{\rm max}}$,150.0,10.925420088439672,3.7811342007899382
B4145_D80_a0.16_ms100,$t_{T_{\rm max}}$,150.0,10.965217940619079,3.6959674152279125
B4145_D80_a0.16_ms100,$t_{T_{\rm max}}$,150.0,11.005015792798485,3.6072008111881297
B4145_D80_a0.16_ms100,$t_{T_{\rm max}}$,150.0,11.044813644977891,3.51430951995756
B4145_D80_a0.16_ms100,$t_{T_{\rm max}}$,150.0,11.08461781427669,3.417050027984911
B4145_D80_a0.16_ms100,$t_{T_{\rm max}}$,150.0,11.124415666456096,3.3155191584504666
B4145_D80_a0.16_ms100,$t_{T_{\rm max}}$,150.0,11.164213518635503,3.210095913567431
B4145_D80_a0.16_ms100,$t_{T_{\rm max}}$,150.0,11.204011370814909,3.101698362826616
B4145_D80_a0.16_ms100,$t_{T_{\rm max}}$,150.0,11.243815540113708,2.9918953948702867
B4145_D80_a0.16_ms100,$t_{T_{\rm max}}$,150.0,11.283613392293114,2.882406656514811
B4145_D80_a0.16_ms100,$t_{T_{\rm max}}$,150.0,11.32341124447252,2.775993115843953
B4145_D80_a0.16_ms100,$t_{T_{\rm max}}$,150.0,11.363209096651927,2.6737170432385153
B4145_D80_a0.16_ms100,$t_{T_{\rm max}}$,150.0,11.403006948831333,2.577020264205006
B4145_D80_a0.16_ms100,$t_{T_{\rm max}}$,150.0,11.442811118130132,2.4869244094207636
B4145_D80_a0.16_ms100,$t_{T_{\rm max}}$,150.0,11.482608970309538,2.4039203851192465
B4145_D80_a0.16_ms100,$t_{T_{\rm max}}$,150.0,11.522406822488946,2.3284794191864457
B4145_D80_a0.16_ms100,$t_{T_{\rm max}}$,150.0,11.562204674668353,2.2601113524390586
B4145_D80_a0.16_ms100,$t_{T_{\rm max}}$,150.0,11.602008843967152,2.1986220526009213
B4145_D80_a0.16_ms100,$t_{T_{\rm max}}$,150.0,11.641806696146556,2.143049033345023
B4145_D80_a0.16_ms100,$t_{T_{\rm max}}$,150.0,11.681604548325963,2.092603554578481
B4145_D80_a0.16_ms100,$t_{T_{\rm max}}$,150.0,11.72140240050537,2.046675811782587
B4145_D80_a0.16_ms100,$t_{T_{\rm max}}$,150.0,11.76120656980417,2.0049782307592166
B4145_D80_a0.16_ms100,$t_{T_{\rm max}}$,150.0,11.801004421983576,1.9670306080992386
B4145_D80_a0.16_ms100,$t_{T_{\rm max}}$,150.0,11.840802274162982,1.9323220873598694
B4145_D80_a0.16_ms100,$t_{T_{\rm max}}$,150.0,11.880600126342388,1.9004128108079394
B4145_D80_a0.16_ms100,$t_{T_{\rm max}}$,150.0,11.920404295641188,1.8709742169488173
B4145_D80_a0.16_ms100,$t_{T_{\rm max}}$,150.0,11.960202147820594,1.8437059996617453
B4145_D80_a0.16_ms100,$t_{T_{\rm max}}$,150.0,12.0,1.8183836849970232
B4158_D157_a0.13_ms100,$t_0$,50.0,0.1,6.536129431384867
B4158_D157_a0.13_ms100,$t_0$,50.0,0.13979930511686672,6.504385745829396
B4158_D157_a0.13_ms100,$t_0$,50.0,0.17959867340492736,6.482561103152123
B4158_D157_a0.13_ms100,$t_0$,50.0,0.21939797852179407,6.464466144285772
B4158_D157_a0.13_ms100,$t_0$,50.0,0.25919734680985473,6.4474656619812905
B4158_D157_a0.13_ms100,$t_0$,50.0,0.2989966519267214,6.430343695672574
B4158_D157_a0.13_ms100,$t_0$,50.0,0.33879595704358817,6.412536099550249
B4158_D157_a0.13_ms100,$t_0$,50.0,0.3785953253316488,6.393792431881966
B4158_D157_a0.13_ms100,$t_0$,50.0,0.4183946304485155,6.3740326509038745
B4158_D157_a0.13_ms100,$t_0$,50.0,0.4581939987365761,6.353259750067967
B4158_D157_a0.13_ms100,$t_0$,50.0,0.49799330385344287,6.331517264388007
B4158_D157_a0.13_ms100,$t_0$,50.0,0.5377926721415035,6.308865834838199
B4158_D157_a0.13_ms100,$t_0$,50.0,0.5775919772583702,6.285370896976373
B4158_D157_a0.13_ms100,$t_0$,50.0,0.6173912823752369,6.2610938824246825
B4158_D157_a0.13_ms100,$t_0$,50.0,0.6571907770056854,6.236086601574552
B4158_D157_a0.13_ms100,$t_0$,50.0,0.6969898926089704,6.210392869944415
B4158_D157_a0.13_ms100,$t_0$,50.0,0.7367890082122552,6.184041925646481
B4158_D157_a0.13_ms100,$t_0$,50.0,0.7765887555274795,6.157056918548579
B4158_D157_a0.13_ms100,$t_0$,50.0,0.8163878711307644,6.129445765913635
B4158_D157_a0.13_ms100,$t_0$,50.0,0.8561869867340492,6.101210318378315
B4158_D157_a0.13_ms100,$t_0$,50.0,0.8959867340492736,6.072343493436799
B4158_D157_a0.13_ms100,$t_0$,50.0,0.9357858496525585,6.042825949408977
B4158_D157_a0.13_ms100,$t_0$,50.0,0.9755855969677827,6.012631830969807
B4158_D157_a0.13_ms100,$t_0$,50.0,1.0153847125710675,5.981728780297219
B4158_D157_a0.13_ms100,$t_0$,50.0,1.0551838281743526,5.950097381145004
B4158_D157_a0.13_ms100,$t_0$,50.0,1.0949835754895767,5.917719187959916
B4158_D157_a0.13_ms100,$t_0$,50.0,1.1347826910928616,5.884588250230105
B4158_D157_a0.13_ms100,$t_0$,50.0,1.1745818066961466,5.850694179044086
B4158_D157_a0.13_ms100,$t_0$,50.0,1.214381554011371,5.816036840998636
B4158_D157_a0.13_ms100,$t_0$,50.0,1.2541806696146558,5.780613922334827
B4158_D157_a0.13_ms100,$t_0$,50.0,1.2939797852179407,5.744438125821929
B4158_D157_a0.13_ms100,$t_0$,50.0,1.333779532533165,5.707523850195292
B4158_D157_a0.13_ms100,$t_0$,50.0,1.3735786481364498,5.669894500870999
B4158_D157_a0.13_ms100,$t_0$,50.0,1.413377763739735,5.631587282364421
B4158_D157_a0.13_ms100,$t_0$,50.0,1.453177511054959,5.592643953780279
B4158_D157_a0.13_ms100,$t_0$,50.0,1.4929766266582438,5.553120222963008
B4158_D157_a0.13_ms100,$t_0$,50.0,1.532775742261529,5.5130807323730435
B4158_D157_a0.13_ms100,$t_0$,50.0,1.5725754895767532,5.47259618057658
B4158_D157_a0.13_ms100,$t_0$,50.0,1.6123746051800378,5.4317496025403855
B4158_D157_a0.13_ms100,$t_0$,50.0,1.652173720783323,5.390625229836258
B4158_D157_a0.13_ms100,$t_0$,50.0,1.6919734680985472,5.34931328131774
B4158_D157_a0.13_ms100,$t_0$,50.0,1.7317725837018318,5.3079053930148135
B4158_D157_a0.13_ms100,$t_0$,50.0,1.771571699305117,5.266503794764713
B4158_D157_a0.13_ms100,$t_0$,50.0,1.8113714466203412,5.225199100808635
B4158_D157_a0.13_ms100,$t_0$,50.0,1.8511705622236259,5.184079881392415
B4158_D157_a0.13_ms100,$t_0$,50.0,1.890969677826911,5.143228994335353
B4158_D157_a0.13_ms100,$t_0$,50.0,1.9307694251421352,5.102719424674554
B4158_D157_a0.13_ms100,$t_0$,50.0,1.9705685407454203,5.062619512624932
B4158_D157_a0.13_ms100,$t_0$,50.0,2.010367656348705,5.022989233868773
B4158_D157_a0.13_ms100,$t_0$,50.0,2.050167403663929,4.983869997354311
B4158_D157_a0.13_ms100,$t_0$,50.0,2.089966519267214,4.945317633314975
B4158_D157_a0.13_ms100,$t_0$,50.0,2.129765634870499,4.907347101182295
B4158_D157_a0.13_ms100,$t_0$,50.0,2.169565382185723,4.869979975997865
B4158_D157_a0.13_ms100,$t_0$,50.0,2.209364497789008,4.83323422582778
B4158_D157_a0.13_ms100,$t_0$,50.0,2.249163613392293,4.797122205160158
B4158_D157_a0.13_ms100,$t_0$,50.0,2.2889633607075175,4.761656624499464
B4158_D157_a0.13_ms100,$t_0$,50.0,2.328762476310802,4.7267859888662835
B4158_D157_a0.13_ms100,$t_0$,50.0,2.368561591914087,4.692569544356411
B4158_D157_a0.13_ms100,$t_0$,50.0,2.4083613392293115,4.658959518534245
B4158_D157_a0.13_ms100,$t_0$,50.0,2.448160454832596,4.625963366458462
B4158_D157_a0.13_ms100,$t_0$,50.0,2.4879595704358817,4.593592279193009
B4158_D157_a0.13_ms100,$t_0$,50.0,2.5277593177511055,4.561814599544762
B4158_D157_a0.13_ms100,$t_0$,50.0,2.56755843335439,4.53074595114952
B4158_D157_a0.13_ms100,$t_0$,50.0,2.6073575489576757,4.50443549899363
B4158_D157_a0.13_ms100,$t_0$,50.0,2.6471572962728995,4.4827357934904475
B4158_D157_a0.13_ms100,$t_0$,50.0,2.686956411876184,4.4621567876817805
B4158_D157_a0.13_ms100,$t_0$,50.0,2.726756159191409,4.443827265092853
B4158_D157_a0.13_ms100,$t_0$,50.0,2.7665552747946935,4.428805866623145
B4158_D157_a0.13_ms100,$t_0$,50.0,2.8063543903979786,4.416998065816738
B4158_D157_a0.13_ms100,$t_0$,50.0,2.846154137713203,4.407638946840249
B4158_D157_a0.13_ms100,$t_0$,50.0,2.8859532533164876,4.400518998086981
B4158_D157_a0.13_ms100,$t_0$,50.0,2.9257523689197726,4.395403650721565
B4158_D157_a0.13_ms100,$t_0$,50.0,2.965552116234997,4.3918820715744
B4158_D157_a0.13_ms100,$t_0$,50.0,3.0053512318382816,4.38958080098454
B4158_D157_a0.13_ms100,$t_0$,50.0,3.0451503474415667,4.388189004336353
B4158_D157_a0.13_ms100,$t_0$,50.0,3.084950094756791,4.387448920404191
B4158_D157_a0.13_ms100,$t_0$,50.0,3.124749210360076,4.387195122571171
B4158_D157_a0.13_ms100,$t_0$,50.0,3.1645483259633607,4.387270936667759
B4158_D157_a0.13_ms100,$t_0$,50.0,3.204348073278585,4.387581308268319
B4158_D157_a0.13_ms100,$t_0$,50.0,3.2441471888818696,4.388036522752525
B4158_D157_a0.13_ms100,$t_0$,50.0,3.283946304485155,4.388531301118733
B4158_D157_a0.13_ms100,$t_0$,50.0,3.323746051800379,4.389066636219007
B4158_D157_a0.13_ms100,$t_0$,50.0,3.3635451674036636,4.389547973197995
B4158_D157_a0.13_ms100,$t_0$,50.0,3.403344283006949,4.389959280508815
B4158_D157_a0.13_ms100,$t_0$,50.0,3.443144030322173,4.390250195055576
B4158_D157_a0.13_ms100,$t_0$,50.0,3.4829431459254576,4.390422255257403
B4158_D157_a0.13_ms100,$t_0$,50.0,3.522742261528743,4.3904816021093405
B4158_D157_a0.13_ms100,$t_0$,50.0,3.562542008843967,4.39040966283836
B4158_D157_a0.13_ms100,$t_0$,50.0,3.6023411244472525,4.390187584373154
B4158_D157_a0.13_ms100,$t_0$,50.0,3.642140240050537,4.389825795994866
B4158_D157_a0.13_ms100,$t_0$,50.0,3.681939987365761,4.389299587239725
B4158_D157_a0.13_ms100,$t_0$,50.0,3.7217391029690465,4.388615274090694
B4158_D157_a0.13_ms100,$t_0$,50.0,3.761538218572331,4.387746692321607
B4158_D157_a0.13_ms100,$t_0$,50.0,3.801337965887555,4.386724382550122
B4158_D157_a0.13_ms100,$t_0$,50.0,3.8411370814908405,4.385550222201358
B4158_D157_a0.13_ms100,$t_0$,50.0,3.880936197094125,4.38416748097914
B4158_D157_a0.13_ms100,$t_0$,50.0,3.92073594440935,4.3825882469140085
B4158_D157_a0.13_ms100,$t_0$,50.0,3.9605350600126346,4.3808297783469525
B4158_D157_a0.13_ms100,$t_0$,50.0,4.00033417561592,4.378884949772758
B4158_D157_a0.13_ms100,$t_0$,50.0,4.040133922931144,4.376754855428158
B4158_D157_a0.13_ms100,$t_0$,50.0,4.079933038534429,4.374472991543502
B4158_D157_a0.13_ms100,$t_0$,50.0,4.119732154137713,4.372039317148244
B4158_D157_a0.13_ms100,$t_0$,50.0,4.1595319014529375,4.369466177713838
B4158_D157_a0.13_ms100,$t_0$,50.0,4.199331017056222,4.36677296413308
B4158_D157_a0.13_ms100,$t_0$,50.0,4.239130132659508,4.363913151435933
B4158_D157_a0.13_ms100,$t_0$,50.0,4.278929879974732,4.360950663015571
B4158_D157_a0.13_ms100,$t_0$,50.0,4.318728995578017,4.357837283537458
B4158_D157_a0.13_ms100,$t_0$,50.0,4.358528742893241,4.354576603640654
B4158_D157_a0.13_ms100,$t_0$,50.0,4.3983278584965255,4.351198392473612
B4158_D157_a0.13_ms100,$t_0$,50.0,4.43812697409981,4.34769551789354
B4158_D157_a0.13_ms100,$t_0$,50.0,4.477926721415035,4.344002773054195
B4158_D157_a0.13_ms100,$t_0$,50.0,4.51772583701832,4.340164183331709
B4158_D157_a0.13_ms100,$t_0$,50.0,4.557524952621605,4.336107411908929
B4158_D157_a0.13_ms100,$t_0$,50.0,4.597324699936829,4.331864993008733
B4158_D157_a0.13_ms100,$t_0$,50.0,4.6371238155401135,4.327384014547683
B4158_D157_a0.13_ms100,$t_0$,50.0,4.676922931143398,4.322727328173075
B4158_D157_a0.13_ms100,$t_0$,50.0,4.716722678458623,4.317913443062968
B4158_D157_a0.13_ms100,$t_0$,50.0,4.756521794061908,4.312916263242405
B4158_D157_a0.13_ms100,$t_0$,50.0,4.796320909665193,4.307801961225548
B4158_D157_a0.13_ms100,$t_0$,50.0,4.836120656980417,4.3025818387437305
B4158_D157_a0.13_ms100,$t_0$,50.0,4.875919772583702,4.297228263512177
B4158_D157_a0.13_ms100,$t_0$,50.0,4.915718888186986,4.291786993555651
B4158_D157_a0.13_ms100,$t_0$,50.0,4.955518635502211,4.286229989584418
B4158_D157_a0.13_ms100,$t_0$,50.0,4.995317751105496,4.28051210365359
B4158_D157_a0.13_ms100,$t_0$,50.0,5.035116866708781,4.27463541929624
B4158_D157_a0.13_ms100,$t_0$,50.0,5.074916614024005,4.2685155845435245
B4158_D157_a0.13_ms100,$t_0$,50.0,5.11471572962729,4.262086234874287
B4158_D157_a0.13_ms100,$t_0$,50.0,5.154514845230575,4.255381425768515
B4158_D157_a0.13_ms100,$t_0$,50.0,5.194314592545799,4.248343875373056
B4158_D157_a0.13_ms100,$t_0$,50.0,5.234113708149084,4.240929859447237
B4158_D157_a0.13_ms100,$t_0$,50.0,5.273912823752369,4.2331424954727845
B4158_D157_a0.13_ms100,$t_0$,50.0,5.313712571067593,4.225007299305212
B4158_D157_a0.13_ms100,$t_0$,50.0,5.353511686670878,4.216469488501174
B4158_D157_a0.13_ms100,$t_0$,50.0,5.393310802274163,4.207520915408293
B4158_D157_a0.13_ms100,$t_0$,50.0,5.433110549589387,4.198184920926939
B4158_D157_a0.13_ms100,$t_0$,50.0,5.472909665192672,4.188439885235858
B4158_D157_a0.13_ms100,$t_0$,50.0,5.512708780795958,4.178295450767175
B4158_D157_a0.13_ms100,$t_0$,50.0,5.552508528111181,4.167691714853065
B4158_D157_a0.13_ms100,$t_0$,50.0,5.592307643714466,4.156639982341842
B4158_D157_a0.13_ms100,$t_0$,50.0,5.632106759317751,4.14513129160699
B4158_D157_a0.13_ms100,$t_0$,50.0,5.6719065066329755,4.133134762306836
B4158_D157_a0.13_ms100,$t_0$,50.0,5.711705622236261,4.120643584665583
B4158_D157_a0.13_ms100,$t_0$,50.0,5.751504737839546,4.107644942207845
B4158_D157_a0.13_ms100,$t_0$,50.0,5.791304485154769,4.094069834914583
B4158_D157_a0.13_ms100,$t_0$,50.0,5.831103600758055,4.0799479016883495
B4158_D157_a0.13_ms100,$t_0$,50.0,5.870902716361339,4.065202539693835
B4158_D157_a0.13_ms100,$t_0$,50.0,5.9107024636765635,4.049847808353906
B4158_D157_a0.13_ms100,$t_0$,50.0,5.950501579279849,4.033786205156585
B4158_D157_a0.13_ms100,$t_0$,50.0,5.990300694883134,4.017032860376975
B4158_D157_a0.13_ms100,$t_0$,50.0,6.030100442198358,3.9995489255050782
B4158_D157_a0.13_ms100,$t_0$,50.0,6.069899557801643,3.9812219690447312
B4158_D157_a0.13_ms100,$t_0$,50.0,6.109699305116867,3.962049991940651
B4158_D157_a0.13_ms100,$t_0$,50.0,6.149498420720152,3.9419780631396417
B4158_D157_a0.13_ms100,$t_0$,50.0,6.189297536323437,3.92086533829712
B4158_D157_a0.13_ms100,$t_0$,50.0,6.22909728363866,3.8986937602178147
B4158_D157_a0.13_ms100,$t_0$,50.0,6.268896399241946,3.875382654208766
B4158_D157_a0.13_ms100,$t_0$,50.0,6.308695514845231,3.85081007588348
B4158_D157_a0.13_ms100,$t_0$,50.0,6.348496525584333,3.8248521827289674
B4158_D157_a0.13_ms100,$t_0$,50.0,6.3882943777637395,3.7974277204277955
B4158_D157_a0.13_ms100,$t_0$,50.0,6.428092229943147,3.7684117622501394
B4158_D157_a0.13_ms100,$t_0$,50.0,6.467890082122553,3.737616490834506
B4158_D157_a0.13_ms100,$t_0$,50.0,6.507694251421352,3.704940207485932
B4158_D157_a0.13_ms100,$t_0$,50.0,6.547492103600758,3.670169772022076
B4158_D157_a0.13_ms100,$t_0$,50.0,6.587289955780164,3.633120830416817
B4158_D157_a0.13_ms100,$t_0$,50.0,6.62708780795957,3.5936642617958774
B4158_D157_a0.13_ms100,$t_0$,50.0,6.666891977258371,3.551608879274503
B4158_D157_a0.13_ms100,$t_0$,50.0,6.706689829437776,3.506861008876664
B4158_D157_a0.13_ms100,$t_0$,50.0,6.746487681617182,3.4594577354909117
B4158_D157_a0.13_ms100,$t_0$,50.0,6.786285533796589,3.409450358381186
B4158_D157_a0.13_ms100,$t_0$,50.0,6.826089703095389,3.3572061015271095
B4158_D157_a0.13_ms100,$t_0$,50.0,6.865887555274795,3.3030526782314586
B4158_D157_a0.13_ms100,$t_0$,50.0,6.905685407454201,3.246965588124227
B4158_D157_a0.13_ms100,$t_0$,50.0,6.9454832596336065,3.1888695446837345
B4158_D157_a0.13_ms100,$t_0$,50.0,6.985287428932407,3.1287510499020823
B4158_D157_a0.13_ms100,$t_0$,50.0,7.025085281111814,3.0665435389246496
B4158_D157_a0.13_ms100,$t_0$,50.0,7.064883133291219,3.0023527725729933
B4158_D157_a0.13_ms100,$t_0$,50.0,7.104680985470625,2.9365131941786324
B4158_D157_a0.13_ms100,$t_0$,50.0,7.1444788376500314,2.8691536735137406
B4158_D157_a0.13_ms100,$t_0$,50.0,7.1842830069488315,2.8010262403479618
B4158_D157_a0.13_ms100,$t_0$,50.0,7.224080859128238,2.7323378582772104
B4158_D157_a0.13_ms100,$t_0$,50.0,7.263878711307644,2.663463114154106
B4158_D157_a0.13_ms100,$t_0$,50.0,7.30367656348705,2.594810786545078
B4158_D157_a0.13_ms100,$t_0$,50.0,7.34348073278585,2.5269136137403954
B4158_D157_a0.13_ms100,$t_0$,50.0,7.3832785849652565,2.4602336967224345
B4158_D157_a0.13_ms100,$t_0$,50.0,7.423076437144663,2.395245979098893
B4158_D157_a0.13_ms100,$t_0$,50.0,7.462874289324068,2.3323459191113103
B4158_D157_a0.13_ms100,$t_0$,50.0,7.502678458622867,2.2717700591633267
B4158_D157_a0.13_ms100,$t_0$,50.0,7.542476310802275,2.213701732139577
B4158_D157_a0.13_ms100,$t_0$,50.0,7.5822741629816806,2.1582233706046576
B4158_D157_a0.13_ms100,$t_0$,50.0,7.622072015161087,2.1054083425082726
B4158_D157_a0.13_ms100,$t_0$,50.0,7.661869867340493,2.055217374388779
B4158_D157_a0.13_ms100,$t_0$,50.0,7.701674036639292,2.007738088903387
B4158_D157_a0.13_ms100,$t_0$,50.0,7.741471888818699,1.9629653692083768
B4158_D157_a0.13_ms100,$t_0$,50.0,7.7812697409981055,1.9218831305062636
B4158_D157_a0.13_ms100,$t_0$,50.0,7.821067593177512,1.88465748889423
B4158_D157_a0.13_ms100,$t_0$,50.0,7.860871762476311,1.8507426044137838
B4158_D157_a0.13_ms100,$t_0$,50.0,7.900669614655716,1.819707566179106
B4158_D157_a0.13_ms100,$t_0$,50.0,7.940467466835124,1.7911619272180923
B4158_D157_a0.13_ms100,$t_0$,50.0,7.98026531901453,1.764814538700115
B4158_D157_a0.13_ms100,$t_0$,50.0,8.020069488313329,1.7404526108822276
B4158_D157_a0.13_ms100,$t_0$,50.0,8.059867340492735,1.7178358339191988
B4158_D157_a0.13_ms100,$t_0$,50.0,8.099665192672141,1.6967897843030615
B4158_D157_a0.13_ms100,$t_0$,50.0,8.13946304485155,1.6762853245527995
B4158_D157_a0.13_ms100,$t_0$,50.0,8.179267214150348,1.6570514607941726
B4158_D157_a0.13_ms100,$t_0$,50.0,8.219065066329753,1.6390226221865678
B4158_D157_a0.13_ms100,$t_0$,50.0,8.258862918509159,1.6220833896208837
B4158_D157_a0.13_ms100,$t_0$,50.0,8.298660770688565,1.6061472942749877
B4158_D157_a0.13_ms100,$t_0$,50.0,8.338458622867973,1.591137546625695
B4158_D157_a0.13_ms100,$t_0$,50.0,8.378262792166772,1.5769993646542986
B4158_D157_a0.13_ms100,$t_0$,50.0,8.418060644346179,1.5636542863491683
B4158_D157_a0.13_ms100,$t_0$,50.0,8.457858496525585,1.5510445996287812
B4158_D157_a0.13_ms100,$t_0$,50.0,8.49765634870499,1.5391307027179384
B4158_D157_a0.13_ms100,$t_0$,50.0,8.53746051800379,1.5278525552389692
B4158_D157_a0.13_ms100,$t_0$,50.0,8.577258370183197,1.5171774853171847
B4158_D157_a0.13_ms100,$t_0$,50.0,8.617056222362603,1.5070549911139506
B4158_D157_a0.13_ms100,$t_0$,50.0,8.656854074542009,1.4974577622428515
B4158_D157_a0.13_ms100,$t_0$,50.0,8.696658243840808,1.4883430700499387
B4158_D157_a0.13_ms100,$t_0$,50.0,8.736456096020214,1.4796809927047667
B4158_D157_a0.13_ms100,$t_0$,50.0,8.77625394819962,1.471451731427273
B4158_D157_a0.13_ms100,$t_0$,50.0,8.816051800379027,1.4636274716273197
B4158_D157_a0.13_ms100,$t_0$,50.0,8.855855969677828,1.4561773023275544
B4158_D157_a0.13_ms100,$t_0$,50.0,8.895653821857234,1.4501158033513286
B4158_D157_a0.13_ms100,$t_0$,50.0,8.93545167403664,1.4501158033513286
B4158_D157_a0.13_ms100,$t_0$,50.0,8.975249526216045,1.4501158033513286
B4158_D157_a0.13_ms100,$t_0$,50.0,9.015047378395451,1.4501158033513286
B4158_D157_a0.13_ms100,$t_0$,50.0,9.054851547694252,1.4501158033513286
B4158_D157_a0.13_ms100,$t_0$,50.0,9.094649399873658,1.4501158033513286
B4158_D157_a0.13_ms100,$t_0$,50.0,9.134447252053064,1.4501158033513286
B4158_D157_a0.13_ms100,$t_0$,50.0,9.17424510423247,1.4501158033513286
B4158_D157_a0.13_ms100,$t_0$,50.0,9.21404927353127,1.4501158033513286
B4158_D157_a0.13_ms100,$t_0$,50.0,9.253847125710676,1.4501158033513286
B4158_D157_a0.13_ms100,$t_0$,50.0,9.293644977890082,1.4501158033513286
B4158_D157_a0.13_ms100,$t_0$,50.0,9.333442830069488,1.4501158033513286
B4158_D157_a0.13_ms100,$t_0$,50.0,9.373246999368288,1.4501158033513286
B4158_D157_a0.13_ms100,$t_0$,50.0,9.413044851547696,1.4501158033513286
B4158_D157_a0.13_ms100,$t_0$,50.0,9.452842703727102,1.4501158033513286
B4158_D157_a0.13_ms100,$t_0$,50.0,9.492640555906506,1.4501158033513286
B4158_D157_a0.13_ms100,$t_0$,50.0,9.532438408085913,1.4501158033513286
B4158_D157_a0.13_ms100,$t_0$,50.0,9.572242577384712,1.4501158033513286
B4158_D157_a0.13_ms100,$t_0$,50.0,9.61204042956412,1.4501158033513286
B4158_D157_a0.13_ms100,$t_0$,50.0,9.651838281743526,1.4501158033513286
B4158_D157_a0.13_ms100,$t_0$,50.0,9.691636133922932,1.4501158033513286
B4158_D157_a0.13_ms100,$t_0$,50.0,9.731440303221731,1.4501158033513286
B4158_D157_a0.13_ms100,$t_0$,50.0,9.771238155401138,1.4501158033513286
B4158_D157_a0.13_ms100,$t_0$,50.0,9.811036007580544,1.4501158033513286
B4158_D157_a0.13_ms100,$t_0$,50.0,9.85083385975995,1.4501158033513286
B4158_D157_a0.13_ms100,$t_0$,50.0,9.89063802905875,1.4501158033513286
B4158_D157_a0.13_ms100,$t_0$,50.0,9.930435881238155,1.4501158033513286
B4158_D157_a0.13_ms100,$t_0$,50.0,9.970233733417562,1.4501158033513286
B4158_D157_a0.13_ms100,$t_0$,50.0,10.010031585596968,1.4501158033513286
B4158_D157_a0.13_ms100,$t_0$,50.0,10.049835754895767,1.4501158033513286
B4158_D157_a0.13_ms100,$t_0$,50.0,10.089633607075173,1.4501158033513286
B4158_D157_a0.13_ms100,$t_0$,50.0,10.12943145925458,1.4501158033513286
B4158_D157_a0.13_ms100,$t_0$,50.0,10.169229311433986,1.4501158033513286
B4158_D157_a0.13_ms100,$t_0$,50.0,10.209027163613394,1.4501158033513286
B4158_D157_a0.13_ms100,$t_0$,50.0,10.248831332912193,1.3895577096977019
B4158_D157_a0.13_ms100,$t_0$,50.0,10.288629185091597,1.1926740082094085
B4158_D157_a0.13_ms100,$t_0$,50.0,10.328427037271004,0.9219752862717295
B4158_D157_a0.13_ms100,$t_0$,50.0,10.36822488945041,0.6706678021479219
B4158_D157_a0.13_ms100,$t_0$,50.0,10.40802905874921,0.5046734652038768
B4158_D157_a0.13_ms100,$t_0$,50.0,10.447826910928617,0.40151722771392573
B4158_D157_a0.13_ms100,$t_0$,50.0,10.487624763108023,0.3339877772960332
B4158_D157_a0.13_ms100,$t_0$,50.0,10.52742261528743,0.28701593042964524
B4158_D157_a0.13_ms100,$t_0$,50.0,10.567226784586229,0.2527168867501495
B4158_D157_a0.13_ms100,$t_0$,50.0,10.607024636765635,0.22662917838756697
B4158_D157_a0.13_ms100,$t_0$,50.0,10.646822488945041,0.20618458497156375
B4158_D157_a0.13_ms100,$t_0$,50.0,10.686620341124447,0.18974378916061807
B4158_D157_a0.13_ms100,$t_0$,50.0,10.726424510423248,0.17624176070543549
B4158_D157_a0.13_ms100,$t_0$,50.0,10.766222362602655,0.16497850683570917
B4158_D157_a0.13_ms100,$t_0$,50.0,10.806020214782059,0.15543499897973997
B4158_D157_a0.13_ms100,$t_0$,50.0,10.845818066961465,0.14725581746203126
B4158_D157_a0.13_ms100,$t_0$,50.0,10.885615919140871,0.14017642617535003
B4158_D157_a0.13_ms100,$t_0$,50.0,10.925420088439672,0.13398507950241012
B4158_D157_a0.13_ms100,$t_0$,50.0,10.965217940619079,0.1285309770682016
B4158_D157_a0.13_ms100,$t_0$,50.0,11.005015792798485,0.12369224620745267
B4158_D157_a0.13_ms100,$t_0$,50.0,11.044813644977891,0.11937312730024706
B4158_D157_a0.13_ms100,$t_0$,50.0,11.08461781427669,0.11549556328259172
B4158_D157_a0.13_ms100,$t_0$,50.0,11.124415666456096,0.11199681505617735
B4158_D157_a0.13_ms100,$t_0$,50.0,11.164213518635503,0.10882614255038699
B4158_D157_a0.13_ms100,$t_0$,50.0,11.204011370814909,0.10594027630383464
B4158_D157_a0.13_ms100,$t_0$,50.0,11.243815540113708,0.10330280471953672
B4158_D157_a0.13_ms100,$t_0$,50.0,11.283613392293114,0.100885455019381
B4158_D157_a0.13_ms100,$t_0$,50.0,11.32341124447252,0.09866409711614785
B4158_D157_a0.13_ms100,$t_0$,50.0,11.363209096651927,0.09661409851383343
B4158_D157_a0.13_ms100,$t_0$,50.0,11.403006948831333,0.09471898606761846
B4158_D157_a0.13_ms100,$t_0$,50.0,11.442811118130132,0.0929610788792886
B4158_D157_a0.13_ms100,$t_0$,50.0,11.482608970309538,0.09132913485282008
B4158_D157_a0.13_ms100,$t_0$,50.0,11.522406822488946,0.08982080026183585
B4158_D157_a0.13_ms100,$t_0$,50.0,11.562204674668353,0.08841569206883564
B4158_D157_a0.13_ms100,$t_0$,50.0,11.602008843967152,0.08711623015065595
B4158_D157_a0.13_ms100,$t_0$,50.0,11.641806696146556,0.0858994294018038
B4158_D157_a0.13_ms100,$t_0$,50.0,11.681604548325963,0.0847552857613855
B4158_D157_a0.13_ms100,$t_0$,50.0,11.72140240050537,0.08367911603638087
B4158_D157_a0.13_ms100,$t_0$,50.0,11.76120656980417,0.08266434885555395
B4158_D157_a0.13_ms100,$t_0$,50.0,11.801004421983576,0.08170733829628897
B4158_D157_a0.13_ms100,$t_0$,50.0,11.840802274162982,0.08080317221895146
B4158_D157_a0.13_ms100,$t_0$,50.0,11.880600126342388,0.0799484039203099
B4158_D157_a0.13_ms100,$t_0$,50.0,11.920404295641188,0.07913900336782752
B4158_D157_a0.13_ms100,$t_0$,50.0,11.960202147820594,0.07837165827450457
B4158_D157_a0.13_ms100,$t_0$,50.0,12.0,0.07764409095026882
B4158_D157_a0.13_ms100,$t_0$,150.0,0.4183946304485155,97.84290477994966
B4158_D157_a0.13_ms100,$t_0$,150.0,0.4581939987365761,95.38495284123432
B4158_D157_a0.13_ms100,$t_0$,150.0,0.49799330385344287,92.76648777952482
B4158_D157_a0.13_ms100,$t_0$,150.0,0.5377926721415035,89.91600362952511
B4158_D157_a0.13_ms100,$t_0$,150.0,0.5775919772583702,86.72413747177727
B4158_D157_a0.13_ms100,$t_0$,150.0,0.6173912823752369,83.00487834820501
B4158_D157_a0.13_ms100,$t_0$,150.0,0.6571907770056854,78.39699686706568
B4158_D157_a0.13_ms100,$t_0$,150.0,0.6969898926089704,72.10018384481323
B4158_D157_a0.13_ms100,$t_0$,150.0,0.7367890082122552,63.162573126132195
B4158_D157_a0.13_ms100,$t_0$,150.0,0.7765887555274795,55.52164370989232
B4158_D157_a0.13_ms100,$t_0$,150.0,0.8163878711307644,50.96843337731476
B4158_D157_a0.13_ms100,$t_0$,150.0,0.8561869867340492,47.90431849870311
B4158_D157_a0.13_ms100,$t_0$,150.0,0.8959867340492736,45.59700566011077
B4158_D157_a0.13_ms100,$t_0$,150.0,0.9357858496525585,43.73690769541571
B4158_D157_a0.13_ms100,$t_0$,150.0,0.9755855969677827,42.16983625924361
B4158_D157_a0.13_ms100,$t_0$,150.0,1.0153847125710675,40.80831965651764
B4158_D157_a0.13_ms100,$t_0$,150.0,1.0551838281743526,39.59852972610641
B4158_D157_a0.13_ms100,$t_0$,150.0,1.0949835754895767,38.504571507217115
B4158_D157_a0.13_ms100,$t_0$,150.0,1.1347826910928616,37.50184614840639
B4158_D157_a0.13_ms100,$t_0$,150.0,1.1745818066961466,36.57259625052092
B4158_D157_a0.13_ms100,$t_0$,150.0,1.214381554011371,35.703522113227706
B4158_D157_a0.13_ms100,$t_0$,150.0,1.2541806696146558,34.8846307624645
B4158_D157_a0.13_ms100,$t_0$,150.0,1.2939797852179407,34.10818086092006
B4158_D157_a0.13_ms100,$t_0$,150.0,1.333779532533165,33.367942896042386
B4158_D157_a0.13_ms100,$t_0$,150.0,1.3735786481364498,32.65914792957918
B4158_D157_a0.13_ms100,$t_0$,150.0,1.413377763739735,31.977795625765904
B4158_D157_a0.13_ms100,$t_0$,150.0,1.453177511054959,31.320584134877766
B4158_D157_a0.13_ms100,$t_0$,150.0,1.4929766266582438,30.685000512781997
B4158_D157_a0.13_ms100,$t_0$,150.0,1.532775742261529,30.068777657030857
B4158_D157_a0.13_ms100,$t_0$,150.0,1.5725754895767532,29.470110907872375
B4158_D157_a0.13_ms100,$t_0$,150.0,1.6123746051800378,28.887468060670884
B4158_D157_a0.13_ms100,$t_0$,150.0,1.652173720783323,28.31960459101299
B4158_D157_a0.13_ms100,$t_0$,150.0,1.6919734680985472,27.765355707387673
B4158_D157_a0.13_ms100,$t_0$,150.0,1.7317725837018318,27.22382484830311
B4158_D157_a0.13_ms100,$t_0$,150.0,1.771571699305117,26.694407726731168
B4158_D157_a0.13_ms100,$t_0$,150.0,1.8113714466203412,26.176394569195807
B4158_D157_a0.13_ms100,$t_0$,150.0,1.8511705622236259,25.66913170716032
B4158_D157_a0.13_ms100,$t_0$,150.0,1.890969677826911,25.17218579217505
B4158_D157_a0.13_ms100,$t_0$,150.0,1.9307694251421352,24.68531041544499
B4158_D157_a0.13_ms100,$t_0$,150.0,1.9705685407454203,24.208250444579196
B4158_D157_a0.13_ms100,$t_0$,150.0,2.010367656348705,23.74091299125965
B4158_D157_a0.13_ms100,$t_0$,150.0,2.050167403663929,23.28261184819701
B4158_D157_a0.13_ms100,$t_0$,150.0,2.089966519267214,22.83355313269103
B4158_D157_a0.13_ms100,$t_0$,150.0,2.129765634870499,22.393440487831743
B4158_D157_a0.13_ms100,$t_0$,150.0,2.169565382185723,21.96246963142655
B4158_D157_a0.13_ms100,$t_0$,150.0,2.209364497789008,21.540313553145005
B4158_D157_a0.13_ms100,$t_0$,150.0,2.249163613392293,21.127511267065756
B4158_D157_a0.13_ms100,$t_0$,150.0,2.2889633607075175,20.723900291357467
B4158_D157_a0.13_ms100,$t_0$,150.0,2.328762476310802,20.329473505455525
B4158_D157_a0.13_ms100,$t_0$,150.0,2.368561591914087,19.94409884565508
B4158_D157_a0.13_ms100,$t_0$,150.0,2.4083613392293115,19.5674463647107
B4158_D157_a0.13_ms100,$t_0$,150.0,2.448160454832596,19.200407615869022
B4158_D157_a0.13_ms100,$t_0$,150.0,2.4879595704358817,18.843552068964453
B4158_D157_a0.13_ms100,$t_0$,150.0,2.5277593177511055,18.49652764542221
B4158_D157_a0.13_ms100,$t_0$,150.0,2.56755843335439,18.159328133780583
B4158_D157_a0.13_ms100,$t_0$,150.0,2.6073575489576757,17.83199480111585
B4158_D157_a0.13_ms100,$t_0$,150.0,2.6471572962728995,17.51438091688073
B4158_D157_a0.13_ms100,$t_0$,150.0,2.686956411876184,17.213514289625806
B4158_D157_a0.13_ms100,$t_0$,150.0,2.726756159191409,16.856020050893537
B4158_D157_a0.13_ms100,$t_0$,150.0,2.7665552747946935,16.866893909813818
B4158_D157_a0.13_ms100,$t_0$,150.0,2.8063543903979786,16.846700164863403
B4158_D157_a0.13_ms100,$t_0$,150.0,2.846154137713203,16.834467499513845
B4158_D157_a0.13_ms100,$t_0$,150.0,2.8859532533164876,16.82170023657417
B4158_D157_a0.13_ms100,$t_0$,150.0,2.9257523689197726,16.810287995703426
B4158_D157_a0.13_ms100,$t_0$,150.0,2.965552116234997,16.79965871106296
B4158_D157_a0.13_ms100,$t_0$,150.0,3.0053512318382816,16.7898751886831
B4158_D157_a0.13_ms100,$t_0$,150.0,3.0451503474415667,16.780836577067443
B4158_D157_a0.13_ms100,$t_0$,150.0,3.084950094756791,16.772509062383428
B4158_D157_a0.13_ms100,$t_0$,150.0,3.124749210360076,16.764804721832277
B4158_D157_a0.13_ms100,$t_0$,150.0,3.1645483259633607,16.757683830361252
B4158_D157_a0.13_ms100,$t_0$,150.0,3.204348073278585,16.75106094946305
B4158_D157_a0.13_ms100,$t_0$,150.0,3.2441471888818696,16.744940089769724
B4158_D157_a0.13_ms100,$t_0$,150.0,3.283946304485155,16.739209107338453
B4158_D157_a0.13_ms100,$t_0$,150.0,3.323746051800379,16.733841959270404
B4158_D157_a0.13_ms100,$t_0$,150.0,3.3635451674036636,16.728804752514296
B4158_D157_a0.13_ms100,$t_0$,150.0,3.403344283006949,16.72405029161973
B4158_D157_a0.13_ms100,$t_0$,150.0,3.443144030322173,16.71951816530352
B4158_D157_a0.13_ms100,$t_0$,150.0,3.4829431459254576,16.71518446513624
B4158_D157_a0.13_ms100,$t_0$,150.0,3.522742261528743,16.7109977207132
B4158_D157_a0.13_ms100,$t_0$,150.0,3.562542008843967,16.706951332390815
B4158_D157_a0.13_ms100,$t_0$,150.0,3.6023411244472525,16.702974746429504
B4158_D157_a0.13_ms100,$t_0$,150.0,3.642140240050537,16.69908028388929
B4158_D157_a0.13_ms100,$t_0$,150.0,3.681939987365761,16.695199463688915
B4158_D157_a0.13_ms100,$t_0$,150.0,3.7217391029690465,16.691330027715082
B4158_D157_a0.13_ms100,$t_0$,150.0,3.761538218572331,16.687426808477923
B4158_D157_a0.13_ms100,$t_0$,150.0,3.801337965887555,16.683474775535856
B4158_D157_a0.13_ms100,$t_0$,150.0,3.8411370814908405,16.679440196985883
B4158_D157_a0.13_ms100,$t_0$,150.0,3.880936197094125,16.675337948772004
B4158_D157_a0.13_ms100,$t_0$,150.0,3.92073594440935,16.67110328701178
B4158_D157_a0.13_ms100,$t_0$,150.0,3.9605350600126346,16.666721445023107
B4158_D157_a0.13_ms100,$t_0$,150.0,4.00033417561592,16.662202238966188
B4158_D157_a0.13_ms100,$t_0$,150.0,4.040133922931144,16.657508149458582
B4158_D157_a0.13_ms100,$t_0$,150.0,4.079933038534429,16.652623843417086
B4158_D157_a0.13_ms100,$t_0$,150.0,4.119732154137713,16.64753093020485
B4158_D157_a0.13_ms100,$t_0$,150.0,4.1595319014529375,16.64221143095827
B4158_D157_a0.13_ms100,$t_0$,150.0,4.199331017056222,16.63664646978168
B4158_D157_a0.13_ms100,$t_0$,150.0,4.239130132659508,16.630851624600098
B4158_D157_a0.13_ms100,$t_0$,150.0,4.278929879974732,16.624796779052424
B4158_D157_a0.13_ms100,$t_0$,150.0,4.318728995578017,16.61846988995055
B4158_D157_a0.13_ms100,$t_0$,150.0,4.358528742893241,16.61182806813179
B4158_D157_a0.13_ms100,$t_0$,150.0,4.3983278584965255,16.6049092793876
B4158_D157_a0.13_ms100,$t_0$,150.0,4.43812697409981,16.597705968599218
B4158_D157_a0.13_ms100,$t_0$,150.0,4.477926721415035,16.590141392942034
B4158_D157_a0.13_ms100,$t_0$,150.0,4.51772583701832,16.58228507362294
B4158_D157_a0.13_ms100,$t_0$,150.0,4.557524952621605,16.574047816693916
B4158_D157_a0.13_ms100,$t_0$,150.0,4.597324699936829,16.56549985358022
B4158_D157_a0.13_ms100,$t_0$,150.0,4.6371238155401135,16.556611691926143
B4158_D157_a0.13_ms100,$t_0$,150.0,4.676922931143398,16.547390123715406
B4158_D157_a0.13_ms100,$t_0$,150.0,4.716722678458623,16.537775325526084
B4158_D157_a0.13_ms100,$t_0$,150.0,4.756521794061908,16.527803308811524
B4158_D157_a0.13_ms100,$t_0$,150.0,4.796320909665193,16.517434307449527
B4158_D157_a0.13_ms100,$t_0$,150.0,4.836120656980417,16.506725386174043
B4158_D157_a0.13_ms100,$t_0$,150.0,4.875919772583702,16.49565298005698
B4158_D157_a0.13_ms100,$t_0$,150.0,4.915718888186986,16.484222883904874
B4158_D157_a0.13_ms100,$t_0$,150.0,4.955518635502211,16.472390461477683
B4158_D157_a0.13_ms100,$t_0$,150.0,4.995317751105496,16.460178546979094
B4158_D157_a0.13_ms100,$t_0$,150.0,5.035116866708781,16.447551473465044
B4158_D157_a0.13_ms100,$t_0$,150.0,5.074916614024005,16.434608244515974
B4158_D157_a0.13_ms100,$t_0$,150.0,5.11471572962729,16.421211859900392
B4158_D157_a0.13_ms100,$t_0$,150.0,5.154514845230575,16.40749642226151
B4158_D157_a0.13_ms100,$t_0$,150.0,5.194314592545799,16.393344532684555
B4158_D157_a0.13_ms100,$t_0$,150.0,5.234113708149084,16.37878642179088
B4158_D157_a0.13_ms100,$t_0$,150.0,5.273912823752369,16.36384976303517
B4158_D157_a0.13_ms100,$t_0$,150.0,5.313712571067593,16.348500832627618
B4158_D157_a0.13_ms100,$t_0$,150.0,5.353511686670878,16.3327559674898
B4158_D157_a0.13_ms100,$t_0$,150.0,5.393310802274163,16.316543841228675
B4158_D157_a0.13_ms100,$t_0$,150.0,5.433110549589387,16.299939133458043
B4158_D157_a0.13_ms100,$t_0$,150.0,5.472909665192672,16.28285647173194
B4158_D157_a0.13_ms100,$t_0$,150.0,5.512708780795958,16.265311908108732
B4158_D157_a0.13_ms100,$t_0$,150.0,5.552508528111181,16.247313402632308
B4158_D157_a0.13_ms100,$t_0$,150.0,5.592307643714466,16.22880008639738
B4158_D157_a0.13_ms100,$t_0$,150.0,5.632106759317751,16.20979728881033
B4158_D157_a0.13_ms100,$t_0$,150.0,5.6719065066329755,16.19023616740216
B4158_D157_a0.13_ms100,$t_0$,150.0,5.711705622236261,16.170199093619818
B4158_D157_a0.13_ms100,$t_0$,150.0,5.751504737839546,16.14953728502488
B4158_D157_a0.13_ms100,$t_0$,150.0,5.791304485154769,16.128345736662485
B4158_D157_a0.13_ms100,$t_0$,150.0,5.831103600758055,16.10654762413674
B4158_D157_a0.13_ms100,$t_0$,150.0,5.870902716361339,16.084098216804644
B4158_D157_a0.13_ms100,$t_0$,150.0,5.9107024636765635,16.06099168833585
B4158_D157_a0.13_ms100,$t_0$,150.0,5.950501579279849,16.037265729845
B4158_D157_a0.13_ms100,$t_0$,150.0,5.990300694883134,16.012847366040546
B4158_D157_a0.13_ms100,$t_0$,150.0,6.030100442198358,15.987749335585963
B4158_D157_a0.13_ms100,$t_0$,150.0,6.069899557801643,15.961874425310423
B4158_D157_a0.13_ms100,$t_0$,150.0,6.109699305116867,15.935344233078428
B4158_D157_a0.13_ms100,$t_0$,150.0,6.149498420720152,15.90799005935688
B4158_D157_a0.13_ms100,$t_0$,150.0,6.189297536323437,15.879928756502432
B4158_D157_a0.13_ms100,$t_0$,150.0,6.22909728363866,15.851040749336516
B4158_D157_a0.13_ms100,$t_0$,150.0,6.268896399241946,15.821380945951212
B4158_D157_a0.13_ms100,$t_0$,150.0,6.308695514845231,15.790954276645591
B4158_D157_a0.13_ms100,$t_0$,150.0,6.348496525584333,15.759697940431739
B4158_D157_a0.13_ms100,$t_0$,150.0,6.3882943777637395,15.727635140843704
B4158_D157_a0.13_ms100,$t_0$,150.0,6.428092229943147,15.694757975447642
B4158_D157_a0.13_ms100,$t_0$,150.0,6.467890082122553,15.661056945005932
B4158_D157_a0.13_ms100,$t_0$,150.0,6.507694251421352,15.62647937283143
B4158_D157_a0.13_ms100,$t_0$,150.0,6.547492103600758,15.59110359802449
B4158_D157_a0.13_ms100,$t_0$,150.0,6.587289955780164,15.554879212394313
B4158_D157_a0.13_ms100,$t_0$,150.0,6.62708780795957,15.517780698646897
B4158_D157_a0.13_ms100,$t_0$,150.0,6.666891977258371,15.479888256437938
B4158_D157_a0.13_ms100,$t_0$,150.0,6.706689829437776,15.4410355185295
B4158_D157_a0.13_ms100,$t_0$,150.0,6.746487681617182,15.40140242275211
B4158_D157_a0.13_ms100,$t_0$,150.0,6.786285533796589,15.360873075527035
B4158_D157_a0.13_ms100,$t_0$,150.0,6.826089703095389,15.319450411267212
B4158_D157_a0.13_ms100,$t_0$,150.0,6.865887555274795,15.277132038571642
B4158_D157_a0.13_ms100,$t_0$,150.0,6.905685407454201,15.233901258619548
B4158_D157_a0.13_ms100,$t_0$,150.0,6.9454832596336065,15.189753082778973
B4158_D157_a0.13_ms100,$t_0$,150.0,6.985287428932407,15.144688401016223
B4158_D157_a0.13_ms100,$t_0$,150.0,7.025085281111814,15.098654115415657
B4158_D157_a0.13_ms100,$t_0$,150.0,7.064883133291219,15.051681141806629
B4158_D157_a0.13_ms100,$t_0$,150.0,7.104680985470625,15.003711051078085
B4158_D157_a0.13_ms100,$t_0$,150.0,7.1444788376500314,14.954775063876694
B4158_D157_a0.13_ms100,$t_0$,150.0,7.1842830069488315,14.90480173093738
B4158_D157_a0.13_ms100,$t_0$,150.0,7.224080859128238,14.853793108654255
B4158_D157_a0.13_ms100,$t_0$,150.0,7.263878711307644,14.80177423295141
B4158_D157_a0.13_ms100,$t_0$,150.0,7.30367656348705,14.748595196730951
B4158_D157_a0.13_ms100,$t_0$,150.0,7.34348073278585,14.694350149486374
B4158_D157_a0.13_ms100,$t_0$,150.0,7.3832785849652565,14.63895401505807
B4158_D157_a0.13_ms100,$t_0$,150.0,7.423076437144663,14.582391927044112
B4158_D157_a0.13_ms100,$t_0$,150.0,7.462874289324068,14.524632284377358
B4158_D157_a0.13_ms100,$t_0$,150.0,7.502678458622867,14.465509800272818
B4158_D157_a0.13_ms100,$t_0$,150.0,7.542476310802275,14.404939068307689
B4158_D157_a0.13_ms100,$t_0$,150.0,7.5822741629816806,14.343072243136668
B4158_D157_a0.13_ms100,$t_0$,150.0,7.622072015161087,14.280053588651898
B4158_D157_a0.13_ms100,$t_0$,150.0,7.661869867340493,14.215636194216884
B4158_D157_a0.13_ms100,$t_0$,150.0,7.701674036639292,14.149971707848888
B4158_D157_a0.13_ms100,$t_0$,150.0,7.741471888818699,14.082899300173247
B4158_D157_a0.13_ms100,$t_0$,150.0,7.7812697409981055,14.014481239545756
B4158_D157_a0.13_ms100,$t_0$,150.0,7.821067593177512,13.944716898630919
B4158_D157_a0.13_ms100,$t_0$,150.0,7.860871762476311,13.873534727015159
B4158_D157_a0.13_ms100,$t_0$,150.0,7.900669614655716,13.80103950069735
B4158_D157_a0.13_ms100,$t_0$,150.0,7.940467466835124,13.72709122705917
B4158_D157_a0.13_ms100,$t_0$,150.0,7.98026531901453,13.651878603278897
B4158_D157_a0.13_ms100,$t_0$,150.0,8.020069488313329,13.57531120486113
B4158_D157_a0.13_ms100,$t_0$,150.0,8.059867340492735,13.497393015886873
B4158_D157_a0.13_ms100,$t_0$,150.0,8.099665192672141,13.418221067108606
B4158_D157_a0.13_ms100,$t_0$,150.0,8.13946304485155,13.337686950372634
B4158_D157_a0.13_ms100,$t_0$,150.0,8.179267214150348,13.255856366419929
B4158_D157_a0.13_ms100,$t_0$,150.0,8.219065066329753,13.172700425005312
B4158_D157_a0.13_ms100,$t_0$,150.0,8.258862918509159,13.08832800221947
B4158_D157_a0.13_ms100,$t_0$,150.0,8.298660770688565,13.002545595019763
B4158_D157_a0.13_ms100,$t_0$,150.0,8.338458622867973,12.915521761327968
B4158_D157_a0.13_ms100,$t_0$,150.0,8.378262792166772,12.82711637411673
B4158_D157_a0.13_ms100,$t_0$,150.0,8.418060644346179,12.73733895081322
B4158_D157_a0.13_ms100,$t_0$,150.0,8.457858496525585,12.646219525218816
B4158_D157_a0.13_ms100,$t_0$,150.0,8.49765634870499,12.553683166995855
B4158_D157_a0.13_ms100,$t_0$,150.0,8.53746051800379,12.459699762128315
B4158_D157_a0.13_ms100,$t_0$,150.0,8.577258370183197,12.364225266801112
B4158_D157_a0.13_ms100,$t_0$,150.0,8.617056222362603,12.267122256851676
B4158_D157_a0.13_ms100,$t_0$,150.0,8.656854074542009,12.168402033083645
B4158_D157_a0.13_ms100,$t_0$,150.0,8.696658243840808,12.067997556993506
B4158_D157_a0.13_ms100,$t_0$,150.0,8.736456096020214,11.9658201910286
B4158_D157_a0.13_ms100,$t_0$,150.0,8.77625394819962,11.861636850052262
B4158_D157_a0.13_ms100,$t_0$,150.0,8.816051800379027,11.755442959307224
B4158_D157_a0.13_ms100,$t_0$,150.0,8.855855969677828,11.646965476045471
B4158_D157_a0.13_ms100,$t_0$,150.0,8.895653821857234,11.536239756017826
B4158_D157_a0.13_ms100,$t_0$,150.0,8.93545167403664,11.423137500071295
B4158_D157_a0.13_ms100,$t_0$,150.0,8.975249526216045,11.307638994076521
B4158_D157_a0.13_ms100,$t_0$,150.0,9.015047378395451,11.189777290138002
B4158_D157_a0.13_ms100,$t_0$,150.0,9.054851547694252,11.069479467957862
B4158_D157_a0.13_ms100,$t_0$,150.0,9.094649399873658,10.947096924191872
B4158_D157_a0.13_ms100,$t_0$,150.0,9.134447252053064,10.822508526294731
B4158_D157_a0.13_ms100,$t_0$,150.0,9.17424510423247,10.69613746440686
B4158_D157_a0.13_ms100,$t_0$,150.0,9.21404927353127,10.56829051780782
B4158_D157_a0.13_ms100,$t_0$,150.0,9.253847125710676,10.439130918128804
B4158_D157_a0.13_ms100,$t_0$,150.0,9.293644977890082,10.309253050946381
B4158_D157_a0.13_ms100,$t_0$,150.0,9.333442830069488,10.179035985652458
B4158_D157_a0.13_ms100,$t_0$,150.0,9.373246999368288,10.048942878174165
B4158_D157_a0.13_ms100,$t_0$,150.0,9.413044851547696,9.919454342407803
B4158_D157_a0.13_ms100,$t_0$,150.0,9.452842703727102,9.790858506012114
B4158_D157_a0.13_ms100,$t_0$,150.0,9.492640555906506,9.662614881546
B4158_D157_a0.13_ms100,$t_0$,150.0,9.532438408085913,9.529310584463804
B4158_D157_a0.13_ms100,$t_0$,150.0,9.572242577384712,9.392421646914237
B4158_D157_a0.13_ms100,$t_0$,150.0,9.61204042956412,9.251407658595777
B4158_D157_a0.13_ms100,$t_0$,150.0,9.651838281743526,9.10567832818201
B4158_D157_a0.13_ms100,$t_0$,150.0,9.691636133922932,8.954725465402744
B4158_D157_a0.13_ms100,$t_0$,150.0,9.731440303221731,8.798170852398725
B4158_D157_a0.13_ms100,$t_0$,150.0,9.771238155401138,8.635603220713786
B4158_D157_a0.13_ms100,$t_0$,150.0,9.811036007580544,8.467057295015607
B4158_D157_a0.13_ms100,$t_0$,150.0,9.85083385975995,8.292521618809461
B4158_D157_a0.13_ms100,$t_0$,150.0,9.89063802905875,8.112249585757397
B4158_D157_a0.13_ms100,$t_0$,150.0,9.930435881238155,7.927301342369559
B4158_D157_a0.13_ms100,$t_0$,150.0,9.970233733417562,7.7402073352328955
B4158_D157_a0.13_ms100,$t_0$,150.0,10.010031585596968,7.555357651092928
B4158_D157_a0.13_ms100,$t_0$,150.0,10.049835754895767,7.374771718121615
B4158_D157_a0.13_ms100,$t_0$,150.0,10.089633607075173,7.199110592686732
B4158_D157_a0.13_ms100,$t_0$,150.0,10.12943145925458,7.0274378025188176
B4158_D157_a0.13_ms100,$t_0$,150.0,10.169229311433986,6.858087092537746
B4158_D157_a0.13_ms100,$t_0$,150.0,10.209027163613394,6.688562693032269
B4158_D157_a0.13_ms100,$t_0$,150.0,10.248831332912193,6.515992225239144
B4158_D157_a0.13_ms100,$t_0$,150.0,10.288629185091597,6.336424925604635
B4158_D157_a0.13_ms100,$t_0$,150.0,10.328427037271004,6.144223896955207
B4158_D157_a0.13_ms100,$t_0$,150.0,10.36822488945041,5.931285799254409
B4158_D157_a0.13_ms100,$t_0$,150.0,10.40802905874921,5.692923294166782
B4158_D157_a0.13_ms100,$t_0$,150.0,10.447826910928617,5.44083799146287
B4158_D157_a0.13_ms100,$t_0$,150.0,10.487624763108023,5.1895847061784925
B4158_D157_a0.13_ms100,$t_0$,150.0,10.52742261528743,4.960282282121276
B4158_D157_a0.13_ms100,$t_0$,150.0,10.567226784586229,4.762419311354027
B4158_D157_a0.13_ms100,$t_0$,150.0,10.607024636765635,4.596142132620825
B4158_D157_a0.13_ms100,$t_0$,150.0,10.646822488945041,4.470523664949224
B4158_D157_a0.13_ms100,$t_0$,150.0,10.686620341124447,4.375313835335352
B4158_D157_a0.13_ms100,$t_0$,150.0,10.726424510423248,4.284484490297653
B4158_D157_a0.13_ms100,$t_0$,150.0,10.766222362602655,4.196682720212972
B4158_D157_a0.13_ms100,$t_0$,150.0,10.806020214782059,4.110712285558523
B4158_D157_a0.13_ms100,$t_0$,150.0,10.845818066961465,4.025582231931957
B4158_D157_a0.13_ms100,$t_0$,150.0,10.885615919140871,3.9405438817754326
B4158_D157_a0.13_ms100,$t_0$,150.0,10.925420088439672,3.854368166369612
B4158_D157_a0.13_ms100,$t_0$,150.0,10.965217940619079,3.765838513088586
B4158_D157_a0.13_ms100,$t_0$,150.0,11.005015792798485,3.6740990705157377
B4158_D157_a0.13_ms100,$t_0$,150.0,11.044813644977891,3.5781510759393185
B4158_D157_a0.13_ms100,$t_0$,150.0,11.08461781427669,3.4774961616558366
B4158_D157_a0.13_ms100,$t_0$,150.0,11.124415666456096,3.3720281203483795
B4158_D157_a0.13_ms100,$t_0$,150.0,11.164213518635503,3.261949254082999
B4158_D157_a0.13_ms100,$t_0$,150.0,11.204011370814909,3.1481042109740383
B4158_D157_a0.13_ms100,$t_0$,150.0,11.243815540113708,3.0318930374111632
B4158_D157_a0.13_ms100,$t_0$,150.0,11.283613392293114,2.915453258077095
B4158_D157_a0.13_ms100,$t_0$,150.0,11.32341124447252,2.801596644760102
B4158_D157_a0.13_ms100,$t_0$,150.0,11.363209096651927,2.6923365134571595
B4158_D157_a0.13_ms100,$t_0$,150.0,11.403006948831333,2.5891479363454537
B4158_D157_a0.13_ms100,$t_0$,150.0,11.442811118130132,2.493287444811022
B4158_D157_a0.13_ms100,$t_0$,150.0,11.482608970309538,2.4053406285605274
B4158_D157_a0.13_ms100,$t_0$,150.0,11.522406822488946,2.326008050557752
B4158_D157_a0.13_ms100,$t_0$,150.0,11.562204674668353,2.254412018333608
B4158_D157_a0.13_ms100,$t_0$,150.0,11.602008843967152,2.1905722390774915
B4158_D157_a0.13_ms100,$t_0$,150.0,11.641806696146556,2.1330527447593526
B4158_D157_a0.13_ms100,$t_0$,150.0,11.681604548325963,2.0810942942944544
B4158_D157_a0.13_ms100,$t_0$,150.0,11.72140240050537,2.034103730966558
B4158_D157_a0.13_ms100,$t_0$,150.0,11.76120656980417,1.991666641604827
B4158_D157_a0.13_ms100,$t_0$,150.0,11.801004421983576,1.953175334684603
B4158_D157_a0.13_ms100,$t_0$,150.0,11.840802274162982,1.9180672704727095
B4158_D157_a0.13_ms100,$t_0$,150.0,11.880600126342388,1.8858974072350476
B4158_D157_a0.13_ms100,$t_0$,150.0,11.920404295641188,1.856286435867903
B4158_D157_a0.13_ms100,$t_0$,150.0,11.960202147820594,1.8289247343805117
B4158_D157_a0.13_ms100,$t_0$,150.0,12.0,1.8035715461271973
B4158_D157_a0.13_ms100,$t_{T_{\rm max}}$,50.0,0.1,6.504061665276162
B4158_D157_a0.13_ms100,$t_{T_{\rm max}}$,50.0,0.13979930511686672,6.463107084365305
B4158_D157_a0.13_ms100,$t_{T_{\rm max}}$,50.0,0.17959867340492736,6.431665044507502
B4158_D157_a0.13_ms100,$t_{T_{\rm max}}$,50.0,0.21939797852179407,6.403604360140999
B4158_D157_a0.13_ms100,$t_{T_{\rm max}}$,50.0,0.25919734680985473,6.376335585160183
B4158_D157_a0.13_ms100,$t_{T_{\rm max}}$,50.0,0.2989966519267214,6.348689094006477
B4158_D157_a0.13_ms100,$t_{T_{\rm max}}$,50.0,0.33879595704358817,6.320127268460845
B4158_D157_a0.13_ms100,$t_{T_{\rm max}}$,50.0,0.3785953253316488,6.290430650743795
B4158_D157_a0.13_ms100,$t_{T_{\rm max}}$,50.0,0.4183946304485155,6.25953876086248
B4158_D157_a0.13_ms100,$t_{T_{\rm max}}$,50.0,0.4581939987365761,6.227467223263929
B4158_D157_a0.13_ms100,$t_{T_{\rm max}}$,50.0,0.49799330385344287,6.194268579802987
B4158_D157_a0.13_ms100,$t_{T_{\rm max}}$,50.0,0.5377926721415035,6.159994325337945
B4158_D157_a0.13_ms100,$t_{T_{\rm max}}$,50.0,0.5775919772583702,6.124700955226684
B4158_D157_a0.13_ms100,$t_{T_{\rm max}}$,50.0,0.6173912823752369,6.088425479094778
B4158_D157_a0.13_ms100,$t_{T_{\rm max}}$,50.0,0.6571907770056854,6.051185212900155
B4158_D157_a0.13_ms100,$t_{T_{\rm max}}$,50.0,0.6969898926089704,6.012979534479821
B4158_D157_a0.13_ms100,$t_{T_{\rm max}}$,50.0,0.7367890082122552,5.9737907356515665
B4158_D157_a0.13_ms100,$t_{T_{\rm max}}$,50.0,0.7765887555274795,5.933610951803466
B4158_D157_a0.13_ms100,$t_{T_{\rm max}}$,50.0,0.8163878711307644,5.892454901538474
B4158_D157_a0.13_ms100,$t_{T_{\rm max}}$,50.0,0.8561869867340492,5.85033092109597
B4158_D157_a0.13_ms100,$t_{T_{\rm max}}$,50.0,0.8959867340492736,5.807255280052458
B4158_D157_a0.13_ms100,$t_{T_{\rm max}}$,50.0,0.9357858496525585,5.763248598906856
B4158_D157_a0.13_ms100,$t_{T_{\rm max}}$,50.0,0.9755855969677827,5.7183404347053495
B4158_D157_a0.13_ms100,$t_{T_{\rm max}}$,50.0,1.0153847125710675,5.672572659143969
B4158_D157_a0.13_ms100,$t_{T_{\rm max}}$,50.0,1.0551838281743526,5.626002222038802
B4158_D157_a0.13_ms100,$t_{T_{\rm max}}$,50.0,1.0949835754895767,5.578705632863283
B4158_D157_a0.13_ms100,$t_{T_{\rm max}}$,50.0,1.1347826910928616,5.530767944783612
B4158_D157_a0.13_ms100,$t_{T_{\rm max}}$,50.0,1.1745818066961466,5.482300930357036
B4158_D157_a0.13_ms100,$t_{T_{\rm max}}$,50.0,1.214381554011371,5.433425836293608
B4158_D157_a0.13_ms100,$t_{T_{\rm max}}$,50.0,1.2541806696146558,5.384277334975299
B4158_D157_a0.13_ms100,$t_{T_{\rm max}}$,50.0,1.2939797852179407,5.334998615280658
B4158_D157_a0.13_ms100,$t_{T_{\rm max}}$,50.0,1.333779532533165,5.285734416536442
B4158_D157_a0.13_ms100,$t_{T_{\rm max}}$,50.0,1.3735786481364498,5.236630722172968
B4158_D157_a0.13_ms100,$t_{T_{\rm max}}$,50.0,1.413377763739735,5.187841232299836
B4158_D157_a0.13_ms100,$t_{T_{\rm max}}$,50.0,1.453177511054959,5.139495252596905
B4158_D157_a0.13_ms100,$t_{T_{\rm max}}$,50.0,1.4929766266582438,5.09171873053938
B4158_D157_a0.13_ms100,$t_{T_{\rm max}}$,50.0,1.532775742261529,5.044619525680048
B4158_D157_a0.13_ms100,$t_{T_{\rm max}}$,50.0,1.5725754895767532,4.998287083276981
B4158_D157_a0.13_ms100,$t_{T_{\rm max}}$,50.0,1.6123746051800378,4.9528015703919905
B4158_D157_a0.13_ms100,$t_{T_{\rm max}}$,50.0,1.652173720783323,4.908219836115774
B4158_D157_a0.13_ms100,$t_{T_{\rm max}}$,50.0,1.6919734680985472,4.8645875391689275
B4158_D157_a0.13_ms100,$t_{T_{\rm max}}$,50.0,1.7317725837018318,4.8219362206058225
B4158_D157_a0.13_ms100,$t_{T_{\rm max}}$,50.0,1.771571699305117,4.780284703281762
B4158_D157_a0.13_ms100,$t_{T_{\rm max}}$,50.0,1.8113714466203412,4.7396489393232
B4158_D157_a0.13_ms100,$t_{T_{\rm max}}$,50.0,1.8511705622236259,4.700002693604412
B4158_D157_a0.13_ms100,$t_{T_{\rm max}}$,50.0,1.890969677826911,4.661367174324104
B4158_D157_a0.13_ms100,$t_{T_{\rm max}}$,50.0,1.9307694251421352,4.62370931616212
B4158_D157_a0.13_ms100,$t_{T_{\rm max}}$,50.0,1.9705685407454203,4.587017079263938
B4158_D157_a0.13_ms100,$t_{T_{\rm max}}$,50.0,2.010367656348705,4.551282223242797
B4158_D157_a0.13_ms100,$t_{T_{\rm max}}$,50.0,2.050167403663929,4.5186752813706725
B4158_D157_a0.13_ms100,$t_{T_{\rm max}}$,50.0,2.089966519267214,4.493096045185775
B4158_D157_a0.13_ms100,$t_{T_{\rm max}}$,50.0,2.129765634870499,4.467503553724691
B4158_D157_a0.13_ms100,$t_{T_{\rm max}}$,50.0,2.169565382185723,4.441854629627158
B4158_D157_a0.13_ms100,$t_{T_{\rm max}}$,50.0,2.209364497789008,4.416131026604999
B4158_D157_a0.13_ms100,$t_{T_{\rm max}}$,50.0,2.249163613392293,4.390308051134396
B4158_D157_a0.13_ms100,$t_{T_{\rm max}}$,50.0,2.2889633607075175,4.364414680029688
B4158_D157_a0.13_ms100,$t_{T_{\rm max}}$,50.0,2.328762476310802,4.338574024653797
B4158_D157_a0.13_ms100,$t_{T_{\rm max}}$,50.0,2.368561591914087,4.313139547054971
B4158_D157_a0.13_ms100,$t_{T_{\rm max}}$,50.0,2.4083613392293115,4.2889556974939005
B4158_D157_a0.13_ms100,$t_{T_{\rm max}}$,50.0,2.448160454832596,4.267617220329648
B4158_D157_a0.13_ms100,$t_{T_{\rm max}}$,50.0,2.4879595704358817,4.25071531769923
B4158_D157_a0.13_ms100,$t_{T_{\rm max}}$,50.0,2.5277593177511055,4.238269965498014
B4158_D157_a0.13_ms100,$t_{T_{\rm max}}$,50.0,2.56755843335439,4.2295421862577305
B4158_D157_a0.13_ms100,$t_{T_{\rm max}}$,50.0,2.6073575489576757,4.223970285614446
B4158_D157_a0.13_ms100,$t_{T_{\rm max}}$,50.0,2.6471572962728995,4.2208601011947025
B4158_D157_a0.13_ms100,$t_{T_{\rm max}}$,50.0,2.686956411876184,4.2195401482845005
B4158_D157_a0.13_ms100,$t_{T_{\rm max}}$,50.0,2.726756159191409,4.2195060034627145
B4158_D157_a0.13_ms100,$t_{T_{\rm max}}$,50.0,2.7665552747946935,4.2203788427821625
B4158_D157_a0.13_ms100,$t_{T_{\rm max}}$,50.0,2.8063543903979786,4.221931474107588
B4158_D157_a0.13_ms100,$t_{T_{\rm max}}$,50.0,2.846154137713203,4.223976744535309
B4158_D157_a0.13_ms100,$t_{T_{\rm max}}$,50.0,2.8859532533164876,4.226339164585641
B4158_D157_a0.13_ms100,$t_{T_{\rm max}}$,50.0,2.9257523689197726,4.228957619690525
B4158_D157_a0.13_ms100,$t_{T_{\rm max}}$,50.0,2.965552116234997,4.231737714559566
B4158_D157_a0.13_ms100,$t_{T_{\rm max}}$,50.0,3.0053512318382816,4.234614444399886
B4158_D157_a0.13_ms100,$t_{T_{\rm max}}$,50.0,3.0451503474415667,4.237514668940572
B4158_D157_a0.13_ms100,$t_{T_{\rm max}}$,50.0,3.084950094756791,4.2404307337414675
B4158_D157_a0.13_ms100,$t_{T_{\rm max}}$,50.0,3.124749210360076,4.243297176518138
B4158_D157_a0.13_ms100,$t_{T_{\rm max}}$,50.0,3.1645483259633607,4.246088299568952
B4158_D157_a0.13_ms100,$t_{T_{\rm max}}$,50.0,3.204348073278585,4.248765065625926
B4158_D157_a0.13_ms100,$t_{T_{\rm max}}$,50.0,3.2441471888818696,4.251315468297995
B4158_D157_a0.13_ms100,$t_{T_{\rm max}}$,50.0,3.283946304485155,4.253713651540545
B4158_D157_a0.13_ms100,$t_{T_{\rm max}}$,50.0,3.323746051800379,4.255908144919516
B4158_D157_a0.13_ms100,$t_{T_{\rm max}}$,50.0,3.3635451674036636,4.257905363507075
B4158_D157_a0.13_ms100,$t_{T_{\rm max}}$,50.0,3.403344283006949,4.259686141969048
B4158_D157_a0.13_ms100,$t_{T_{\rm max}}$,50.0,3.443144030322173,4.261204112613539
B4158_D157_a0.13_ms100,$t_{T_{\rm max}}$,50.0,3.4829431459254576,4.262478867808664
B4158_D157_a0.13_ms100,$t_{T_{\rm max}}$,50.0,3.522742261528743,4.263496128425345
B4158_D157_a0.13_ms100,$t_{T_{\rm max}}$,50.0,3.562542008843967,4.26425430679408
B4158_D157_a0.13_ms100,$t_{T_{\rm max}}$,50.0,3.6023411244472525,4.264738017526514
B4158_D157_a0.13_ms100,$t_{T_{\rm max}}$,50.0,3.642140240050537,4.264983939724395
B4158_D157_a0.13_ms100,$t_{T_{\rm max}}$,50.0,3.681939987365761,4.264966003888872
B4158_D157_a0.13_ms100,$t_{T_{\rm max}}$,50.0,3.7217391029690465,4.264707324455338
B4158_D157_a0.13_ms100,$t_{T_{\rm max}}$,50.0,3.761538218572331,4.264184752894455
B4158_D157_a0.13_ms100,$t_{T_{\rm max}}$,50.0,3.801337965887555,4.263426635120218
B4158_D157_a0.13_ms100,$t_{T_{\rm max}}$,50.0,3.8411370814908405,4.262417441717706
B4158_D157_a0.13_ms100,$t_{T_{\rm max}}$,50.0,3.880936197094125,4.261169025664821
B4158_D157_a0.13_ms100,$t_{T_{\rm max}}$,50.0,3.92073594440935,4.259692862450382
B4158_D157_a0.13_ms100,$t_{T_{\rm max}}$,50.0,3.9605350600126346,4.257986359241966
B4158_D157_a0.13_ms100,$t_{T_{\rm max}}$,50.0,4.00033417561592,4.256078369884415
B4158_D157_a0.13_ms100,$t_{T_{\rm max}}$,50.0,4.040133922931144,4.253962841258316
B4158_D157_a0.13_ms100,$t_{T_{\rm max}}$,50.0,4.079933038534429,4.251642019875147
B4158_D157_a0.13_ms100,$t_{T_{\rm max}}$,50.0,4.119732154137713,4.24918600431011
B4158_D157_a0.13_ms100,$t_{T_{\rm max}}$,50.0,4.1595319014529375,4.246587648472673
B4158_D157_a0.13_ms100,$t_{T_{\rm max}}$,50.0,4.199331017056222,4.243811529037024
B4158_D157_a0.13_ms100,$t_{T_{\rm max}}$,50.0,4.239130132659508,4.240900443699897
B4158_D157_a0.13_ms100,$t_{T_{\rm max}}$,50.0,4.278929879974732,4.237832098712323
B4158_D157_a0.13_ms100,$t_{T_{\rm max}}$,50.0,4.318728995578017,4.234641586741716
B4158_D157_a0.13_ms100,$t_{T_{\rm max}}$,50.0,4.358528742893241,4.231281217824083
B4158_D157_a0.13_ms100,$t_{T_{\rm max}}$,50.0,4.3983278584965255,4.227760463994953
B4158_D157_a0.13_ms100,$t_{T_{\rm max}}$,50.0,4.43812697409981,4.224034596015524
B4158_D157_a0.13_ms100,$t_{T_{\rm max}}$,50.0,4.477926721415035,4.220112751014764
B4158_D157_a0.13_ms100,$t_{T_{\rm max}}$,50.0,4.51772583701832,4.215959157125647
B4158_D157_a0.13_ms100,$t_{T_{\rm max}}$,50.0,4.557524952621605,4.211549652986795
B4158_D157_a0.13_ms100,$t_{T_{\rm max}}$,50.0,4.597324699936829,4.206867917427425
B4158_D157_a0.13_ms100,$t_{T_{\rm max}}$,50.0,4.6371238155401135,4.201874764650139
B4158_D157_a0.13_ms100,$t_{T_{\rm max}}$,50.0,4.676922931143398,4.196592326509561
B4158_D157_a0.13_ms100,$t_{T_{\rm max}}$,50.0,4.716722678458623,4.191027779853667
B4158_D157_a0.13_ms100,$t_{T_{\rm max}}$,50.0,4.756521794061908,4.185167538597856
B4158_D157_a0.13_ms100,$t_{T_{\rm max}}$,50.0,4.796320909665193,4.1790492055153114
B4158_D157_a0.13_ms100,$t_{T_{\rm max}}$,50.0,4.836120656980417,4.17264106418246
B4158_D157_a0.13_ms100,$t_{T_{\rm max}}$,50.0,4.875919772583702,4.166029174417481
B4158_D157_a0.13_ms100,$t_{T_{\rm max}}$,50.0,4.915718888186986,4.15922171735437
B4158_D157_a0.13_ms100,$t_{T_{\rm max}}$,50.0,4.955518635502211,4.152177737014044
B4158_D157_a0.13_ms100,$t_{T_{\rm max}}$,50.0,4.995317751105496,4.144971112105567
B4158_D157_a0.13_ms100,$t_{T_{\rm max}}$,50.0,5.035116866708781,4.1375838398512945
B4158_D157_a0.13_ms100,$t_{T_{\rm max}}$,50.0,5.074916614024005,4.129935726929146
B4158_D157_a0.13_ms100,$t_{T_{\rm max}}$,50.0,5.11471572962729,4.122045009555972
B4158_D157_a0.13_ms100,$t_{T_{\rm max}}$,50.0,5.154514845230575,4.1138685408871325
B4158_D157_a0.13_ms100,$t_{T_{\rm max}}$,50.0,5.194314592545799,4.105378150707039
B4158_D157_a0.13_ms100,$t_{T_{\rm max}}$,50.0,5.234113708149084,4.09652426953986
B4158_D157_a0.13_ms100,$t_{T_{\rm max}}$,50.0,5.273912823752369,4.087272297189934
B4158_D157_a0.13_ms100,$t_{T_{\rm max}}$,50.0,5.313712571067593,4.077644760691941
B4158_D157_a0.13_ms100,$t_{T_{\rm max}}$,50.0,5.353511686670878,4.067545336753856
B4158_D157_a0.13_ms100,$t_{T_{\rm max}}$,50.0,5.393310802274163,4.056997972515785
B4158_D157_a0.13_ms100,$t_{T_{\rm max}}$,50.0,5.433110549589387,4.04597323348616
B4158_D157_a0.13_ms100,$t_{T_{\rm max}}$,50.0,5.472909665192672,4.034480993292106
B4158_D157_a0.13_ms100,$t_{T_{\rm max}}$,50.0,5.512708780795958,4.022457097231934
B4158_D157_a0.13_ms100,$t_{T_{\rm max}}$,50.0,5.552508528111181,4.0099323009281225
B4158_D157_a0.13_ms100,$t_{T_{\rm max}}$,50.0,5.592307643714466,3.9968580791070374
B4158_D157_a0.13_ms100,$t_{T_{\rm max}}$,50.0,5.632106759317751,3.9832142578322376
B4158_D157_a0.13_ms100,$t_{T_{\rm max}}$,50.0,5.6719065066329755,3.9689998471685053
B4158_D157_a0.13_ms100,$t_{T_{\rm max}}$,50.0,5.711705622236261,3.9541333504140646
B4158_D157_a0.13_ms100,$t_{T_{\rm max}}$,50.0,5.751504737839546,3.938610956714239
B4158_D157_a0.13_ms100,$t_{T_{\rm max}}$,50.0,5.791304485154769,3.9223705025325564
B4158_D157_a0.13_ms100,$t_{T_{\rm max}}$,50.0,5.831103600758055,3.9053800128002716
B4158_D157_a0.13_ms100,$t_{T_{\rm max}}$,50.0,5.870902716361339,3.8876154240229264
B4158_D157_a0.13_ms100,$t_{T_{\rm max}}$,50.0,5.9107024636765635,3.8689906498371935
B4158_D157_a0.13_ms100,$t_{T_{\rm max}}$,50.0,5.950501579279849,3.8494392355067326
B4158_D157_a0.13_ms100,$t_{T_{\rm max}}$,50.0,5.990300694883134,3.828886302433609
B4158_D157_a0.13_ms100,$t_{T_{\rm max}}$,50.0,6.030100442198358,3.807290550464673
B4158_D157_a0.13_ms100,$t_{T_{\rm max}}$,50.0,6.069899557801643,3.7845510719937487
B4158_D157_a0.13_ms100,$t_{T_{\rm max}}$,50.0,6.109699305116867,3.7606026162285597
B4158_D157_a0.13_ms100,$t_{T_{\rm max}}$,50.0,6.149498420720152,3.7352825270871826
B4158_D157_a0.13_ms100,$t_{T_{\rm max}}$,50.0,6.189297536323437,3.7085485414190678
B4158_D157_a0.13_ms100,$t_{T_{\rm max}}$,50.0,6.22909728363866,3.680242291753426
B4158_D157_a0.13_ms100,$t_{T_{\rm max}}$,50.0,6.268896399241946,3.6502069039577867
B4158_D157_a0.13_ms100,$t_{T_{\rm max}}$,50.0,6.308695514845231,3.61825975269728
B4158_D157_a0.13_ms100,$t_{T_{\rm max}}$,50.0,6.348496525584333,3.584308570753821
B4158_D157_a0.13_ms100,$t_{T_{\rm max}}$,50.0,6.3882943777637395,3.5481945381344095
B4158_D157_a0.13_ms100,$t_{T_{\rm max}}$,50.0,6.428092229943147,3.509662219600259
B4158_D157_a0.13_ms100,$t_{T_{\rm max}}$,50.0,6.467890082122553,3.468594209849489
B4158_D157_a0.13_ms100,$t_{T_{\rm max}}$,50.0,6.507694251421352,3.424809995876735
B4158_D157_a0.13_ms100,$t_{T_{\rm max}}$,50.0,6.547492103600758,3.378142142924673
B4158_D157_a0.13_ms100,$t_{T_{\rm max}}$,50.0,6.587289955780164,3.328504191906171
B4158_D157_a0.13_ms100,$t_{T_{\rm max}}$,50.0,6.62708780795957,3.2759033711162027
B4158_D157_a0.13_ms100,$t_{T_{\rm max}}$,50.0,6.666891977258371,3.2205588465979735
B4158_D157_a0.13_ms100,$t_{T_{\rm max}}$,50.0,6.706689829437776,3.1630908251902117
B4158_D157_a0.13_ms100,$t_{T_{\rm max}}$,50.0,6.746487681617182,3.1039103407872237
B4158_D157_a0.13_ms100,$t_{T_{\rm max}}$,50.0,6.786285533796589,3.043416528901816
B4158_D157_a0.13_ms100,$t_{T_{\rm max}}$,50.0,6.826089703095389,2.9815228090786716
B4158_D157_a0.13_ms100,$t_{T_{\rm max}}$,50.0,6.865887555274795,2.9183578166754884
B4158_D157_a0.13_ms100,$t_{T_{\rm max}}$,50.0,6.905685407454201,2.8540989109449804
B4158_D157_a0.13_ms100,$t_{T_{\rm max}}$,50.0,6.9454832596336065,2.789360129365237
B4158_D157_a0.13_ms100,$t_{T_{\rm max}}$,50.0,6.985287428932407,2.724016027082135
B4158_D157_a0.13_ms100,$t_{T_{\rm max}}$,50.0,7.025085281111814,2.6584506764921634
B4158_D157_a0.13_ms100,$t_{T_{\rm max}}$,50.0,7.064883133291219,2.5932325805786145
B4158_D157_a0.13_ms100,$t_{T_{\rm max}}$,50.0,7.104680985470625,2.5287578130398236
B4158_D157_a0.13_ms100,$t_{T_{\rm max}}$,50.0,7.1444788376500314,2.4654479172566397
B4158_D157_a0.13_ms100,$t_{T_{\rm max}}$,50.0,7.1842830069488315,2.4038046129446595
B4158_D157_a0.13_ms100,$t_{T_{\rm max}}$,50.0,7.224080859128238,2.34401115756076
B4158_D157_a0.13_ms100,$t_{T_{\rm max}}$,50.0,7.263878711307644,2.2863500628074847
B4158_D157_a0.13_ms100,$t_{T_{\rm max}}$,50.0,7.30367656348705,2.231028070500842
B4158_D157_a0.13_ms100,$t_{T_{\rm max}}$,50.0,7.34348073278585,2.178000524527579
B4158_D157_a0.13_ms100,$t_{T_{\rm max}}$,50.0,7.3832785849652565,2.127337156438165
B4158_D157_a0.13_ms100,$t_{T_{\rm max}}$,50.0,7.423076437144663,2.0791023167373672
B4158_D157_a0.13_ms100,$t_{T_{\rm max}}$,50.0,7.462874289324068,2.033160044618119
B4158_D157_a0.13_ms100,$t_{T_{\rm max}}$,50.0,7.502678458622867,1.9896238781331175
B4158_D157_a0.13_ms100,$t_{T_{\rm max}}$,50.0,7.542476310802275,1.9487292249965742
B4158_D157_a0.13_ms100,$t_{T_{\rm max}}$,50.0,7.5822741629816806,1.9113718790896204
B4158_D157_a0.13_ms100,$t_{T_{\rm max}}$,50.0,7.622072015161087,1.8772520781069162
B4158_D157_a0.13_ms100,$t_{T_{\rm max}}$,50.0,7.661869867340493,1.8459238576381891
B4158_D157_a0.13_ms100,$t_{T_{\rm max}}$,50.0,7.701674036639292,1.8170576542326289
B4158_D157_a0.13_ms100,$t_{T_{\rm max}}$,50.0,7.741471888818699,1.7903800436933122
B4158_D157_a0.13_ms100,$t_{T_{\rm max}}$,50.0,7.7812697409981055,1.7655939407338888
B4158_D157_a0.13_ms100,$t_{T_{\rm max}}$,50.0,7.821067593177512,1.7425651374009048
B4158_D157_a0.13_ms100,$t_{T_{\rm max}}$,50.0,7.860871762476311,1.7210695825159843
B4158_D157_a0.13_ms100,$t_{T_{\rm max}}$,50.0,7.900669614655716,1.701012177977393
B4158_D157_a0.13_ms100,$t_{T_{\rm max}}$,50.0,7.940467466835124,1.6815225071327387
B4158_D157_a0.13_ms100,$t_{T_{\rm max}}$,50.0,7.98026531901453,1.6630363686669878
B4158_D157_a0.13_ms100,$t_{T_{\rm max}}$,50.0,8.020069488313329,1.6455984713665743
B4158_D157_a0.13_ms100,$t_{T_{\rm max}}$,50.0,8.059867340492735,1.629186886957996
B4158_D157_a0.13_ms100,$t_{T_{\rm max}}$,50.0,8.099665192672141,1.6136728854288707
B4158_D157_a0.13_ms100,$t_{T_{\rm max}}$,50.0,8.13946304485155,1.5990255718302941
B4158_D157_a0.13_ms100,$t_{T_{\rm max}}$,50.0,8.179267214150348,1.585182550980324
B4158_D157_a0.13_ms100,$t_{T_{\rm max}}$,50.0,8.219065066329753,1.5720735040910925
B4158_D157_a0.13_ms100,$t_{T_{\rm max}}$,50.0,8.258862918509159,1.5596497468196473
B4158_D157_a0.13_ms100,$t_{T_{\rm max}}$,50.0,8.298660770688565,1.5478643592423083
B4158_D157_a0.13_ms100,$t_{T_{\rm max}}$,50.0,8.338458622867973,1.5366885330240023
B4158_D157_a0.13_ms100,$t_{T_{\rm max}}$,50.0,8.378262792166772,1.5260710673314184
B4158_D157_a0.13_ms100,$t_{T_{\rm max}}$,50.0,8.418060644346179,1.5159767483337416
B4158_D157_a0.13_ms100,$t_{T_{\rm max}}$,50.0,8.457858496525585,1.5063832325140287
B4158_D157_a0.13_ms100,$t_{T_{\rm max}}$,50.0,8.49765634870499,1.4972503375266957
B4158_D157_a0.13_ms100,$t_{T_{\rm max}}$,50.0,8.53746051800379,1.4885585508561787
B4158_D157_a0.13_ms100,$t_{T_{\rm max}}$,50.0,8.577258370183197,1.4802740227817446
B4158_D157_a0.13_ms100,$t_{T_{\rm max}}$,50.0,8.617056222362603,1.4723806933574108
B4158_D157_a0.13_ms100,$t_{T_{\rm max}}$,50.0,8.656854074542009,1.4648483617488042
B4158_D157_a0.13_ms100,$t_{T_{\rm max}}$,50.0,8.696658243840808,1.4576572396494416
B4158_D157_a0.13_ms100,$t_{T_{\rm max}}$,50.0,8.736456096020214,1.4507949683680863
B4158_D157_a0.13_ms100,$t_{T_{\rm max}}$,50.0,8.77625394819962,1.4501158033513286
B4158_D157_a0.13_ms100,$t_{T_{\rm max}}$,50.0,8.816051800379027,1.4501158033513286
B4158_D157_a0.13_ms100,$t_{T_{\rm max}}$,50.0,8.855855969677828,1.4501158033513286
B4158_D157_a0.13_ms100,$t_{T_{\rm max}}$,50.0,8.895653821857234,1.4501158033513286
B4158_D157_a0.13_ms100,$t_{T_{\rm max}}$,50.0,8.93545167403664,1.4501158033513286
B4158_D157_a0.13_ms100,$t_{T_{\rm max}}$,50.0,8.975249526216045,1.4501158033513286
B4158_D157_a0.13_ms100,$t_{T_{\rm max}}$,50.0,9.015047378395451,1.4501158033513286
B4158_D157_a0.13_ms100,$t_{T_{\rm max}}$,50.0,9.054851547694252,1.4501158033513286
B4158_D157_a0.13_ms100,$t_{T_{\rm max}}$,50.0,9.094649399873658,1.4501158033513286
B4158_D157_a0.13_ms100,$t_{T_{\rm max}}$,50.0,9.134447252053064,1.4501158033513286
B4158_D157_a0.13_ms100,$t_{T_{\rm max}}$,50.0,9.17424510423247,1.4501158033513286
B4158_D157_a0.13_ms100,$t_{T_{\rm max}}$,50.0,9.21404927353127,1.4501158033513286
B4158_D157_a0.13_ms100,$t_{T_{\rm max}}$,50.0,9.253847125710676,1.4501158033513286
B4158_D157_a0.13_ms100,$t_{T_{\rm max}}$,50.0,9.293644977890082,1.4501158033513286
B4158_D157_a0.13_ms100,$t_{T_{\rm max}}$,50.0,9.333442830069488,1.4501158033513286
B4158_D157_a0.13_ms100,$t_{T_{\rm max}}$,50.0,9.373246999368288,1.4501158033513286
B4158_D157_a0.13_ms100,$t_{T_{\rm max}}$,50.0,9.413044851547696,1.4501158033513286
B4158_D157_a0.13_ms100,$t_{T_{\rm max}}$,50.0,9.452842703727102,1.4501158033513286
B4158_D157_a0.13_ms100,$t_{T_{\rm max}}$,50.0,9.492640555906506,1.4501158033513286
B4158_D157_a0.13_ms100,$t_{T_{\rm max}}$,50.0,9.532438408085913,1.4501158033513286
B4158_D157_a0.13_ms100,$t_{T_{\rm max}}$,50.0,9.572242577384712,1.4501158033513286
B4158_D157_a0.13_ms100,$t_{T_{\rm max}}$,50.0,9.61204042956412,1.4501158033513286
B4158_D157_a0.13_ms100,$t_{T_{\rm max}}$,50.0,9.651838281743526,1.4501158033513286
B4158_D157_a0.13_ms100,$t_{T_{\rm max}}$,50.0,9.691636133922932,1.4501158033513286
B4158_D157_a0.13_ms100,$t_{T_{\rm max}}$,50.0,9.731440303221731,1.4501158033513286
B4158_D157_a0.13_ms100,$t_{T_{\rm max}}$,50.0,9.771238155401138,1.4501158033513286
B4158_D157_a0.13_ms100,$t_{T_{\rm max}}$,50.0,9.811036007580544,1.4501158033513286
B4158_D157_a0.13_ms100,$t_{T_{\rm max}}$,50.0,9.85083385975995,1.4501158033513286
B4158_D157_a0.13_ms100,$t_{T_{\rm max}}$,50.0,9.89063802905875,1.4501158033513286
B4158_D157_a0.13_ms100,$t_{T_{\rm max}}$,50.0,9.930435881238155,1.4501158033513286
B4158_D157_a0.13_ms100,$t_{T_{\rm max}}$,50.0,9.970233733417562,1.4501158033513286
B4158_D157_a0.13_ms100,$t_{T_{\rm max}}$,50.0,10.010031585596968,1.4501158033513286
B4158_D157_a0.13_ms100,$t_{T_{\rm max}}$,50.0,10.049835754895767,1.4501158033513286
B4158_D157_a0.13_ms100,$t_{T_{\rm max}}$,50.0,10.089633607075173,1.4501158033513286
B4158_D157_a0.13_ms100,$t_{T_{\rm max}}$,50.0,10.12943145925458,1.4501158033513286
B4158_D157_a0.13_ms100,$t_{T_{\rm max}}$,50.0,10.169229311433986,1.3035506750842591
B4158_D157_a0.13_ms100,$t_{T_{\rm max}}$,50.0,10.209027163613394,1.0735136506128438
B4158_D157_a0.13_ms100,$t_{T_{\rm max}}$,50.0,10.248831332912193,0.8031711934538851
B4158_D157_a0.13_ms100,$t_{T_{\rm max}}$,50.0,10.288629185091597,0.5930052957795764
B4158_D157_a0.13_ms100,$t_{T_{\rm max}}$,50.0,10.328427037271004,0.45967384608858464
B4158_D157_a0.13_ms100,$t_{T_{\rm max}}$,50.0,10.36822488945041,0.37438401394686016
B4158_D157_a0.13_ms100,$t_{T_{\rm max}}$,50.0,10.40802905874921,0.31671639003392127
B4158_D157_a0.13_ms100,$t_{T_{\rm max}}$,50.0,10.447826910928617,0.2755008412726227
B4158_D157_a0.13_ms100,$t_{T_{\rm max}}$,50.0,10.487624763108023,0.24474449927128147
B4158_D157_a0.13_ms100,$t_{T_{\rm max}}$,50.0,10.52742261528743,0.2209939581628372
B4158_D157_a0.13_ms100,$t_{T_{\rm max}}$,50.0,10.567226784586229,0.20211007560063599
B4158_D157_a0.13_ms100,$t_{T_{\rm max}}$,50.0,10.607024636765635,0.186773047860543
B4158_D157_a0.13_ms100,$t_{T_{\rm max}}$,50.0,10.646822488945041,0.1740664829479013
B4158_D157_a0.13_ms100,$t_{T_{\rm max}}$,50.0,10.686620341124447,0.16338176535046192
B4158_D157_a0.13_ms100,$t_{T_{\rm max}}$,50.0,10.726424510423248,0.15428360631868213
B4158_D157_a0.13_ms100,$t_{T_{\rm max}}$,50.0,10.766222362602655,0.14643863250299666
B4158_D157_a0.13_ms100,$t_{T_{\rm max}}$,50.0,10.806020214782059,0.1396166156229331
B4158_D157_a0.13_ms100,$t_{T_{\rm max}}$,50.0,10.845818066961465,0.13362607151729106
B4158_D157_a0.13_ms100,$t_{T_{\rm max}}$,50.0,10.885615919140871,0.12832951974494947
B4158_D157_a0.13_ms100,$t_{T_{\rm max}}$,50.0,10.925420088439672,0.12361828453298651
B4158_D157_a0.13_ms100,$t_{T_{\rm max}}$,50.0,10.965217940619079,0.11939758654286062
B4158_D157_a0.13_ms100,$t_{T_{\rm max}}$,50.0,11.005015792798485,0.11559862973673658
B4158_D157_a0.13_ms100,$t_{T_{\rm max}}$,50.0,11.044813644977891,0.11216304976260227
B4158_D157_a0.13_ms100,$t_{T_{\rm max}}$,50.0,11.08461781427669,0.10904245330246994
B4158_D157_a0.13_ms100,$t_{T_{\rm max}}$,50.0,11.124415666456096,0.10619690666314247
B4158_D157_a0.13_ms100,$t_{T_{\rm max}}$,50.0,11.164213518635503,0.10359268429759151
B4158_D157_a0.13_ms100,$t_{T_{\rm max}}$,50.0,11.204011370814909,0.10120164097068209
B4158_D157_a0.13_ms100,$t_{T_{\rm max}}$,50.0,11.243815540113708,0.09899946150160746
B4158_D157_a0.13_ms100,$t_{T_{\rm max}}$,50.0,11.283613392293114,0.09696589844421871
B4158_D157_a0.13_ms100,$t_{T_{\rm max}}$,50.0,11.32341124447252,0.09508174813426135
B4158_D157_a0.13_ms100,$t_{T_{\rm max}}$,50.0,11.363209096651927,0.09333389123150262
B4158_D157_a0.13_ms100,$t_{T_{\rm max}}$,50.0,11.403006948831333,0.09170724080305462
B4158_D157_a0.13_ms100,$t_{T_{\rm max}}$,50.0,11.442811118130132,0.09019113971192468
B4158_D157_a0.13_ms100,$t_{T_{\rm max}}$,50.0,11.482608970309538,0.08877531187422089
B4158_D157_a0.13_ms100,$t_{T_{\rm max}}$,50.0,11.522406822488946,0.08745898387644076
B4158_D157_a0.13_ms100,$t_{T_{\rm max}}$,50.0,11.562204674668353,0.08622767390657124
B4158_D157_a0.13_ms100,$t_{T_{\rm max}}$,50.0,11.602008843967152,0.08508370711787654
B4158_D157_a0.13_ms100,$t_{T_{\rm max}}$,50.0,11.641806696146556,0.08400941268210868
B4158_D157_a0.13_ms100,$t_{T_{\rm max}}$,50.0,11.681604548325963,0.08299629157040019
B4158_D157_a0.13_ms100,$t_{T_{\rm max}}$,50.0,11.72140240050537,0.08203931417920068
B4158_D157_a0.13_ms100,$t_{T_{\rm max}}$,50.0,11.76120656980417,0.08113495934407389
B4158_D157_a0.13_ms100,$t_{T_{\rm max}}$,50.0,11.801004421983576,0.08027841121268046
B4158_D157_a0.13_ms100,$t_{T_{\rm max}}$,50.0,11.840802274162982,0.07946705519989503
B4158_D157_a0.13_ms100,$t_{T_{\rm max}}$,50.0,11.880600126342388,0.07869783795624714
B4158_D157_a0.13_ms100,$t_{T_{\rm max}}$,50.0,11.920404295641188,0.07796707138385006
B4158_D157_a0.13_ms100,$t_{T_{\rm max}}$,50.0,11.960202147820594,0.07727322304381658
B4158_D157_a0.13_ms100,$t_{T_{\rm max}}$,50.0,12.0,0.07661278363041252
B4158_D157_a0.13_ms100,$t_{T_{\rm max}}$,150.0,0.3785953253316488,99.48159093070771
B4158_D157_a0.13_ms100,$t_{T_{\rm max}}$,150.0,0.4183946304485155,96.90559220396038
B4158_D157_a0.13_ms100,$t_{T_{\rm max}}$,150.0,0.4581939987365761,94.14484734542182
B4158_D157_a0.13_ms100,$t_{T_{\rm max}}$,150.0,0.49799330385344287,91.10551645241353
B4158_D157_a0.13_ms100,$t_{T_{\rm max}}$,150.0,0.5377926721415035,87.63114134090885
B4158_D157_a0.13_ms100,$t_{T_{\rm max}}$,150.0,0.5775919772583702,83.41361422667529
B4158_D157_a0.13_ms100,$t_{T_{\rm max}}$,150.0,0.6173912823752369,77.65169069228484
B4158_D157_a0.13_ms100,$t_{T_{\rm max}}$,150.0,0.6571907770056854,66.59124869030734
B4158_D157_a0.13_ms100,$t_{T_{\rm max}}$,150.0,0.6969898926089704,52.796398430880146
B4158_D157_a0.13_ms100,$t_{T_{\rm max}}$,150.0,0.7367890082122552,47.78648077440347
B4158_D157_a0.13_ms100,$t_{T_{\rm max}}$,150.0,0.7765887555274795,44.80255408393104
B4158_D157_a0.13_ms100,$t_{T_{\rm max}}$,150.0,0.8163878711307644,42.64119132628668
B4158_D157_a0.13_ms100,$t_{T_{\rm max}}$,150.0,0.8561869867340492,40.92982996121405
B4158_D157_a0.13_ms100,$t_{T_{\rm max}}$,150.0,0.8959867340492736,39.50248170642899
B4158_D157_a0.13_ms100,$t_{T_{\rm max}}$,150.0,0.9357858496525585,38.27013147374119
B4158_D157_a0.13_ms100,$t_{T_{\rm max}}$,150.0,0.9755855969677827,37.17925490109977
B4158_D157_a0.13_ms100,$t_{T_{\rm max}}$,150.0,1.0153847125710675,36.19527621764964
B4158_D157_a0.13_ms100,$t_{T_{\rm max}}$,150.0,1.0551838281743526,35.29437820929648
B4158_D157_a0.13_ms100,$t_{T_{\rm max}}$,150.0,1.0949835754895767,34.45965941749154
B4158_D157_a0.13_ms100,$t_{T_{\rm max}}$,150.0,1.1347826910928616,33.678603577995624
B4158_D157_a0.13_ms100,$t_{T_{\rm max}}$,150.0,1.1745818066961466,32.941704347750665
B4158_D157_a0.13_ms100,$t_{T_{\rm max}}$,150.0,1.214381554011371,32.24183930417652
B4158_D157_a0.13_ms100,$t_{T_{\rm max}}$,150.0,1.2541806696146558,31.57328725316973
B4158_D157_a0.13_ms100,$t_{T_{\rm max}}$,150.0,1.2939797852179407,30.93154124691974
B4158_D157_a0.13_ms100,$t_{T_{\rm max}}$,150.0,1.333779532533165,30.31308541069207
B4158_D157_a0.13_ms100,$t_{T_{\rm max}}$,150.0,1.3735786481364498,29.71506527878264
B4158_D157_a0.13_ms100,$t_{T_{\rm max}}$,150.0,1.413377763739735,29.135077728705923
B4158_D157_a0.13_ms100,$t_{T_{\rm max}}$,150.0,1.453177511054959,28.571382033324685
B4158_D157_a0.13_ms100,$t_{T_{\rm max}}$,150.0,1.4929766266582438,28.022343845539524
B4158_D157_a0.13_ms100,$t_{T_{\rm max}}$,150.0,1.532775742261529,27.48673415878328
B4158_D157_a0.13_ms100,$t_{T_{\rm max}}$,150.0,1.5725754895767532,26.96368915410917
B4158_D157_a0.13_ms100,$t_{T_{\rm max}}$,150.0,1.6123746051800378,26.452362375595403
B4158_D157_a0.13_ms100,$t_{T_{\rm max}}$,150.0,1.652173720783323,25.95211507950456
B4158_D157_a0.13_ms100,$t_{T_{\rm max}}$,150.0,1.6919734680985472,25.462313606038624
B4158_D157_a0.13_ms100,$t_{T_{\rm max}}$,150.0,1.7317725837018318,24.982706580177158
B4158_D157_a0.13_ms100,$t_{T_{\rm max}}$,150.0,1.771571699305117,24.513109120462953
B4158_D157_a0.13_ms100,$t_{T_{\rm max}}$,150.0,1.8113714466203412,24.05333212773812
B4158_D157_a0.13_ms100,$t_{T_{\rm max}}$,150.0,1.8511705622236259,23.60308413763571
B4158_D157_a0.13_ms100,$t_{T_{\rm max}}$,150.0,1.890969677826911,23.162367479458187
B4158_D157_a0.13_ms100,$t_{T_{\rm max}}$,150.0,1.9307694251421352,22.731047498822527
B4158_D157_a0.13_ms100,$t_{T_{\rm max}}$,150.0,1.9705685407454203,22.309388286678526
B4158_D157_a0.13_ms100,$t_{T_{\rm max}}$,150.0,2.010367656348705,21.89748313460018
B4158_D157_a0.13_ms100,$t_{T_{\rm max}}$,150.0,2.050167403663929,21.495095103152064
B4158_D157_a0.13_ms100,$t_{T_{\rm max}}$,150.0,2.089966519267214,21.10288738638048
B4158_D157_a0.13_ms100,$t_{T_{\rm max}}$,150.0,2.129765634870499,20.720817557587353
B4158_D157_a0.13_ms100,$t_{T_{\rm max}}$,150.0,2.169565382185723,20.34881102116203
B4158_D157_a0.13_ms100,$t_{T_{\rm max}}$,150.0,2.209364497789008,19.986621654456613
B4158_D157_a0.13_ms100,$t_{T_{\rm max}}$,150.0,2.249163613392293,19.634651127338355
B4158_D157_a0.13_ms100,$t_{T_{\rm max}}$,150.0,2.2889633607075175,19.2928370427068
B4158_D157_a0.13_ms100,$t_{T_{\rm max}}$,150.0,2.328762476310802,18.96174470031666
B4158_D157_a0.13_ms100,$t_{T_{\rm max}}$,150.0,2.368561591914087,18.641308679037788
B4158_D157_a0.13_ms100,$t_{T_{\rm max}}$,150.0,2.4083613392293115,18.331140957452106
B4158_D157_a0.13_ms100,$t_{T_{\rm max}}$,150.0,2.448160454832596,18.03081436020803
B4158_D157_a0.13_ms100,$t_{T_{\rm max}}$,150.0,2.4879595704358817,17.739790962313176
B4158_D157_a0.13_ms100,$t_{T_{\rm max}}$,150.0,2.5277593177511055,17.457903395267092
B4158_D157_a0.13_ms100,$t_{T_{\rm max}}$,150.0,2.56755843335439,17.185263516564294
B4158_D157_a0.13_ms100,$t_{T_{\rm max}}$,150.0,2.6073575489576757,16.934698100944882
B4158_D157_a0.13_ms100,$t_{T_{\rm max}}$,150.0,2.6471572962728995,16.63306860866599
B4158_D157_a0.13_ms100,$t_{T_{\rm max}}$,150.0,2.686956411876184,16.57319425021515
B4158_D157_a0.13_ms100,$t_{T_{\rm max}}$,150.0,2.726756159191409,16.570698165401343
B4158_D157_a0.13_ms100,$t_{T_{\rm max}}$,150.0,2.7665552747946935,16.56085301136153
B4158_D157_a0.13_ms100,$t_{T_{\rm max}}$,150.0,2.8063543903979786,16.552507796036366
B4158_D157_a0.13_ms100,$t_{T_{\rm max}}$,150.0,2.846154137713203,16.545285035029444
B4158_D157_a0.13_ms100,$t_{T_{\rm max}}$,150.0,2.8859532533164876,16.538641989363402
B4158_D157_a0.13_ms100,$t_{T_{\rm max}}$,150.0,2.9257523689197726,16.532649576934954
B4158_D157_a0.13_ms100,$t_{T_{\rm max}}$,150.0,2.965552116234997,16.527242309690568
B4158_D157_a0.13_ms100,$t_{T_{\rm max}}$,150.0,3.0053512318382816,16.522284028177054
B4158_D157_a0.13_ms100,$t_{T_{\rm max}}$,150.0,3.0451503474415667,16.517805687950315
B4158_D157_a0.13_ms100,$t_{T_{\rm max}}$,150.0,3.084950094756791,16.513690903903136
B4158_D157_a0.13_ms100,$t_{T_{\rm max}}$,150.0,3.124749210360076,16.509949886389563
B4158_D157_a0.13_ms100,$t_{T_{\rm max}}$,150.0,3.1645483259633607,16.506470037153793
B4158_D157_a0.13_ms100,$t_{T_{\rm max}}$,150.0,3.204348073278585,16.503280843174135
B4158_D157_a0.13_ms100,$t_{T_{\rm max}}$,150.0,3.2441471888818696,16.500296365061406
B4158_D157_a0.13_ms100,$t_{T_{\rm max}}$,150.0,3.283946304485155,16.49749616809497
B4158_D157_a0.13_ms100,$t_{T_{\rm max}}$,150.0,3.323746051800379,16.494834963795867
B4158_D157_a0.13_ms100,$t_{T_{\rm max}}$,150.0,3.3635451674036636,16.49231158537903
B4158_D157_a0.13_ms100,$t_{T_{\rm max}}$,150.0,3.403344283006949,16.489844210489522
B4158_D157_a0.13_ms100,$t_{T_{\rm max}}$,150.0,3.443144030322173,16.48743337090772
B4158_D157_a0.13_ms100,$t_{T_{\rm max}}$,150.0,3.4829431459254576,16.48503484575143
B4158_D157_a0.13_ms100,$t_{T_{\rm max}}$,150.0,3.522742261528743,16.48266999690552
B4158_D157_a0.13_ms100,$t_{T_{\rm max}}$,150.0,3.562542008843967,16.480223951860992
B4158_D157_a0.13_ms100,$t_{T_{\rm max}}$,150.0,3.6023411244472525,16.47775015799896
B4158_D157_a0.13_ms100,$t_{T_{\rm max}}$,150.0,3.642140240050537,16.475214404199573
B4158_D157_a0.13_ms100,$t_{T_{\rm max}}$,150.0,3.681939987365761,16.472567977140077
B4158_D157_a0.13_ms100,$t_{T_{\rm max}}$,150.0,3.7217391029690465,16.469782792730285
B4158_D157_a0.13_ms100,$t_{T_{\rm max}}$,150.0,3.761538218572331,16.466883703155766
B4158_D157_a0.13_ms100,$t_{T_{\rm max}}$,150.0,3.801337965887555,16.463822969439345
B4158_D157_a0.13_ms100,$t_{T_{\rm max}}$,150.0,3.8411370814908405,16.460595523304853
B4158_D157_a0.13_ms100,$t_{T_{\rm max}}$,150.0,3.880936197094125,16.45718201412353
B4158_D157_a0.13_ms100,$t_{T_{\rm max}}$,150.0,3.92073594440935,16.453542919810808
B4158_D157_a0.13_ms100,$t_{T_{\rm max}}$,150.0,3.9605350600126346,16.44970878585259
B4158_D157_a0.13_ms100,$t_{T_{\rm max}}$,150.0,4.00033417561592,16.44560600098555
B4158_D157_a0.13_ms100,$t_{T_{\rm max}}$,150.0,4.040133922931144,16.44127650978871
B4158_D157_a0.13_ms100,$t_{T_{\rm max}}$,150.0,4.079933038534429,16.4366952641455
B4158_D157_a0.13_ms100,$t_{T_{\rm max}}$,150.0,4.119732154137713,16.431858302392893
B4158_D157_a0.13_ms100,$t_{T_{\rm max}}$,150.0,4.1595319014529375,16.42672314882303
B4158_D157_a0.13_ms100,$t_{T_{\rm max}}$,150.0,4.199331017056222,16.42128935106444
B4158_D157_a0.13_ms100,$t_{T_{\rm max}}$,150.0,4.239130132659508,16.415568870874907
B4158_D157_a0.13_ms100,$t_{T_{\rm max}}$,150.0,4.278929879974732,16.409510857440562
B4158_D157_a0.13_ms100,$t_{T_{\rm max}}$,150.0,4.318728995578017,16.403165903752342
B4158_D157_a0.13_ms100,$t_{T_{\rm max}}$,150.0,4.358528742893241,16.39646443874104
B4158_D157_a0.13_ms100,$t_{T_{\rm max}}$,150.0,4.3983278584965255,16.38942363171642
B4158_D157_a0.13_ms100,$t_{T_{\rm max}}$,150.0,4.43812697409981,16.382023099616347
B4158_D157_a0.13_ms100,$t_{T_{\rm max}}$,150.0,4.477926721415035,16.3742725837868
B4158_D157_a0.13_ms100,$t_{T_{\rm max}}$,150.0,4.51772583701832,16.366149813011532
B4158_D157_a0.13_ms100,$t_{T_{\rm max}}$,150.0,4.557524952621605,16.357669904400126
B4158_D157_a0.13_ms100,$t_{T_{\rm max}}$,150.0,4.597324699936829,16.348776782151504
B4158_D157_a0.13_ms100,$t_{T_{\rm max}}$,150.0,4.6371238155401135,16.339526470580857
B4158_D157_a0.13_ms100,$t_{T_{\rm max}}$,150.0,4.676922931143398,16.32987162825713
B4158_D157_a0.13_ms100,$t_{T_{\rm max}}$,150.0,4.716722678458623,16.31980349885634
B4158_D157_a0.13_ms100,$t_{T_{\rm max}}$,150.0,4.756521794061908,16.309361631237085
B4158_D157_a0.13_ms100,$t_{T_{\rm max}}$,150.0,4.796320909665193,16.29848159155831
B4158_D157_a0.13_ms100,$t_{T_{\rm max}}$,150.0,4.836120656980417,16.287152174467785
B4158_D157_a0.13_ms100,$t_{T_{\rm max}}$,150.0,4.875919772583702,16.275459067278874
B4158_D157_a0.13_ms100,$t_{T_{\rm max}}$,150.0,4.915718888186986,16.2633290528002
B4158_D157_a0.13_ms100,$t_{T_{\rm max}}$,150.0,4.955518635502211,16.250755755515804
B4158_D157_a0.13_ms100,$t_{T_{\rm max}}$,150.0,4.995317751105496,16.237746603830246
B4158_D157_a0.13_ms100,$t_{T_{\rm max}}$,150.0,5.035116866708781,16.224337155105456
B4158_D157_a0.13_ms100,$t_{T_{\rm max}}$,150.0,5.074916614024005,16.21044040469518
B4158_D157_a0.13_ms100,$t_{T_{\rm max}}$,150.0,5.11471572962729,16.196118845938912
B4158_D157_a0.13_ms100,$t_{T_{\rm max}}$,150.0,5.154514845230575,16.18131621030045
B4158_D157_a0.13_ms100,$t_{T_{\rm max}}$,150.0,5.194314592545799,16.166084117009408
B4158_D157_a0.13_ms100,$t_{T_{\rm max}}$,150.0,5.234113708149084,16.15038581834729
B4158_D157_a0.13_ms100,$t_{T_{\rm max}}$,150.0,5.273912823752369,16.134189012468287
B4158_D157_a0.13_ms100,$t_{T_{\rm max}}$,150.0,5.313712571067593,16.117557763528232
B4158_D157_a0.13_ms100,$t_{T_{\rm max}}$,150.0,5.353511686670878,16.100420578801536
B4158_D157_a0.13_ms100,$t_{T_{\rm max}}$,150.0,5.393310802274163,16.082779840904195
B4158_D157_a0.13_ms100,$t_{T_{\rm max}}$,150.0,5.433110549589387,16.064634614467074
B4158_D157_a0.13_ms100,$t_{T_{\rm max}}$,150.0,5.472909665192672,16.045994777227897
B4158_D157_a0.13_ms100,$t_{T_{\rm max}}$,150.0,5.512708780795958,16.026816688757837
B4158_D157_a0.13_ms100,$t_{T_{\rm max}}$,150.0,5.552508528111181,16.007078481682754
B4158_D157_a0.13_ms100,$t_{T_{\rm max}}$,150.0,5.592307643714466,15.986813812714658
B4158_D157_a0.13_ms100,$t_{T_{\rm max}}$,150.0,5.632106759317751,15.965961567746861
B4158_D157_a0.13_ms100,$t_{T_{\rm max}}$,150.0,5.6719065066329755,15.94452305370921
B4158_D157_a0.13_ms100,$t_{T_{\rm max}}$,150.0,5.711705622236261,15.922491106884143
B4158_D157_a0.13_ms100,$t_{T_{\rm max}}$,150.0,5.751504737839546,15.89984871218488
B4158_D157_a0.13_ms100,$t_{T_{\rm max}}$,150.0,5.791304485154769,15.876595182331155
B4158_D157_a0.13_ms100,$t_{T_{\rm max}}$,150.0,5.831103600758055,15.852680930236417
B4158_D157_a0.13_ms100,$t_{T_{\rm max}}$,150.0,5.870902716361339,15.828086968225158
B4158_D157_a0.13_ms100,$t_{T_{\rm max}}$,150.0,5.9107024636765635,15.802830852572548
B4158_D157_a0.13_ms100,$t_{T_{\rm max}}$,150.0,5.950501579279849,15.776910829664299
B4158_D157_a0.13_ms100,$t_{T_{\rm max}}$,150.0,5.990300694883134,15.750223530326775
B4158_D157_a0.13_ms100,$t_{T_{\rm max}}$,150.0,6.030100442198358,15.72285750206011
B4158_D157_a0.13_ms100,$t_{T_{\rm max}}$,150.0,6.069899557801643,15.694756706204535
B4158_D157_a0.13_ms100,$t_{T_{\rm max}}$,150.0,6.109699305116867,15.665934883595094
B4158_D157_a0.13_ms100,$t_{T_{\rm max}}$,150.0,6.149498420720152,15.636347685199688
B4158_D157_a0.13_ms100,$t_{T_{\rm max}}$,150.0,6.189297536323437,15.605955986603178
B4158_D157_a0.13_ms100,$t_{T_{\rm max}}$,150.0,6.22909728363866,15.574825833844299
B4158_D157_a0.13_ms100,$t_{T_{\rm max}}$,150.0,6.268896399241946,15.542909812728503
B4158_D157_a0.13_ms100,$t_{T_{\rm max}}$,150.0,6.308695514845231,15.510231081351046
B4158_D157_a0.13_ms100,$t_{T_{\rm max}}$,150.0,6.348496525584333,15.476706961274578
B4158_D157_a0.13_ms100,$t_{T_{\rm max}}$,150.0,6.3882943777637395,15.442409523173774
B4158_D157_a0.13_ms100,$t_{T_{\rm max}}$,150.0,6.428092229943147,15.407326484206347
B4158_D157_a0.13_ms100,$t_{T_{\rm max}}$,150.0,6.467890082122553,15.371428777000414
B4158_D157_a0.13_ms100,$t_{T_{\rm max}}$,150.0,6.507694251421352,15.334722959299484
B4158_D157_a0.13_ms100,$t_{T_{\rm max}}$,150.0,6.547492103600758,15.297156208223207
B4158_D157_a0.13_ms100,$t_{T_{\rm max}}$,150.0,6.587289955780164,15.258763182228996
B4158_D157_a0.13_ms100,$t_{T_{\rm max}}$,150.0,6.62708780795957,15.219532266472914
B4158_D157_a0.13_ms100,$t_{T_{\rm max}}$,150.0,6.666891977258371,15.179531564280705
B4158_D157_a0.13_ms100,$t_{T_{\rm max}}$,150.0,6.706689829437776,15.138606429634693
B4158_D157_a0.13_ms100,$t_{T_{\rm max}}$,150.0,6.746487681617182,15.096804591437557
B4158_D157_a0.13_ms100,$t_{T_{\rm max}}$,150.0,6.786285533796589,15.054155351970662
B4158_D157_a0.13_ms100,$t_{T_{\rm max}}$,150.0,6.826089703095389,15.010600388906433
B4158_D157_a0.13_ms100,$t_{T_{\rm max}}$,150.0,6.865887555274795,14.966193719744306
B4158_D157_a0.13_ms100,$t_{T_{\rm max}}$,150.0,6.905685407454201,14.920780011982295
B4158_D157_a0.13_ms100,$t_{T_{\rm max}}$,150.0,6.9454832596336065,14.874490177713982
B4158_D157_a0.13_ms100,$t_{T_{\rm max}}$,150.0,6.985287428932407,14.827243672518945
B4158_D157_a0.13_ms100,$t_{T_{\rm max}}$,150.0,7.025085281111814,14.779053950120272
B4158_D157_a0.13_ms100,$t_{T_{\rm max}}$,150.0,7.064883133291219,14.729809695607795
B4158_D157_a0.13_ms100,$t_{T_{\rm max}}$,150.0,7.104680985470625,14.679598937847448
B4158_D157_a0.13_ms100,$t_{T_{\rm max}}$,150.0,7.1444788376500314,14.628369579238658
B4158_D157_a0.13_ms100,$t_{T_{\rm max}}$,150.0,7.1842830069488315,14.576043561864275
B4158_D157_a0.13_ms100,$t_{T_{\rm max}}$,150.0,7.224080859128238,14.522646656227819
B4158_D157_a0.13_ms100,$t_{T_{\rm max}}$,150.0,7.263878711307644,14.468005618220122
B4158_D157_a0.13_ms100,$t_{T_{\rm max}}$,150.0,7.30367656348705,14.412013076396635
B4158_D157_a0.13_ms100,$t_{T_{\rm max}}$,150.0,7.34348073278585,14.3549469367986
B4158_D157_a0.13_ms100,$t_{T_{\rm max}}$,150.0,7.3832785849652565,14.296670840518297
B4158_D157_a0.13_ms100,$t_{T_{\rm max}}$,150.0,7.423076437144663,14.237180156692336
B4158_D157_a0.13_ms100,$t_{T_{\rm max}}$,150.0,7.462874289324068,14.176595906517209
B4158_D157_a0.13_ms100,$t_{T_{\rm max}}$,150.0,7.502678458622867,14.114710895572959
B4158_D157_a0.13_ms100,$t_{T_{\rm max}}$,150.0,7.542476310802275,14.051652879404898
B4158_D157_a0.13_ms100,$t_{T_{\rm max}}$,150.0,7.5822741629816806,13.987255118466543
B4158_D157_a0.13_ms100,$t_{T_{\rm max}}$,150.0,7.622072015161087,13.921609140471599
B4158_D157_a0.13_ms100,$t_{T_{\rm max}}$,150.0,7.661869867340493,13.854718251466673
B4158_D157_a0.13_ms100,$t_{T_{\rm max}}$,150.0,7.701674036639292,13.786608004326352
B4158_D157_a0.13_ms100,$t_{T_{\rm max}}$,150.0,7.741471888818699,13.717216649572398
B4158_D157_a0.13_ms100,$t_{T_{\rm max}}$,150.0,7.7812697409981055,13.646556097114775
B4158_D157_a0.13_ms100,$t_{T_{\rm max}}$,150.0,7.821067593177512,13.574641354986932
B4158_D157_a0.13_ms100,$t_{T_{\rm max}}$,150.0,7.860871762476311,13.50150372151747
B4158_D157_a0.13_ms100,$t_{T_{\rm max}}$,150.0,7.900669614655716,13.427134476469272
B4158_D157_a0.13_ms100,$t_{T_{\rm max}}$,150.0,7.940467466835124,13.351554843244388
B4158_D157_a0.13_ms100,$t_{T_{\rm max}}$,150.0,7.98026531901453,13.274698751080843
B4158_D157_a0.13_ms100,$t_{T_{\rm max}}$,150.0,8.020069488313329,13.196703180766198
B4158_D157_a0.13_ms100,$t_{T_{\rm max}}$,150.0,8.059867340492735,13.117383393762793
B4158_D157_a0.13_ms100,$t_{T_{\rm max}}$,150.0,8.099665192672141,13.036921154730809
B4158_D157_a0.13_ms100,$t_{T_{\rm max}}$,150.0,8.13946304485155,12.955181100684785
B4158_D157_a0.13_ms100,$t_{T_{\rm max}}$,150.0,8.179267214150348,12.872196800711514
B4158_D157_a0.13_ms100,$t_{T_{\rm max}}$,150.0,8.219065066329753,12.787971812741102
B4158_D157_a0.13_ms100,$t_{T_{\rm max}}$,150.0,8.258862918509159,12.702391063021103
B4158_D157_a0.13_ms100,$t_{T_{\rm max}}$,150.0,8.298660770688565,12.615524942516679
B4158_D157_a0.13_ms100,$t_{T_{\rm max}}$,150.0,8.338458622867973,12.527289983655299
B4158_D157_a0.13_ms100,$t_{T_{\rm max}}$,150.0,8.378262792166772,12.437759318435374
B4158_D157_a0.13_ms100,$t_{T_{\rm max}}$,150.0,8.418060644346179,12.346637702967067
B4158_D157_a0.13_ms100,$t_{T_{\rm max}}$,150.0,8.457858496525585,12.254117825097676
B4158_D157_a0.13_ms100,$t_{T_{\rm max}}$,150.0,8.49765634870499,12.16006288855276
B4158_D157_a0.13_ms100,$t_{T_{\rm max}}$,150.0,8.53746051800379,12.064306665378192
B4158_D157_a0.13_ms100,$t_{T_{\rm max}}$,150.0,8.577258370183197,11.966872384684159
B4158_D157_a0.13_ms100,$t_{T_{\rm max}}$,150.0,8.617056222362603,11.867652408050366
B4158_D157_a0.13_ms100,$t_{T_{\rm max}}$,150.0,8.656854074542009,11.766516707062591
B4158_D157_a0.13_ms100,$t_{T_{\rm max}}$,150.0,8.696658243840808,11.663265204853742
B4158_D157_a0.13_ms100,$t_{T_{\rm max}}$,150.0,8.736456096020214,11.557806032836183
B4158_D157_a0.13_ms100,$t_{T_{\rm max}}$,150.0,8.77625394819962,11.450264440574456
B4158_D157_a0.13_ms100,$t_{T_{\rm max}}$,150.0,8.816051800379027,11.340400760058808
B4158_D157_a0.13_ms100,$t_{T_{\rm max}}$,150.0,8.855855969677828,11.22821392904656
B4158_D157_a0.13_ms100,$t_{T_{\rm max}}$,150.0,8.895653821857234,11.113884367544223
B4158_D157_a0.13_ms100,$t_{T_{\rm max}}$,150.0,8.93545167403664,10.99732182633354
B4158_D157_a0.13_ms100,$t_{T_{\rm max}}$,150.0,8.975249526216045,10.878737166706378
B4158_D157_a0.13_ms100,$t_{T_{\rm max}}$,150.0,9.015047378395451,10.758262814775042
B4158_D157_a0.13_ms100,$t_{T_{\rm max}}$,150.0,9.054851547694252,10.63622276481782
B4158_D157_a0.13_ms100,$t_{T_{\rm max}}$,150.0,9.094649399873658,10.512798119658376
B4158_D157_a0.13_ms100,$t_{T_{\rm max}}$,150.0,9.134447252053064,10.388448901475664
B4158_D157_a0.13_ms100,$t_{T_{\rm max}}$,150.0,9.17424510423247,10.263325199780725
B4158_D157_a0.13_ms100,$t_{T_{\rm max}}$,150.0,9.21404927353127,10.138060588974515
B4158_D157_a0.13_ms100,$t_{T_{\rm max}}$,150.0,9.253847125710676,10.01299377644242
B4158_D157_a0.13_ms100,$t_{T_{\rm max}}$,150.0,9.293644977890082,9.888525461556277
B4158_D157_a0.13_ms100,$t_{T_{\rm max}}$,150.0,9.333442830069488,9.76478678165572
B4158_D157_a0.13_ms100,$t_{T_{\rm max}}$,150.0,9.373246999368288,9.640613131513375
B4158_D157_a0.13_ms100,$t_{T_{\rm max}}$,150.0,9.413044851547696,9.511532959040528
B4158_D157_a0.13_ms100,$t_{T_{\rm max}}$,150.0,9.452842703727102,9.379089660210509
B4158_D157_a0.13_ms100,$t_{T_{\rm max}}$,150.0,9.492640555906506,9.24267960095804
B4158_D157_a0.13_ms100,$t_{T_{\rm max}}$,150.0,9.532438408085913,9.101778931740856
B4158_D157_a0.13_ms100,$t_{T_{\rm max}}$,150.0,9.572242577384712,8.955975762037374
B4158_D157_a0.13_ms100,$t_{T_{\rm max}}$,150.0,9.61204042956412,8.804703673581768
B4158_D157_a0.13_ms100,$t_{T_{\rm max}}$,150.0,9.651838281743526,8.6479741475615
B4158_D157_a0.13_ms100,$t_{T_{\rm max}}$,150.0,9.691636133922932,8.485460838594875
B4158_D157_a0.13_ms100,$t_{T_{\rm max}}$,150.0,9.731440303221731,8.317269369604087
B4158_D157_a0.13_ms100,$t_{T_{\rm max}}$,150.0,9.771238155401138,8.143550787610657
B4158_D157_a0.13_ms100,$t_{T_{\rm max}}$,150.0,9.811036007580544,7.965206876376828
B4158_D157_a0.13_ms100,$t_{T_{\rm max}}$,150.0,9.85083385975995,7.784126470075427
B4158_D157_a0.13_ms100,$t_{T_{\rm max}}$,150.0,9.89063802905875,7.604040627893259
B4158_D157_a0.13_ms100,$t_{T_{\rm max}}$,150.0,9.930435881238155,7.4276789810492385
B4158_D157_a0.13_ms100,$t_{T_{\rm max}}$,150.0,9.970233733417562,7.256009985523086
B4158_D157_a0.13_ms100,$t_{T_{\rm max}}$,150.0,10.010031585596968,7.088241501811905
B4158_D157_a0.13_ms100,$t_{T_{\rm max}}$,150.0,10.049835754895767,6.923275456096393
B4158_D157_a0.13_ms100,$t_{T_{\rm max}}$,150.0,10.089633607075173,6.759098121028237
B4158_D157_a0.13_ms100,$t_{T_{\rm max}}$,150.0,10.12943145925458,6.593262099022695
B4158_D157_a0.13_ms100,$t_{T_{\rm max}}$,150.0,10.169229311433986,6.422516146430801
B4158_D157_a0.13_ms100,$t_{T_{\rm max}}$,150.0,10.209027163613394,6.242752054294109
B4158_D157_a0.13_ms100,$t_{T_{\rm max}}$,150.0,10.248831332912193,6.045042676787909
B4158_D157_a0.13_ms100,$t_{T_{\rm max}}$,150.0,10.288629185091597,5.82689774509542
B4158_D157_a0.13_ms100,$t_{T_{\rm max}}$,150.0,10.328427037271004,5.589358376115208
B4158_D157_a0.13_ms100,$t_{T_{\rm max}}$,150.0,10.36822488945041,5.342118616549356
B4158_D157_a0.13_ms100,$t_{T_{\rm max}}$,150.0,10.40802905874921,5.104005000358057
B4158_D157_a0.13_ms100,$t_{T_{\rm max}}$,150.0,10.447826910928617,4.890972213904547
B4158_D157_a0.13_ms100,$t_{T_{\rm max}}$,150.0,10.487624763108023,4.708496439081121
B4158_D157_a0.13_ms100,$t_{T_{\rm max}}$,150.0,10.52742261528743,4.5547666479581475
B4158_D157_a0.13_ms100,$t_{T_{\rm max}}$,150.0,10.567226784586229,4.445814590998969
B4158_D157_a0.13_ms100,$t_{T_{\rm max}}$,150.0,10.607024636765635,4.35420316149005
B4158_D157_a0.13_ms100,$t_{T_{\rm max}}$,150.0,10.646822488945041,4.266480118413268
B4158_D157_a0.13_ms100,$t_{T_{\rm max}}$,150.0,10.686620341124447,4.1813110227145165
B4158_D157_a0.13_ms100,$t_{T_{\rm max}}$,150.0,10.726424510423248,4.097623949681215
B4158_D157_a0.13_ms100,$t_{T_{\rm max}}$,150.0,10.766222362602655,4.014700787404902
B4158_D157_a0.13_ms100,$t_{T_{\rm max}}$,150.0,10.806020214782059,3.931617256885228
B4158_D157_a0.13_ms100,$t_{T_{\rm max}}$,150.0,10.845818066961465,3.847349741722825
B4158_D157_a0.13_ms100,$t_{T_{\rm max}}$,150.0,10.885615919140871,3.760786836474198
B4158_D157_a0.13_ms100,$t_{T_{\rm max}}$,150.0,10.925420088439672,3.6709934261719486
B4158_D157_a0.13_ms100,$t_{T_{\rm max}}$,150.0,10.965217940619079,3.5772159715322025
B4158_D157_a0.13_ms100,$t_{T_{\rm max}}$,150.0,11.005015792798485,3.478874301551842
B4158_D157_a0.13_ms100,$t_{T_{\rm max}}$,150.0,11.044813644977891,3.375930716611755
B4158_D157_a0.13_ms100,$t_{T_{\rm max}}$,150.0,11.08461781427669,3.26851491016308
B4158_D157_a0.13_ms100,$t_{T_{\rm max}}$,150.0,11.124415666456096,3.157423947762142
B4158_D157_a0.13_ms100,$t_{T_{\rm max}}$,150.0,11.164213518635503,3.043940307915026
B4158_D157_a0.13_ms100,$t_{T_{\rm max}}$,150.0,11.204011370814909,2.9299194847800663
B4158_D157_a0.13_ms100,$t_{T_{\rm max}}$,150.0,11.243815540113708,2.818027859265046
B4158_D157_a0.13_ms100,$t_{T_{\rm max}}$,150.0,11.283613392293114,2.7102900824571647
B4158_D157_a0.13_ms100,$t_{T_{\rm max}}$,150.0,11.32341124447252,2.608109461592848
B4158_D157_a0.13_ms100,$t_{T_{\rm max}}$,150.0,11.363209096651927,2.512710853638148
B4158_D157_a0.13_ms100,$t_{T_{\rm max}}$,150.0,11.403006948831333,2.4248515684631378
B4158_D157_a0.13_ms100,$t_{T_{\rm max}}$,150.0,11.442811118130132,2.3447089432753505
B4158_D157_a0.13_ms100,$t_{T_{\rm max}}$,150.0,11.482608970309538,2.272055043267135
B4158_D157_a0.13_ms100,$t_{T_{\rm max}}$,150.0,11.522406822488946,2.2067746538703075
B4158_D157_a0.13_ms100,$t_{T_{\rm max}}$,150.0,11.562204674668353,2.1480635463578808
B4158_D157_a0.13_ms100,$t_{T_{\rm max}}$,150.0,11.602008843967152,2.0955069466532485
B4158_D157_a0.13_ms100,$t_{T_{\rm max}}$,150.0,11.641806696146556,2.0480514547402575
B4158_D157_a0.13_ms100,$t_{T_{\rm max}}$,150.0,11.681604548325963,2.0051411363649763
B4158_D157_a0.13_ms100,$t_{T_{\rm max}}$,150.0,11.72140240050537,1.9661831562775707
B4158_D157_a0.13_ms100,$t_{T_{\rm max}}$,150.0,11.76120656980417,1.9306414785888704
B4158_D157_a0.13_ms100,$t_{T_{\rm max}}$,150.0,11.801004421983576,1.898070538688918
B4158_D157_a0.13_ms100,$t_{T_{\rm max}}$,150.0,11.840802274162982,1.8680846993555884
B4158_D157_a0.13_ms100,$t_{T_{\rm max}}$,150.0,11.880600126342388,1.8403651525937972
B4158_D157_a0.13_ms100,$t_{T_{\rm max}}$,150.0,11.920404295641188,1.8146708720706919
B4158_D157_a0.13_ms100,$t_{T_{\rm max}}$,150.0,11.960202147820594,1.7907730085971956
B4158_D157_a0.13_ms100,$t_{T_{\rm max}}$,150.0,12.0,1.7685004348937463
